modality,title,paper_url,reviewer_accept_count,primary_meta_decision,meta_final_decision,meta_review_rounds
CT-XRay,3D Cerebrovascular Shape Completion from Biplane Angiography and CTA Prior,https://papers.miccai.org/miccai-2026/0001-Paper2705.html,2,Invite for Rebuttal,Accept,3
MRI,3D Classification of Paramagnetic Rim Lesions in Multiple Sclerosis via Asymmetric QSM–FLAIR Modeling,https://papers.miccai.org/miccai-2026/0002-Paper5533.html,2,Accept,Provisional Accept,1
MRI,A 3D Unrolling Framework for Joint Sodium MRI Reconstruction and Concentration Quantification,https://papers.miccai.org/miccai-2026/0003-Paper4553.html,1,Invite for Rebuttal,Accept,4
MRI,A Clinical Guideline-Grounded Hybrid Agentic Framework for Holistic Epilepsy Management,https://papers.miccai.org/miccai-2026/0004-Paper2852.html,1,Invite for Rebuttal,Accept,3
MRI,A Confounder-aware Representation Learning Framework for Alzheimer’s Disease Classification,https://papers.miccai.org/miccai-2026/0005-Paper1600.html,1,Invite for Rebuttal,Accept,3
Microscopy,A Counterfactual Framework for Directional Cell–Cell Interaction Analysis in Spatial Transcriptomics,https://papers.miccai.org/miccai-2026/0006-Paper6105.html,2,Invite for Rebuttal,Accept,3
CT-XRay,A Deep Learning Surrogate Model for Microwave Thermal Ablation: From Preoperative Planning to Intraoperative Re-planning,https://papers.miccai.org/miccai-2026/0007-Paper4859.html,3,Accept,Provisional Accept,1
CT-XRay,A Flexible Structure-Guided Feature Aggregation Paradigm for Efficient Vascular Representation,https://papers.miccai.org/miccai-2026/0008-Paper4457.html,2,Invite for Rebuttal,Accept,3
CT-XRay,A Guideline-Aware AI Agent for Zero-Shot Target Volume Auto-Delineation,https://papers.miccai.org/miccai-2026/0009-Paper5049.html,1,Invite for Rebuttal,Accept,3
CT-XRay,A Heterogeneous Prognosis Prediction Framework with Global Brain Connectivity and Local Image Features,https://papers.miccai.org/miccai-2026/0010-Paper1042.html,1,Invite for Rebuttal,Accept,3
Multimodals,A Hierarchical Multi-Task Framework for Dementia Diagnosis via Pathological Feature Learning from Multi-Organ Data,https://papers.miccai.org/miccai-2026/0011-Paper0766.html,2,Invite for Rebuttal,Accept,3
ultrasounds,A Modality-Aware Mixture-of-Experts Framework for Clinical Multimodal Breast Ultrasound Diagnosis,https://papers.miccai.org/miccai-2026/0012-Paper1806.html,2,Invite for Rebuttal,Reject,3
CT-XRay,A Multi-center Benchmark for Abdominal Disease Diagnosis and Report Generation from Non-Contrast CT,https://papers.miccai.org/miccai-2026/0013-Paper5454.html,2,Accept,Provisional Accept,1
Microscopy,"A Multimodal 3D Foundation Model for Light Sheet Fluorescence Microscopy Enables Few-Shot Segmentation, Classification, and Deblurring",https://papers.miccai.org/miccai-2026/0014-Paper4243.html,3,Accept,Provisional Accept,1
Func_MRI,"A Multi-view, Hybrid, Hypergraph Learning Framework with Causal Perturbation for Early Alzheimer’s Disease Diagnosis",https://papers.miccai.org/miccai-2026/0015-Paper0825.html,2,Invite for Rebuttal,Accept,3
Others,A Neurosymbolic Framework for Interpretable Skeleton-Based Seizure Detection via Concept-Driven Logical Reasoning,https://papers.miccai.org/miccai-2026/0016-Paper2068.html,3,Accept,Provisional Accept,1
CT-XRay,A Real-World Evaluation of Failure Detection for Liver CT Segmentation,https://papers.miccai.org/miccai-2026/0017-Paper6055.html,3,Accept,Provisional Accept,1
MRI,A Unified Few-Shot Framework for Multi-Atlas Neuroimaging Segmentation Leveraging Vision Foundation Models,https://papers.miccai.org/miccai-2026/0018-Paper3573.html,2,Invite for Rebuttal,Accept,3
MRI,A Unified Framework for Joint Detection of Lacunes and Enlarged Perivascular Spaces,https://papers.miccai.org/miccai-2026/0019-Paper5165.html,2,Invite for Rebuttal,Accept,3
MRI,"A Versatile Prompt-Driven Framework for Brain Segmentation, Parcellation, and Surface Reconstruction from Diverse Modalities",https://papers.miccai.org/miccai-2026/0020-Paper1637.html,2,Invite for Rebuttal,Reject,3
CT-XRay,AbdomenGen: Sequential Volume-Conditioned Diffusion Framework for Abdominal Anatomy Generation,https://papers.miccai.org/miccai-2026/0021-Paper5543.html,1,Invite for Rebuttal,Accept,3
CT-XRay,ACA: Post-hoc Adaptive Logit Alignment for 3D Medical Image Segmentation,https://papers.miccai.org/miccai-2026/0022-Paper4515.html,2,Invite for Rebuttal,Accept,3
Physio-signals,Accurate Reconstruction of the Standard 12-Lead ECG from a Single Lead Based on Inherent Principles of ECG,https://papers.miccai.org/miccai-2026/0023-Paper4622.html,2,Invite for Rebuttal,Accept,3
Diffusion-MRI,ACMap: Across-scales Connectivity Mapping of Primate Brain,https://papers.miccai.org/miccai-2026/0024-Paper4031.html,2,Invite for Rebuttal,Accept,3
MRI,AC-MIL: Weakly-Supervised Atrial LGE-MRI Quality Assessment via Adversarial Concept Disentanglement,https://papers.miccai.org/miccai-2026/0025-Paper5702.html,2,Invite for Rebuttal,Accept,3
Spectroscopy,Active Evaluation-Induced Graph Network Based Medical Hyperspectral Image Classification for Tumor Diagnosis,https://papers.miccai.org/miccai-2026/0026-Paper2305.html,2,Invite for Rebuttal,Reject,3
CT-XRay,Active Source-free Domain Adaptation in Open-set Medical Image Segmentation via Decomposed Uncertainty and Prototype Discrepancy,https://papers.miccai.org/miccai-2026/0027-Paper2507.html,3,Accept,Provisional Accept,1
Endoscopy,AdaBIMBA: Adaptive Token Compression for Long Endoscopy Video Understanding,https://papers.miccai.org/miccai-2026/0028-Paper2765.html,2,Invite for Rebuttal,Accept,3
MRI,ADAPT: Adaptive Profiling Transformers for Efficient Alzheimer’s Disease Diagnosis,https://papers.miccai.org/miccai-2026/0029-Paper5721.html,2,Invite for Rebuttal,Accept,3
Photo_video,Adapting Ordinal-Risk Alignment for Clinically Safe Diabetic Retinopathy Grading,https://papers.miccai.org/miccai-2026/0030-Paper0916.html,3,Accept,Provisional Accept,1
CT-XRay,Adapting Without Access: Black-Box Bayesian Adaptation for Trustworthy Cross-Center Medical Image Segmentation,https://papers.miccai.org/miccai-2026/0031-Paper3550.html,2,Invite for Rebuttal,Accept,3
Photo_video,Adaptive Frequency-Guided Parallel Mamba Network for Polyp Segmentation,https://papers.miccai.org/miccai-2026/0032-Paper4551.html,2,Invite for Rebuttal,Accept,3
Histology,AdaSurvMamba: Dynamic Fusion and Semantic Scanning for Multimodal Survival Analysis,https://papers.miccai.org/miccai-2026/0033-Paper4611.html,2,Invite for Rebuttal,Accept,3
Photo_video,Addressing Gradient Conflicts in Multimodal Fundus Disease Recognition with Fusion-Guided Learning,https://papers.miccai.org/miccai-2026/0034-Paper3644.html,1,Invite for Rebuttal,Reject,3
Histology,Addressing Tissue and Appearance Heterogeneity in Text-Guided Few-Shot WSI Classification,https://papers.miccai.org/miccai-2026/0035-Paper3002.html,2,Invite for Rebuttal,Accept,3
MRI,AEGIS: Anatomy-Embedded Group-Invariant Segmentation for Fair Medical Foundation Models,https://papers.miccai.org/miccai-2026/0036-Paper0597.html,1,Invite for Rebuttal,Accept,3
Endoscopy,AffordTissue: Dense Affordance Prediction for Tool-Action Specific Tissue Interaction,https://papers.miccai.org/miccai-2026/0037-Paper5918.html,1,Invite for Rebuttal,Accept,2
Func_MRI,Age Conditional Longitudinal Forecasting of Adolescent Functional Connectivity via Brownian Bridge Diffusion Models,https://papers.miccai.org/miccai-2026/0038-Paper0598.html,1,Invite for Rebuttal,Accept,3
Histology,AGE-MIL: Anchor-Guided Evidence Learning for Patient-Level Prediction,https://papers.miccai.org/miccai-2026/0039-Paper5366.html,2,Accept,Provisional Accept,1
Others,Agent-Guided Relational Concept Discovery: Toward Interpretable Surgical Margin Assessment,https://papers.miccai.org/miccai-2026/0040-Paper5424.html,1,Invite for Rebuttal,Accept,3
Endoscopy,AGGRNet: Selective Feature Extraction and Aggregation for Enhanced Medical Image Classification,https://papers.miccai.org/miccai-2026/0041-Paper3725.html,2,Invite for Rebuttal,Accept,3
CT-XRay,AHPR-Net: Anatomy-aware Hierarchical Prompting Refinement Network for Spine Image Segmentation,https://papers.miccai.org/miccai-2026/0042-Paper3186.html,3,Accept,Provisional Accept,1
ultrasounds,AI-Driven Pulmonary Congestion Assessment for Lung Ultrasound via Segmentation-Guided Transformers,https://papers.miccai.org/miccai-2026/0043-Paper5697.html,2,Accept,Provisional Accept,1
CT-XRay,ALFA: Biplanar X-Ray Reconstruction via Anatomy-Latent Field Adaptation,https://papers.miccai.org/miccai-2026/0044-Paper0037.html,2,Accept,Provisional Accept,1
Histology,Aligning Prototypes and Updating Null Spaces for Continual WSI Learning,https://papers.miccai.org/miccai-2026/0045-Paper2958.html,3,Accept,Provisional Accept,1
Sensors,All-in-One Augmented Reality Guided Head and Neck Tumor Resection,https://papers.miccai.org/miccai-2026/0046-Paper5292.html,2,Invite for Rebuttal,Accept,2
Diffusion-MRI,ALSAnchorNet: Biologically Informed Multimodal MRI Fusion for Amyotrophic Lateral Sclerosis Diagnosis,https://papers.miccai.org/miccai-2026/0047-Paper0535.html,2,Invite for Rebuttal,Accept,3
CT-XRay,AMFG: Anatomy-Grounded Multi-finding Guidance for Training-Free Chest X-Ray Generation,https://papers.miccai.org/miccai-2026/0048-Paper4880.html,3,Accept,Provisional Accept,1
CT-XRay,An Artifact-Based Agent Framework for Adaptive and Reproducible Medical Image Processing,https://papers.miccai.org/miccai-2026/0049-Paper2038.html,2,Accept,Provisional Accept,1
CT-XRay,Anatomically Accurate 3D Vessel Generation via 3-Phase Chebyshev Curve Diffusion,https://papers.miccai.org/miccai-2026/0050-Paper4807.html,3,Accept,Provisional Accept,1
MRI,Anatomically Consistent TMJ Disc Segmentation via Semantic Anchoring and Clinical Priors,https://papers.miccai.org/miccai-2026/0051-Paper0906.html,2,Invite for Rebuttal,Accept,3
MRI,Anatomy- and Site-Guided 3D Patch Diffusion for Robust MRI Harmonization,https://papers.miccai.org/miccai-2026/0052-Paper3157.html,0,Invite for Rebuttal,Accept,3
ultrasounds,Anatomy-Anchored Self-Supervision: Distilling Vision Foundation Models for Invariant Ultrasound Representation,https://papers.miccai.org/miccai-2026/0053-Paper1980.html,3,Accept,Provisional Accept,1
CT-XRay,Anatomy-Aware Hierarchical Multiple Instance Learning for Interpretable COPD Diagnosis and Phenotype Analysis,https://papers.miccai.org/miccai-2026/0054-Paper6264.html,2,Invite for Rebuttal,Accept,3
CT-XRay,Anatomy-Aware Prediction of Bronchoscopic Accessibility from 3D CT,https://papers.miccai.org/miccai-2026/0055-Paper2633.html,1,Invite for Rebuttal,Accept,3
MRI,Anatomy-Aware Reverse Symmetric Self-paced Learning for Prostate Cancer Detection,https://papers.miccai.org/miccai-2026/0056-Paper2755.html,1,Invite for Rebuttal,Accept,3
ultrasounds,Anatomy-Aware Standard Plane Localization in 3D Ultrasound with Geometric Constraints,https://papers.miccai.org/miccai-2026/0057-Paper2244.html,2,Invite for Rebuttal,Accept,3
CT-XRay,Anatomy-Conditioned Domain Randomization for Zero-Shot 3D Cerebrovascular Segmentation,https://papers.miccai.org/miccai-2026/0058-Paper2678.html,3,Accept,Provisional Accept,1
CT-XRay,Anatomy-Grounded Synthetic Coronary Angiography for Geometry-Informed Multi-view Matching,https://papers.miccai.org/miccai-2026/0059-Paper6167.html,2,Invite for Rebuttal,Accept,3
MRI,Anatomy-Guided Residual Motion Diffusion for Controllable 4D Cardiac MRI Synthesis,https://papers.miccai.org/miccai-2026/0060-Paper3003.html,1,Invite for Rebuttal,Reject,3
CT-XRay,Anatomy-Structured Hierarchical MIL for Weakly-Supervised Thoracic Disease Detection in Chest X-Rays,https://papers.miccai.org/miccai-2026/0061-Paper4609.html,2,Invite for Rebuttal,Accept,3
ultrasounds,Anatomy-Texture Aware Safe Gradient Guidance for Source-Free Domain Adaptive Echocardiography Video Segmentation,https://papers.miccai.org/miccai-2026/0062-Paper1509.html,2,Invite for Rebuttal,Accept,3
Microscopy,Angio-Stitch: An Unsupervised Coarse-to-Fine Framework for Sequential Stitching of Confocal Laser Endomicroscopy Images,https://papers.miccai.org/miccai-2026/0063-Paper2300.html,3,Accept,Provisional Accept,1
Microscopy,Angular-Constrained Hyperbolic Learning for Hierarchical Multimodal Survival Prediction,https://papers.miccai.org/miccai-2026/0064-Paper4614.html,2,Invite for Rebuttal,Reject,3
ultrasounds,Anomaly Detection in Fetal Echocardiography via Cross-Modal Translation and Region-Discriminated Error Calibration,https://papers.miccai.org/miccai-2026/0065-Paper3455.html,3,Accept,Provisional Accept,1
ultrasounds,AnomExpert: Identifying and Selecting Anatomical Planes for Prenatal Ultrasound Anomaly Diagnosis,https://papers.miccai.org/miccai-2026/0066-Paper1304.html,3,Accept,Provisional Accept,1
CT-XRay,APEX-SAM: Anatomy-Aware Prompting with Expert Retrieval for Training-Free Medical Image Segmentation,https://papers.miccai.org/miccai-2026/0067-Paper0425.html,1,Invite for Rebuttal,Accept,3
Others,ARCH-Net: Aligned 3D Teeth Reconstruction via Counterfactual-Enhanced Hierarchical Framework,https://papers.miccai.org/miccai-2026/0068-Paper0794.html,2,Accept,Provisional Accept,1
ultrasounds,Are Foundational Models Less Biased Than Specialized Models? An Ultrasound Study,https://papers.miccai.org/miccai-2026/0069-Paper4565.html,2,Accept,Provisional Accept,1
MRI,Arrhythmia-Robust Cine-MRI via Latent Motion Artifact Characterization,https://papers.miccai.org/miccai-2026/0070-Paper3222.html,2,Invite for Rebuttal,Accept,3
CT-XRay,Artery and vein segmentation on brain CTA using CTP for contrast-phase augmentation,https://papers.miccai.org/miccai-2026/0071-Paper4264.html,2,Invite for Rebuttal,Accept,3
Photo_video,Artifact-aware Prompt Learning for Domain Generalization,https://papers.miccai.org/miccai-2026/0072-Paper4954.html,2,Invite for Rebuttal,Accept,3
MRI,ASTAR: Automated Induction of STAndardized Radiology Reporting Templates from Large-Scale Clinical Free-Text Corpora,https://papers.miccai.org/miccai-2026/0073-Paper0020.html,2,Invite for Rebuttal,Accept,3
ultrasounds,AS-TIME: Time-Conditioned Multimodal Modeling of Aortic Stenosis Progression,https://papers.miccai.org/miccai-2026/0074-Paper6082.html,2,Invite for Rebuttal,Reject,3
Multimodals,Asym-MSF: Asymmetric Multi-scale Structural Fusion for Robust BCVA Prediction with Self-supervised Fidelity Constraints,https://papers.miccai.org/miccai-2026/0075-Paper4326.html,2,Invite for Rebuttal,Accept,3
Computational_imagings,AsynDiff: Asynchronous-Timestep Diffusion with Noise-Aware Attention for Multi-sequence MRI Synthesis,https://papers.miccai.org/miccai-2026/0076-Paper2167.html,3,Accept,Provisional Accept,1
CT-XRay,AtomiMed: Hierarchical Atomic Fact-Checking for Universal Clinical-Aware Medical Report Evaluation,https://papers.miccai.org/miccai-2026/0077-Paper2351.html,2,Accept,Provisional Accept,1
CT-XRay,Attention is Matter for Inclusiveness: Generating Synthetic CT for Patients with Hip Implants,https://papers.miccai.org/miccai-2026/0078-Paper2030.html,2,Invite for Rebuttal,Reject,3
CT-XRay,Attention-Based Prototype Calibration for Multi-Rater Few-Shot Medical Image Segmentation,https://papers.miccai.org/miccai-2026/0079-Paper3792.html,2,Invite for Rebuttal,Reject,3
Endoscopy,Attenuation-Resilient Alternating Optimization for Laparoscopic Liver Landmark Detection,https://papers.miccai.org/miccai-2026/0080-Paper1734.html,3,Accept,Provisional Accept,1
Histology,Attribute-Aware Federated Learning with Pseudo-Bag Augmentation for Multi-Center WSI Classification,https://papers.miccai.org/miccai-2026/0081-Paper2550.html,1,Invite for Rebuttal,Accept,3
CT-XRay,AutoLand: A Data-Efficient Automated Agentic Workflow for Universal Medical Landmark Detection,https://papers.miccai.org/miccai-2026/0082-Paper0716.html,3,Accept,Provisional Accept,1
Photo_video,Automated Disentangling Analysis of Skin Colour for Lesion Images,https://papers.miccai.org/miccai-2026/0083-Paper3075.html,2,Invite for Rebuttal,Reject,3
Histology,Automated Optical Density Normalization for Myelin Quantification: Cross-Modal Validation with 7T Ex Vivo MRI,https://papers.miccai.org/miccai-2026/0084-Paper6153.html,3,Accept,Provisional Accept,1
CT-XRay,Automated Scope Pose Estimation in Real-World Robotic-Assisted Bronchoscopy with Integrated C-Arm Imaging,https://papers.miccai.org/miccai-2026/0085-Paper0704.html,2,Invite for Rebuttal,Accept,2
MRI,Automatic LV Localization and Short-Axis Plane Estimation from Arbitrary CMR Slice,https://papers.miccai.org/miccai-2026/0086-Paper0016.html,2,Accept,Provisional Accept,1
Others,B² Loss for Evidential Classification of Critical View of Safety in Laparoscopic Cholecystectomy,https://papers.miccai.org/miccai-2026/0087-Paper5649.html,1,Invite for Rebuttal,Accept,3
Endoscopy,Bayesian Temporal Pose Networks for Uncertainty-Calibrated Laparoscopic Tool Pose Tracking,https://papers.miccai.org/miccai-2026/0088-Paper0619.html,2,Invite for Rebuttal,Accept,3
Func_MRI,Bayesian Topological Analysis of Brain Networks,https://papers.miccai.org/miccai-2026/0089-Paper5303.html,2,Invite for Rebuttal,Accept,3
MRI,"BCER Agent: Reliable Long-Horizon MRI Workflow Execution via Compilation, Artifact Binding, and Bounded Local Recovery",https://papers.miccai.org/miccai-2026/0090-Paper0902.html,3,Accept,Provisional Accept,1
Microscopy,BC-MultiSet: A Multi-target Dataset and Benchmark for Clinical Tasks in Breast Cancer,https://papers.miccai.org/miccai-2026/0091-Paper4838.html,2,Invite for Rebuttal,Accept,3
ultrasounds,BDFR-Net: Boundary-Aware Dual-Domain Feature Reconstruction Network for Fetal Ultrasound Image Segmentation,https://papers.miccai.org/miccai-2026/0092-Paper3612.html,2,Invite for Rebuttal,Reject,3
MRI,Be Indiscrete: The Benefits of Learning Continuous Spine Degeneration Severity Scores,https://papers.miccai.org/miccai-2026/0093-Paper5388.html,2,Invite for Rebuttal,Accept,3
Photo_video,"Benchmarking Foundation Models for Early Multi-retinopathy Detection at National Scale: Performance, Generalization, and Bias",https://papers.miccai.org/miccai-2026/0094-Paper4580.html,3,Accept,Provisional Accept,1
Histology,Benchmarking Pathology Foundation Models for Spatial Domain Understanding,https://papers.miccai.org/miccai-2026/0095-Paper2389.html,3,Accept,Provisional Accept,1
Photo_video,Benchmarking Video Foundation Models for Remote Parkinson’s Disease Screening,https://papers.miccai.org/miccai-2026/0096-Paper1056.html,2,Invite for Rebuttal,Accept,3
Photo_video,Better Said Than Seen: Exposing and Mitigating Modality Collapse with ICD-11-Grounded Evaluation,https://papers.miccai.org/miccai-2026/0097-Paper5540.html,2,Accept,Provisional Accept,1
CT-XRay,Beyond Clean Test Sets: Spurious Correlations in Medical Vision-language Models and the Role of Concept Supervision,https://papers.miccai.org/miccai-2026/0098-Paper5420.html,2,Invite for Rebuttal,Accept,2
CT-XRay,Beyond Landmarks: Anchor-Guided Orientation Regression for Robust Spinopelvic Measurement,https://papers.miccai.org/miccai-2026/0099-Paper2378.html,2,Accept,Provisional Accept,1
Others,Beyond Stochastic Diffusion: Trajectory-Consistent Deterministic Flow Matching for Fluorescence Molecular Tomography,https://papers.miccai.org/miccai-2026/0100-Paper0784.html,2,Invite for Rebuttal,Accept,3
PET_SPECT,Beyond the Batch: Momentum-Updated Virtual Cohorts for 3D PET-CT Prognosis,https://papers.miccai.org/miccai-2026/0101-Paper3495.html,2,Invite for Rebuttal,Accept,3
CT-XRay,Beyond Visual Cues: CoT-Enhanced Reasoning for Semi-supervised Medical Image Segmentation,https://papers.miccai.org/miccai-2026/0102-Paper1650.html,2,Invite for Rebuttal,Accept,2
CT-XRay,Beyond Visual Forensics: Auditing Multimodal Robustness for Synthetic Medical Image Detection,https://papers.miccai.org/miccai-2026/0103-Paper2865.html,2,Invite for Rebuttal,Accept,3
MRI,BiC-ODE: Bidirectionally Coupled Neural ODEs for Rapid Laminar Surface Reconstruction of the Human Cortex from 5T MRI,https://papers.miccai.org/miccai-2026/0104-Paper1454.html,1,Invite for Rebuttal,Accept,3
CT-XRay,Bidirectional Anatomy-Aware Post-Training for Longitudinal Chest X-Ray Progression Modeling,https://papers.miccai.org/miccai-2026/0105-Paper3580.html,2,Invite for Rebuttal,Accept,3
ultrasounds,BIGUS: Beam Integrated Gaussian Scattering for Continuous Ultrasound View Synthesis,https://papers.miccai.org/miccai-2026/0106-Paper5438.html,3,Accept,Provisional Accept,1
CT-XRay,BiM-GeoAttn-Net: Linear-Time Depth Modeling with Geometry-Aware Attention for 3D Aortic Dissection CTA Segmentation,https://papers.miccai.org/miccai-2026/0107-Paper6549.html,2,Invite for Rebuttal,Accept,3
MRI,BioFact-MoE: Biologically Factorized Mixture of Experts for Vision–Language Prognostic Modeling in Hepatocellular Carcinoma,https://papers.miccai.org/miccai-2026/0108-Paper3788.html,3,Accept,Provisional Accept,1
Histology,BioFlow: A Biologically Valid Support-Preserving Flow for Histology-Conditioned Spatial Transcriptomics Prediction,https://papers.miccai.org/miccai-2026/0109-Paper1400.html,2,Invite for Rebuttal,Reject,3
Photo_video,BioGait-VLM: A Tri-Modal Vision–Language–Biomechanics Framework for Interpretable Clinical Gait Assessment,https://papers.miccai.org/miccai-2026/0110-Paper1613.html,3,Accept,Provisional Accept,1
MRI,BioGuide: Biomedically-Guided Segmentation for Medical Tasks,https://papers.miccai.org/miccai-2026/0111-Paper5935.html,2,Invite for Rebuttal,Accept,3
Others,BiSA-DiT: A Bidirectional Spatially-Aware Diffusion Transformer for Sparse Tomographic Magnetic Particle Imaging,https://papers.miccai.org/miccai-2026/0112-Paper1442.html,2,Accept,Provisional Accept,1
ultrasounds,Boosting Ultrasound Image Classification via Attribute-Guided Dual-Branch Framework,https://papers.miccai.org/miccai-2026/0113-Paper3025.html,1,Invite for Rebuttal,Accept,3
Microscopy,Born Different: A Multi-level Individualized Modeling Framework for Embryo Euploidy Prediction,https://papers.miccai.org/miccai-2026/0114-Paper0713.html,3,Accept,Provisional Accept,1
Multimodals,Boundary-Aware Multi-Granularity Learning for Depression Severity Estimation,https://papers.miccai.org/miccai-2026/0115-Paper3817.html,3,Accept,Provisional Accept,1
Endoscopy,BRAIN: Bi-directional Motion Reasoning with Dynamic Memory Pruning for Surgical Video Segmentation,https://papers.miccai.org/miccai-2026/0116-Paper5179.html,0,Invite for Rebuttal,Accept,3
Func_MRI,BrainACU: Asynchronous Coordination Unit Modeling for Dynamic Brain Network Analysis,https://papers.miccai.org/miccai-2026/0117-Paper0936.html,2,Invite for Rebuttal,Reject,3
CT-XRay,Brain-Adapter: A Dual-Stream Vision-Language MIL Framework for Comprehensive 3D CT Diagnosis of Acute Intracranial Pathologies,https://papers.miccai.org/miccai-2026/0118-Paper4574.html,2,Invite for Rebuttal,Accept,3
MRI,BrainAnytime: Anatomy-Aware Cross-Modal Pretraining for Brain Image Analysis with Arbitrary Modality Availability,https://papers.miccai.org/miccai-2026/0119-Paper3498.html,3,Accept,Provisional Accept,1
Func_MRI,Brain-DiT: A Universal Multi-state fMRI Foundation Model with Metadata-Conditioned Pretraining,https://papers.miccai.org/miccai-2026/0120-Paper1362.html,2,Invite for Rebuttal,Accept,3
Func_MRI,BrainHTF: Learning Causal Graph Representation of Brain Connectome with Hyperbolic Transformer,https://papers.miccai.org/miccai-2026/0121-Paper2442.html,2,Accept,Provisional Accept,1
Diffusion-MRI,BrainKODE: Controlled Koopman Dynamics over Longitudinal Structure–Function Coupling for Early Prediction of Adolescent Substance Use,https://papers.miccai.org/miccai-2026/0122-Paper5796.html,1,Invite for Rebuttal,Accept,3
MRI,Brain-Specialized Self-supervised Learning: Neuroanatomy-Aware Spatial Priors for 3D Brain MRI,https://papers.miccai.org/miccai-2026/0123-Paper3889.html,1,Invite for Rebuttal,Reject,3
Func_MRI,BrainSTR: Spatio-Temporal Contrastive Learning for Interpretable Dynamic Brain Network Modeling,https://papers.miccai.org/miccai-2026/0124-Paper0931.html,2,Accept,Provisional Accept,1
Func_MRI,Brain-TM: Decoding Brain States from Functional Networks Using a Hierarchical Spatiotemporal Transformer-Mamba,https://papers.miccai.org/miccai-2026/0125-Paper1279.html,1,Invite for Rebuttal,Accept,3
Func_MRI,BrainWeaver: Weaving Dynamic Brain Networks with ROI-Guided Attention for Cognitive Assessment,https://papers.miccai.org/miccai-2026/0126-Paper3425.html,3,Accept,Provisional Accept,1
CT-XRay,Breaking Annotation Dependency in Coronary Stenosis Segmentation via Physics-Driven Sim2Real Learning,https://papers.miccai.org/miccai-2026/0127-Paper2779.html,2,Invite for Rebuttal,Accept,3
Endoscopy,Breaking Teacher’s Mean Regression Bias: Boundary-Aware Contrastive Distillation for Endoscopic Super-Resolution,https://papers.miccai.org/miccai-2026/0128-Paper6393.html,2,Accept,Provisional Accept,1
Others,BREIT: A Framework for Brain Stroke Reconstruction using Multi-frequency 3D EIT,https://papers.miccai.org/miccai-2026/0129-Paper2625.html,2,Invite for Rebuttal,Accept,4
MRI,Bridging EEG to fMRI: Semi-Supervised Functional Connectivity Translation via Latent Alignment,https://papers.miccai.org/miccai-2026/0130-Paper0924.html,1,Invite for Rebuttal,Accept,3
CT-XRay,Bridging Heterogeneous Medical Datasets via Mixture-of-Specialists Adapters for Unified Medical Image Classification,https://papers.miccai.org/miccai-2026/0131-Paper0457.html,2,Invite for Rebuttal,Accept,3
Photo_video,Bridging Research and Practice: A Systematic Evaluation of Generalist and Dermatology-Specific Models in Clinical Skin Lesion Classification,https://papers.miccai.org/miccai-2026/0132-Paper5997.html,2,Accept,Provisional Accept,1
Diffusion-MRI,Bridging Single Distortion Artifacts and Multifactorial Clinical Quality: Few-Shot Biparametric MRI Quality Assessment via Distortion-Trained Prototypical Networks,https://papers.miccai.org/miccai-2026/0133-Paper3982.html,1,Invite for Rebuttal,Accept,3
CT-XRay,Bridging the Markerless Tracking Validation Gap: Intraoperative X-Ray Workflow Integration,https://papers.miccai.org/miccai-2026/0134-Paper0829.html,2,Invite for Rebuttal,Accept,2
CT-XRay,Bridging Vision Foundation Model Priors with CLIP for Spatial-aware Few-shot Anomaly Detection in Medical Images,https://papers.miccai.org/miccai-2026/0135-Paper3052.html,3,Invite for Rebuttal,Accept,3
Endoscopy,B-spline Activations as Intrinsic Uncertainty Estimators in Medical Image Segmentation,https://papers.miccai.org/miccai-2026/0136-Paper5070.html,1,Invite for Rebuttal,Accept,3
Histology,C²RM-Seg: Causal Counterfactual Reasoning with Structural-Semantic Priors for Weakly Supervised Histopathological Tissue Segmentation,https://papers.miccai.org/miccai-2026/0137-Paper4147.html,2,Invite for Rebuttal,Reject,3
Robotics,CAG-WM: A Synthetic-Data-Driven Coronary World Model for Autonomous Guidewire Navigation,https://papers.miccai.org/miccai-2026/0138-Paper4072.html,3,Accept,Provisional Accept,1
Others,CalCErt: Bin-wise Certification of Confidence Calibration in Medical Image Classification,https://papers.miccai.org/miccai-2026/0139-Paper2687.html,1,Invite for Rebuttal,Accept,3
MRI,CalcSeg: Confidence-aware 3D Latent Context Curriculum Learning For Myocardial Scar Segmentation From Single-Stack LGE-CMRs,https://papers.miccai.org/miccai-2026/0140-Paper5989.html,2,Invite for Rebuttal,Reject,3
Microscopy,CALHippo: Cell Segmentation for Neuronal Density Inference in the Human Hippocampus,https://papers.miccai.org/miccai-2026/0141-Paper0727.html,1,Invite for Rebuttal,Accept,3
CT-XRay,Calibrated Confidence Expression for Radiology Report Generation,https://papers.miccai.org/miccai-2026/0142-Paper2409.html,2,Invite for Rebuttal,Accept,3
Multimodals,CalibSleep: Cross-Modal Calibration and Rule-Aware Learning for Automatic Sleep Stage Classification,https://papers.miccai.org/miccai-2026/0143-Paper1908.html,2,Invite for Rebuttal,Accept,3
MRI,CALM: Interpretable Cross-Modal Alignment for Biomarker Discovery from Unpaired Data,https://papers.miccai.org/miccai-2026/0144-Paper2961.html,2,Invite for Rebuttal,Accept,3
CT-XRay,Can Agents Distinguish Visually Hard-to-Separate Diseases in a Zero-Shot Setting? A Pilot Study,https://papers.miccai.org/miccai-2026/0145-Paper1616.html,2,Invite for Rebuttal,Accept,3
CT-XRay,Can Experts Adapt Without Training? On Test-Time Modality Generalization in MVLMs,https://papers.miccai.org/miccai-2026/0146-Paper4582.html,2,Accept,Provisional Accept,1
Histology,Cancer-Type-Agnostic Pan-Cancer Gene Expression Prediction from Histopathological Images,https://papers.miccai.org/miccai-2026/0147-Paper4489.html,2,Invite for Rebuttal,Accept,3
CT-XRay,CancerVerse: A Fully Open Longitudinal and Multimodal Dataset for Multicancer Screening,https://papers.miccai.org/miccai-2026/0148-Paper0562.html,2,Invite for Rebuttal,Accept,3
MRI,Cardiac Motion Transfer with Adaptive Physics Constraint,https://papers.miccai.org/miccai-2026/0149-Paper2889.html,2,Invite for Rebuttal,Reject,3
ultrasounds,CardiacPULSE: Frequency-Aware Self-supervised Cardiac Phase Detection in Echocardiography,https://papers.miccai.org/miccai-2026/0150-Paper1789.html,2,Invite for Rebuttal,Accept,3
MRI,CardioDiT: Latent Diffusion Transformers for 4D Cardiac MRI Synthesis,https://papers.miccai.org/miccai-2026/0151-Paper5984.html,2,Invite for Rebuttal,Reject,3
CT-XRay,CardioGS: Deformation-Driven 4D Gaussian Splatting with Self-supervised Cardiac Clock Learning for Rotational DSA Reconstruction,https://papers.miccai.org/miccai-2026/0152-Paper3507.html,2,Invite for Rebuttal,Accept,3
CT-XRay,CARE: Clinically Aligned Retrieval Evidence for Consistent Radiology Report Generation,https://papers.miccai.org/miccai-2026/0153-Paper3601.html,2,Invite for Rebuttal,Reject,2
CT-XRay,CARE: Confidence-Aware Reasoning for Reliable Medical VQA,https://papers.miccai.org/miccai-2026/0154-Paper6558.html,2,Invite for Rebuttal,Accept,2
MRI,"CARformer: Class-Aware Representation Learning for Small-Cohort, Imbalanced Psychiatric Disorder Classification in Brain MRI",https://papers.miccai.org/miccai-2026/0155-Paper3161.html,2,Invite for Rebuttal,Accept,3
Histology,Case-Specific Priors-Guided Multimodal Fusion for Prognosis Prediction in Head and Neck Cancer,https://papers.miccai.org/miccai-2026/0156-Paper5254.html,3,Invite for Rebuttal,Accept,3
CT-XRay,CDFP-Net: Cross-Modal Dynamic Fusion with Diffusion Priors for PET-CT Tumor Segmentation,https://papers.miccai.org/miccai-2026/0157-Paper2844.html,2,Invite for Rebuttal,Accept,3
CT-XRay,CDPM-Align: Multi-Scale Guidance-Aligned Diffusion Pretraining for Robust Few-Shot Anatomical Landmark Detection,https://papers.miccai.org/miccai-2026/0158-Paper3797.html,3,Accept,Provisional Accept,1
Photo_video,Cell-Division-Aware Category-Enhanced Contrastive Learning Model for Embryonic Cleavage Stage Classification,https://papers.miccai.org/miccai-2026/0159-Paper3661.html,2,Invite for Rebuttal,Accept,3
CT-XRay,Cervical Vertebral Maturation Staging from a Continuous Perspective,https://papers.miccai.org/miccai-2026/0160-Paper4854.html,2,Invite for Rebuttal,Accept,3
Microscopy,CerviThink: A Reinforced Visual Reasoning Framework for Cervical Cancer Cell Classification,https://papers.miccai.org/miccai-2026/0161-Paper5232.html,2,Invite for Rebuttal,Accept,3
CT-XRay,CheXanatomy: Anatomy–Aware Vision–Language Modeling for Chest Radiographs,https://papers.miccai.org/miccai-2026/0162-Paper2964.html,1,Invite for Rebuttal,Accept,3
Histology,CHILD: Human-in-the-Loop OOD Detection for Safe Clinical Deployment,https://papers.miccai.org/miccai-2026/0163-Paper1242.html,1,Invite for Rebuttal,Accept,3
EHR,ChronoSurv: A Clinical Pathway-Guided Graph Framework for Multimodal Survival Analysis,https://papers.miccai.org/miccai-2026/0164-Paper3722.html,3,Invite for Rebuttal,Reject,3
Histology,CIGTSurv: Clinical Information Guided Tri-Modal Survival Prediction with Local Prototype Association and Global Feature Alignment,https://papers.miccai.org/miccai-2026/0165-Paper4190.html,2,Invite for Rebuttal,Accept,3
Others,CiLA: Knowledge-Preserving Self-supervised Adaptation of CLIP for Fundus Imaging,https://papers.miccai.org/miccai-2026/0166-Paper3196.html,2,Invite for Rebuttal,Reject,3
MRI,CineMesh4D: Personalized 4D Whole Heart Reconstruction from Sparse Cine MRI,https://papers.miccai.org/miccai-2026/0167-Paper0099.html,2,Accept,Provisional Accept,1
CT-XRay,CIPHER: Causal Intervention Pathways for Healthcare Equity and Robustness,https://papers.miccai.org/miccai-2026/0168-Paper2601.html,1,Invite for Rebuttal,Accept,3
CT-XRay,ClinCoT: Clinical-Aware Visual Chain-of-Thought for Medical Vision Language Models,https://papers.miccai.org/miccai-2026/0169-Paper3633.html,2,Accept,Provisional Accept,1
Microscopy,Clinical-Injection Transformer with Domain-Adapted MAE for Lupus Nephritis Prognosis Prediction,https://papers.miccai.org/miccai-2026/0170-Paper3844.html,3,Accept,Provisional Accept,1
Others,Clinically Structured Chain-of-Thought Reasoning for Intelligent Guidance in Coronary Artery Disease,https://papers.miccai.org/miccai-2026/0171-Paper0056.html,1,Invite for Rebuttal,Accept,3
CT-XRay,Clinically-Grounded Hierarchical Classification for Consistent Chest X-ray Interpretation,https://papers.miccai.org/miccai-2026/0172-Paper1023.html,2,Invite for Rebuttal,Accept,4
MRI,ClinLoop: Human-AI Collaborative Agents for Multimodal Breast Cancer Diagnosis Under Incomplete Clinical Data,https://papers.miccai.org/miccai-2026/0173-Paper2960.html,2,Invite for Rebuttal,Accept,3
MRI,ClinRAG-GRAPH: Clinical-Prior Retrieval-Augmented Graph Model with Domain Adversarial Learning for Breast pCR Prediction,https://papers.miccai.org/miccai-2026/0174-Paper1181.html,3,Invite for Rebuttal,Accept,3
Func_MRI,CMD-AD: Cross-Modality Distillation from fMRI-EEG for Single-Modality Alzheimer’s Disease Diagnosis,https://papers.miccai.org/miccai-2026/0175-Paper1174.html,2,Invite for Rebuttal,Accept,3
Endoscopy,CMSA-Net: Causal Multi-scale Aggregation with Adaptive Multi-source Reference for Video Polyp Segmentation,https://papers.miccai.org/miccai-2026/0176-Paper1232.html,3,Accept,Provisional Accept,1
MRI,Coarse-to-Fine Meta-Reweighting with Dynamic Retrieval for Adult-to-Pediatric Domain Adaptation in Tumor Segmentation,https://papers.miccai.org/miccai-2026/0177-Paper2361.html,1,Invite for Rebuttal,Accept,3
Histology,COAST: Context-Aware Differential Learning for Gene Expression Prediction in Spatial Transcriptomics,https://papers.miccai.org/miccai-2026/0178-Paper5249.html,2,Invite for Rebuttal,Reject,3
Photo_video,CoGaze: Closed-Loop Eye-Face Alignment for Multi-center Mobile Gaze-Based Cognitive Screening in Older Adults,https://papers.miccai.org/miccai-2026/0179-Paper3065.html,2,Invite for Rebuttal,Accept,3
Endoscopy,CoGE: Sim-to-Real Online Geometric Estimation for Monocular Colonoscopy,https://papers.miccai.org/miccai-2026/0180-Paper2522.html,3,Accept,Provisional Accept,1
Photo_video,Collaborative Multiscale Representation Learning for AMD Detection,https://papers.miccai.org/miccai-2026/0181-Paper4365.html,2,Accept,Provisional Accept,1
Microscopy,Collaborative Topology and Connectivity Learning for EM Neuron Segmentation,https://papers.miccai.org/miccai-2026/0182-Paper2843.html,2,Accept,Provisional Accept,1
Endoscopy,Colon-Bench: An Agentic Workflow for Scalable Dense Lesion Annotation in Full-Procedure Colonoscopy Videos,https://papers.miccai.org/miccai-2026/0183-Paper1043.html,2,Invite for Rebuttal,Reject,3
Func_MRI,Community-Aware Dynamic Graph Learning for Brain Disorder Diagnosis,https://papers.miccai.org/miccai-2026/0184-Paper2999.html,2,Invite for Rebuttal,Accept,3
CT-XRay,Co-MoCo: Collaborative Learning Enabled Motion Compensation for Weight-Bearing CBCT,https://papers.miccai.org/miccai-2026/0185-Paper2489.html,2,Invite for Rebuttal,Accept,3
Photo_video,Comparative Analysis of Automated Frame Selection Methods for Glaucoma Detection in Smartphone-Based Low-Quality Fundus Video,https://papers.miccai.org/miccai-2026/0186-Paper2033.html,3,Invite for Rebuttal,Accept,2
ultrasounds,Compass: Prostate Cancer Detection Needs Multi-view Context,https://papers.miccai.org/miccai-2026/0187-Paper5885.html,1,Invite for Rebuttal,Accept,3
Endoscopy,Computer-Assisted Intervention in Capsule Endoscopy: A Real-Time Edge-AI Auditing System,https://papers.miccai.org/miccai-2026/0188-Paper0867.html,2,Invite for Rebuttal,Accept,3
CT-XRay,Concept-Guided Noisy Negative Suppression for Zero-Shot Classification and Grounding of Chest X-Ray Findings,https://papers.miccai.org/miccai-2026/0189-Paper0377.html,3,Accept,Provisional Accept,1
Photo_video,ConceptIL: Concept Incremental Learning for Interpretable Medical AI,https://papers.miccai.org/miccai-2026/0190-Paper1480.html,2,Invite for Rebuttal,Accept,3
CT-XRay,Conditional Diffusion Prompting for Ambiguous Medical Image Segmentation,https://papers.miccai.org/miccai-2026/0191-Paper5253.html,2,Invite for Rebuttal,Accept,3
Computational_imagings,Conditional Latent Diffusion Model with Fourier-Based Motion Modelling for Virtual Population Synthesis,https://papers.miccai.org/miccai-2026/0192-Paper1472.html,3,Accept,Provisional Accept,1
Microscopy,Confidence-Aware Supervision for Robust Multi-task Embryo Grading,https://papers.miccai.org/miccai-2026/0193-Paper2767.html,1,Invite for Rebuttal,Accept,3
CT-XRay,Conformal 3D Lesion Segmentation with Balanced Risk Control,https://papers.miccai.org/miccai-2026/0194-Paper2825.html,1,Invite for Rebuttal,Accept,3
Histology,Confusion-Aware Evidence Calibration for Few-Shot Whole Slide Image Classification,https://papers.miccai.org/miccai-2026/0195-Paper3046.html,3,Accept,Provisional Accept,1
Computational_imagings,CONNECT-4: Brain Connectivity-Guided Hyperedge Graph Fusion for Structural MRI to 4D Rest Functional MRI Synthesis,https://papers.miccai.org/miccai-2026/0196-Paper1731.html,1,Invite for Rebuttal,Accept,3
Func_MRI,ConnecToMind2: Inter-Subject fMRI Decoding via Whole-Brain Connectome-Guided Alignment,https://papers.miccai.org/miccai-2026/0197-Paper1776.html,2,Accept,Provisional Accept,1
Microscopy,ConstTrack: Constellation-Guided Cell Tracking Under Lineage Constraints,https://papers.miccai.org/miccai-2026/0198-Paper2947.html,3,Accept,Provisional Accept,1
Histology,ContiStain: Cross-Domain Relation-Preserving Distillation for Continual Multi-domain Virtual IHC Staining,https://papers.miccai.org/miccai-2026/0199-Paper0693.html,1,Invite for Rebuttal,Accept,3
MRI,Contrast-Invariant Reference-Based Slice Thickness Estimation in MRI via Spectral Matching,https://papers.miccai.org/miccai-2026/0200-Paper1956.html,2,Invite for Rebuttal,Accept,3
Histology,Contrastive and Adaptive Multi-modal Masked Autoencoder for Spatial Transcriptomics,https://papers.miccai.org/miccai-2026/0201-Paper1131.html,2,Invite for Rebuttal,Accept,3
Endoscopy,Contrastive Learning under Noisy Temporal Self-Supervision for Colonoscopy Videos,https://papers.miccai.org/miccai-2026/0202-Paper0772.html,2,Accept,Provisional Accept,1
Photo_video,Controllable Generation of Diverse Dermatological Imagery for Fair and Efficient Malignancy Classification,https://papers.miccai.org/miccai-2026/0203-Paper1473.html,3,Accept,Provisional Accept,1
Histology,Controllable Histopathology Image Synthesis with Training-Free Structural Initialization and Textural Modulation,https://papers.miccai.org/miccai-2026/0204-Paper1821.html,2,Invite for Rebuttal,Accept,3
Histology,ConVL: Interpretable Concept-Guided Vision-Language MIL for Survival Analysis in Whole Slide Images,https://papers.miccai.org/miccai-2026/0205-Paper3030.html,2,Invite for Rebuttal,Accept,3
Endoscopy,CoRe-DA: Contrastive Regression for Unsupervised Domain Adaptation in Surgical Skill Assessment,https://papers.miccai.org/miccai-2026/0206-Paper3901.html,3,Invite for Rebuttal,Accept,3
MRI,CortexAdapt3D: Parameter-Efficient Fine-Tuning of General 3D Foundation Models for Cortical Surface Analysis,https://papers.miccai.org/miccai-2026/0207-Paper3433.html,1,Invite for Rebuttal,Reject,3
Physio-signals,CoSim: Unleashing Eye Movements for EEG-Free Emotion Recognition via Conditional Prompting and Similarity-Guided Augmentation,https://papers.miccai.org/miccai-2026/0208-Paper4596.html,1,Invite for Rebuttal,Accept,3
CT-XRay,Counterfactual Anatomy-Guided Spatial-Temporal Decoding for Annotation-Free Hallucination Mitigation in Medical VLMs,https://papers.miccai.org/miccai-2026/0209-Paper4832.html,1,Invite for Rebuttal,Accept,3
MRI,Counterfactual Contrastive Analysis,https://papers.miccai.org/miccai-2026/0210-Paper3698.html,2,Invite for Rebuttal,Reject,3
CT-XRay,Counterfactual Stress-Testing for Fixing Lung Cancer Segmentation Models,https://papers.miccai.org/miccai-2026/0211-Paper5911.html,2,Invite for Rebuttal,Accept,3
EHR,CPAgents: Agentic Composite Phenotype Generation for Cardiac Disease Association,https://papers.miccai.org/miccai-2026/0212-Paper0092.html,1,Invite for Rebuttal,Accept,3
CT-XRay,CPR: Chained Perceptual Refinement for Coarse-to-Fine Medical Image Classification,https://papers.miccai.org/miccai-2026/0213-Paper3366.html,2,Invite for Rebuttal,Accept,3
MRI,CPS4: Class Prompt Driven Semi-supervised Spine Segmentation with Class-Specific Consistency Constraint,https://papers.miccai.org/miccai-2026/0214-Paper0946.html,2,Invite for Rebuttal,Accept,3
CT-XRay,CRIMSON: A Clinically-Grounded LLM-Based Metric for Generative Radiology Report Evaluation,https://papers.miccai.org/miccai-2026/0215-Paper2039.html,3,Accept,Provisional Accept,1
Microscopy,Cross-Cancer Expert-Routing Knowledge Transfer in Federated Prognosis Prediction,https://papers.miccai.org/miccai-2026/0216-Paper3342.html,2,Accept,Provisional Accept,1
Computational_imagings,Cross-channel Consistent Mamba for Extreme Limited-View Photoacoustic Tomography Reconstruction,https://papers.miccai.org/miccai-2026/0217-Paper6667.html,3,Accept,Provisional Accept,1
Others,Cross-domain Controllable Generation Enables Zero-shot Fundus Image Analysis,https://papers.miccai.org/miccai-2026/0218-Paper1262.html,2,Accept,Provisional Accept,1
Others,Cross-Modal Alignment and Distillation for Retinal Imaging Dementia Screening,https://papers.miccai.org/miccai-2026/0220-Paper0746.html,1,Invite for Rebuttal,Accept,3
Physio-signals,Cross-Modal Concept Transfer: From ECG Signals to Images for Explainable Disease Prediction,https://papers.miccai.org/miccai-2026/0221-Paper6146.html,2,Accept,Provisional Accept,1
CT-XRay,Cross-Modal Contrastive Learning of ECG and Angiography Representations for Severe Stenosis Classification,https://papers.miccai.org/miccai-2026/0222-Paper1945.html,2,Accept,Provisional Accept,1
Histology,Cross-Modal Prediction of DNA Methylation from Histology Images,https://papers.miccai.org/miccai-2026/0223-Paper5013.html,1,Invite for Rebuttal,Reject,3
CT-XRay,Cross-Surface Representation Learning for Accurate Gingiva Prediction in CBCT,https://papers.miccai.org/miccai-2026/0224-Paper2720.html,1,Invite for Rebuttal,Accept,3
Others,CrownFusion: 3D Dental Crown Generation Using Geometry Images and Latent Diffusion,https://papers.miccai.org/miccai-2026/0225-Paper2827.html,3,Accept,Provisional Accept,1
Photo_video,CSAM-HQ: A Multi-stage Refinement Framework for Surgical Instrument Segmentation based on SAM and Probabilistic Graphical Models,https://papers.miccai.org/miccai-2026/0226-Paper2295.html,2,Invite for Rebuttal,Accept,3
CT-XRay,CSGE: Break the SSL Bottleneck in Medical Image Segmentation via Collaborative Semantic-Geometric Experts,https://papers.miccai.org/miccai-2026/0227-Paper3554.html,2,Invite for Rebuttal,Accept,3
CT-XRay,CSWinUNETR: Segmentation of Thin Anatomical Structures in Medical Images,https://papers.miccai.org/miccai-2026/0228-Paper4831.html,1,Invite for Rebuttal,Accept,3
CT-XRay,CT2-DiT: Enabling Abdominal Non-contrast to Contrast-Enhanced CT Translation with Diffusion Transformers in the Low-Data Regime,https://papers.miccai.org/miccai-2026/0229-Paper1524.html,1,Invite for Rebuttal,Accept,3
PET_SPECT,CT-Conditioned Diffusion Prior with Physics-Constrained Sampling for PET Super-Resolution,https://papers.miccai.org/miccai-2026/0230-Paper3390.html,2,Invite for Rebuttal,Accept,3
CT-XRay,CTTok: Voxel-Abulary for Autoregressive 3D CT Volume Generation with Large Language Models,https://papers.miccai.org/miccai-2026/0231-Paper2284.html,3,Accept,Provisional Accept,1
MRI,Cubic Structure-Aware Neural Radiance Fields for Zero-Shot Super-Resolution of Susceptibility-Weighted Imaging,https://papers.miccai.org/miccai-2026/0232-Paper0708.html,2,Invite for Rebuttal,Accept,3
Multimodals,CURA: Calibrated Uncertainty with Retrieval and Agents for Trustworthy Multimodal Medical Decision Support,https://papers.miccai.org/miccai-2026/0233-Paper2024.html,2,Invite for Rebuttal,Accept,3
CT-XRay,Curia-2: Scaling Self-Supervised Learning for Radiology Foundation Models,https://papers.miccai.org/miccai-2026/0234-Paper6594.html,2,Accept,Provisional Accept,1
Physio-signals,"Cut, Stitch, Adapt: Data-Efficient and Low-Calibration Speech BCIs",https://papers.miccai.org/miccai-2026/0235-Paper5367.html,2,Invite for Rebuttal,Accept,3
EHR,CW-B: Class Weighted Boosting Framework for Imbalance Resilient Multi Class Cardiac Phenotyping,https://papers.miccai.org/miccai-2026/0236-Paper1403.html,2,Accept,Accept,3
Others,Cycle-Verified Gentle Teaching and Confusion Correction for Label-Scarce Cross-Modal Single-Cell Annotation,https://papers.miccai.org/miccai-2026/0237-Paper4247.html,2,Invite for Rebuttal,Accept,3
Microscopy,D2C: Data-Efficient Skin Lesion Classification for Clinical Images by Representation Alignment Using Dermoscopic Resources,https://papers.miccai.org/miccai-2026/0238-Paper2731.html,2,Invite for Rebuttal,Accept,3
Diffusion-MRI,Data-Driven Optimization of Prostate Sectorization from MRI,https://papers.miccai.org/miccai-2026/0239-Paper3653.html,2,Invite for Rebuttal,Accept,3
Endoscopy,DBT-Bleed: Dual-Branch Temporal Modeling with Key-Frame Selection for Surgical Bleeding Detection,https://papers.miccai.org/miccai-2026/0240-Paper4663.html,1,Invite for Rebuttal,Accept,3
CT-XRay,DCLDs-RAG: Evidence-Grounded Multimodal Retrieval-Augmented Generation for Diffuse Cystic Lung Diseases Diagnosis,https://papers.miccai.org/miccai-2026/0241-Paper0323.html,2,Invite for Rebuttal,Accept,3
Diffusion-MRI,DDecomp: Structured Uncertainty Decomposition Using Masked Autoencoders for Anomaly Detection in Diffusion MRI,https://papers.miccai.org/miccai-2026/0242-Paper6538.html,2,Invite for Rebuttal,Accept,3
Func_MRI,DD-INR: Dynamics-Driven Implicit Neural Representation for Accelerated Whole-Brain Functional MRI Reconstruction,https://papers.miccai.org/miccai-2026/0243-Paper2792.html,2,Accept,Provisional Accept,1
MRI,DEC-Net: A Multi-Task Distillation Expert Collaboration Network for Glioma Grading and Molecular Subtyping Using Multimodal MRI,https://papers.miccai.org/miccai-2026/0244-Paper4563.html,2,Invite for Rebuttal,Accept,3
MRI,Decoding the Alzheimer’s Continuum: Interpretable Multi-gate Routing for Diagnosis and Transition Prediction,https://papers.miccai.org/miccai-2026/0245-Paper0438.html,2,Invite for Rebuttal,Accept,3
CT-XRay,Decouple and Reason: Anatomically Guided Two-Stage Grounding of Lung Lesions in 3D Chest CT from Free-Text Reports,https://papers.miccai.org/miccai-2026/0246-Paper3331.html,2,Invite for Rebuttal,Accept,4
CT-XRay,Decoupled Ordinal Refinement with Geometric Alignment for Chest X-ray Severity Scoring,https://papers.miccai.org/miccai-2026/0247-Paper4660.html,3,Accept,Provisional Accept,1
CT-XRay,Decoupled Single-Mask Annotation Noise Detection via Cross-Sectional Patch Self-consistency,https://papers.miccai.org/miccai-2026/0248-Paper1603.html,2,Invite for Rebuttal,Accept,3
MRI,Deep EM with Hierarchical Latent Label Modelling for Multi-Site Prostate Lesion Segmentation,https://papers.miccai.org/miccai-2026/0249-Paper1086.html,2,Invite for Rebuttal,Accept,3
MRI,Deep Probabilistic Cerebrovascular Atlas,https://papers.miccai.org/miccai-2026/0250-Paper0382.html,2,Invite for Rebuttal,Accept,3
EHR,Deep-IMMA: an Interpretable Immune-Aware Multimodal Deep Representation Learning for Cancer Prognosis and Recurrence Prediction,https://papers.miccai.org/miccai-2026/0251-Paper5348.html,3,Accept,Provisional Accept,1
CT-XRay,DEER: A Foundation Model with Dual-Branch CT-Enhanced Embeddings for Thoracoabdominal Radiographs,https://papers.miccai.org/miccai-2026/0252-Paper1156.html,2,Invite for Rebuttal,Accept,3
ultrasounds,Defining Robust Ultrasound Quality Metrics via an Ultrasound Foundation Model,https://papers.miccai.org/miccai-2026/0253-Paper2414.html,3,Accept,Provisional Accept,1
ultrasounds,DeformTTA: Morphology-Aware Controllable Deformation for Test-Time Adaptation in Fetal Cardiac Ultrasound Image Segmentation,https://papers.miccai.org/miccai-2026/0254-Paper1543.html,2,Invite for Rebuttal,Accept,3
Endoscopy,DeGenseGS: Geometrically and Semantically Decoupled Surgical Scene Understanding in 4D Gaussian Splatting,https://papers.miccai.org/miccai-2026/0255-Paper1749.html,2,Invite for Rebuttal,Accept,3
Physio-signals,Demographic-Conditioned State Space Models for ECG-Based Age Estimation,https://papers.miccai.org/miccai-2026/0256-Paper3670.html,2,Invite for Rebuttal,Accept,3
Endoscopy,DenseTRF: Texture-Aware Unsupervised Representation Adaptation for Surgical Scene Dense Prediction,https://papers.miccai.org/miccai-2026/0257-Paper6100.html,3,Accept,Provisional Accept,1
Others,DentalPSAM: Lifting SAM to Dental Plaque Segmentation with Hybrid 2D-3D Knowledge Fusion,https://papers.miccai.org/miccai-2026/0258-Paper4344.html,2,Invite for Rebuttal,Accept,3
CT-XRay,DentMamba: An Anatomy-Aware Global-Local Hybrid Network for Large-Scale Multi-class Dental Disease Detection,https://papers.miccai.org/miccai-2026/0259-Paper0668.html,3,Accept,Provisional Accept,1
Histology,DeNuC: Decoupling Nuclei Detection and Classification in Histopathology,https://papers.miccai.org/miccai-2026/0260-Paper2293.html,3,Accept,Provisional Accept,1
Endoscopy,DepthPilot: From Controllability to Reliability in Colonoscopy Video Generation,https://papers.miccai.org/miccai-2026/0261-Paper5550.html,2,Invite for Rebuttal,Accept,3
Computational_imagings,DermaFlux: Synthetic Skin Lesion Generation with Rectified Flows for Enhanced Image Classification,https://papers.miccai.org/miccai-2026/0262-Paper3890.html,2,Invite for Rebuttal,Accept,3
Photo_video,DermAgent: A Multi-Tool Agentic System for Evidence-Grounded and Traceable Reasoning in Dermatology,https://papers.miccai.org/miccai-2026/0263-Paper0286.html,3,Accept,Provisional Accept,1
Others,DermDepth: Toward Monocular Metric Scale 3D Reconstruction Models for Dermatology,https://papers.miccai.org/miccai-2026/0264-Paper5594.html,2,Accept,Provisional Accept,1
MRI,Detail Consistent Stage-Wise Distillation for Efficient 3D MRI Segmentation,https://papers.miccai.org/miccai-2026/0265-Paper5877.html,2,Accept,Provisional Accept,1
CT-XRay,Detecting Clinical Hallucinations in LVLMs via Counterfactual Visual Grounding Uncertainty,https://papers.miccai.org/miccai-2026/0266-Paper4284.html,2,Invite for Rebuttal,Accept,3
CT-XRay,Deterministic Hallucination Detection in Medical VQA via Confidence-Evidence Bayesian Gain,https://papers.miccai.org/miccai-2026/0267-Paper6556.html,2,Invite for Rebuttal,Accept,3
Others,Det-Y: A Multi-center Dataset and Benchmark for Efficient Detection of Mycobacterium Tuberculosis in Sputum Smears,https://papers.miccai.org/miccai-2026/0268-Paper4175.html,2,Invite for Rebuttal,Accept,3
Photo_video,Device-Constrained Real-Time EVD Catheter Segmentation,https://papers.miccai.org/miccai-2026/0269-Paper5965.html,2,Invite for Rebuttal,Accept,3
Physio-signals,DFuse: A Dual-Branch Adaptive Fusion Network for Multi-Channel MCG Denoising,https://papers.miccai.org/miccai-2026/0270-Paper0421.html,2,Invite for Rebuttal,Reject,3
Histology,DGFMIL: Fuzzy Multi-instance Learning with Cross-Granularity Calibration and Soft Semantic Routing for Histopathological Image Staging,https://papers.miccai.org/miccai-2026/0271-Paper1127.html,1,Invite for Rebuttal,Accept,3
Histology,DiagMIL: Uncertainty-Gated Coarse-to-Fine Multi-resolution MIL for WSI Diagnosis,https://papers.miccai.org/miccai-2026/0272-Paper4926.html,2,Accept,Provisional Accept,1
CT-XRay,Diagnose Like a Doctor: Misdiagnosis-Aware Structured Memory for Continual Learning of Medical Vision-Language Models,https://papers.miccai.org/miccai-2026/0273-Paper0321.html,1,Invite for Rebuttal,Accept,3
CT-XRay,Diagnosing 3D Volumes from Camera Video: A Semantic-Robust Framework Without Direct DICOM Access,https://papers.miccai.org/miccai-2026/0274-Paper4759.html,1,Invite for Rebuttal,Accept,3
CT-XRay,Diagnostic Evidence-Based Prototype Learning via Dirichlet Process for Multimodal Bone Tumor Subtyping,https://papers.miccai.org/miccai-2026/0275-Paper2542.html,2,Invite for Rebuttal,Accept,3
CT-XRay,DiCoP-SAM: Disagreement-Band Guided Corrective Prompting for Collaborative Semi-Supervised Medical Image Segmentation,https://papers.miccai.org/miccai-2026/0276-Paper1048.html,3,Accept,Provisional Accept,1
CT-XRay,Differential Privacy Representation Geometry for Medical Image Analysis,https://papers.miccai.org/miccai-2026/0277-Paper1807.html,1,Invite for Rebuttal,Accept,3
CT-XRay,Diff-SABR: Diffusion-Based Symmetry-Aware Reconstruction of Alveolar Bone Defects from CBCT,https://papers.miccai.org/miccai-2026/0278-Paper1226.html,2,Invite for Rebuttal,Reject,3
CT-XRay,Diffusion-Guided Anatomical Position Encoding for Dense Longitudinal CT Correspondence,https://papers.miccai.org/miccai-2026/0279-Paper0785.html,2,Invite for Rebuttal,Accept,3
CT-XRay,Digital Twin of the Lung from Wearable Biosignals for Real-Time Respiratory Monitoring,https://papers.miccai.org/miccai-2026/0280-Paper5574.html,2,Invite for Rebuttal,Accept,3
Endoscopy,Dino U-Net: Exploiting High-Fidelity Dense Features from Foundation Models for Medical Image Segmentation,https://papers.miccai.org/miccai-2026/0281-Paper0995.html,2,Accept,Provisional Accept,1
CT-XRay,DINO-3DRA: Leveraging 2D Foundation Model Semantics for 3D Cerebral Aneurysm Segmentation,https://papers.miccai.org/miccai-2026/0282-Paper2993.html,2,Invite for Rebuttal,Accept,3
CT-XRay,DINO-Med3D: Bridging Dimension and Domain Gaps in Volumetric Segmentation via Progressive Adaptation,https://papers.miccai.org/miccai-2026/0283-Paper3353.html,1,Invite for Rebuttal,Accept,3
Histology,Di-PACT: Discrete Prognosis via Aligned Co-Topology of Pathways and Tumor Microenvironment,https://papers.miccai.org/miccai-2026/0284-Paper5240.html,2,Invite for Rebuttal,Accept,3
Photo_video,Directed Ordinal Diffusion Regularization for Progression-Aware Diabetic Retinopathy Grading,https://papers.miccai.org/miccai-2026/0285-Paper1292.html,1,Invite for Rebuttal,Accept,2
MRI,Discovering Heterogeneous Neurodegenerative Disease Patterns From MRI Data for Improved Prediction,https://papers.miccai.org/miccai-2026/0286-Paper0454.html,2,Invite for Rebuttal,Accept,3
ultrasounds,Discriminative Directional Projection for Reverse Distillation in Breast Ultrasound Anomaly Detection,https://papers.miccai.org/miccai-2026/0287-Paper6664.html,2,Invite for Rebuttal,Accept,3
Photo_video,Discriminative Synergistic Temporal Diffusion for Ultrasound Video Thyroid Nodule Segmentation,https://papers.miccai.org/miccai-2026/0288-Paper1074.html,2,Invite for Rebuttal,Accept,3
CT-XRay,Disease-Consistent Visual-Text Alignment and Fusion for Reliable Radiology Report Generation,https://papers.miccai.org/miccai-2026/0289-Paper4526.html,2,Invite for Rebuttal,Accept,3
ultrasounds,Disentangling Clinic-Specific Acquisition Variability from Motion Dynamics in Intrapartum Ultrasound,https://papers.miccai.org/miccai-2026/0290-Paper4921.html,1,Invite for Rebuttal,Accept,3
MRI,Disentangling Prompt Dependence to Evaluate Segmentation Reliability in Gynecological MRI,https://papers.miccai.org/miccai-2026/0291-Paper3039.html,1,Invite for Rebuttal,Accept,3
MRI,Disentangling Uterine and Bladder Activity in Paired EHG-MRI Data Using Anatomy-Guided Multicluster Beamforming,https://papers.miccai.org/miccai-2026/0292-Paper5794.html,3,Accept,Provisional Accept,1
CT-XRay,Displacement Preserving Relational Distillation for Robust Medical Segmentation,https://papers.miccai.org/miccai-2026/0293-Paper6226.html,2,Invite for Rebuttal,Accept,3
CT-XRay,Distilling Photon-Counting CT Into Routine Chest CT Through Clinically Validated Degradation Modeling,https://papers.miccai.org/miccai-2026/0294-Paper1477.html,3,Accept,Provisional Accept,1
ultrasounds,Distilling Temporal Coherence Into 2D Networks for Transrectal Ultrasound Prostate Video Segmentation,https://papers.miccai.org/miccai-2026/0295-Paper0460.html,2,Invite for Rebuttal,Reject,3
MRI,Diverse Normal Prototypes-Guided Contrastive Reconstruction for Medical Anomaly Detection,https://papers.miccai.org/miccai-2026/0296-Paper0431.html,2,Invite for Rebuttal,Accept,3
EHR,DIVER-Surv: Diffusion and Virtual-Node Graph Fusion for Cross-Cohort Glioma Survival,https://papers.miccai.org/miccai-2026/0297-Paper3503.html,3,Accept,Provisional Accept,1
ultrasounds,DK-Net: Semi-supervised Wavelet-KAN Landmark Localization for Angle of Progression Measurement in Intrapartum Transperineal Ultrasound,https://papers.miccai.org/miccai-2026/0298-Paper4589.html,2,Invite for Rebuttal,Accept,3
Microscopy,DLCE-MIL: Depth-aware Local Context Enhanced Multiple Instance Learning for Patient-Level IVCM Fungal Keratitis Classification,https://papers.miccai.org/miccai-2026/0299-Paper6013.html,1,Invite for Rebuttal,Accept,3
Endoscopy,Do Not Break the Vessels: Structure-Preserving Mean Flow for Vascular Image Translation,https://papers.miccai.org/miccai-2026/0300-Paper0915.html,3,Accept,Provisional Accept,1
CT-XRay,DosePlug: Observation-Driven Dose Modeling for Robust Low-Dose Reconstruction and Segmentation,https://papers.miccai.org/miccai-2026/0301-Paper1517.html,3,Accept,Provisional Accept,1
CT-XRay,DPMix-GAN: Dual-Domain Perception and Dynamic Patch-Wise Mixing GAN for 3D CT Synthesis in MR-only Radiotherapy,https://papers.miccai.org/miccai-2026/0302-Paper0524.html,3,Invite for Rebuttal,Accept,3
ultrasounds,DreamReg: Belief-Driven World Model for 2D–3D Ultrasound Registration,https://papers.miccai.org/miccai-2026/0303-Paper0947.html,3,Accept,Provisional Accept,1
CT-XRay,DRGFuse: Alignment-Guided Dual-Layer Reliability-Gated CT–WSI Fusion for Preoperative TRG0 Vs TRG1–3 Prediction in Esophageal Cancer,https://papers.miccai.org/miccai-2026/0304-Paper1899.html,3,Accept,Provisional Accept,1
CT-XRay,DSCE-Net: Dual-Scale Conditioned Evolving Network with Balanced Optimization for All-in-One Medical Image Restoration,https://papers.miccai.org/miccai-2026/0305-Paper4298.html,2,Invite for Rebuttal,Accept,3
Diffusion-MRI,DTI-Guided Volumetric Spherical Harmonics Regression for Single-to-Multi-shell dMRI Synthesis,https://papers.miccai.org/miccai-2026/0306-Paper4245.html,2,Invite for Rebuttal,Reject,3
ultrasounds,Dual Agreement Consistency Learning for Semi-supervised Fetal Ultrasound Segmentation,https://papers.miccai.org/miccai-2026/0307-Paper0556.html,2,Invite for Rebuttal,Accept,3
CT-XRay,Dual-Adaptive SAM3: Hierarchical Routing over Low-Rank Expert Layers for Parameter-Efficient Medical Image Segmentation,https://papers.miccai.org/miccai-2026/0308-Paper0711.html,3,Invite for Rebuttal,Accept,3
Microscopy,DualCaMIL: Dual-Level Causal Multi-instance Learning for Patient-Level Diagnosis in Reflectance Confocal Microscopy,https://papers.miccai.org/miccai-2026/0309-Paper3710.html,2,Invite for Rebuttal,Accept,3
CT-XRay,Dual-Domain Cross-Modal Decoding for Clinical Text-Guided Medical Image Segmentation,https://papers.miccai.org/miccai-2026/0310-Paper4478.html,2,Invite for Rebuttal,Accept,3
ultrasounds,Dual-Domain Meta Conditioning Network for Fetal Head and Pubic Symphysis Segmentation in Ultrasound Images Analysis,https://papers.miccai.org/miccai-2026/0311-Paper5136.html,1,Invite for Rebuttal,Accept,3
Histology,DualGGR-MoME: A Mixture of Multimodal Experts with Dual-Branch Gating and Global-Guided Routing for Cancer Survival Prediction,https://papers.miccai.org/miccai-2026/0312-Paper2192.html,2,Invite for Rebuttal,Accept,3
Others,Dual-Modality Neural Network Integrating Sequence and Structural Information for Drug-Target Interaction Prediction,https://papers.miccai.org/miccai-2026/0313-Paper4913.html,2,Invite for Rebuttal,Accept,3
MRI,Dual-Registration Reciprocal Super-Resolution for Prior-Guided Real-Time 4D-MRI,https://papers.miccai.org/miccai-2026/0314-Paper0486.html,2,Invite for Rebuttal,Accept,3
MRI,Dual-Space Cold-Start Active Learning Guided by SAM3 for Medical Image Segmentation,https://papers.miccai.org/miccai-2026/0315-Paper4655.html,2,Invite for Rebuttal,Reject,3
Others,"Dual-Stage Course-to-Fine Tooth Alignment Framework with Decoupled Position, Orientation and Shape Features",https://papers.miccai.org/miccai-2026/0316-Paper4182.html,2,Accept,Provisional Accept,1
CT-XRay,Dual-Stream Diffusion with Structure-Aware Fusion for Joint Synthesis of Coherent Medical Image-Mask Pairs,https://papers.miccai.org/miccai-2026/0317-Paper4375.html,2,Accept,Provisional Accept,1
CT-XRay,Dual-Teacher Knowledge Distillation with SAM and Learnable Prototype Guidance for Semi-supervised 3D Medical Segmentation,https://papers.miccai.org/miccai-2026/0318-Paper3395.html,2,Invite for Rebuttal,Reject,3
CT-XRay,DUCX: Decomposing Unfairness in Tool-Using Chest X-Ray Agents,https://papers.miccai.org/miccai-2026/0319-Paper2160.html,3,Accept,Provisional Accept,1
MRI,Dynamic Collaborative Continual Test-Time Adaptation for 3D Vessel Segmentation,https://papers.miccai.org/miccai-2026/0320-Paper0111.html,3,Accept,Provisional Accept,1
Func_MRI,Dynamic Spatial-Temporal Mapping for EEG-to-fMRI Synthesis via Gaussian-Guided Heterogeneous Graph Neural Network,https://papers.miccai.org/miccai-2026/0321-Paper2443.html,3,Accept,Provisional Accept,1
CT-XRay,Dynamic Sub-domain Modeling for Robust Medical Image Segmentation,https://papers.miccai.org/miccai-2026/0322-Paper6534.html,2,Accept,Provisional Accept,1
Diffusion-MRI,DynFS-MoE: Dynamic Functional-Structural Mixture-of-Experts for Post-Traumatic Epilepsy Diagnosis,https://papers.miccai.org/miccai-2026/0323-Paper4376.html,2,Invite for Rebuttal,Accept,3
CT-XRay,EA-LDM: Explicit Alignment Latent Diffusion Model for Patient-Specific CT Reconstruction from Bi-planar X-Rays,https://papers.miccai.org/miccai-2026/0324-Paper0820.html,2,Invite for Rebuttal,Reject,3
CT-XRay,ECFR: Entropy-Consistency Flow Rectification in Test-Time Adaptation for Medical Foundation Models,https://papers.miccai.org/miccai-2026/0325-Paper0402.html,2,Invite for Rebuttal,Accept,3
Physio-signals,ECG-CoCa: Physiology-Informed Contrastive and Generative Framework for ECG Interpretation,https://papers.miccai.org/miccai-2026/0326-Paper1094.html,2,Invite for Rebuttal,Accept,3
MRI,ECHO: Estimated Composite Hybrid Observation for Zero-Shot Self-Supervised MRI Reconstruction,https://papers.miccai.org/miccai-2026/0327-Paper1663.html,2,Invite for Rebuttal,Accept,3
Physio-signals,Echo2ECG: Enhancing ECG Representations with Cardiac Morphology from Multi-view Echos,https://papers.miccai.org/miccai-2026/0328-Paper1932.html,3,Accept,Provisional Accept,1
ultrasounds,Echo4DIR: 4D Implicit Heart Reconstruction from 2D Echocardiography Videos,https://papers.miccai.org/miccai-2026/0329-Paper3704.html,3,Accept,Provisional Accept,1
ultrasounds,EchoFID: A Multi-teacher Distilled Evaluation Network for Cardiac Ultrasound Image Generation,https://papers.miccai.org/miccai-2026/0330-Paper3273.html,3,Accept,Provisional Accept,1
Computational_imagings,EchoLVFM: One-Step Video Generation via Latent Flow Matching for Echocardiogram Synthesis,https://papers.miccai.org/miccai-2026/0331-Paper3595.html,2,Accept,Provisional Accept,1
ultrasounds,EchoPilot: Training-Free Ultrasound Video Segmentation via Scale-Space Semantic Prompting and Reliability-Gated Memory,https://papers.miccai.org/miccai-2026/0332-Paper1265.html,3,Accept,Provisional Accept,1
ultrasounds,Echo-SCAR: Temporal Feature Learning for Myocardial Scar Detection from Routine Echocardiography,https://papers.miccai.org/miccai-2026/0333-Paper4373.html,3,Accept,Provisional Accept,1
ultrasounds,EchoTracker2: Enhancing Myocardial Point Tracking by Modeling Local Motion,https://papers.miccai.org/miccai-2026/0334-Paper3869.html,2,Accept,Provisional Accept,1
Sensors,EchoVQA: Enabling Conversational Assistance for Point-of-Care Cardiac Ultrasound,https://papers.miccai.org/miccai-2026/0335-Paper6097.html,2,Invite for Rebuttal,Accept,3
CT-XRay,ECLIPSE: EHR-Constrained Localized Inference for Pan-Tumor Segmentation,https://papers.miccai.org/miccai-2026/0336-Paper1253.html,2,Invite for Rebuttal,Accept,3
Robotics,EdgeCVS: Democratization of surgical AI with a Distilled Edge-Deployable Critical View of Safety (CVS) model,https://papers.miccai.org/miccai-2026/0337-Paper1745.html,2,Invite for Rebuttal,Accept,3
Physio-signals,EEGRFusion: Uncertainty-Aware EEG-to-Image Evidence for Adjunct Bedside Assessment of CMD in Disorders of Consciousness,https://papers.miccai.org/miccai-2026/0338-Paper4361.html,2,Invite for Rebuttal,Accept,3
CT-XRay,Efficient Conformal Volumetry for Template-Based Segmentation,https://papers.miccai.org/miccai-2026/0339-Paper2641.html,2,Invite for Rebuttal,Accept,3
CT-XRay,Efficient Flow Matching for Sparse-View CT Reconstruction,https://papers.miccai.org/miccai-2026/0340-Paper3850.html,2,Invite for Rebuttal,Accept,3
CT-XRay,Eigen-Directed Random Projection for Medical Image Class Incremental Learning,https://papers.miccai.org/miccai-2026/0341-Paper3555.html,2,Invite for Rebuttal,Accept,3
EHR,EmERGE: A Multimodal LLM-Based Evidence-Mediated ECG Report Generation and Evaluation Approach,https://papers.miccai.org/miccai-2026/0342-Paper4833.html,2,Accept,Provisional Accept,1
CT-XRay,E-MRL: Cross-View Aligned Evidence-Driven Multimodal Reinforcement Learning for Reliable 3D Tumor Analysis,https://papers.miccai.org/miccai-2026/0343-Paper0536.html,1,Invite for Rebuttal,Accept,2
MRI,ENC-ODE: Event-level Neurodegenerative Modeling in Continuous Time with Neural ODEs,https://papers.miccai.org/miccai-2026/0344-Paper1872.html,2,Invite for Rebuttal,Accept,3
CT-XRay,End2Reg: Learning Task-Specific Segmentation for Markerless Registration in Spine Surgery,https://papers.miccai.org/miccai-2026/0345-Paper1921.html,3,Accept,Provisional Accept,1
Endoscopy,EndoDA3: Unified Depth and Pose Estimation for Endoscopic Video,https://papers.miccai.org/miccai-2026/0346-Paper1638.html,2,Invite for Rebuttal,Accept,3
Endoscopy,EndoGSim: Physics-Aware 4D Dynamic Endoscopic Scene Simulations via MLLM-Guided Gaussian Splatting,https://papers.miccai.org/miccai-2026/0347-Paper3071.html,3,Accept,Provisional Accept,1
Endoscopy,EndoVLM: An Endoscopy Vision-Language Pre-training Model via Anatomy-Guided Sparsity and Progressive Alignment,https://papers.miccai.org/miccai-2026/0348-Paper0285.html,2,Invite for Rebuttal,Accept,3
Computational_imagings,EndoX: A GPU-Accelerated Endoscopic Perception Simulation Framework,https://papers.miccai.org/miccai-2026/0349-Paper1584.html,2,Invite for Rebuttal,Accept,3
MRI,Enhancing Brain MRI Anomaly Detection and Reasoning with ROI Rethink and Synthetic Data,https://papers.miccai.org/miccai-2026/0350-Paper3483.html,3,Accept,Provisional Accept,1
Histology,Enhancing Pathological VLMs with Cross-scale Reasoning,https://papers.miccai.org/miccai-2026/0351-Paper3574.html,3,Invite for Rebuttal,Accept,2
Func_MRI,Equity-Aware Self-supervised Multi-domain Connectome Representation Learning for Major Depressive Disorder Diagnosis,https://papers.miccai.org/miccai-2026/0352-Paper4867.html,2,Invite for Rebuttal,Accept,3
Endoscopy,ESRT: Endoscopic Stereo Reconstruction Transformer,https://papers.miccai.org/miccai-2026/0353-Paper4268.html,2,Invite for Rebuttal,Reject,3
MRI,Estimated Age-Guided Cerebral Microbleed Segmentation,https://papers.miccai.org/miccai-2026/0354-Paper0011.html,3,Accept,Provisional Accept,1
Histology,Evidential Fusion Network for Multimodal Survival Prediction Under Missing Modalities,https://papers.miccai.org/miccai-2026/0355-Paper6476.html,2,Invite for Rebuttal,Accept,3
Physio-signals,Evidential Neural Networks for Uncertainty-Aware Alzheimer’s Disease Screening from Resting-State EEG,https://papers.miccai.org/miccai-2026/0356-Paper6434.html,2,Accept,Provisional Accept,1
CT-XRay,Evidential Perfusion Physics-Informed Neural Networks with Residual Uncertainty Quantification,https://papers.miccai.org/miccai-2026/0357-Paper3341.html,2,Invite for Rebuttal,Accept,3
CT-XRay,Evi-Steer: Learning to Steer Biomedical Vision-Language Models through Efficient and Generalizable Evidential Tuning,https://papers.miccai.org/miccai-2026/0358-Paper2764.html,2,Accept,Provisional Accept,1
CT-XRay,EvoMed: Self-Evolving Medical VLM via Training-free Continued Learning,https://papers.miccai.org/miccai-2026/0359-Paper4228.html,1,Invite for Rebuttal,Accept,3
Photo_video,Evo-RAD: Navigating Rare Retinal Disease Diagnosis via Self-Evolving Agentic Retrieval,https://papers.miccai.org/miccai-2026/0360-Paper1081.html,2,Invite for Rebuttal,Accept,3
ultrasounds,Expert-like Bone Ultrasound Segmentation through Expert-in-the-loop Mask-conditioned Progressive Learning,https://papers.miccai.org/miccai-2026/0361-Paper6332.html,2,Invite for Rebuttal,Accept,3
Diffusion-MRI,Explainability in Multimodal Deep Transformation Models for Stroke Outcome Prediction,https://papers.miccai.org/miccai-2026/0362-Paper3479.html,2,Invite for Rebuttal,Accept,3
MRI,Exploiting Interior Geometry for Intracranial Aneurysm Detection and Segmentation on 3D Point Clouds via GNNs,https://papers.miccai.org/miccai-2026/0363-Paper2646.html,1,Invite for Rebuttal,Accept,3
CT-XRay,Exploiting Longitudinal Context in Clinician-Verified Interactive Lesion Tracking,https://papers.miccai.org/miccai-2026/0364-Paper3814.html,3,Accept,Provisional Accept,1
ultrasounds,Exploring Efficient Weakly Supervised Ultrasound Video Object Segmentation with VLM-Guided Structure Advantage Learning,https://papers.miccai.org/miccai-2026/0365-Paper1072.html,2,Invite for Rebuttal,Accept,3
MRI,Exploring Subnetwork Interactions in Heterogeneous Brain Network via Prior-Informed Graph Learning,https://papers.miccai.org/miccai-2026/0366-Paper0073.html,2,Invite for Rebuttal,Accept,3
Others,FA-Diff: Leveraging Frequency-Aware RWKV Diffusion for OCT to Correlation-Stability Map Translation,https://papers.miccai.org/miccai-2026/0367-Paper0521.html,2,Invite for Rebuttal,Accept,3
Photo_video,Fair Curriculum Learning for Concept Bottleneck Models in Dermatology,https://papers.miccai.org/miccai-2026/0368-Paper3379.html,3,Accept,Provisional Accept,1
Photo_video,FairGE: Gated Expert Routing for Intersectional Fairness in Medical Foundation Models,https://papers.miccai.org/miccai-2026/0369-Paper2301.html,3,Accept,Provisional Accept,1
CT-XRay,Fairness Beyond Demographics: Optimizing Performance Across Appearance-Based Hidden Cohorts in Medical Imaging,https://papers.miccai.org/miccai-2026/0370-Paper4959.html,3,Accept,Provisional Accept,1
CT-XRay,FairPneum: Improving Fairness in Pneumonia Diagnosis and Lesion Segmentation,https://papers.miccai.org/miccai-2026/0371-Paper0602.html,2,Invite for Rebuttal,Accept,3
CT-XRay,"Faithful, Interpretable Chest X-ray Diagnosis with Artifact-Free B-cos Networks",https://papers.miccai.org/miccai-2026/0372-Paper3915.html,1,Invite for Rebuttal,Accept,3
ultrasounds,FARSIGHT: A Dynamic Multi Modal Medical Image Analysis Framework Powered by a Prior Knowledge Guided Vision Language Model,https://papers.miccai.org/miccai-2026/0373-Paper0806.html,2,Invite for Rebuttal,Accept,3
Microscopy,Fast 3D Cell Volume Reconstruction from Multi-focus Images by Cross-modality Knowledge Distillation,https://papers.miccai.org/miccai-2026/0374-Paper4794.html,2,Invite for Rebuttal,Accept,3
CT-XRay,Fast Few-Shot Embolization Simulations in Ischemic Stroke Using Equivariant Neural Fields,https://papers.miccai.org/miccai-2026/0375-Paper2462.html,2,Accept,Provisional Accept,1
Computational_imagings,FDMMBone: Flow-Based Conditional Deformable Mesh Modeling for Accurate 3D Bone Defect Completion,https://papers.miccai.org/miccai-2026/0376-Paper1918.html,2,Invite for Rebuttal,Accept,3
CT-XRay,FDRAS: Failure Diagnosis and Repair for Airway Segmentation,https://papers.miccai.org/miccai-2026/0377-Paper2460.html,3,Invite for Rebuttal,Accept,3
Diffusion-MRI,Feature Space Guidance for Breast Cancer Classification in DCE-MRI,https://papers.miccai.org/miccai-2026/0378-Paper3872.html,2,Invite for Rebuttal,Accept,3
Histology,FedAgree: Label-Free Performance Estimation Under Distribution Shift for Federated Medical Imaging Analysis,https://papers.miccai.org/miccai-2026/0379-Paper5130.html,1,Invite for Rebuttal,Accept,3
ultrasounds,FedCHDP: Federated Concept-Guided Dual-Modal Prompting for CHD Diagnosis,https://papers.miccai.org/miccai-2026/0380-Paper1712.html,2,Invite for Rebuttal,Accept,3
CT-XRay,Federated Medical Image Segmentation under Modality Heterogeneity via Specialized Adapters,https://papers.miccai.org/miccai-2026/0381-Paper0744.html,2,Invite for Rebuttal,Accept,3
Histology,FedProIn: Mitigating Client Drift for Learnable Prototypes in Federated Medical Imaging,https://papers.miccai.org/miccai-2026/0382-Paper1947.html,2,Invite for Rebuttal,Accept,3
Photo_video,FedSwitch: From Standard to Balanced Aggregation via Private Histogram Estimation in Federated Medical Image Classification,https://papers.miccai.org/miccai-2026/0383-Paper6676.html,2,Invite for Rebuttal,Accept,3
MRI,FermatSyn: SAM2-Enhanced Bidirectional Mamba with Isotropic Spiral Scanning for Multi-Modal Medical Image Synthesis,https://papers.miccai.org/miccai-2026/0384-Paper3777.html,3,Invite for Rebuttal,Accept,3
ultrasounds,FetalAgents: A Multi-Agent System for Fetal Ultrasound Image and Video Analysis,https://papers.miccai.org/miccai-2026/0385-Paper0018.html,2,Accept,Provisional Accept,1
EHR,Fibers of Asymmetric Similarity: A Framework for Clinical and Imaging Data,https://papers.miccai.org/miccai-2026/0386-Paper2375.html,1,Invite for Rebuttal,Accept,3
CT-XRay,Fine-Grained Cerebrovascular Parsing in DSA via Structurally-Grounded Semantic Disentanglement,https://papers.miccai.org/miccai-2026/0387-Paper3344.html,2,Invite for Rebuttal,Reject,3
CT-XRay,FlowReg: Reconstruction-Guided Flow Matching for Universal Spinal CT/X-Ray Registration,https://papers.miccai.org/miccai-2026/0388-Paper0758.html,2,Invite for Rebuttal,Accept,3
MRI,FluxCut: Shifting from Global Reconstruction to Local Geometry for Unsupervised Small Lesion Segmentation,https://papers.miccai.org/miccai-2026/0389-Paper3230.html,1,Invite for Rebuttal,Accept,3
ultrasounds,FOCUS: Towards Fetal Obstetric Corrective UltraSound Guidance,https://papers.miccai.org/miccai-2026/0390-Paper1799.html,2,Invite for Rebuttal,Accept,3
Histology,Footprint-Guided Exemplar-Free Continual Histopathology Report Generation,https://papers.miccai.org/miccai-2026/0391-Paper5125.html,2,Invite for Rebuttal,Accept,3
ultrasounds,Foundation Model-Driven Key Anatomy Frame Selection for Blind-Sweep Ultrasound Fetal Birth Weight Estimation,https://papers.miccai.org/miccai-2026/0392-Paper1307.html,3,Invite for Rebuttal,Accept,3
ultrasounds,FrameONE: Hierarchical Motion Modeling for Universal Multi-view Echocardiographic Keyframe Detection,https://papers.miccai.org/miccai-2026/0393-Paper3530.html,2,Invite for Rebuttal,Accept,3
Microscopy,FreeBridge: Variational Schrödinger Bridges for Cellular Transition Dynamics,https://papers.miccai.org/miccai-2026/0394-Paper2873.html,2,Accept,Provisional Accept,1
Photo_video,Frequency and Geometry Guided Graph Clustering for Weakly Supervised Skin Lesion Segmentation,https://papers.miccai.org/miccai-2026/0395-Paper5172.html,2,Invite for Rebuttal,Reject,3
Others,Frequency-Aware Multi-Margin Loss for Imbalanced Medical Ordinal Classification,https://papers.miccai.org/miccai-2026/0396-Paper4760.html,2,Invite for Rebuttal,Accept,3
Physio-signals,Frequency-Aware Neural Architecture Search with Bidirectional Mamba for EEG Emotion Recognition,https://papers.miccai.org/miccai-2026/0397-Paper0594.html,2,Invite for Rebuttal,Accept,3
CT-XRay,Frequency-Aware Post-Training Quantization for Medical Image Denoising,https://papers.miccai.org/miccai-2026/0398-Paper5014.html,2,Accept,Provisional Accept,1
MRI,Frequency-Aware Prototype Learning in VLM for Intracranial Aneurysm HR-VWI Segmentation,https://papers.miccai.org/miccai-2026/0399-Paper2555.html,1,Invite for Rebuttal,Accept,3
CT-XRay,From Baseline to Future CT: Large-Scale Diffusion Pretraining for Single-Scan IPF Progression Prediction,https://papers.miccai.org/miccai-2026/0400-Paper4966.html,1,Invite for Rebuttal,Reject,3
CT-XRay,From Exams to Trajectories: Neural Controlled Differential Equations for Longitudinal Mammography Vision-Language Pretraining,https://papers.miccai.org/miccai-2026/0401-Paper1911.html,2,Invite for Rebuttal,Accept,3
Others,From Geometry to Clinic: A Physics-Aware Evaluation Framework and Benchmark for Automated Dental Crown Design,https://papers.miccai.org/miccai-2026/0402-Paper1259.html,1,Invite for Rebuttal,Accept,2
Histology,From Patches to Patients: A Study of the Tile-to-Slide Performance Transferability in Digital Pathology,https://papers.miccai.org/miccai-2026/0403-Paper2673.html,2,Accept,Provisional Accept,1
Endoscopy,From Perception to Anticipation: Forecasting Vessel–Instrument Interactions in Endoscopic Surgery under Unreliable Observations,https://papers.miccai.org/miccai-2026/0404-Paper2613.html,1,Invite for Rebuttal,Accept,3
ultrasounds,From Point Estimates to Distributions: GMM Pooling for MIL in Preterm Birth Prediction,https://papers.miccai.org/miccai-2026/0405-Paper4491.html,2,Invite for Rebuttal,Accept,3
ultrasounds,From Scanning Guidelines to Action: A Robotic Ultrasound Agent with LLM-Based Reasoning,https://papers.miccai.org/miccai-2026/0406-Paper2814.html,3,Accept,Provisional Accept,1
CT-XRay,From Sparsity to Geometry: Spatial Modeling for 3D Reconstruction from Biplanar Bone X-rays,https://papers.miccai.org/miccai-2026/0407-Paper3258.html,2,Invite for Rebuttal,Accept,3
Multimodals,From Trajectories to Phenotypes: Disease Progression as Structural Priors for Multi-organ Imaging Representation Learning,https://papers.miccai.org/miccai-2026/0408-Paper1438.html,3,Accept,Provisional Accept,1
CT-XRay,FSE-Reg: Enhancing 3D Deformable Registration with Frozen Large-Scale Pre-trained Segmentation Encoders,https://papers.miccai.org/miccai-2026/0409-Paper3239.html,3,Accept,Provisional Accept,1
Others,FunPiQ: A New Benchmark for Pixel-Level Quality Assessment in Fundus Images,https://papers.miccai.org/miccai-2026/0410-Paper3819.html,1,Invite for Rebuttal,Accept,2
Multimodals,Fusion-E2Pulse: A Multimodal Event-RGB Fusion Network for Non-contact Pulse Wave Reconstruction,https://papers.miccai.org/miccai-2026/0411-Paper4165.html,2,Accept,Provisional Accept,1
MRI,G3R: Gaussian-Based Geometry-Guided Reconstruction for Fetal Brain MRI,https://papers.miccai.org/miccai-2026/0412-Paper2298.html,1,Invite for Rebuttal,Accept,3
MRI,Gabor Primitives for Accelerated Cardiac Cine MRI Reconstruction,https://papers.miccai.org/miccai-2026/0413-Paper0972.html,3,Accept,Provisional Accept,1
ultrasounds,GCM-Net: Anatomy-Aware Gaussian-Contrastive Multi-layer Fusion Network for Abdominal Ultrasound Standard Plane Classification,https://papers.miccai.org/miccai-2026/0414-Paper3367.html,1,Invite for Rebuttal,Accept,3
Histology,GeneRAG: A Retrieval-Augmented Framework for Spatially Resolved Gene Expression Prediction,https://papers.miccai.org/miccai-2026/0415-Paper2142.html,2,Invite for Rebuttal,Accept,3
Histology,Generative Anchor-Guided Federated Domain Generalization for Heterogeneous Pan Cancer Image Analysis,https://papers.miccai.org/miccai-2026/0416-Paper4890.html,1,Invite for Rebuttal,Accept,3
Histology,Gene-Selective Morphological Conditioning with Heteroscedastic Flow Matching for Spatial Transcriptomics,https://papers.miccai.org/miccai-2026/0417-Paper1384.html,3,Accept,Provisional Accept,1
Histology,Genetically Aligned Patient Representations Improve Hematological Diagnosis,https://papers.miccai.org/miccai-2026/0418-Paper5759.html,3,Accept,Provisional Accept,1
ultrasounds,GeoCAN: Nonlinear Causal-Geometric Learning for Echocardiography Quality Assessment,https://papers.miccai.org/miccai-2026/0419-Paper0202.html,2,Invite for Rebuttal,Reject,3
MRI,Geometric-to-Semantic Spherical Transfer Learning for Cortical Sulci Labeling,https://papers.miccai.org/miccai-2026/0420-Paper3726.html,3,Accept,Provisional Accept,1
Func_MRI,Geometry-Aware Manifold Trajectory Modeling for Task fMRI Activation Mapping,https://papers.miccai.org/miccai-2026/0421-Paper0473.html,2,Invite for Rebuttal,Accept,3
CT-XRay,Geometry-Aware Point-to-Voxel Fusion via Gaussian Splatting for Intracranial Aneurysm Segmentation,https://papers.miccai.org/miccai-2026/0422-Paper0687.html,1,Invite for Rebuttal,Accept,3
MRI,Geometry-Aware Self-supervised Learning for Whole-Heart 3D+t Representation,https://papers.miccai.org/miccai-2026/0423-Paper5507.html,2,Invite for Rebuttal,Accept,2
Photo_video,Geometry-Aware Superpixel Graph Transformer with Metadata for Skin Lesion Classification,https://papers.miccai.org/miccai-2026/0424-Paper5100.html,2,Invite for Rebuttal,Accept,3
Endoscopy,"GES-Net: A Gesture, Error, and Smoothness Aware Network for Surgical Skill Assessment",https://papers.miccai.org/miccai-2026/0425-Paper3881.html,3,Accept,Provisional Accept,1
Histology,GFR-MIL: Glance–Focus–Reflect Based Multiple Instance Learning for Multi-Scale Whole Slide Image Analysis,https://papers.miccai.org/miccai-2026/0426-Paper2838.html,2,Invite for Rebuttal,Accept,3
MRI,GG-AE: Genetically-Guided Autoencoder for Disentangling Structural Networks of Brain Atrophy,https://papers.miccai.org/miccai-2026/0427-Paper5853.html,2,Invite for Rebuttal,Accept,3
CT-XRay,GGFI-Net: Genomics-Guided Cross-Modal Imputation for Multimodal Survival Analysis with Missing Modality,https://papers.miccai.org/miccai-2026/0428-Paper5435.html,2,Invite for Rebuttal,Reject,3
CT-XRay,Glasses: Adapter-Enhanced DINOv3 with Boundary-Aware Multi-Scale Representations for Medical Image Segmentation,https://papers.miccai.org/miccai-2026/0429-Paper1781.html,3,Accept,Provisional Accept,1
CT-XRay,GLeVE: Graph-Guided Lesion Grounding with Proposal Verification in 3D CT,https://papers.miccai.org/miccai-2026/0430-Paper2407.html,3,Accept,Provisional Accept,1
MRI,Global-Local Structure-Aware Alignment for Automated LGE MRI Report Generation,https://papers.miccai.org/miccai-2026/0431-Paper3705.html,2,Invite for Rebuttal,Accept,3
CT-XRay,Good Enough? An Investigation on the Impact of Label Quality in Large-Scale Medical Datasets,https://papers.miccai.org/miccai-2026/0432-Paper3404.html,3,Accept,Provisional Accept,1
CT-XRay,Graph Neural Networks for Morphometric Characterization of the Aortic Valve,https://papers.miccai.org/miccai-2026/0433-Paper5465.html,1,Invite for Rebuttal,Accept,3
Multimodals,Graph-of-Differences: Anatomy-Structured Difference Alignment for Medical Image Re-identification,https://papers.miccai.org/miccai-2026/0434-Paper4934.html,1,Invite for Rebuttal,Accept,3
Histology,Group Equivariant Diffusion for Anomaly Detection in Computational Cytology,https://papers.miccai.org/miccai-2026/0435-Paper2803.html,2,Accept,Reject,3
Photo_video,Group-Conditioned Representation Modulation for Fair Skin Disease Diagnosis,https://papers.miccai.org/miccai-2026/0436-Paper1968.html,2,Accept,Provisional Accept,1
Physio-signals,GTRE: A Physiological-Semantic Foundation Model for Generalizable EEG Analysis via Preference-Guided Alignment,https://papers.miccai.org/miccai-2026/0437-Paper6477.html,2,Invite for Rebuttal,Accept,3
CT-XRay,GU-SAM2: A Semi-supervised Medical Image Segmentation Framework via Gated Feature Fusion of MIM-Pretrained U-Net and SAM 2,https://papers.miccai.org/miccai-2026/0438-Paper4078.html,1,Invite for Rebuttal,Reject,3
Func_MRI,H2GT: Hub-enhanced Hierarchical Graph Transformer for Explainable Diagnosis of ASD with Functional Brain Networks,https://papers.miccai.org/miccai-2026/0439-Paper2266.html,2,Accept,Provisional Accept,1
Histology,H2M-Net: Hierarchical Hyperbolic Memory Network for Pathological Report Generation,https://papers.miccai.org/miccai-2026/0440-Paper2164.html,2,Invite for Rebuttal,Accept,3
Endoscopy,HadBalance: A Plug-and-Play Unified Global Geometric Prior Framework for Generalizable Biomedical Segmentation,https://papers.miccai.org/miccai-2026/0441-Paper0859.html,2,Invite for Rebuttal,Accept,3
CT-XRay,Hallucination Detection and Correction in Medical VLMs via Counter-Evidence Verification,https://papers.miccai.org/miccai-2026/0442-Paper0281.html,2,Invite for Rebuttal,Accept,3
Diffusion-MRI,HAM-BGT: Harmonic-Aware Multimodal Brain Graph Transformer for Brain Disease Diagnosis,https://papers.miccai.org/miccai-2026/0443-Paper2504.html,3,Accept,Provisional Accept,1
CT-XRay,Harmless Copyright Protection for CT Dataset,https://papers.miccai.org/miccai-2026/0444-Paper2875.html,2,Invite for Rebuttal,Accept,3
ultrasounds,HAR-MoE: Hierarchical Affinity-aware Routing Mixture-of-Experts for Unified Multi-Organ Ultrasound Analysis,https://papers.miccai.org/miccai-2026/0445-Paper0024.html,3,Accept,Provisional Accept,1
Physio-signals,Harmonic Kernel Mixing for Interpretable Oculomotor Event Segmentation in Video-Nystagmography,https://papers.miccai.org/miccai-2026/0446-Paper2470.html,2,Invite for Rebuttal,Reject,2
Histology,"Harnessing Adversarial Distillation to Customise Debiased, Disease-Specific Pathology Foundation Models for Breast Cancer",https://papers.miccai.org/miccai-2026/0447-Paper0753.html,3,Accept,Provisional Accept,1
Physio-signals,HbO2 and HbR Spatiotemporal Heatmap Feature Fusion Network for ADHD Diagnosis in Children,https://papers.miccai.org/miccai-2026/0448-Paper1519.html,3,Invite for Rebuttal,Accept,3
MRI,HD-TTA: Hypothesis-Driven Test-Time Adaptation for Safer Brain Tumor Segmentation,https://papers.miccai.org/miccai-2026/0449-Paper3549.html,2,Invite for Rebuttal,Accept,3
MRI,HeartFormer: Semantic-Aware Dual-Structure Transformers for 3D Four-Chamber Cardiac Point Cloud Reconstruction,https://papers.miccai.org/miccai-2026/0450-Paper0664.html,2,Invite for Rebuttal,Accept,3
CT-XRay,HeartVolMesh: Cardiac Volumetric Mesh Reconstruction via Covariance-Guided Graph Deformation,https://papers.miccai.org/miccai-2026/0451-Paper3675.html,2,Invite for Rebuttal,Accept,3
Others,HEDS-Net: A Hybrid State-Space Architecture with Axial Bridge and Progressive Weighting for Medical Image Segmentation,https://papers.miccai.org/miccai-2026/0452-Paper4167.html,2,Accept,Provisional Accept,1
MRI,HemoPIC: A Physics-Informed Cerebral Hemodynamics Digital Twin for Brain Perfusion,https://papers.miccai.org/miccai-2026/0453-Paper2058.html,2,Invite for Rebuttal,Accept,3
Histology,Hepato-LLaVA: An Expert MLLM with Sparse Topo-Pack Attention for Hepatocellular Pathology Analysis on Whole Slide Images,https://papers.miccai.org/miccai-2026/0454-Paper0412.html,2,Invite for Rebuttal,Accept,3
Histology,HERO: Hypothesis-Driven Evidence Retrieval from Omics for Multi-task Breast Cancer Analysis,https://papers.miccai.org/miccai-2026/0455-Paper4607.html,3,Accept,Provisional Accept,1
MRI,Heterogeneity-Adaptive Diffusion Schrödinger Bridge for PET-Guided Whole-Body MRI Translation,https://papers.miccai.org/miccai-2026/0456-Paper2603.html,2,Invite for Rebuttal,Accept,3
CT-XRay,HiEDL: Hierarchical Evidential Deep Learning for Uncertainty-Aware Tumor Segmentation from 3D CT via Boundary Regularization,https://papers.miccai.org/miccai-2026/0457-Paper6475.html,2,Invite for Rebuttal,Accept,3
CT-XRay,Hierarchical Cautious Optimization for Semi-supervised Medical Image Segmentation,https://papers.miccai.org/miccai-2026/0458-Paper0945.html,2,Invite for Rebuttal,Accept,3
Others,Hierarchical Cross-Modal Fusion with Modality-Specific Training Paradigms for High-Precision Non-invasive Aging Assessment,https://papers.miccai.org/miccai-2026/0459-Paper2578.html,2,Accept,Accept,3
MRI,Hierarchical Disentangled Consistency Learning for Semi-supervised Multi-modal Medical Image Segmentation,https://papers.miccai.org/miccai-2026/0460-Paper0554.html,2,Accept,Provisional Accept,1
Endoscopy,Hierarchical Hyperbolic Self-Attention Network for Medical Image Segmentation,https://papers.miccai.org/miccai-2026/0461-Paper1498.html,2,Invite for Rebuttal,Accept,3
CT-XRay,Hierarchical Memory for Radiology Report Generation with Rich Context,https://papers.miccai.org/miccai-2026/0462-Paper1067.html,2,Invite for Rebuttal,Accept,3
ultrasounds,Hierarchical Multi-Video Multiple Instance Learning: AI-Interpreted Point-of-Care Ultrasound for TB Detection,https://papers.miccai.org/miccai-2026/0463-Paper3381.html,1,Invite for Rebuttal,Accept,3
MRI,Hierarchical Region-Aware Multi-Granularity Mamba for White Matter Lesion Segmentation,https://papers.miccai.org/miccai-2026/0464-Paper2898.html,2,Invite for Rebuttal,Accept,3
MRI,Hierarchical Text-Guided Brain Tumor Segmentation via Sub-Region-Aware Prompts,https://papers.miccai.org/miccai-2026/0465-Paper5067.html,2,Accept,Provisional Accept,1
CT-XRay,HiFi-Rep: Leveraging High-Resolution Vision Foundation Models with Tri-Planar Slice Context for CT Report Generation,https://papers.miccai.org/miccai-2026/0466-Paper3274.html,2,Invite for Rebuttal,Accept,4
Endoscopy,Hi-FL: Hierarchical Federated Learning Adaptation of Vision-Language Models for Multi-Institutional Surgical Phase Recognition,https://papers.miccai.org/miccai-2026/0467-Paper4826.html,3,Invite for Rebuttal,Accept,3
CT-XRay,High-Capacity Robust Medical Image Exfiltration via Neural Network Weight Replacement,https://papers.miccai.org/miccai-2026/0468-Paper3616.html,2,Invite for Rebuttal,Accept,3
ultrasounds,High-Frequency Guided Feature Refinement for Semi-supervised Ultrasound Image Segmentation,https://papers.miccai.org/miccai-2026/0469-Paper3581.html,2,Invite for Rebuttal,Accept,3
Diffusion-MRI,HiLoGraph: Hierarchical-Longitudinal Brain Network Representation Learning,https://papers.miccai.org/miccai-2026/0470-Paper3957.html,2,Accept,Provisional Accept,1
EHR,HiPath: Hierarchical Vision-Language Alignment for Structured Pathology Report Prediction,https://papers.miccai.org/miccai-2026/0471-Paper4029.html,1,Invite for Rebuttal,Reject,3
CT-XRay,HiProS: A Hierarchical Prompt Selection for Stage-wise Vision–Language Alignment in Medical Image Segmentation,https://papers.miccai.org/miccai-2026/0472-Paper4897.html,2,Invite for Rebuttal,Reject,3
MRI,HK-Fuse: Hilbert-Interleaved Kimi Delta Attention for Incomplete-Modality Brain Tumor Segmentation,https://papers.miccai.org/miccai-2026/0473-Paper5288.html,1,Invite for Rebuttal,Accept,3
Histology,HomoSeg: A Weak-Label-Guided Semi-supervised Framework for Tumor Microenvironment Segmentation,https://papers.miccai.org/miccai-2026/0474-Paper2263.html,2,Invite for Rebuttal,Accept,3
Photo_video,HoughSAM: Geometry-Guided Zero-Shot Segmentation of Main Incision in Cataract Surgery Using SAM2 for Skill Assessment,https://papers.miccai.org/miccai-2026/0475-Paper2588.html,2,Accept,Provisional Accept,1
MRI,How Good Are Foundation Models in Longitudinal MRI Disease Progression Reasoning?,https://papers.miccai.org/miccai-2026/0476-Paper3355.html,3,Accept,Provisional Accept,1
CT-XRay,Human-AI Collaboration for 2D/3D Registration Quality Assurance,https://papers.miccai.org/miccai-2026/0477-Paper6000.html,2,Accept,Provisional Accept,1
EHR,Human-In-The-Loop Multi-agent Ventilator Decision Support with Contextual Bandit Preference Learning,https://papers.miccai.org/miccai-2026/0478-Paper0552.html,3,Accept,Provisional Accept,1
CT-XRay,Hybrid Transformer-Mamba for Weakly Supervised Volumetric Medical Segmentation,https://papers.miccai.org/miccai-2026/0479-Paper4858.html,1,Invite for Rebuttal,Accept,3
Histology,Hyperbolic Contrastive Learning with Entailment for Spatial Transcriptomics,https://papers.miccai.org/miccai-2026/0480-Paper3824.html,2,Invite for Rebuttal,Accept,3
CT-XRay,Hyperbolic Vision-Language Interaction for Semi-supervised Medical Image Segmentation,https://papers.miccai.org/miccai-2026/0481-Paper2184.html,3,Accept,Provisional Accept,1
Photo_video,HyperVLP: Enhancing Hierarchical Surgical Video-Language Pre-training in Hyperbolic Space,https://papers.miccai.org/miccai-2026/0482-Paper5295.html,1,Invite for Rebuttal,Accept,3
ultrasounds,HypOProto: Hyperbolic Ordinal Prototypes for Left Ventricular Filling Pressure Classification,https://papers.miccai.org/miccai-2026/0483-Paper5916.html,3,Accept,Provisional Accept,1
CT-XRay,I²-Med: Interpretable Medical Inference Through Visual-Guided Dynamic Logits Calibration,https://papers.miccai.org/miccai-2026/0484-Paper5659.html,2,Invite for Rebuttal,Accept,3
CT-XRay,ICH-DIANet: A Modality-Disentangled and Attention-Expert Interaction Network for Brain Injury Assessment in Intracerebral Hemorrhage,https://papers.miccai.org/miccai-2026/0486-Paper1049.html,2,Invite for Rebuttal,Accept,3
MRI,ICHOR: A Robust Representation Learning Approach for ASL CBF Maps with Self-supervised Masked Autoencoders,https://papers.miccai.org/miccai-2026/0487-Paper5216.html,3,Accept,Provisional Accept,1
Histology,IgG4-QPC: Quantitative Pathology-Consistent Virtual Staining from H&E to IgG4,https://papers.miccai.org/miccai-2026/0488-Paper2533.html,3,Accept,Provisional Accept,1
Func_MRI,Image-mediated fMRI-to-caption generation with visual pathway tokens and hyperbolic alignment,https://papers.miccai.org/miccai-2026/0489-Paper2335.html,1,Invite for Rebuttal,Accept,3
Histology,Imbalance-Aware Distributional Alignment of Heterogeneous Modalities for HER2 Status Prediction,https://papers.miccai.org/miccai-2026/0490-Paper4758.html,1,Invite for Rebuttal,Accept,3
Histology,ImPartial: Multi-channel Whole-Cell Segmentation Using Partial Annotations,https://papers.miccai.org/miccai-2026/0491-Paper3854.html,2,Accept,Provisional Accept,1
CT-XRay,Improved Vascular Segmentation via Binary Flow Matching with Straight-Path Regularization,https://papers.miccai.org/miccai-2026/0492-Paper1869.html,2,Invite for Rebuttal,Accept,3
Diffusion-MRI,Improving Factuality of 3D Brain MRI Report Generation with Paired Image-domain Retrieval and Text-domain Augmentation,https://papers.miccai.org/miccai-2026/0493-Paper1415.html,1,Invite for Rebuttal,Accept,3
MRI,Inception-Powered Unrolling Reconstruction for Accelerated Dynamic Cardiac Late Gadolinium Enhancement MRI,https://papers.miccai.org/miccai-2026/0494-Paper1026.html,2,Invite for Rebuttal,Accept,3
Endoscopy,Induce to Empower: Improving Lightweight Baselines via Foundation Model Induction for Generalized Polyp Segmentation,https://papers.miccai.org/miccai-2026/0495-Paper5591.html,2,Invite for Rebuttal,Reject,3
Func_MRI,Inflated Performance in fMRI-Based ASD Diagnosis: A Reproducibility Study of Data Leakage in Feature Selection Pipelines,https://papers.miccai.org/miccai-2026/0496-Paper5823.html,1,Invite for Rebuttal,Accept,3
Histology,Information Maximization for Long-Tailed Semi-Supervised Domain Generalization,https://papers.miccai.org/miccai-2026/0497-Paper0191.html,2,Invite for Rebuttal,Reject,3
Endoscopy,Injecting a Low-Rank Background Prior: A Plugin for Medical Image Segmentation,https://papers.miccai.org/miccai-2026/0498-Paper0629.html,1,Invite for Rebuttal,Reject,3
ultrasounds,InSPIRE: Multiparameter Inversion for Ultrasound Computed Tomography via Sequential Position-Based Implicit Representation,https://papers.miccai.org/miccai-2026/0499-Paper1332.html,3,Accept,Provisional Accept,1
Microscopy,INST-Align: Implicit Neural Alignment for Spatial Transcriptomics via Canonical Expression Fields,https://papers.miccai.org/miccai-2026/0500-Paper2051.html,1,Invite for Rebuttal,Accept,3
ultrasounds,Interaction-Aware Contrastive Multi-task Learning for Joint Segmentation and Malignancy Classification in Thyroid Ultrasound,https://papers.miccai.org/miccai-2026/0501-Paper6427.html,2,Accept,Provisional Accept,1
CT-XRay,Interactive MWA Planning via Probabilistic Inverse Inference,https://papers.miccai.org/miccai-2026/0502-Paper4853.html,3,Accept,Provisional Accept,1
MRI,Interpretable Local-to-Global Estimation of Brain Aging Speed From Morphological Changes Using Longitudinal Structural MRI Data,https://papers.miccai.org/miccai-2026/0503-Paper3925.html,2,Invite for Rebuttal,Accept,3
MRI,Interpretable Longitudinal Disease Forecasting with Graph-Based Multimodal Encoding and Population-Aware Language Generation,https://papers.miccai.org/miccai-2026/0504-Paper1800.html,2,Invite for Rebuttal,Accept,3
CT-XRay,Interpretable Medical Image Diagnosis via VLM-based Concept Alignment and Graph Reasoning,https://papers.miccai.org/miccai-2026/0505-Paper4734.html,2,Accept,Provisional Accept,1
ultrasounds,Interpretable Probabilistic Medical Image Segmentation via Gaussian Process with Explicit Modelling of Annotation Bias and Variability,https://papers.miccai.org/miccai-2026/0506-Paper2379.html,1,Invite for Rebuttal,Reject,3
Diffusion-MRI,Interpretable Structure-Function Coupling via State-Space Models for Brain Connectome Analysis,https://papers.miccai.org/miccai-2026/0507-Paper4642.html,3,Accept,Provisional Accept,1
CT-XRay,Intraoperative Fluoroscopy-Volume Registration Using Virtual-Supervision Skeleton Attention,https://papers.miccai.org/miccai-2026/0508-Paper1309.html,3,Accept,Provisional Accept,1
CT-XRay,Intraoperative X-Ray-Guided Tumor Tracking via Dynamic 3D/2D Registration with Task-Driven 3D Gaussian Priors,https://papers.miccai.org/miccai-2026/0509-Paper5208.html,2,Invite for Rebuttal,Accept,3
MRI,IntraStyler: Intra-Domain Style Synthesis for Cross-Modality MRI Domain Adaptation,https://papers.miccai.org/miccai-2026/0510-Paper2804.html,3,Accept,Provisional Accept,1
CT-XRay,InvDetect: Unsupervised Medical Anomaly Detection in the Noise Latent Space of DDIM,https://papers.miccai.org/miccai-2026/0511-Paper0456.html,3,Accept,Provisional Accept,1
Microscopy,Inverse Protocol Prediction from Spheroid Microscopy Imaging via Morphology-Aware Structured Learning,https://papers.miccai.org/miccai-2026/0512-Paper5470.html,2,Invite for Rebuttal,Accept,3
Physio-signals,Inversion from ECG Foundation Model,https://papers.miccai.org/miccai-2026/0513-Paper2919.html,3,Invite for Rebuttal,Accept,3
Others,IOSVLM: A 3D Vision-Language Model for Unified Dental Diagnosis from Intraoral Scans,https://papers.miccai.org/miccai-2026/0514-Paper6442.html,3,Accept,Provisional Accept,1
Photo_video,IRIS: An Intelligent Vision-Language System for Ocular Surface Diseases via Topic Tree and Scene-Driven VQA Generation,https://papers.miccai.org/miccai-2026/0515-Paper5330.html,2,Invite for Rebuttal,Accept,3
CT-XRay,JANUS: Anatomy-Conditioned Gating for Robust CT Triage Under Distribution Shift,https://papers.miccai.org/miccai-2026/0516-Paper5443.html,3,Accept,Provisional Accept,1
Histology,Joint Biomarker and Survival Prediction via Concept-Conditioned Multimodal Slot Factorization,https://papers.miccai.org/miccai-2026/0517-Paper1567.html,1,Invite for Rebuttal,Accept,3
Histology,Joint Decomposition and Learned Deformation for Part-to-Whole MRI to Histology Registration,https://papers.miccai.org/miccai-2026/0518-Paper6039.html,1,Invite for Rebuttal,Accept,3
MRI,Joint Imaging–ROI Representation Learning via Cross-View Contrastive Alignment for Brain Disorder Classification,https://papers.miccai.org/miccai-2026/0519-Paper6144.html,2,Invite for Rebuttal,Accept,3
Diffusion-MRI,Joint Multi-modal Learning for Susceptibility-Induced Distortion Correction in Diffusion MRI,https://papers.miccai.org/miccai-2026/0520-Paper6218.html,3,Invite for Rebuttal,Accept,3
MRI,Joint Segmentation and Graph-Based Skeletal Representation Learning with Geometric Priors,https://papers.miccai.org/miccai-2026/0521-Paper4240.html,3,Accept,Provisional Accept,1
Physio-signals,Joint-Level Motor Imagery Decoding in fNIRS via a Unified Pairwise Machine Learning Framework,https://papers.miccai.org/miccai-2026/0522-Paper5943.html,2,Invite for Rebuttal,Accept,3
CT-XRay,Just 32 Tokens: Medical Referring Image Segmentation via Next-Token Mask Prediction,https://papers.miccai.org/miccai-2026/0523-Paper1432.html,2,Invite for Rebuttal,Accept,3
Endoscopy,KAN-AINet: Kolmogorov-Arnold Network with Adaptive Illumination Modulation for Generalizable Polyp Segmentation,https://papers.miccai.org/miccai-2026/0524-Paper5427.html,2,Invite for Rebuttal,Reject,3
CT-XRay,KANEx: Translating Kolmogorov-Arnold Networks’ Interpretability to Medical Explainability,https://papers.miccai.org/miccai-2026/0525-Paper4330.html,2,Invite for Rebuttal,Accept,3
CT-XRay,KANResDiff: Learning Local Residual Diffusion via Kolmogorov-Arnold Network for Ambiguous Medical Image Segmentation,https://papers.miccai.org/miccai-2026/0526-Paper0621.html,2,Invite for Rebuttal,Accept,3
CT-XRay,KEPIL: Knowledge-Enhanced Prompt-Image Learning for Prompt-Robust Disease Detection,https://papers.miccai.org/miccai-2026/0527-Paper1810.html,3,Accept,Provisional Accept,1
CT-XRay,Keypoint Correspondence Learning for CBCT–IOS Registration,https://papers.miccai.org/miccai-2026/0528-Paper5399.html,2,Accept,Provisional Accept,1
MRI,KGT-Reg: Knowledge-Guided Multimodal Framework for Medical Image Registration,https://papers.miccai.org/miccai-2026/0529-Paper2403.html,3,Invite for Rebuttal,Accept,3
Photo_video,KIDA: Kinematic-Intent Dual-path Alignment for Surgical Error Detection,https://papers.miccai.org/miccai-2026/0530-Paper3626.html,2,Invite for Rebuttal,Accept,3
MRI,KiD-Seg: Kinetic-Disentangled Contrastive Learning with Anchor Guidance for Incomplete Multi-Modal Liver Tumor Segmentation,https://papers.miccai.org/miccai-2026/0531-Paper2415.html,1,Invite for Rebuttal,Accept,3
MRI,KiMoCo-Net: Dual-Domain Learning for MRI Motion Artifact Correction,https://papers.miccai.org/miccai-2026/0532-Paper4105.html,1,Invite for Rebuttal,Accept,3
PET_SPECT,Kinetics-Informed Neural Representation for Dual-Tracer Dynamic PET Separation,https://papers.miccai.org/miccai-2026/0533-Paper1699.html,1,Invite for Rebuttal,Accept,3
MRI,KJD-25K: A 3D Multi-modal Dataset and Benchmark for Knee Joint Diagnosis,https://papers.miccai.org/miccai-2026/0534-Paper0576.html,1,Invite for Rebuttal,Accept,3
CT-XRay,K-MaT: Knowledge-Anchored Manifold Transport for Cross-Modal Prompt Learning in Medical Imaging,https://papers.miccai.org/miccai-2026/0535-Paper5065.html,2,Accept,Provisional Accept,1
Photo_video,Knowledge Distillation-Driven Quality Transfer with Importance-Guided Supervision for Fundus Image Enhancement,https://papers.miccai.org/miccai-2026/0537-Paper2528.html,2,Invite for Rebuttal,Accept,2
Histology,Knowledge-Enhanced Representation Learning with Retrieval-Augmented Multimodal Fusion for Survival Prediction,https://papers.miccai.org/miccai-2026/0538-Paper1405.html,3,Accept,Provisional Accept,1
MRI,KOAL: Knowledge-Driven Prostate Cancer Grading with Ordinal-Aware Learning,https://papers.miccai.org/miccai-2026/0539-Paper1084.html,2,Invite for Rebuttal,Accept,3
CT-XRay,KS-SAM: Kolmogorov-Arnold-driven Shape Alignment for Single-Domain Generalization in 3D Medical Image Segmentation,https://papers.miccai.org/miccai-2026/0540-Paper1258.html,3,Accept,Provisional Accept,1
CT-XRay,LAD: Learnable Anisotropic Deformation for 3D Medical Image Analysis,https://papers.miccai.org/miccai-2026/0541-Paper0291.html,2,Invite for Rebuttal,Accept,3
Histology,LaGuadia: Language-Guided Adaptive Distillation from Pathology Foundation Models,https://papers.miccai.org/miccai-2026/0542-Paper6364.html,2,Invite for Rebuttal,Reject,3
CT-XRay,Landmark-Free Assessment of Lower-Limb Alignment with Implicit Neural Shape Functions from Knee Radiographs,https://papers.miccai.org/miccai-2026/0543-Paper5630.html,2,Invite for Rebuttal,Accept,3
Photo_video,LangOR: 3D Language Field Reconstruction for Operating Room,https://papers.miccai.org/miccai-2026/0544-Paper1007.html,2,Invite for Rebuttal,Accept,2
MRI,Large-Scale Distributed GPU-Accelerated Respiratory Motion-Resolved Reconstruction of 3D Non-cartesian mGRE MRI,https://papers.miccai.org/miccai-2026/0545-Paper2047.html,2,Invite for Rebuttal,Accept,3
Endoscopy,Large-Small Model Collaboration for Zero-Shot Surgical Phase Recognition,https://papers.miccai.org/miccai-2026/0546-Paper1153.html,3,Accept,Provisional Accept,1
Histology,Latent Lessons from Histopathology: A Registration-Free Cross-Modal Supervision Framework for mpMRI-Based ISUP Grading,https://papers.miccai.org/miccai-2026/0547-Paper5738.html,1,Invite for Rebuttal,Accept,3
ultrasounds,Latent Motion Spectral Regularity for Congenital Heart Defect Screening in Fetal Echocardiography,https://papers.miccai.org/miccai-2026/0548-Paper0959.html,3,Accept,Provisional Accept,1
Func_MRI,Latent Pathology–Age Decoupling in Functional Connectivity Graphs for Multi-task Schizophrenia Assessment,https://papers.miccai.org/miccai-2026/0549-Paper1376.html,2,Accept,Provisional Accept,1
ultrasounds,Latent-CURE: Interpretable Breast Cancer Diagnosis via Dual-Asymmetric Chain-of-Thought,https://papers.miccai.org/miccai-2026/0550-Paper0748.html,2,Invite for Rebuttal,Accept,3
CT-XRay,Latent-to-Latent Flow for Volumetric Stochastic Segmentation,https://papers.miccai.org/miccai-2026/0551-Paper3260.html,1,Invite for Rebuttal,Reject,3
Histology,Learnable Gaussian Prototype Guided Ordinal Learning for Fine-Grained WSI Grading,https://papers.miccai.org/miccai-2026/0552-Paper2562.html,3,Accept,Provisional Accept,1
Endoscopy,Learnable In-Context Templates for Medical Image Segmentation via In-Context Learning,https://papers.miccai.org/miccai-2026/0553-Paper4183.html,2,Invite for Rebuttal,Accept,3
MRI,Learning Beyond Pixels: Structured Knowledge Topology Consistency for Semi-supervised 2D/3D Medical Image Segmentation,https://papers.miccai.org/miccai-2026/0554-Paper3226.html,2,Invite for Rebuttal,Accept,3
Histology,Learning Class Difficulty via Dynamic Focal Attention for Histopathology Segmentation,https://papers.miccai.org/miccai-2026/0555-Paper6050.html,2,Invite for Rebuttal,Accept,3
CT-XRay,Learning Directional Semantic Transitions for Longitudinal Chest X-Ray Analysis,https://papers.miccai.org/miccai-2026/0556-Paper3762.html,2,Invite for Rebuttal,Accept,3
Endoscopy,Learning Diverse and Realistic Polyp Data via Style-Fused Diffusion Models,https://papers.miccai.org/miccai-2026/0557-Paper4818.html,2,Invite for Rebuttal,Accept,3
CT-XRay,Learning Dual Prior Presentation for Opportunistic Screening of Visceral Artery Aneurysms on Non-Contrast CT,https://papers.miccai.org/miccai-2026/0558-Paper2314.html,2,Invite for Rebuttal,Accept,3
CT-XRay,Learning from Good Neighbors: Slice-wise Quality-aware CT-to-Diffusion MRI Synthesis,https://papers.miccai.org/miccai-2026/0559-Paper0206.html,1,Invite for Rebuttal,Accept,3
Func_MRI,Learning Geometry-Aware Bundles with Spectral Heat Kernel Diffusion for fMRI-based Brain Disease Diagnosis,https://papers.miccai.org/miccai-2026/0560-Paper5462.html,1,Invite for Rebuttal,Accept,3
CT-XRay,Learning Hierarchical Anatomy-Grounded Representation for Cross-Modal Registration,https://papers.miccai.org/miccai-2026/0561-Paper0927.html,2,Invite for Rebuttal,Accept,3
MRI,Learning Invariant Anatomical Representations from Multi-Sequence MRI for Brain Segmentation,https://papers.miccai.org/miccai-2026/0562-Paper2265.html,2,Invite for Rebuttal,Accept,3
CT-XRay,Learning Modality-Invariant Structure and Distribution Alignment for Multimodal Medical Image Registration,https://papers.miccai.org/miccai-2026/0563-Paper2472.html,1,Invite for Rebuttal,Accept,3
MRI,Learning Prototypes for Unsupervised Joint Generation of Conditional Templates and Atlases,https://papers.miccai.org/miccai-2026/0564-Paper3218.html,3,Accept,Provisional Accept,1
CT-XRay,Learning Quantitative Calibration of Computed Tomography for Bone Mineral Density Estimation Using Multi-Center Data,https://papers.miccai.org/miccai-2026/0565-Paper5051.html,2,Invite for Rebuttal,Accept,3
Endoscopy,Learning Robust Medical Image Segmentation Under Mixed-Quality Annotations,https://papers.miccai.org/miccai-2026/0566-Paper2250.html,2,Accept,Provisional Accept,1
CT-XRay,Learning Role-Conditioned Alignment for Medical Image Referring Segmentation,https://papers.miccai.org/miccai-2026/0567-Paper2035.html,3,Accept,Provisional Accept,1
Others,Learning Task-Specific Anatomical Priors via Context Distillation for In-Context Medical Image Segmentation,https://papers.miccai.org/miccai-2026/0568-Paper3064.html,1,Invite for Rebuttal,Accept,3
Func_MRI,Learning the Hierarchical Organization in Brain Network for Brain Disorder Diagnosis,https://papers.miccai.org/miccai-2026/0569-Paper2916.html,2,Accept,Provisional Accept,1
Computational_imagings,Learning to Distort: Weakly-Supervised Image Quality Transfer for Prostate DWI Correction,https://papers.miccai.org/miccai-2026/0570-Paper4009.html,2,Invite for Rebuttal,Accept,3
CT-XRay,Learning to Optimize Radiotherapy Plans via Fluence Maps Diffusion Model Generation and LSTM-Based Optimization,https://papers.miccai.org/miccai-2026/0571-Paper3613.html,3,Accept,Provisional Accept,1
CT-XRay,Learning to Read Where to Look: Disease-Aware Vision–Language Pretraining for 3D CT,https://papers.miccai.org/miccai-2026/0572-Paper3986.html,3,Accept,Provisional Accept,1
Photo_video,Learning to Segment Burns with Limited Labels: A Dual-Path Cascaded Network with Uncertainty-Guided Teacher Diffusion Exposure,https://papers.miccai.org/miccai-2026/0573-Paper5539.html,3,Accept,Provisional Accept,1
CT-XRay,Learning to Trim: End-to-End Causal Graph Pruning with Dynamic Anatomical Feature Banks for Medical VQA,https://papers.miccai.org/miccai-2026/0574-Paper0307.html,3,Accept,Provisional Accept,1
MRI,Learning to Unify Deformable Shape and Texture Representations for Cardiac Video Classification,https://papers.miccai.org/miccai-2026/0575-Paper6046.html,2,Invite for Rebuttal,Accept,3
CT-XRay,Learning What Can Move: Patient-Specific Motion Subspaces from a Single Scan,https://papers.miccai.org/miccai-2026/0576-Paper1989.html,2,Invite for Rebuttal,Accept,3
ultrasounds,Learning Where to Look: A Reinforcement Learning Framework for Robust Micro-ultrasound Prostate Cancer Detection,https://papers.miccai.org/miccai-2026/0577-Paper6168.html,3,Accept,Provisional Accept,1
Histology,Learning Where to Look: Pathologist-Inspired Multi-field-of-View Evidence Retrieval for Cell Type Classification in H&E,https://papers.miccai.org/miccai-2026/0578-Paper4161.html,1,Invite for Rebuttal,Accept,3
Physio-signals,LEGEND: A Language-Aligned EEG Foundation Model with Flow Matching Latent Denoising,https://papers.miccai.org/miccai-2026/0579-Paper3568.html,3,Accept,Provisional Accept,1
CT-XRay,LeGend: Lesion-Guided Longitudinal CXR Generation via Gaussian-Biased Causal Attention,https://papers.miccai.org/miccai-2026/0580-Paper3214.html,2,Invite for Rebuttal,Accept,3
CT-XRay,Lesion-Centric Structured Report Generation for 3D CT with Multimodal Large Language Models via Hierarchical Evidence Tokens,https://papers.miccai.org/miccai-2026/0581-Paper1990.html,2,Accept,Provisional Accept,1
Endoscopy,"Leuko, I Am Your Prototype: A Prototypical Detection Framework for Fine-Grained Laryngeal Lesion Stratification",https://papers.miccai.org/miccai-2026/0582-Paper5194.html,3,Accept,Provisional Accept,1
CT-XRay,Leveraging Pathology Co-occurrence for Test-Time Adaptation in Chest X-Ray Diagnosis,https://papers.miccai.org/miccai-2026/0583-Paper4786.html,2,Invite for Rebuttal,Accept,3
CT-XRay,LinGuinE: Longitudinal Guidance Estimation for Volumetric Tumour Segmentation,https://papers.miccai.org/miccai-2026/0584-Paper3584.html,3,Accept,Provisional Accept,1
Histology,LiSAD: A Label-Efficient Implicit Model with Spatially Adaptive Directional Total Variation for Spatial Transcriptomics,https://papers.miccai.org/miccai-2026/0585-Paper5026.html,2,Invite for Rebuttal,Accept,3
CT-XRay,LLM-Bootstrapped Targeted Finding Guidance for Factual MLLM-based Medical Report Generation,https://papers.miccai.org/miccai-2026/0586-Paper1671.html,2,Invite for Rebuttal,Reject,2
CT-XRay,LLM-Steered Clinical Knowledge Discovery for CVD Outcome Modeling,https://papers.miccai.org/miccai-2026/0587-Paper4195.html,3,Invite for Rebuttal,Accept,3
CT-XRay,Localization-Grounded Supervision: Revisiting Vanilla SFT of Large Vision-Language Models for Medical Image Analysis,https://papers.miccai.org/miccai-2026/0588-Paper3411.html,1,Invite for Rebuttal,Accept,3
CT-XRay,LoFi: Location-Aware Fine-Grained Representation Learning for Chest X-Ray,https://papers.miccai.org/miccai-2026/0589-Paper2716.html,2,Invite for Rebuttal,Accept,3
Endoscopy,LoHi-Net: A Low-to-High Hierarchical Wavelet Network for Laparoscopic Surgical Smoke Removal,https://papers.miccai.org/miccai-2026/0590-Paper0650.html,1,Invite for Rebuttal,Accept,3
CT-XRay,Longitudinal Multi-view Modeling for Breast Cancer Risk Prediction,https://papers.miccai.org/miccai-2026/0591-Paper2399.html,2,Accept,Reject,3
MRI,Longitudinal Reliability of Cross-Sectional Normative Models Under Measurement Error,https://papers.miccai.org/miccai-2026/0592-Paper3319.html,3,Accept,Provisional Accept,1
EHR,LongMedBench: Benchmarking Medical Agents for Long-Horizon Clinical Decision-Making,https://papers.miccai.org/miccai-2026/0593-Paper4292.html,2,Invite for Rebuttal,Reject,3
CT-XRay,Lost in the Folds: When Cross-Validation Is Not a Deep Ensemble for Uncertainty Estimation,https://papers.miccai.org/miccai-2026/0594-Paper2355.html,3,Accept,Provisional Accept,1
CT-XRay,Lost in Volume: The CT-SpatialVQA Benchmark for Evaluating Semantic-Spatial Understanding of 3D Medical Vision–Language Models,https://papers.miccai.org/miccai-2026/0595-Paper4615.html,3,Accept,Provisional Accept,1
CT-XRay,LOT-Bridge: A Latent Optimal Transport Bridge Based on Signed Distance Fields for Automatic Skull Defect Reconstruction,https://papers.miccai.org/miccai-2026/0596-Paper1071.html,3,Accept,Provisional Accept,1
Microscopy,Low-Rank Text-Guided Spectral Learning for Semi-supervised MHSI Segmentation,https://papers.miccai.org/miccai-2026/0597-Paper4532.html,2,Invite for Rebuttal,Accept,3
CT-XRay,Low-Rank Velocity Fields as a Structural Prior for Unsupervised 4D Medical Image Interpolation,https://papers.miccai.org/miccai-2026/0598-Paper0472.html,3,Accept,Provisional Accept,1
ultrasounds,Low-Rank-Modulated Functa: Exploring the Latent Space of Implicit Neural Representations for Interpretable Ultrasound Video Analysis,https://papers.miccai.org/miccai-2026/0599-Paper1186.html,3,Accept,Provisional Accept,1
Microscopy,Low-Resource Cross-Modality Nucleus Detection via One-Sided Domain Adaptation,https://papers.miccai.org/miccai-2026/0600-Paper1395.html,3,Invite for Rebuttal,Accept,3
Histology,LRMIL: Efficient Low-Resolution Multiple Instance Learning via High-Resolution Knowledge Distillation for Whole Slide Image Classification,https://papers.miccai.org/miccai-2026/0601-Paper6341.html,3,Accept,Provisional Accept,1
MRI,L-TGVN: Leveraging Longitudinal Priors for Personalized Rapid MRI,https://papers.miccai.org/miccai-2026/0602-Paper2497.html,3,Accept,Provisional Accept,1
Endoscopy,LumiState: Retinex-inspired Illumination Decoupling in 4D Gaussian Splatting for Endoscopic Reconstruction,https://papers.miccai.org/miccai-2026/0603-Paper2271.html,3,Accept,Provisional Accept,1
CT-XRay,M3D-QAdapter: 3D Medical VQA with Lesion-Level Finding-Segmentation Alignment and Query-Driven Adaptive Token Reduction,https://papers.miccai.org/miccai-2026/0604-Paper1643.html,2,Invite for Rebuttal,Accept,3
Endoscopy,MAGE: Color-Invariant and Spatial Knowledge Distillation for Gastric Neoplasm Classification,https://papers.miccai.org/miccai-2026/0605-Paper4527.html,1,Invite for Rebuttal,Accept,3
CT-XRay,MAGEFormer: Learning Metric-Consistent Representations for Anisotropic CT Segmentation,https://papers.miccai.org/miccai-2026/0606-Paper3539.html,3,Invite for Rebuttal,Accept,3
Histology,Making HE Histopathological Images More Colorful by Conditional Flow Matching,https://papers.miccai.org/miccai-2026/0607-Paper5285.html,2,Invite for Rebuttal,Reject,3
CT-XRay,MamaDino: Mammography-Aware Multi-view Attentional DINO for 3-Year Breast Cancer Risk Prediction,https://papers.miccai.org/miccai-2026/0608-Paper3605.html,2,Invite for Rebuttal,Accept,3
ultrasounds,Mamba Based Anisotropic Diffusion Model for Speckle Noise Reduction in Ultrasound Images,https://papers.miccai.org/miccai-2026/0609-Paper5381.html,1,Invite for Rebuttal,Accept,3
CT-XRay,MammoFlow: Multiview Mammogram Synthesis with Anatomically Consistent Flow Matching,https://papers.miccai.org/miccai-2026/0610-Paper3745.html,2,Invite for Rebuttal,Accept,3
PET_SPECT,MAP-Diff: Multi-anchor Guided Diffusion for Progressive 3D Whole-Body Low-Dose PET Denoising,https://papers.miccai.org/miccai-2026/0611-Paper2041.html,3,Invite for Rebuttal,Accept,3
Func_MRI,MARBLE: Lightweight EEG-to-fMRI Translation via Mamba-Attention and ROI-Conditioned Decoding,https://papers.miccai.org/miccai-2026/0612-Paper4437.html,2,Invite for Rebuttal,Accept,3
Histology,Marginal Constrained Morphological Prototype Learning for Patch Search in Whole Slide Images,https://papers.miccai.org/miccai-2026/0613-Paper6616.html,1,Invite for Rebuttal,Accept,3
CT-XRay,MaRS: Robust Out-of-Distribution Detection via Mahalanobis Residual Scoring,https://papers.miccai.org/miccai-2026/0614-Paper0289.html,1,Invite for Rebuttal,Accept,3
Endoscopy,Mask to Concept: Auto-Promptable SAM3 via Efficient Test-Time Concept Embedding Search for Few-Shot Annotation,https://papers.miccai.org/miccai-2026/0615-Paper1221.html,2,Invite for Rebuttal,Accept,3
CT-XRay,Mask-Guided Attention Regulation for Anatomically Consistent Counterfactual CXR Synthesis,https://papers.miccai.org/miccai-2026/0616-Paper5497.html,1,Invite for Rebuttal,Accept,3
Histology,MASurv: Risk-Conditional Martingale Adversarial Training for Calibrated Multi-slide Survival Prediction in Whole-Slide Histopathology Images,https://papers.miccai.org/miccai-2026/0617-Paper4000.html,1,Invite for Rebuttal,Accept,3
MRI,Maximizing Domain Generalization in Automated Fetal Brain Biometry,https://papers.miccai.org/miccai-2026/0618-Paper0246.html,2,Invite for Rebuttal,Reject,3
Multimodals,MBFAD: Benchmarking Balance Function Assessment with Environmental Perturbation and Synergistic Tasks,https://papers.miccai.org/miccai-2026/0619-Paper5325.html,3,Accept,Provisional Accept,1
Photo_video,MDL-DA Track: Self-supervised Sperm Motility Direction Learning and Density-Adaptive Association for Sperm Tracking,https://papers.miccai.org/miccai-2026/0620-Paper3690.html,2,Invite for Rebuttal,Accept,3
CT-XRay,MDPNet: A Multi-Scale Deformable Prototype Network for Accurate and Interpretable Medical Image Classification,https://papers.miccai.org/miccai-2026/0621-Paper4123.html,2,Invite for Rebuttal,Accept,3
Func_MRI,MEASURE: Multi-Task Slice Selection and Regression for Neonatal Brain Biometry,https://papers.miccai.org/miccai-2026/0622-Paper4530.html,2,Invite for Rebuttal,Accept,3
Microscopy,Measuring Prediction Uncertainty in Neural Cellular Automata,https://papers.miccai.org/miccai-2026/0623-Paper3943.html,2,Accept,Provisional Accept,1
CT-XRay,Measuring What VLMs Don’t Say: Validation Metrics Hide Clinical Terminology Erasure in Radiology Report Generation,https://papers.miccai.org/miccai-2026/0624-Paper2453.html,1,Invite for Rebuttal,Accept,3
Histology,MEC: A Multi-expert Consultation Framework for Synergizing Frozen Foundation Models in Whole Slide Image Analysis,https://papers.miccai.org/miccai-2026/0625-Paper1547.html,3,Accept,Provisional Accept,1
CT-XRay,MEC: Medical Evidence Capsules for Retrieval-Augmented Generation in Medical Multimodal Question Answering,https://papers.miccai.org/miccai-2026/0626-Paper2354.html,2,Invite for Rebuttal,Accept,3
CT-XRay,Med3D-R1: Mitigating Narrative Bias and Enhancing Reasoning Consistency in 3D Medical Vision-Language Models,https://papers.miccai.org/miccai-2026/0627-Paper0550.html,2,Invite for Rebuttal,Accept,3
CT-XRay,Med-CAP: Counterfactual Evidence and Adaptive Prior Suppression for Robust Medical Visual Question Answering,https://papers.miccai.org/miccai-2026/0628-Paper3867.html,2,Invite for Rebuttal,Accept,3
CT-XRay,MedCenterDet: A Center-Based Object Detection Framework for 3D Medical Image,https://papers.miccai.org/miccai-2026/0629-Paper0759.html,2,Invite for Rebuttal,Accept,3
CT-XRay,MedConcept: Unsupervised Concept Discovery for Interpretability in Medical VLMs,https://papers.miccai.org/miccai-2026/0630-Paper5647.html,1,Invite for Rebuttal,Accept,3
EHR,MedEnv: Scaling Multimodal Virtual Medical Environments for Long-Horizon Diagnosis,https://papers.miccai.org/miccai-2026/0631-Paper5084.html,2,Invite for Rebuttal,Accept,3
CT-XRay,MedExpMem: Adapting Experience Memory for Differential Diagnosis,https://papers.miccai.org/miccai-2026/0632-Paper4886.html,2,Accept,Provisional Accept,1
CT-XRay,MedFM-Robust: Benchmarking Robustness of Medical Foundation Models,https://papers.miccai.org/miccai-2026/0633-Paper2490.html,3,Accept,Provisional Accept,1
CT-XRay,MedFuse-Seg: Multi-level Visual and Semantic Context Fusion for Segmentation-Based Medical Reasoning,https://papers.miccai.org/miccai-2026/0634-Paper2934.html,2,Invite for Rebuttal,Accept,3
CT-XRay,Medical Image Spatial Grounding with Semantic Sampling,https://papers.miccai.org/miccai-2026/0635-Paper2003.html,1,Invite for Rebuttal,Reject,3
EHR,Medical Knowledge-Guided Fusion of Holistic Hospital Data for Tumor Survival Analysis,https://papers.miccai.org/miccai-2026/0636-Paper0988.html,3,Invite for Rebuttal,Accept,3
CT-XRay,MedObvious: Exposing the Medical Moravec’s Paradox in VLMs via Clinical Triage,https://papers.miccai.org/miccai-2026/0637-Paper4379.html,2,Invite for Rebuttal,Accept,3
CT-XRay,MedPro: Dual-View Propagation and Prototypical Assessment for Training-Free Few-Shot Medical Segmentation,https://papers.miccai.org/miccai-2026/0638-Paper1552.html,2,Invite for Rebuttal,Accept,3
CT-XRay,MedPruner: Training-Free Hierarchical Token Pruning for Efficient 3D Medical Image Understanding in Vision-Language Models,https://papers.miccai.org/miccai-2026/0639-Paper3756.html,2,Invite for Rebuttal,Accept,3
MRI,MedRAG-SCA: A Retrieval-Augmented Self-correcting Agent for Clinically Compliant Cross-Modality MRI Synthesis,https://papers.miccai.org/miccai-2026/0641-Paper3774.html,2,Accept,Provisional Accept,1
CT-XRay,MedTri: Structured Medical Report Normalization for Enhanced Vision–Language Pretraining,https://papers.miccai.org/miccai-2026/0642-Paper0601.html,2,Invite for Rebuttal,Accept,2
EHR,MedTriage-LM: Anatomically Grounded Visual Phenotype Synthesis for Interpretable ED Triage,https://papers.miccai.org/miccai-2026/0643-Paper1929.html,3,Invite for Rebuttal,Accept,3
CT-XRay,MedTriFlow: Efficient Resolution-Agnostic 3D Medical Image Generation with Implicit Triplane Representation,https://papers.miccai.org/miccai-2026/0644-Paper0683.html,2,Invite for Rebuttal,Accept,3
CT-XRay,MedTSC-Net: Bridging Semantic and Scale Gaps in Text-Guided Medical Image Segmentation,https://papers.miccai.org/miccai-2026/0645-Paper0644.html,2,Invite for Rebuttal,Accept,3
Physio-signals,MedTS-TTT: Test-Time Training for Medical Time Series Classification,https://papers.miccai.org/miccai-2026/0646-Paper5029.html,2,Invite for Rebuttal,Accept,3
CT-XRay,MedVol-R1: Reward-Driven Evidence Grounding for Volumetric Reasoning Segmentation,https://papers.miccai.org/miccai-2026/0647-Paper2593.html,3,Accept,Provisional Accept,1
CT-XRay,MedXEdit-GRPO: Reasoning-Aware Online RL for Counterfactual Medical Image Generation,https://papers.miccai.org/miccai-2026/0648-Paper0241.html,3,Accept,Provisional Accept,1
MRI,Memory-Guided Random-Direction Feature Disentanglement Model for Multi-phase MRI Translation,https://papers.miccai.org/miccai-2026/0649-Paper0347.html,1,Invite for Rebuttal,Accept,3
Histology,MERIT: Multi-scale Mamba with Enhanced Information Retention for Treatment Response Prediction from Whole Slide Images,https://papers.miccai.org/miccai-2026/0650-Paper4795.html,2,Invite for Rebuttal,Accept,3
CT-XRay,"Merlin Plus: A Large-Scale, Multi-cancer, Image-Mask-Report Dataset",https://papers.miccai.org/miccai-2026/0651-Paper4063.html,2,Invite for Rebuttal,Accept,3
Sensors,MetaFormer: Efficient Metadata-Guided Transformer for Patient-Aware 12-Lead Electrocardiogram Reconstruction,https://papers.miccai.org/miccai-2026/0652-Paper1866.html,3,Accept,Provisional Accept,1
PET_SPECT,MetaVFM: Meta-Learned Efficient Adaptation of Vision Foundation Models for Medical Imaging,https://papers.miccai.org/miccai-2026/0653-Paper4389.html,2,Invite for Rebuttal,Accept,3
Microscopy,Microglia-RTS: Instance Segmentation of Microglia in Hypoxic Ischemic Fetal Sheep Brain Histology,https://papers.miccai.org/miccai-2026/0654-Paper5949.html,2,Accept,Provisional Accept,1
Microscopy,MicroscopyCLIP: A Domain-Specific Vision-Language Model for Optical Microscopy,https://papers.miccai.org/miccai-2026/0655-Paper1753.html,1,Invite for Rebuttal,Accept,3
MRI,MiGAD: Gut Microbiota-informed Genetic Surrogates for Multimodal Alzheimer’s Disease Diagnosis,https://papers.miccai.org/miccai-2026/0656-Paper3393.html,3,Accept,Provisional Accept,1
CT-XRay,MIL-PF: Multiple Instance Learning on Precomputed Features for Mammography Classification,https://papers.miccai.org/miccai-2026/0657-Paper0943.html,2,Invite for Rebuttal,Accept,3
Histology,MINT: Molecularly Informed Training with Spatial Transcriptomics Supervision for Pathology Foundation Models,https://papers.miccai.org/miccai-2026/0658-Paper5167.html,2,Invite for Rebuttal,Accept,3
MRI,Missing Modality-Aware Calibration for Trustworthy Brain Tumor Segmentation,https://papers.miccai.org/miccai-2026/0659-Paper1236.html,2,Accept,Provisional Accept,1
CT-XRay,Missingness-Aware Multimodal Learning for Four-Class Adrenal Tumor Classification,https://papers.miccai.org/miccai-2026/0660-Paper1243.html,3,Accept,Provisional Accept,1
CT-XRay,Mitigating Grade Boundary Conflicts for Disease Severity Grading with Ambiguous Labels,https://papers.miccai.org/miccai-2026/0661-Paper1642.html,2,Invite for Rebuttal,Accept,3
Photo_video,MLLM-Enhanced Region-Aware Bidirectional Evidence-Based Model for Tongue Diagnosis,https://papers.miccai.org/miccai-2026/0662-Paper0903.html,2,Invite for Rebuttal,Accept,3
Endoscopy,MMIC-EndoDepth: Self-Supervised Endoscopic Depth Estimation with Multi-Mechanism Illumination Correction,https://papers.miccai.org/miccai-2026/0663-Paper3564.html,2,Accept,Provisional Accept,1
CT-XRay,MM-UNet: Meta Mamba UNet for Volumetric Medical Image Segmentation,https://papers.miccai.org/miccai-2026/0664-Paper6340.html,3,Invite for Rebuttal,Reject,3
CT-XRay,MoCaf-Mamba: Modality Completion and Alignment in Feature Space for Missing-Modality Segmentation,https://papers.miccai.org/miccai-2026/0665-Paper3091.html,2,Invite for Rebuttal,Accept,3
CT-XRay,Modality-Agnostic Domain Generalizable Medical Image Segmentation via Self-Coordinated Focusing,https://papers.miccai.org/miccai-2026/0666-Paper1055.html,2,Invite for Rebuttal,Reject,3
CT-XRay,Modeling Clinical Workflow for SYNTAX Scoring from Coronary Angiography Videos,https://papers.miccai.org/miccai-2026/0667-Paper5426.html,2,Invite for Rebuttal,Accept,3
Histology,MORI-Seg: Learning Morphological Geometry for Instance Segmentation Without Instance Annotations,https://papers.miccai.org/miccai-2026/0668-Paper3815.html,3,Accept,Provisional Accept,1
CT-XRay,MoSE: Mixture-of-Scale-Experts for Medical Image Restoration,https://papers.miccai.org/miccai-2026/0669-Paper1425.html,1,Invite for Rebuttal,Accept,3
ultrasounds,Motion-Conditioned Multi-view Fusion for Myocardial Infarction Localization from Echocardiography,https://papers.miccai.org/miccai-2026/0670-Paper3435.html,2,Invite for Rebuttal,Accept,3
MRI,MPFlow: Multi-modal Posterior-Guided Flow Matching for Zero-Shot MRI Reconstruction,https://papers.miccai.org/miccai-2026/0671-Paper2812.html,2,Invite for Rebuttal,Accept,3
MRI,MRI2Rep: Autoregressive Structured Report Generation for 3D Liver MRI,https://papers.miccai.org/miccai-2026/0672-Paper2760.html,2,Invite for Rebuttal,Accept,3
CT-XRay,MRSeg3D: A Perturbation-Resilient Model for 3D Medical Reasoning Segmentation,https://papers.miccai.org/miccai-2026/0673-Paper0767.html,3,Accept,Provisional Accept,1
Computational_imagings,MS-GDUN: Multi-scale Graph Deep Unfolding Network with Gradient-Threshold Learning for FMT Reconstruction,https://papers.miccai.org/miccai-2026/0674-Paper1669.html,2,Invite for Rebuttal,Accept,3
CT-XRay,MSHF-Net: Multimodal Breast Cancer Molecular Subtype Prediction via Segmentation-Guided Hierarchical Fusion Network,https://papers.miccai.org/miccai-2026/0675-Paper2496.html,2,Invite for Rebuttal,Accept,3
Multimodals,mSpecFusion-Net: Intelligent Multimodal Smartphone Imaging for Mobile Differential Diagnosis of Psoriasis and Dermatitis and Deep Learning,https://papers.miccai.org/miccai-2026/0676-Paper4806.html,2,Accept,Provisional Accept,1
ultrasounds,MSQG-3DNet: Multi-scale Token Selection with Query-Decoder and Gated Fusion for 3D Breast Tumor Classification,https://papers.miccai.org/miccai-2026/0677-Paper2113.html,1,Invite for Rebuttal,Accept,3
Physio-signals,MSS-Net: Learning Hierarchical Multi-scale and Multimodal Representations for Complex Cardiac Disease Classification,https://papers.miccai.org/miccai-2026/0678-Paper4140.html,2,Invite for Rebuttal,Accept,3
Others,MuellerPT: Decomposition Driven Pre-training for Dense Learning in Mueller Polarimetry,https://papers.miccai.org/miccai-2026/0679-Paper2771.html,2,Accept,Provisional Accept,1
CT-XRay,Multi-agent Test-Time Adaptation for Robust Medical Image-to-Image Translation,https://papers.miccai.org/miccai-2026/0680-Paper2376.html,2,Invite for Rebuttal,Accept,3
Endoscopy,Multi-Annotation Adaption: A Label-Informed Dynamic Framework for Medical Segmentation and Localization,https://papers.miccai.org/miccai-2026/0681-Paper2169.html,2,Invite for Rebuttal,Reject,3
Photo_video,Multi-camera AR Guidance System for Surgical Instrument Handling and Assembly: Investigating Workload and Efficiency,https://papers.miccai.org/miccai-2026/0682-Paper0941.html,3,Accept,Provisional Accept,1
PET_SPECT,Multi-depth Rubidium PET Graph Neural Network for Major Adverse Cardiac Event Prediction,https://papers.miccai.org/miccai-2026/0683-Paper5371.html,2,Invite for Rebuttal,Reject,3
Photo_video,Multi-Disease Diagnosis in Retinal Images via Patch-Level Reasoning and Selective Aggregation,https://papers.miccai.org/miccai-2026/0684-Paper0417.html,1,Invite for Rebuttal,Accept,3
Func_MRI,Multi-Expert Representation Learning with Dynamic Routing for Brain Captioning,https://papers.miccai.org/miccai-2026/0685-Paper4241.html,2,Invite for Rebuttal,Accept,3
Endoscopy,Multi-frame Restoration for 10 Hz Lissajous Confocal Laser Endomicroscopy,https://papers.miccai.org/miccai-2026/0686-Paper4278.html,1,Invite for Rebuttal,Accept,3
ultrasounds,Multi-Kernel Gated Decoder Adapters for Robust Multi-Task Thyroid Ultrasound under Cross-Center Shift,https://papers.miccai.org/miccai-2026/0687-Paper4058.html,1,Invite for Rebuttal,Accept,3
Func_MRI,Multilayer Modularity-Aware Graph Autoencoder for Detecting Subpopulation Community Structure in Dynamic Brain Networks,https://papers.miccai.org/miccai-2026/0688-Paper3586.html,1,Invite for Rebuttal,Accept,3
EHR,Multimodal Contrastive Regression for Organ-Resolved Biological Age Prediction,https://papers.miccai.org/miccai-2026/0689-Paper3491.html,2,Invite for Rebuttal,Reject,3
CT-XRay,Multimodal Large Language Model-Driven Self-Verification Reasoning for Interpretable Diagnosis of Diffuse Cystic Lung Diseases,https://papers.miccai.org/miccai-2026/0690-Paper1577.html,3,Invite for Rebuttal,Accept,3
Histology,Multimodal-Conditioned Flow Matching for Pathology Nuclei Data Augmentation,https://papers.miccai.org/miccai-2026/0691-Paper2543.html,2,Accept,Provisional Accept,1
MRI,Multi-parametric MRI for Contrast Agent Free Breast DCE-MRI Synthesis,https://papers.miccai.org/miccai-2026/0692-Paper1983.html,2,Invite for Rebuttal,Accept,3
Photo_video,Multi-probe Trait–State Latent Modeling for Cross-Context Clinical Motor Assessment,https://papers.miccai.org/miccai-2026/0693-Paper3286.html,2,Invite for Rebuttal,Accept,3
CT-XRay,Multi-regional CT Radiomics Fusion to Quantify Pathology-Derived Pollutant Burden in Lung Cancer,https://papers.miccai.org/miccai-2026/0694-Paper1327.html,3,Accept,Provisional Accept,1
Physio-signals,Multi-scale Dual-domain Fusion-Based Spatio-Temporal Graph Learning for fNIRS Signal Classification,https://papers.miccai.org/miccai-2026/0695-Paper1557.html,2,Invite for Rebuttal,Accept,3
Endoscopy,Multi-Stage Dilated Convolution-Mamba Network for Surgical Action Triplet Recognition,https://papers.miccai.org/miccai-2026/0696-Paper2862.html,2,Invite for Rebuttal,Accept,3
CT-XRay,Multi-stage NeRF for Efficient 3D Coronary Artery Reconstruction from Two Narrow-Angle Angiographic Projections,https://papers.miccai.org/miccai-2026/0697-Paper5185.html,2,Invite for Rebuttal,Accept,3
ultrasounds,Multi-view Consistency-Based Adaptation of SAM2 for 3D ABUS Tumor Segmentation,https://papers.miccai.org/miccai-2026/0698-Paper1627.html,2,Accept,Provisional Accept,1
CT-XRay,Mutual Distillation of Dual-Foundation Models for Semi-supervised PET/CT Segmentation,https://papers.miccai.org/miccai-2026/0699-Paper0353.html,2,Invite for Rebuttal,Accept,3
Others,Mutually Promoted Medical Image Segmentation and Classification via Prompt-Driven Interaction,https://papers.miccai.org/miccai-2026/0700-Paper5545.html,2,Invite for Rebuttal,Accept,3
ultrasounds,MUX-USCT: A Noise-Robust Neural Network for Ultrasound Computed Tomography,https://papers.miccai.org/miccai-2026/0701-Paper5332.html,3,Accept,Provisional Accept,1
CT-XRay,MVDA-Net: Multi-View Dual-Alignment Network for 3D Carotid Artery Segmentation,https://papers.miccai.org/miccai-2026/0702-Paper1321.html,1,Invite for Rebuttal,Reject,3
MRI,N6-TreeMamba: Radiology Knowledge-Guided 6-Neighborhood Tree Scanning for 3D MRI-Based Stroke Complication Prediction,https://papers.miccai.org/miccai-2026/0703-Paper0441.html,3,Accept,Provisional Accept,1
CT-XRay,NASD-Diff: A Noise-Assisted Structural Difference Diffusion Model for CT Angiography Generation from NCCT,https://papers.miccai.org/miccai-2026/0704-Paper0935.html,2,Accept,Provisional Accept,1
CT-XRay,NEARL: Interacted Query Adaptation with Orthogonal Regularization for Medical Vision-Language Understanding,https://papers.miccai.org/miccai-2026/0705-Paper0040.html,2,Invite for Rebuttal,Accept,3
Microscopy,NeRD: Neuro-Symbolic Rule Distillation for Efficient Ontology-Grounded Chain-of-Thought in Medical Image Diagnosis,https://papers.miccai.org/miccai-2026/0706-Paper2430.html,1,Invite for Rebuttal,Reject,3
Physio-signals,NetCorr: A Resection-Induced Network Perturbation Framework for Predicting Seizure Freedom in Drug-Resistant Epilepsy,https://papers.miccai.org/miccai-2026/0707-Paper5888.html,3,Accept,Provisional Accept,1
Func_MRI,Network-Aware Bilinear Tokenization for Brain Functional Connectivity Representation Learning,https://papers.miccai.org/miccai-2026/0708-Paper3895.html,2,Accept,Provisional Accept,1
Func_MRI,NeuroAlign: A Unified Plug-and-Play Enhancer for Visual and Linguistic Brain Decoding,https://papers.miccai.org/miccai-2026/0709-Paper1211.html,3,Accept,Provisional Accept,1
Physio-signals,NeuroFlow: Manifold-Aware Topological Flow Matching for EEG Decoding,https://papers.miccai.org/miccai-2026/0710-Paper0221.html,1,Invite for Rebuttal,Reject,3
Physio-signals,NeuroSonic: Conditional Flow Matching for EEG-to-Speech Reconstruction,https://papers.miccai.org/miccai-2026/0711-Paper4295.html,2,Invite for Rebuttal,Accept,3
CT-XRay,NeuroSymb-MRG: Differentiable Abductive Reasoning with Active Uncertainty Minimization for Radiology Report Generation,https://papers.miccai.org/miccai-2026/0712-Paper6461.html,3,Accept,Provisional Accept,1
CT-XRay,NoiBox: Safeguard Frontier via Reverse Adversarial Diffusion for Noisy-Box-Supervised 3D Tumor Segmentation,https://papers.miccai.org/miccai-2026/0713-Paper1665.html,3,Accept,Provisional Accept,1
Histology,Noise-Aware Importance–Uncertainty Disentangled Multimodal Learning for Robust Cancer Survival Prediction,https://papers.miccai.org/miccai-2026/0714-Paper2148.html,3,Invite for Rebuttal,Accept,3
Others,Non-intrusive Body Composition Assessment from Full-Body mmWave Scans,https://papers.miccai.org/miccai-2026/0715-Paper5425.html,2,Accept,Provisional Accept,1
CT-XRay,Non-linear INR-Based Motion Modeling for 4D Radiotherapy,https://papers.miccai.org/miccai-2026/0716-Paper5263.html,3,Accept,Provisional Accept,1
Microscopy,Non-parametric Prototypes Enable Semantic Graph Learning for Whole-Slide Pathology,https://papers.miccai.org/miccai-2026/0717-Paper2839.html,2,Invite for Rebuttal,Accept,3
Spectroscopy,Non-Stationary Spectral State-Space Networks with Region-Wise Frequency Routing for Robust Fundus Vessel Segmentation,https://papers.miccai.org/miccai-2026/0718-Paper6038.html,2,Invite for Rebuttal,Accept,3
CT-XRay,NR-Align: Non-rigid Alignment for Non-simultaneous Two-View 3D Coronary Reconstruction in Complex Cardiac Interventions,https://papers.miccai.org/miccai-2026/0719-Paper3825.html,2,Invite for Rebuttal,Accept,3
Photo_video,NutriDiff: Phenotype-Consistent Diffusion Augmentation for Malnutrition Screening,https://papers.miccai.org/miccai-2026/0720-Paper4999.html,2,Accept,Provisional Accept,1
Endoscopy,Occlusion-aware Disparity Estimation via Depth Prior Embedded Cost Volume for Stereo Endoscopic Images,https://papers.miccai.org/miccai-2026/0721-Paper4567.html,3,Invite for Rebuttal,Reject,3
Photo_video,"OCS-MAMBA: Object-Centric, Logic-Guided Approach for Surgical Action Understanding",https://papers.miccai.org/miccai-2026/0722-Paper2089.html,2,Accept,Provisional Accept,1
ultrasounds,Oculo: A Multilabel Dataset for the Identification of Ocular Abnormalities from Ultrasound Images,https://papers.miccai.org/miccai-2026/0723-Paper3020.html,2,Invite for Rebuttal,Accept,3
Physio-signals,Omni-Sleep: A Sleep Foundation Model via Hierarchical Contrastive Learning of CNS–ANS Dynamics,https://papers.miccai.org/miccai-2026/0724-Paper2428.html,2,Invite for Rebuttal,Accept,3
CT-XRay,On the Behavior of Calibration Error Under Rater Disagreement,https://papers.miccai.org/miccai-2026/0725-Paper4416.html,1,Invite for Rebuttal,Accept,3
Endoscopy,On the Robustness of Temporal Vision-Language Models for Surgical Endoscopy Videos,https://papers.miccai.org/miccai-2026/0726-Paper4661.html,2,Invite for Rebuttal,Accept,3
CT-XRay,One Sequence to Segment Them All: Efficient Data Augmentation for CT and MRI Cross-Domain 3D Spine Segmentation,https://papers.miccai.org/miccai-2026/0727-Paper1360.html,1,Invite for Rebuttal,Accept,3
Others,Oneclass4ASD: Autism Spectrum Disorder Screening via One-class Classifier,https://papers.miccai.org/miccai-2026/0728-Paper2859.html,2,Invite for Rebuttal,Accept,3
CT-XRay,One-Shot Data Selection for Medical Image Classification via Graph Coverage,https://papers.miccai.org/miccai-2026/0729-Paper3438.html,3,Invite for Rebuttal,Reject,3
Computational_imagings,On-Manifold Variational Learning with Heat-Kernel Priors,https://papers.miccai.org/miccai-2026/0730-Paper4033.html,3,Invite for Rebuttal,Accept,3
CT-XRay,Ontology-Grounded Structured Prediction for Dental CBCT Reporting,https://papers.miccai.org/miccai-2026/0731-Paper0618.html,2,Invite for Rebuttal,Accept,3
MRI,Open World MRI Reconstruction with Bias-Calibrated Adaptation,https://papers.miccai.org/miccai-2026/0732-Paper0763.html,2,Invite for Rebuttal,Accept,3
CT-XRay,Open-PMC-18M: A High-Fidelity Large Scale Medical Dataset for Multimodal Representation Learning,https://papers.miccai.org/miccai-2026/0733-Paper2639.html,3,Accept,Provisional Accept,1
Endoscopy,OpenRC: An Open-Source Robotic Colonoscopy Framework for Multimodal Data Acquisition and Autonomy Research,https://papers.miccai.org/miccai-2026/0734-Paper5978.html,1,Invite for Rebuttal,Reject,3
CT-XRay,OPGAgent: An Agent for Auditable Dental Panoramic X-ray Interpretation,https://papers.miccai.org/miccai-2026/0735-Paper0308.html,2,Invite for Rebuttal,Accept,3
MRI,Opportunistic Cardiac Health Assessment: Estimating Phenotypes from Localizer MRI Through Multi-modal Representations,https://papers.miccai.org/miccai-2026/0737-Paper3631.html,2,Invite for Rebuttal,Accept,2
CT-XRay,OPS: One-Shot Point Prompted Semantics-Aware Learning for Medical Image Registration,https://papers.miccai.org/miccai-2026/0738-Paper0160.html,2,Invite for Rebuttal,Accept,3
CT-XRay,Optimal Steps for Fast Diffeomorphic Shape Registration,https://papers.miccai.org/miccai-2026/0739-Paper3666.html,3,Accept,Provisional Accept,1
Photo_video,OPVD: On-Policy Chain-of-Visual-Thought Distillation for Medical Reasoning,https://papers.miccai.org/miccai-2026/0740-Paper3650.html,3,Invite for Rebuttal,Accept,3
Photo_video,OR-Action: Multi-Role Video Understanding with Fine-Grained Actions,https://papers.miccai.org/miccai-2026/0741-Paper4727.html,3,Accept,Provisional Accept,1
Photo_video,Ordinal Diffusion Models for Color Fundus Images,https://papers.miccai.org/miccai-2026/0742-Paper3874.html,2,Invite for Rebuttal,Accept,3
Endoscopy,Ordinal Priors for Colonoscopy Temporal Segmentation,https://papers.miccai.org/miccai-2026/0743-Paper3291.html,2,Invite for Rebuttal,Accept,3
ultrasounds,Organ-Invariant Tumor Representation Learning via Disentangled Adversarial MAE for Multi-organ Ultrasound Imaging,https://papers.miccai.org/miccai-2026/0744-Paper2499.html,2,Invite for Rebuttal,Accept,3
CT-XRay,OrthoFlow: Decoupled Landmark Prediction and Image Synthesis for Orthodontic Treatment Outcome Visualization,https://papers.miccai.org/miccai-2026/0745-Paper2224.html,2,Invite for Rebuttal,Accept,3
Others,OrthoMorphNet: Alignment-Guided Hierarchical Morphological Synthesis of Post-orthodontic Dentition and Gingiva,https://papers.miccai.org/miccai-2026/0746-Paper1814.html,2,Invite for Rebuttal,Accept,3
ultrasounds,OSCAR: Occupancy-Based Shape Completion via Acoustic Neural Implicit Representations,https://papers.miccai.org/miccai-2026/0747-Paper2736.html,1,Invite for Rebuttal,Accept,3
CT-XRay,OsteoFlow: Lyapunov-Guided Flow Distillation for Predicting Bone Remodeling after Mandibular Reconstruction,https://papers.miccai.org/miccai-2026/0748-Paper5704.html,3,Accept,Provisional Accept,1
CT-XRay,OTCHA: Optimal Transport-Driven Confidence-Aware Latent Hub Alignment for Multi-view Medical Image Classification,https://papers.miccai.org/miccai-2026/0749-Paper4914.html,2,Invite for Rebuttal,Accept,3
Computational_imagings,OT-Coupled Flow: Towards Realistic TEE Simulation via Unpaired Cross-Modality Translation with Anatomical Consistency,https://papers.miccai.org/miccai-2026/0750-Paper0555.html,2,Invite for Rebuttal,Accept,3
CT-XRay,OTFusion: Optimal Transport-Driven 3D Multi-modal Medical Image Fusion for Enhanced Cross-Modality Representation,https://papers.miccai.org/miccai-2026/0751-Paper2836.html,3,Accept,Provisional Accept,1
Computational_imagings,P2R-Net: Physics-to-Reality SM Calibration Network with Sparse Measurement Guidance for High-Precision MPI Reconstruction,https://papers.miccai.org/miccai-2026/0752-Paper1881.html,2,Invite for Rebuttal,Accept,3
Histology,PALETTE: Pathology-Aware Latent Embedding for Targeted Tissue Expression,https://papers.miccai.org/miccai-2026/0753-Paper1582.html,2,Invite for Rebuttal,Accept,3
Endoscopy,PancCADx: A Multimodal Framework for Pancreatic Cancer Diagnosis,https://papers.miccai.org/miccai-2026/0754-Paper1096.html,2,Invite for Rebuttal,Accept,3
ultrasounds,PANet: Probability-Anchored Network for Ultrasound Bone Segmentation,https://papers.miccai.org/miccai-2026/0755-Paper1654.html,2,Accept,Provisional Accept,1
Physio-signals,Parameter-Efficient Self-Supervised Adaptation for EEG-FM under Fixed Computational Budgets,https://papers.miccai.org/miccai-2026/0756-Paper4755.html,1,Invite for Rebuttal,Accept,3
Histology,Patch-to-Global: Random Patch Diffusion for Globally Consistent Megapixel Artifact Inpainting in Whole Slide Images,https://papers.miccai.org/miccai-2026/0757-Paper6076.html,1,Invite for Rebuttal,Accept,3
Histology,Pathologist Attention–Aligned Report Generation for Prostate Histopathology,https://papers.miccai.org/miccai-2026/0758-Paper4588.html,2,Invite for Rebuttal,Accept,2
MRI,PathoMamba: Piecewise-Diffeomorphic Registration via Stiffness-Modulated State Space Dynamics,https://papers.miccai.org/miccai-2026/0759-Paper5198.html,2,Invite for Rebuttal,Reject,3
MRI,Patient-Conditioned Vision–Language Priors with Stable Mixture-of-Experts for Label-Efficient Alzheimer’s MRI Staging,https://papers.miccai.org/miccai-2026/0760-Paper5805.html,3,Accept,Provisional Accept,1
CT-XRay,PAVL: Enhancing Feature Prototype Alignment with Vision–Language Model for Semi-supervised Medical Image Segmentation,https://papers.miccai.org/miccai-2026/0761-Paper0625.html,2,Accept,Provisional Accept,1
Histology,PCRP: Progressive Coarse-to-Fine Refinement for Pathology Grounding,https://papers.miccai.org/miccai-2026/0762-Paper4084.html,1,Invite for Rebuttal,Reject,3
Others,PC-Seg: Progressive Cross-View Consistency for 3D OCT Segmentation from Sparse 2D Annotations,https://papers.miccai.org/miccai-2026/0763-Paper6555.html,2,Invite for Rebuttal,Accept,3
MRI,PC-VLG: Position-Correlated Vision–Language Graph Alignment for Semi-supervised Medical Image Segmentation,https://papers.miccai.org/miccai-2026/0764-Paper6229.html,2,Accept,Provisional Accept,1
ultrasounds,Peeling an Onion: Layer-Wise Doppler-Backprojected Ultrasound Microvascular Vector Flow Imaging,https://papers.miccai.org/miccai-2026/0765-Paper0989.html,2,Invite for Rebuttal,Accept,3
Others,Percept-Aware Surgical Planning for Visual Cortical Prostheses with Vascular Avoidance,https://papers.miccai.org/miccai-2026/0766-Paper3855.html,2,Accept,Provisional Accept,1
CT-XRay,Perfusion Aware Infarct Core and Penumbra Segmentation on NCCT with Region Constraints,https://papers.miccai.org/miccai-2026/0767-Paper1122.html,2,Invite for Rebuttal,Accept,3
PET_SPECT,PET-Adapter: Test-Time Domain Adaptation for Full and Limited-Angle PET Image Reconstruction,https://papers.miccai.org/miccai-2026/0768-Paper1581.html,3,Accept,Provisional Accept,1
MRI,PETFlux: Taming Natural Foundation Models for Accurate MRI-to-PET Synthesis,https://papers.miccai.org/miccai-2026/0769-Paper0655.html,2,Invite for Rebuttal,Accept,3
Histology,PhaseAT: Fourier Phase Adversarial Training for Medical Image Domain Generalization,https://papers.miccai.org/miccai-2026/0770-Paper3917.html,2,Invite for Rebuttal,Accept,3
MRI,PhaseGen: A Diffusion-Based Approach for Complex-Valued MRI Data Generation,https://papers.miccai.org/miccai-2026/0771-Paper4662.html,2,Invite for Rebuttal,Accept,3
Endoscopy,PhaseMamba: Two-Stage Learning from Short Clips to Full Procedures for Online Surgical Phase Recognition,https://papers.miccai.org/miccai-2026/0772-Paper1619.html,1,Invite for Rebuttal,Reject,3
CT-XRay,PhyDiCT: Plug-and-Play CT Reconstruction from Sparse X-Rays via Differentiable Rendering and Strong Priors,https://papers.miccai.org/miccai-2026/0773-Paper1942.html,2,Invite for Rebuttal,Accept,3
CT-XRay,PhyRadGS: Physics-Aware Radiative Gaussian Splatting for Fly-Scanning CBCT Reconstruction,https://papers.miccai.org/miccai-2026/0774-Paper0017.html,2,Invite for Rebuttal,Accept,3
MRI,Physical-Driven Unified Implicit Regularization Network with Scan Parameter Prompts for Accelerated Multi-parametric MR Imaging,https://papers.miccai.org/miccai-2026/0775-Paper0756.html,2,Invite for Rebuttal,Accept,4
Others,Physics-Based iOCT Sonification for Real-Time Interaction Awareness in Subretinal Injection,https://papers.miccai.org/miccai-2026/0776-Paper2423.html,2,Accept,Provisional Accept,1
MRI,Physics-Driven Cold Diffusion with Severity-Aware Sampling and Adaptive Degradation Estimation for MRI Motion Artifact Removal,https://papers.miccai.org/miccai-2026/0777-Paper3538.html,1,Invite for Rebuttal,Accept,3
Histology,Physics-Grounded Weakly Supervised Histopathological Tissue Segmentation via Frozen Tri-Domain Prototypes,https://papers.miccai.org/miccai-2026/0778-Paper1322.html,2,Invite for Rebuttal,Accept,3
Physio-signals,Physics-Informed Surrogate Model Using Graph Neural Network for Cardiac Electrophysiology,https://papers.miccai.org/miccai-2026/0779-Paper4252.html,2,Invite for Rebuttal,Accept,3
CT-XRay,Physics-Inspired Continuous Transformer for Fast QDSA Reconstruction,https://papers.miccai.org/miccai-2026/0780-Paper2583.html,2,Invite for Rebuttal,Accept,3
ultrasounds,Physio-Anatomical Prior-Guided Probabilistic Field Learning for Ultrasound-Based Neuro-Fascial Interface Landmark Localization,https://papers.miccai.org/miccai-2026/0781-Paper1526.html,1,Invite for Rebuttal,Accept,3
Physio-signals,Physiologically Consistent Missing Channel Reconstruction and Cascaded MoE for Impairment Categorization from Visual Electrophysiological Signals,https://papers.miccai.org/miccai-2026/0782-Paper0977.html,3,Accept,Provisional Accept,1
MRI,Physiology and Anatomy Aware Inverse Inference of Myocardial Infarction for Cardiac Digital Twin,https://papers.miccai.org/miccai-2026/0783-Paper0066.html,3,Accept,Provisional Accept,1
Physio-signals,Physiology-Aligned Hierarchical Network for Heart Murmur Detection,https://papers.miccai.org/miccai-2026/0784-Paper1443.html,2,Invite for Rebuttal,Accept,3
MRI,Physiology-Guided Cross-View Spatial-Temporal Aligning for Early Prediction of pCR in Breast Cancer from Longitudinal Multimodal MRI,https://papers.miccai.org/miccai-2026/0785-Paper2264.html,3,Accept,Provisional Accept,1
Endoscopy,PhysioSplat: Physics-Informed Dynamic Gaussian Splatting for Surgical Scene Reconstruction,https://papers.miccai.org/miccai-2026/0786-Paper2002.html,2,Invite for Rebuttal,Accept,3
Others,PhysOCT: Physics-Guided Retinal Modeling for OCT Image Synthesis,https://papers.miccai.org/miccai-2026/0787-Paper1750.html,2,Invite for Rebuttal,Accept,3
CT-XRay,PICA: Physics-Guided Implicit Neural Fields with Boundary Conditioning for Intracranial Aneurysm Hemodynamics,https://papers.miccai.org/miccai-2026/0788-Paper6349.html,3,Accept,Provisional Accept,1
MRI,Piecewise Dynamic Diffusion Regularization for Reconstruction of Cardiac Cine MRI,https://papers.miccai.org/miccai-2026/0789-Paper1880.html,1,Invite for Rebuttal,Accept,3
MRI,PiMoE: Physics-Informed Mixture-of-Experts for Accelerated MRI Reconstruction,https://papers.miccai.org/miccai-2026/0790-Paper4108.html,3,Accept,Provisional Accept,1
Func_MRI,PINet: A Multimodal Network for Pontine Infarction Segmentation and Early Neurological Deterioration Prediction,https://papers.miccai.org/miccai-2026/0791-Paper1824.html,2,Accept,Provisional Accept,1
CT-XRay,PINNOCHIO: Physics-Informed Neural Network for Coupled Hyperelastic Interface-Volume Simulation in Orthognathic Surgery,https://papers.miccai.org/miccai-2026/0792-Paper1982.html,1,Invite for Rebuttal,Accept,3
MRI,Pix2Rep-v2: Data-Efficient Representation Learning for Dense Medical Imaging Applications,https://papers.miccai.org/miccai-2026/0793-Paper0971.html,2,Invite for Rebuttal,Accept,3
CT-XRay,PlaneCycle: Training-Free 2D-to-3D Lifting of Foundation Models Without Adapters,https://papers.miccai.org/miccai-2026/0794-Paper0966.html,2,Invite for Rebuttal,Accept,3
ultrasounds,Plane-Wise Retrieval Memory and Structural Evidence Fusion for Tetralogy of Fallot Video Diagnosis,https://papers.miccai.org/miccai-2026/0795-Paper2220.html,1,Invite for Rebuttal,Accept,3
CT-XRay,Planning the Perfect Burn: Multi-objective PSO for Multi-needle Thermal Ablation,https://papers.miccai.org/miccai-2026/0796-Paper5166.html,3,Accept,Provisional Accept,1
MRI,PoCoLT: Position-Aware Cross-Modal Learning with LLM-Decoupled Hierarchical Reports for TMD Diagnosis,https://papers.miccai.org/miccai-2026/0797-Paper3172.html,3,Accept,Provisional Accept,1
Endoscopy,PolypSteer: Counterfactual Endoscopic Synthesis via Training-Free Activation Steering,https://papers.miccai.org/miccai-2026/0798-Paper4342.html,3,Accept,Provisional Accept,1
ultrasounds,PoseBridgeNet: Learning a Pose-Evolving Schrödinger Bridge for Multi-Organs Segmentation in Prenatal Volumetric Ultrasound,https://papers.miccai.org/miccai-2026/0799-Paper2461.html,2,Invite for Rebuttal,Accept,3
Histology,Positive Semi-definite Group-Aware Instance Disentangled Learning for WSI Representation,https://papers.miccai.org/miccai-2026/0800-Paper0366.html,3,Invite for Rebuttal,Accept,3
EHR,Posterior-Aware Motor Phenotyping with Multimodal Imaging Validation in Parkinson’s Disease,https://papers.miccai.org/miccai-2026/0801-Paper4053.html,1,Invite for Rebuttal,Reject,3
Microscopy,POT-SAM3: Prompt-Only Tuning for One-Shot Electron Microscopy Segmentation,https://papers.miccai.org/miccai-2026/0802-Paper0801.html,2,Invite for Rebuttal,Accept,3
MRI,PRA-PoE: Robust Multimodal Alzheimer’s Disease Classification under Arbitrary Modality Missingness,https://papers.miccai.org/miccai-2026/0803-Paper0712.html,3,Accept,Provisional Accept,1
CT-XRay,Precision Recall Controllable Radiology Report Generation via Hybrid Natural Language and Clinical Reward Learning,https://papers.miccai.org/miccai-2026/0804-Paper4076.html,1,Invite for Rebuttal,Reject,3
CT-XRay,Predicting Radiologist Expertise from 3D Gaze Patterns During CT Interpretation,https://papers.miccai.org/miccai-2026/0805-Paper1535.html,3,Accept,Provisional Accept,1
CT-XRay,Preoperative Simulation of Personalized Breast Reconstruction via Implant Prior Controllable Diffusion,https://papers.miccai.org/miccai-2026/0806-Paper4830.html,1,Invite for Rebuttal,Accept,3
ultrasounds,Pressure-Tuned Auditor for Sycophancy-Resistant Breast Ultrasound VLM Diagnosis,https://papers.miccai.org/miccai-2026/0807-Paper4746.html,2,Invite for Rebuttal,Accept,3
CT-XRay,PriLoRA: Prior-Conditioned Low-Rank Adapters for Medical Vision Models,https://papers.miccai.org/miccai-2026/0808-Paper5999.html,3,Accept,Provisional Accept,1
Histology,Prior-Anchored Debiasing for Long-Tailed Multi-Organ Pathology Report Generation,https://papers.miccai.org/miccai-2026/0809-Paper2990.html,2,Invite for Rebuttal,Accept,3
CT-XRay,Prior-Guided Hierarchical Vector Quantized-VAE for Digital Subtraction Angiography Generation,https://papers.miccai.org/miccai-2026/0810-Paper1534.html,2,Invite for Rebuttal,Reject,3
Diffusion-MRI,PRISM: Differentiable Analysis-by-Synthesis for Fixel Recovery in Diffusion MRI,https://papers.miccai.org/miccai-2026/0811-Paper5506.html,1,Invite for Rebuttal,Accept,3
Photo_video,Privacy-Preserving Video-Based Facial Palsy Recognition via Dynamic Facial Action Modeling,https://papers.miccai.org/miccai-2026/0812-Paper2957.html,1,Invite for Rebuttal,Accept,3
ultrasounds,Proactive Domain Unification for Robust Echocardiography Segmentation,https://papers.miccai.org/miccai-2026/0813-Paper3642.html,1,Accept,Provisional Accept,1
CT-XRay,Probabilistic Multi-rater Segmentation via Style-Aware Boundary Conditioning,https://papers.miccai.org/miccai-2026/0814-Paper5829.html,3,Accept,Provisional Accept,1
Microscopy,Probe-EM: Targeted Neuron Tracing via Training-Free Semantic Verification,https://papers.miccai.org/miccai-2026/0815-Paper3535.html,2,Invite for Rebuttal,Accept,3
Func_MRI,Progressive Self-supervised Learning with Individualized Community Assignment for Brain Network Analysis,https://papers.miccai.org/miccai-2026/0816-Paper3365.html,2,Invite for Rebuttal,Accept,3
CT-XRay,ProMoE-FL: Prototype-conditioned Mixture of Experts for Multimodal Federated Learning with Missing Modalities,https://papers.miccai.org/miccai-2026/0817-Paper1724.html,2,Invite for Rebuttal,Accept,3
Others,Prompt and Probe: Data-Efficient Adaptation of Black-Box Foundation Models via Unified Active Visual Prompting,https://papers.miccai.org/miccai-2026/0818-Paper5623.html,2,Invite for Rebuttal,Accept,3
Histology,Prompt Group-Aware Training for Robust Text-Guided Nuclei Segmentation,https://papers.miccai.org/miccai-2026/0819-Paper5066.html,2,Accept,Provisional Accept,1
CT-XRay,PromptGate: Client-Adaptive Vision–Language Gating for Open-Set Federated Active Learning,https://papers.miccai.org/miccai-2026/0820-Paper5058.html,1,Invite for Rebuttal,Accept,3
CT-XRay,PromptMedCT: A Training-Free LLM-Guided Framework for Volumetric CT Data Realization with Quantifiable Disease Manifestations and Multi-Tier Annotations,https://papers.miccai.org/miccai-2026/0821-Paper4691.html,3,Accept,Provisional Accept,1
Multimodals,Propagating Structural Guidance: Synthesizing Fluorescein Angiography from Fundus Images and Sparse OCT Scans,https://papers.miccai.org/miccai-2026/0822-Paper1951.html,3,Accept,Provisional Accept,1
CT-XRay,ProSMA-UNet: Decoder Conditioning for Proximal-Sparse Skip Feature Selection,https://papers.miccai.org/miccai-2026/0823-Paper5245.html,3,Accept,Provisional Accept,1
ultrasounds,ProSyn-Net: A Reliable Prototypical Synergy Network for Imbalanced Dermatologic Multimodal Ultrasound Diagnosis,https://papers.miccai.org/miccai-2026/0824-Paper4942.html,2,Accept,Provisional Accept,1
Others,Proto-CAP: Prototype Memory Fusion and Curriculum-Adaptive Loss for Pediatric Myopia Visual Question Answering,https://papers.miccai.org/miccai-2026/0825-Paper3429.html,2,Invite for Rebuttal,Accept,3
MRI,Protocol-Manifold Coverage Learning (PMCL): Source-Free Active Adaptation for Multi-Center Nasopharyngeal Carcinoma MRI Segmentation,https://papers.miccai.org/miccai-2026/0826-Paper4796.html,2,Invite for Rebuttal,Accept,2
Multimodals,PROTON: Prototype-Based Test-Time Online OOD Detection for Medical VLMs,https://papers.miccai.org/miccai-2026/0827-Paper4773.html,2,Accept,Accept,4
CT-XRay,ProtoReg: Prototype Guidance and Dual-Level Uncertainty-Weighted Consistency for Semi-supervised Pulmonary Perfusion Regression,https://papers.miccai.org/miccai-2026/0828-Paper0875.html,1,Invite for Rebuttal,Accept,3
Histology,Prototype Instance-Semantic Disentanglement with Low-Rank Regularized Subspace Clustering for WSIs Explainable Recognition,https://papers.miccai.org/miccai-2026/0829-Paper0426.html,2,Invite for Rebuttal,Accept,3
Others,Prototype Learning for Visual Field Estimation from Fundus Photography in High Myopia,https://papers.miccai.org/miccai-2026/0830-Paper1688.html,2,Invite for Rebuttal,Accept,3
ultrasounds,Prototype Memory-Guided Training-Free Anomaly Classification and Localization in Prenatal Ultrasound,https://papers.miccai.org/miccai-2026/0831-Paper1851.html,3,Invite for Rebuttal,Accept,3
CT-XRay,Prototype-based Physiological Transfer Enables NCCT-only Hyperacute Stroke Tissue-Window Segmentation Under Missing Perfusion,https://papers.miccai.org/miccai-2026/0832-Paper1889.html,2,Invite for Rebuttal,Accept,3
Microscopy,Prototype-Driven Robust Domain Generalization in Corneal Endothelial Cell Segmentation,https://papers.miccai.org/miccai-2026/0833-Paper0275.html,2,Invite for Rebuttal,Accept,3
CT-XRay,Proxy-CAC: Learning Coronary Calcium Segmentation from Volume-Level Scores,https://papers.miccai.org/miccai-2026/0834-Paper4314.html,2,Invite for Rebuttal,Accept,3
Photo_video,PseudoRET: A General Retinal Segmentation Framework with Multi-target Pseudo Embeddings,https://papers.miccai.org/miccai-2026/0835-Paper0846.html,2,Invite for Rebuttal,Accept,2
CT-XRay,PSP: Harnessing Position and Shape Priors for Cross-Domain Few-Shot Medical Image Segmentation,https://papers.miccai.org/miccai-2026/0836-Paper1456.html,1,Invite for Rebuttal,Accept,2
CT-XRay,Pulmonary Embolism Risk Stratification from CTPA and Medical Records: Vascular Graphs Are Not All You Need,https://papers.miccai.org/miccai-2026/0837-Paper5113.html,1,Invite for Rebuttal,Accept,3
Histology,QCAgent: An Agentic Framework for Quality-Controllable Pathology Report Generation from Whole Slide Image,https://papers.miccai.org/miccai-2026/0838-Paper1286.html,2,Invite for Rebuttal,Accept,2
Histology,QG-MIL: A Gated Transformer Aggregator for Domain-Agnostic Multiple Instance Learning in Medical Imaging,https://papers.miccai.org/miccai-2026/0839-Paper3611.html,1,Invite for Rebuttal,Accept,3
Photo_video,Quality-Guided Semi-supervised Learning for Medical Image Segmentation,https://papers.miccai.org/miccai-2026/0840-Paper4232.html,3,Accept,Provisional Accept,1
CT-XRay,Quantification of 3D Musculoskeletal CT Image-Based Biomarkers in the Lumbar Spine: Application in Metastatic Prostate Cancer,https://papers.miccai.org/miccai-2026/0841-Paper6617.html,1,Invite for Rebuttal,Accept,3
MRI,Quantification of Uncertainty with Adversarial Models in Medical Image Segmentation,https://papers.miccai.org/miccai-2026/0842-Paper3376.html,1,Invite for Rebuttal,Accept,3
EHR,"Quantify, Collect, and Correct: Evidence-Driven Multi-agent Framework for Critical Evidence Refinement in Emergency Rooms",https://papers.miccai.org/miccai-2026/0843-Paper4233.html,3,Accept,Provisional Accept,1
Photo_video,Question-Driven Decision Tree via Knowledge Distillation for Interpretable Prediction,https://papers.miccai.org/miccai-2026/0844-Paper1813.html,1,Invite for Rebuttal,Reject,3
Microscopy,R2P-SAM: Root-to-Prompt Hair Instance Segmentation with Geometric Priors under Point Supervision,https://papers.miccai.org/miccai-2026/0845-Paper2360.html,2,Invite for Rebuttal,Accept,3
ultrasounds,RACA: Rule-Aligned Collaborative Agents for Evidence-Grounded Breast Ultrasound Classification,https://papers.miccai.org/miccai-2026/0846-Paper2740.html,2,Invite for Rebuttal,Accept,3
CT-XRay,RADAR: A Multimodal Benchmark for 3D Image-Based Radiology Report Review,https://papers.miccai.org/miccai-2026/0847-Paper5740.html,2,Invite for Rebuttal,Accept,3
CT-XRay,RadHiera: Semantic Hierarchical Reinforcement Learning for Medical Report Generation,https://papers.miccai.org/miccai-2026/0848-Paper1791.html,1,Invite for Rebuttal,Accept,2
PET_SPECT,RADIANT-PET: Reasoning-Augmented PET/CT Lesion Segmentation with Large Language Models and Reinforcement Learning,https://papers.miccai.org/miccai-2026/0849-Paper2094.html,1,Invite for Rebuttal,Accept,3
MRI,Radiogenomics-Driven Hierarchical Multimodal Stacking for Non-invasive Triage of High-Risk PKD1-Truncating Genotypes in ADPKD,https://papers.miccai.org/miccai-2026/0850-Paper4714.html,3,Accept,Provisional Accept,1
MRI,RaD-Seg: Region-Aware Disentangled Learning for Plan-Guided Longitudinal Tumor Segmentation in Head-and-Neck Adaptive Radiotherapy,https://papers.miccai.org/miccai-2026/0851-Paper2420.html,2,Accept,Provisional Accept,1
CT-XRay,RadSLDP: Selective Local Differential Privacy for Radiology Vision-Language Models,https://papers.miccai.org/miccai-2026/0852-Paper3168.html,1,Invite for Rebuttal,Accept,3
Histology,RaLMPH: Reliability-Aware Learning for Multi-Pathologist Harmonization in Whole-Slide Image Classification,https://papers.miccai.org/miccai-2026/0853-Paper1120.html,2,Invite for Rebuttal,Accept,3
CT-XRay,RAM-Missing: Retrieval-Augmented Missing-Aware Fusion for Robust Lung Cancer Subtyping,https://papers.miccai.org/miccai-2026/0854-Paper5091.html,2,Invite for Rebuttal,Accept,3
CT-XRay,RAPO: Risk-Aware Anatomical Prior Optimization via Reinforcement Learning for CAC Detection in Rheumatoid Arthritis,https://papers.miccai.org/miccai-2026/0855-Paper1391.html,0,Invite for Rebuttal,Accept,3
CT-XRay,RareGCD: Toward Rare Disease Discovery via Generalized Category Discovery,https://papers.miccai.org/miccai-2026/0856-Paper1264.html,2,Invite for Rebuttal,Accept,3
Endoscopy,RASP: Bridging the Long-Tail Gap in Surgical Video Understanding via Retrieval-Augmented Perception,https://papers.miccai.org/miccai-2026/0857-Paper4703.html,3,Accept,Provisional Accept,1
Photo_video,RatSeizure: A Benchmark and Saliency-Context Transformer for Rat Seizure Localization,https://papers.miccai.org/miccai-2026/0858-Paper0427.html,2,Invite for Rebuttal,Accept,3
CT-XRay,RDE-Seg: Role-Disentangled Experts with Residual Routing and Anatomy Constraints for DSA Guidewire Segmentation,https://papers.miccai.org/miccai-2026/0859-Paper2147.html,2,Invite for Rebuttal,Accept,3
MRI,Really Need Recursion? Revisiting One-Pass Registration with Multi-Level Multi-Space Contextual Guidance,https://papers.miccai.org/miccai-2026/0860-Paper5386.html,2,Invite for Rebuttal,Accept,3
ultrasounds,Real-Time 6D Ultrasound Probe Pose Tracking in Freehand Scanning,https://papers.miccai.org/miccai-2026/0861-Paper6213.html,3,Invite for Rebuttal,Reject,3
ultrasounds,Real-Time Hardware-Free HIFU Interference Suppression via Teacher-Student Diffusion Framework,https://papers.miccai.org/miccai-2026/0862-Paper2888.html,3,Accept,Provisional Accept,1
Physio-signals,Real-Time Prediction of Impending Severe Fetal Distress Using Deep Learning on Fetal Heart Rate Monitoring,https://papers.miccai.org/miccai-2026/0863-Paper6181.html,2,Invite for Rebuttal,Accept,3
Others,Reasoning Text-to-Video Retrieval for Operating Room Clips via Action-Driven Digital Twins,https://papers.miccai.org/miccai-2026/0864-Paper3993.html,1,Invite for Rebuttal,Reject,3
Histology,Reasoning Trace Divergence: An Empirical Signal for Trustworthy Black-Box MLLMs in Histopathology Classification,https://papers.miccai.org/miccai-2026/0865-Paper6450.html,1,Invite for Rebuttal,Accept,2
MRI,Reconstructing Isotropic 3D Cervical MRI from Anisotropic Clinical Scans via Anatomy-Style Decoupled INRs,https://papers.miccai.org/miccai-2026/0866-Paper1142.html,2,Invite for Rebuttal,Accept,3
MRI,"Recover Semantics First, Generate Better: Improved Latent Modeling for 3D MRI Reconstruction and Cross-Contrast Synthesis",https://papers.miccai.org/miccai-2026/0867-Paper2677.html,1,Invite for Rebuttal,Reject,3
Microscopy,ReDIVE: A Two-Stage Hybrid Network for Keratitis Diagnosis via Retinex-based Enhancement and Depth-Informed Vertical Embedding,https://papers.miccai.org/miccai-2026/0868-Paper5257.html,2,Accept,Provisional Accept,1
CT-XRay,Reducing Expert Annotation Effort for CTA Vessel Delineation with Synthetic Pretraining,https://papers.miccai.org/miccai-2026/0869-Paper5035.html,2,Invite for Rebuttal,Accept,3
CT-XRay,Reference-Guided Gradient Balancing Loss for Long-Tailed Multi-label Medical Image Classification,https://papers.miccai.org/miccai-2026/0870-Paper0566.html,2,Invite for Rebuttal,Reject,3
MRI,Refining 3D Medical Segmentation with Verbal Instruction,https://papers.miccai.org/miccai-2026/0871-Paper0740.html,2,Accept,Provisional Accept,1
CT-XRay,Reformulating Chest X-Ray Report Generation as Fine-Grained Visual Question Answering with Structured Clinical Report Templates,https://papers.miccai.org/miccai-2026/0872-Paper1715.html,3,Accept,Provisional Accept,1
CT-XRay,RefTr: Recurrent Refinement of Confluent Trajectories for 3D Tubular Tree Centerlines,https://papers.miccai.org/miccai-2026/0873-Paper1612.html,2,Invite for Rebuttal,Accept,3
CT-XRay,Reliability-Aware Cross-Prompt Aggregation for Propagation-Based Segmentation of Arbitrary 3D Medical Objects,https://papers.miccai.org/miccai-2026/0874-Paper1506.html,2,Invite for Rebuttal,Reject,3
MRI,ReLiF-3D: Prior-Guided Semi-supervised 3D MRI Segmentation via Robust Bias-Consistent Paired Views,https://papers.miccai.org/miccai-2026/0875-Paper1855.html,3,Accept,Provisional Accept,1
Endoscopy,ReMeDI: Refined Memory for Disambiguation of Identities with SAM3 in Surgical Segmentation,https://papers.miccai.org/miccai-2026/0876-Paper5016.html,2,Invite for Rebuttal,Accept,3
Histology,Remixing Embeddings for Patient Augmentation in Data Scarce Multiple Instance Learning,https://papers.miccai.org/miccai-2026/0877-Paper3998.html,2,Invite for Rebuttal,Accept,3
MRI,ReMiX-Seg: Latent Modality Completion Meets Expert Routing for Robust Glioma Segmentation,https://papers.miccai.org/miccai-2026/0878-Paper2915.html,3,Accept,Provisional Accept,1
MRI,RePCM: Region-Specific and Phenotype-Adaptive Bi-ventricular Cardiac Motion Synthesis,https://papers.miccai.org/miccai-2026/0879-Paper2090.html,3,Accept,Provisional Accept,1
MRI,ReportX: The BraTS Clinical Report Dataset,https://papers.miccai.org/miccai-2026/0880-Paper0852.html,1,Invite for Rebuttal,Accept,3
Func_MRI,Representation Learning with Distance-Residualized Functional Connectivity for Cortical Parcellation from rs-fMRI,https://papers.miccai.org/miccai-2026/0881-Paper0399.html,3,Accept,Provisional Accept,1
CT-XRay,ReScan-IA: A Spatially-Adaptive Diffusion Framework for Controllable 3D Intracranial Aneurysm Inpainting,https://papers.miccai.org/miccai-2026/0882-Paper5128.html,2,Accept,Provisional Accept,1
Others,Research Design Considerations for Empirical User Studies in MICCAI,https://papers.miccai.org/miccai-2026/0883-Paper6182.html,3,Accept,Provisional Accept,1
MRI,Residual Diffusion Bridge in Wavelet Space for Medical Image Translation,https://papers.miccai.org/miccai-2026/0884-Paper3942.html,1,Invite for Rebuttal,Accept,3
MRI,Residual-Aware Structured Pruning with Dual-Stream Alignment for Adapter-Tuned SAM,https://papers.miccai.org/miccai-2026/0885-Paper1766.html,2,Invite for Rebuttal,Accept,3
MRI,Resolution-Conditioned Representation Learning for Unified Brain MRI Modeling,https://papers.miccai.org/miccai-2026/0886-Paper1434.html,2,Invite for Rebuttal,Reject,3
EHR,Response-Aware Multimodal Learning for Post-treatment Visual Acuity Forecasting,https://papers.miccai.org/miccai-2026/0887-Paper1583.html,2,Invite for Rebuttal,Accept,3
Computational_imagings,Rest2Visual: Predicting Visually Evoked fMRI from Resting-State Scans,https://papers.miccai.org/miccai-2026/0888-Paper2424.html,3,Accept,Provisional Accept,1
CT-XRay,Rethinking RAG: Mitigating Text-Driven Hallucinations via Feature-Level Retrieval Integration in Medical LVLMs,https://papers.miccai.org/miccai-2026/0889-Paper3169.html,3,Accept,Provisional Accept,1
Microscopy,Rethinking the Adaptation of Vision Foundation Models for Efficient Cell Segmentation,https://papers.miccai.org/miccai-2026/0890-Paper0247.html,1,Invite for Rebuttal,Accept,3
Photo_video,Retinopathy of Prematurity Staging via Prototype-Evidential Learning,https://papers.miccai.org/miccai-2026/0891-Paper2826.html,1,Invite for Rebuttal,Accept,3
CT-XRay,Retrieval-Augmented Anatomical Guidance for Text-to-CT Generation,https://papers.miccai.org/miccai-2026/0892-Paper1917.html,1,Invite for Rebuttal,Accept,3
Histology,Retrieval-Based Mixture-of-Experts for Patient-Specific Cancer Survival Prediction with Incomplete Multimodal Data,https://papers.miccai.org/miccai-2026/0893-Paper2015.html,2,Invite for Rebuttal,Accept,3
Endoscopy,Retrieval-Guided Semi-supervised Federated Learning for Medical Image Segmentation,https://papers.miccai.org/miccai-2026/0894-Paper1631.html,2,Invite for Rebuttal,Accept,3
Others,REVEAL++: Differentiable Phenotypic Grouping for Vision–Language Retinal Modeling of Alzheimer’s Disease Risk,https://papers.miccai.org/miccai-2026/0895-Paper2649.html,2,Invite for Rebuttal,Accept,3
MRI,Revisiting Integration of Image and Metadata for DICOM Series Classification: Cross-Attention and Dictionary Learning,https://papers.miccai.org/miccai-2026/0896-Paper3515.html,2,Accept,Provisional Accept,1
Histology,Reward-Guided Distillation: A Progressive Pseudo-Bag Purification Framework for WSI Multiple Instance Learning,https://papers.miccai.org/miccai-2026/0897-Paper1020.html,2,Invite for Rebuttal,Accept,3
Physio-signals,Riemannian Batch Normalization on Correlation Manifolds for EEG Decoding,https://papers.miccai.org/miccai-2026/0898-Paper1392.html,1,Invite for Rebuttal,Accept,3
CT-XRay,"Right Answer, Wrong Evidence: Revealing Visual Confabulation in Multi-Image Medical VLMs with the Evidence Attribution Score",https://papers.miccai.org/miccai-2026/0899-Paper3813.html,2,Invite for Rebuttal,Accept,3
Photo_video,R-MSA: Rhythm-Conditioned Surgical Video Skill Assessment via Morphology Synchronization and Uncertainty Calibration,https://papers.miccai.org/miccai-2026/0900-Paper2933.html,3,Accept,Provisional Accept,1
Robotics,Robotic Ultrasound Makes CBCT Alive,https://papers.miccai.org/miccai-2026/0901-Paper5031.html,2,Invite for Rebuttal,Accept,3
CT-XRay,Robust automatic brain vessel segmentation in 3D CTA scans using dynamic 4D-CTA data,https://papers.miccai.org/miccai-2026/0902-Paper1486.html,2,Invite for Rebuttal,Accept,3
Endoscopy,Robust Colonoscopy Video Polyp Segmentation via Quality-Aware Memory and Prototype Alignment,https://papers.miccai.org/miccai-2026/0903-Paper2213.html,3,Accept,Provisional Accept,1
CT-XRay,Robust Mitigation of Age-Dependent Confounding Effects via Sample-Difficulty Decorrelation,https://papers.miccai.org/miccai-2026/0904-Paper2145.html,1,Invite for Rebuttal,Accept,3
CT-XRay,Robust Tooth Segmentation Under Orthodontic CBCT: A Metal Artifact-Aware Approach,https://papers.miccai.org/miccai-2026/0905-Paper4686.html,1,Accept,Provisional Accept,1
Others,ROTE: Routing–Timescale Framework for Balanced Expert Allocation in MoE-Based Continual Segmentation,https://papers.miccai.org/miccai-2026/0906-Paper0705.html,2,Accept,Provisional Accept,1
Endoscopy,RPG-SAM: Reliability-Weighted Prototypes and Geometric Adaptive Threshold Selection for Training-Free One-Shot Polyp Segmentation,https://papers.miccai.org/miccai-2026/0907-Paper2529.html,2,Invite for Rebuttal,Accept,3
CT-XRay,RT-Super: Learning Tumor Segmentation from Longitudinal Images and Reports,https://papers.miccai.org/miccai-2026/0908-Paper4075.html,2,Invite for Rebuttal,Accept,3
Endoscopy,S2DLight: Single Step Diffusion Network via Degradation-Aware Adaptation for Surgical Endoscopic Image Low-Light Enhancement,https://papers.miccai.org/miccai-2026/0909-Paper2353.html,2,Invite for Rebuttal,Reject,3
MRI,S2GAIN: Spatio-Spectral Guided Affinity Imputation Network for Alzheimer’s Disease Diagnosis with Incomplete Modality,https://papers.miccai.org/miccai-2026/0910-Paper5203.html,3,Accept,Provisional Accept,1
Endoscopy,S3H-Net: Injecting Hybrid Semantic-Spatial Guidance via Superpixel Hypergraphs for Medical Image Segmentation,https://papers.miccai.org/miccai-2026/0911-Paper2653.html,2,Invite for Rebuttal,Accept,3
Physio-signals,SA-CFM: Structure-Aware Continuous Flow Matching for Normative Modeling of EEG Microstate,https://papers.miccai.org/miccai-2026/0912-Paper2408.html,2,Invite for Rebuttal,Accept,3
MRI,SAFE-Diff: Scale-Aware Attention and Feature-Dispersive Diffusion with Uncertainty Estimation for Contrast-Enhanced Breast MRI Synthesis,https://papers.miccai.org/miccai-2026/0913-Paper3480.html,2,Accept,Provisional Accept,1
CT-XRay,SAFE-Diff: Structurally Anchored Diffusion for Anatomically Faithful CT Image Super-Resolution,https://papers.miccai.org/miccai-2026/0914-Paper1196.html,2,Accept,Provisional Accept,1
MRI,SAGEAgent: A Self-evolving Agent for Cost-Aware Modality Acquisition in Multimodal Survival Prediction,https://papers.miccai.org/miccai-2026/0915-Paper0802.html,2,Invite for Rebuttal,Accept,3
CT-XRay,SAM2 as a Key Bridge Between 2D Slices and 3D Volumes for Sparsely-supervised Medical Image Segmentation,https://papers.miccai.org/miccai-2026/0916-Paper3034.html,3,Accept,Provisional Accept,1
Histology,SAM-Cluster and SAM-LP: Structure-Aware Evaluation Metrics for Selecting WSI Feature Extractors Without MIL Training,https://papers.miccai.org/miccai-2026/0917-Paper4643.html,2,Invite for Rebuttal,Accept,3
MRI,SAMoCo: A Learning-Initialized and Physics-Refined Framework for Sampling-Agnostic Motion Correction in MRI,https://papers.miccai.org/miccai-2026/0918-Paper3249.html,3,Accept,Provisional Accept,1
Photo_video,SANT-CBM: Structurally-Aware and Noise-Tolerant Semi-supervised Concept Bottleneck Models,https://papers.miccai.org/miccai-2026/0919-Paper4448.html,2,Invite for Rebuttal,Accept,3
MRI,SAR-Net: Sample-Agnostic Retrieval Network for Robust Brain Tumor Segmentation with Missing Modalities,https://papers.miccai.org/miccai-2026/0920-Paper1730.html,2,Invite for Rebuttal,Accept,3
ultrasounds,SAVer: Structure-Aware Validation of Standard Fetal Head Planes via Clinically Grounded Anatomical Completeness,https://papers.miccai.org/miccai-2026/0921-Paper5513.html,1,Invite for Rebuttal,Accept,3
Robotics,SAW: Toward a Surgical Action World Model via Controllable and Scalable Video Generation,https://papers.miccai.org/miccai-2026/0922-Paper2781.html,1,Invite for Rebuttal,Accept,3
CT-XRay,Scalable Training of Spatially Grounded 2D Vision–Language Models for Radiology,https://papers.miccai.org/miccai-2026/0923-Paper4764.html,2,Invite for Rebuttal,Accept,3
Physio-signals,S-CEReBrO: Breaking the Memory Barrier in Continuous EEG Monitoring,https://papers.miccai.org/miccai-2026/0924-Paper6624.html,2,Invite for Rebuttal,Accept,3
Endoscopy,SCISSR: Scribble-Conditioned Interactive Surgical Segmentation and Refinement,https://papers.miccai.org/miccai-2026/0925-Paper5377.html,3,Invite for Rebuttal,Accept,3
CT-XRay,SCKAN: Structural Consensus-Based KAN Prototype Learning for Semi-supervised Pancreas Segmentation,https://papers.miccai.org/miccai-2026/0926-Paper0226.html,2,Accept,Provisional Accept,1
CT-XRay,ScribbleDose: Scribble-Guided Dose Prediction in Radiotherapy,https://papers.miccai.org/miccai-2026/0927-Paper1119.html,2,Accept,Provisional Accept,1
Endoscopy,SD-SAM: Synergizing SAM and DINOv3 for Parameter-Efficient Polyp Segmentation and a Challenging Benchmark Dataset,https://papers.miccai.org/miccai-2026/0928-Paper1385.html,2,Invite for Rebuttal,Accept,3
Computational_imagings,Seamless Whole Slide Label-Free Virtual Staining,https://papers.miccai.org/miccai-2026/0929-Paper4124.html,2,Invite for Rebuttal,Accept,3
CT-XRay,SeedPro: Place Brachytherapy Seeds Like Expert Clinicians via Hierarchical Reinforcement Agents,https://papers.miccai.org/miccai-2026/0930-Paper3635.html,2,Accept,Provisional Accept,1
CT-XRay,Seeing Through Multiple Views: Parameter-Efficient Fine-Tuning via Selective Neurons for Consistent Radiology Report Generation,https://papers.miccai.org/miccai-2026/0931-Paper1298.html,2,Invite for Rebuttal,Accept,3
Endoscopy,Seeing Through Smoke: Surgical Desmoking for Improved Visual Perception,https://papers.miccai.org/miccai-2026/0932-Paper4094.html,1,Invite for Rebuttal,Accept,3
CT-XRay,SegDINO: Introducing Multi-Scale Structure into DINO for Efficient Medical Image Segmentation,https://papers.miccai.org/miccai-2026/0933-Paper0067.html,3,Accept,Provisional Accept,1
MRI,Segment Anything Model with Symmetric Spectral Uncertainty Gating for Generalizable Medical Image Segmentation,https://papers.miccai.org/miccai-2026/0934-Paper4696.html,2,Invite for Rebuttal,Reject,3
Endoscopy,Selective Confidence Fusion for Specular Highlight Detection in Medical Images,https://papers.miccai.org/miccai-2026/0935-Paper3264.html,3,Accept,Provisional Accept,1
Histology,Selective Rank-1 Orthogonality Regularization: Rethinking Stability-Plasticity Balance in Continual Medical Image Classification,https://papers.miccai.org/miccai-2026/0936-Paper1135.html,3,Accept,Provisional Accept,1
CT-XRay,Self-auditing Parameter-Efficient Fine-Tuning for Few-Shot 3D Medical Image Segmentation,https://papers.miccai.org/miccai-2026/0937-Paper3785.html,1,Invite for Rebuttal,Accept,3
MRI,Self-Supervised Implicit CEST Reconstruction via Physics-Informed Lorentz Encoding,https://papers.miccai.org/miccai-2026/0938-Paper1033.html,2,Invite for Rebuttal,Accept,3
ultrasounds,Self-supervised Learning on Lingual Ultrasound Video Encodes Clinically Meaningful Articulatory Structure of Rhotic Production in Residual Speech Sound Disorder,https://papers.miccai.org/miccai-2026/0939-Paper3947.html,2,Invite for Rebuttal,Accept,3
PET_SPECT,Self-supervised Longitudinal Neuroimaging Augmentation for Continuous Staging of Alzheimer’s Disease,https://papers.miccai.org/miccai-2026/0940-Paper0985.html,2,Accept,Provisional Accept,1
ultrasounds,Self-supervised Spline Autoencoder for Smooth Latent Dynamics in Echocardiography,https://papers.miccai.org/miccai-2026/0941-Paper1703.html,1,Invite for Rebuttal,Accept,3
ultrasounds,Self-supervised Temporal Regularization for Landmark-Based Cardiac Segmentation with Automatic AHA Regional Mapping,https://papers.miccai.org/miccai-2026/0942-Paper5651.html,2,Invite for Rebuttal,Reject,3
CT-XRay,Semantic Feature Modulation for Mammographic Lesion Classification,https://papers.miccai.org/miccai-2026/0943-Paper1039.html,3,Accept,Provisional Accept,1
PET_SPECT,Semantically Consistent Whole-Body PET/CT Report Generation with Local Lesion-Level Guidance,https://papers.miccai.org/miccai-2026/0944-Paper0238.html,2,Invite for Rebuttal,Accept,3
CT-XRay,Semantic-Aware Organ-Level Esophageal Tumor Synthesis via Latent Rectified Flow,https://papers.miccai.org/miccai-2026/0945-Paper2223.html,2,Accept,Provisional Accept,1
CT-XRay,Semantic-Consistent Dual-Image Vision-Language Alignment via Modality Routing for 3D PET/CT,https://papers.miccai.org/miccai-2026/0946-Paper5633.html,3,Invite for Rebuttal,Accept,3
MRI,Sequence-Conditioned Flow-Based Models for Digital Phantom Generation in MRI,https://papers.miccai.org/miccai-2026/0947-Paper2599.html,2,Invite for Rebuttal,Accept,3
Computational_imagings,"Set-Based Groupwise Registration for Variable-Length, Variable-Contrast Cardiac MRI",https://papers.miccai.org/miccai-2026/0948-Paper0220.html,3,Accept,Provisional Accept,1
MRI,Set-Inclusive Uncertainty Modeling for Robust Brain Tumor Segmentation,https://papers.miccai.org/miccai-2026/0949-Paper1877.html,2,Invite for Rebuttal,Accept,3
Microscopy,SF-DINO: Spatial-Frequency Adapted Foundation Model for Multiple Myeloma Diagnosis,https://papers.miccai.org/miccai-2026/0950-Paper0787.html,2,Invite for Rebuttal,Accept,3
MRI,S-GRPO: Structural Group Relative Policy Optimization for Medical Image Segmentation,https://papers.miccai.org/miccai-2026/0951-Paper1756.html,3,Accept,Provisional Accept,1
MRI,Shape-Adaptive Guidance Signal for Interactive Cortical Sulcal Labeling,https://papers.miccai.org/miccai-2026/0952-Paper3242.html,3,Accept,Provisional Accept,1
ultrasounds,Shape-Aware Registration Without Pretraining: CT-Ultrasound Bone Surface Alignment via Instance-Level Shape Completion,https://papers.miccai.org/miccai-2026/0953-Paper3358.html,2,Invite for Rebuttal,Accept,3
Physio-signals,ShapeEFM: A Shape-Based Pretrained Foundation Model on ECG Morphology Comprehension,https://papers.miccai.org/miccai-2026/0954-Paper2861.html,2,Invite for Rebuttal,Accept,3
MRI,Shape-Scale Aware Diffusion Models for Weakly Supervised Medical Image Anomaly Detection,https://papers.miccai.org/miccai-2026/0955-Paper1676.html,1,Invite for Rebuttal,Reject,3
CT-XRay,ShapKO: Shapley-Adaptive Modality Knockout for Robust Multimodal Learning,https://papers.miccai.org/miccai-2026/0956-Paper3767.html,2,Invite for Rebuttal,Accept,3
MRI,Shared Gaussian Geometry for Brain MRI Spatial Resolution Harmonization Without External Training,https://papers.miccai.org/miccai-2026/0957-Paper2065.html,3,Accept,Provisional Accept,1
MRI,SHINE: An Entropy-Guided Digital Twin Framework for 3D Myocardial Scar Reconstruction from Sparse CMR,https://papers.miccai.org/miccai-2026/0958-Paper4741.html,1,Invite for Rebuttal,Accept,3
Microscopy,SHOT-CCR: Biologically Guided Adversarial Training for Test-Time Adaptation in Cellular Morphology,https://papers.miccai.org/miccai-2026/0959-Paper4889.html,3,Accept,Provisional Accept,1
MRI,SIGMA-VAE: Sketched Isotropic Gaussian Multi-View Autoencoder for Normative Modeling,https://papers.miccai.org/miccai-2026/0960-Paper3072.html,2,Invite for Rebuttal,Accept,3
Histology,Single-Stage Hierarchical Rectification for Weakly Supervised Histopathology Segmentation,https://papers.miccai.org/miccai-2026/0961-Paper3170.html,2,Invite for Rebuttal,Reject,3
MRI,Single-Subject Multi-view MRI Super-Resolution via Implicit Neural Representations,https://papers.miccai.org/miccai-2026/0962-Paper6049.html,2,Invite for Rebuttal,Accept,3
Endoscopy,SIRA: Reasoning-Aware Surgical Instrument Segmentation via Query-Anchored Alignment,https://papers.miccai.org/miccai-2026/0963-Paper1772.html,1,Invite for Rebuttal,Reject,3
Others,Situational context embedding and knowledge-based grounding for LLMs in surgical training assistance,https://papers.miccai.org/miccai-2026/0964-Paper2608.html,2,Invite for Rebuttal,Accept,3
MRI,SkepticalNet: A Safety-Aware Interactive Segmentation Framework for Neuro-Oncology,https://papers.miccai.org/miccai-2026/0965-Paper2357.html,1,Invite for Rebuttal,Accept,3
CT-XRay,Skill-Evolving Grounded Reasoning for Free-Text Promptable 3D Medical Image Segmentation,https://papers.miccai.org/miccai-2026/0966-Paper3761.html,3,Accept,Provisional Accept,1
Photo_video,Skin2Mind: A Multimodal Framework for Mental Health Risk Screening via Facial Images and Structured Skin Reports,https://papers.miccai.org/miccai-2026/0967-Paper0579.html,3,Accept,Provisional Accept,1
CT-XRay,SLICE-MIL: Counterfactual Semantic Anchoring of Disentangled Evidence for Child-Pugh Grading,https://papers.miccai.org/miccai-2026/0968-Paper2557.html,1,Invite for Rebuttal,Accept,3
Histology,SlideGuard: WSI Artifact Detection Benchmark,https://papers.miccai.org/miccai-2026/0969-Paper3442.html,3,Accept,Provisional Accept,1
MRI,Slim nnU-Net: Revisiting nnU-Net Self Configuration from an Optimization Angle,https://papers.miccai.org/miccai-2026/0970-Paper4849.html,2,Invite for Rebuttal,Accept,3
Robotics,SMART-KNEE: Sparse-Morphology Based Anatomical Reconstruction Using Topology-Aware Networks for Imageless Total Knee Arthroplasty,https://papers.miccai.org/miccai-2026/0971-Paper6533.html,2,Invite for Rebuttal,Accept,3
Sensors,Smartphone-Based ASD Screening via Instance-Adaptive Cross-Modal Fusion and Contrastive Learning,https://papers.miccai.org/miccai-2026/0972-Paper2449.html,2,Invite for Rebuttal,Accept,3
ultrasounds,SONIC: Sonographer-Inspired Conceptual Explanation for Neural Networks,https://papers.miccai.org/miccai-2026/0973-Paper2137.html,3,Accept,Provisional Accept,1
Multimodals,SonoCLIP: Mask-Guided Region-Aware Vision–Language Pretraining for Fetal Ultrasound Analysis,https://papers.miccai.org/miccai-2026/0974-Paper5124.html,2,Invite for Rebuttal,Accept,3
MRI,Source-Free Domain Adaptation for Medical Image Segmentation via LLM-Agent Collaboration,https://papers.miccai.org/miccai-2026/0975-Paper4948.html,1,Invite for Rebuttal,Accept,2
CT-XRay,Sparse Autoencoders for Interpretable Medical Image Representation Learning,https://papers.miccai.org/miccai-2026/0976-Paper4497.html,2,Invite for Rebuttal,Accept,3
CT-XRay,Sparse Local Latents for Explainable Zero-Shot Reasoning in Medical Vision-Language Models,https://papers.miccai.org/miccai-2026/0977-Paper1037.html,2,Invite for Rebuttal,Accept,3
Photo_video,Sparsely Supervised Surgical Video Segmentation with Reliable Asymmetric Dual Memory,https://papers.miccai.org/miccai-2026/0978-Paper5645.html,2,Invite for Rebuttal,Accept,3
CT-XRay,Spatially-Aware Graph Geometric Representation for Lung Nodules Detection,https://papers.miccai.org/miccai-2026/0979-Paper6009.html,2,Invite for Rebuttal,Accept,3
MRI,Spatiotemporal Modeling of Longitudinal MRI with Causal Graph Reasoning for Breast Cancer pCR Prediction,https://papers.miccai.org/miccai-2026/0980-Paper0448.html,2,Invite for Rebuttal,Accept,3
CT-XRay,Spatiotemporal Modeling of Tumor Dynamics via Optimal Transport for Enhanced Longitudinal Analysis,https://papers.miccai.org/miccai-2026/0981-Paper5716.html,2,Invite for Rebuttal,Reject,3
MRI,SPEAR: Error-Guided Sparse Refinement for Scalable Deformable Medical Image Registration,https://papers.miccai.org/miccai-2026/0982-Paper4287.html,2,Invite for Rebuttal,Accept,3
Photo_video,SpecF2M: A Spectral-Aware Multi-task Network Estimating Axial Length and Refractive Error from Pediatric Fundus Photographs,https://papers.miccai.org/miccai-2026/0983-Paper1928.html,1,Invite for Rebuttal,Accept,2
Histology,Spectral-Semantic Consensus for Few-Shot Whole Slide Image Classification,https://papers.miccai.org/miccai-2026/0984-Paper4444.html,2,Invite for Rebuttal,Accept,3
Func_MRI,Spectral-Temporal State Space Modeling on Functional Brain Networks,https://papers.miccai.org/miccai-2026/0985-Paper0830.html,3,Accept,Provisional Accept,1
MRI,Speech-Guided Multimodal Learning for Vocal Tract Segmentation in Real-Time MRI,https://papers.miccai.org/miccai-2026/0986-Paper1811.html,3,Accept,Provisional Accept,1
MRI,SPHARM-Mamba: Rotation-Invariant Multiscale Modeling for Brain Age Prediction,https://papers.miccai.org/miccai-2026/0987-Paper3058.html,2,Invite for Rebuttal,Reject,3
CT-XRay,Spherical Clinical Embedding with Adaptive Multi-expert Fusion for AAA Rupture Classification,https://papers.miccai.org/miccai-2026/0988-Paper3622.html,2,Invite for Rebuttal,Accept,3
Physio-signals,SpikeEEGformer: A Spike-Driven Transformer for Generalized EEG Recognition,https://papers.miccai.org/miccai-2026/0989-Paper2498.html,3,Accept,Provisional Accept,1
Physio-signals,SpikeMamba: Spike-Driven State Space Models for Energy-Efficient Biomedical Sequence Modeling,https://papers.miccai.org/miccai-2026/0990-Paper4698.html,1,Invite for Rebuttal,Accept,3
Diffusion-MRI,Spinverse: Differentiable Physics for Permeability-Aware Microstructure Reconstruction from Diffusion MRI,https://papers.miccai.org/miccai-2026/0991-Paper6164.html,2,Invite for Rebuttal,Accept,3
MRI,SRMA-Mamba: Spatial Reverse Mamba Attention Network for Pathological Liver Segmentation in MRI Volumes,https://papers.miccai.org/miccai-2026/0992-Paper5682.html,1,Invite for Rebuttal,Reject,3
MRI,SRPAN: Implicit Neural Slice-to-Volume Reconstruction for Super-Resolution Pancreatic MRI,https://papers.miccai.org/miccai-2026/0993-Paper1735.html,3,Accept,Provisional Accept,1
Others,SS-IoSR: Self-supervised Intraoral Scans Repair,https://papers.miccai.org/miccai-2026/0994-Paper5293.html,1,Invite for Rebuttal,Accept,3
CT-XRay,SSPT: Spiking Serialized Point Transformer for Couinaud Segmentation in 3D Medical Data,https://papers.miccai.org/miccai-2026/0995-Paper2435.html,1,Invite for Rebuttal,Accept,3
Photo_video,Stabilizing Temporal Inference Dynamics for Online Surgical Phase Recognition,https://papers.miccai.org/miccai-2026/0996-Paper0190.html,2,Accept,Provisional Accept,1
PET_SPECT,Stage-Aware Adaptive Reaction–Diffusion Framework for Modeling Alzheimer’s Disease Progression with Tau and Amyloid-β PET Scans,https://papers.miccai.org/miccai-2026/0997-Paper3827.html,3,Accept,Provisional Accept,1
MRI,STAMP: Subtype-Aware Spatio-Temporal Atlases for Personalized Prediction of Longitudinal Alzheimer’s Disease Progression,https://papers.miccai.org/miccai-2026/0998-Paper3598.html,3,Accept,Provisional Accept,1
CT-XRay,"Steer the Sampling, Not the Kernel Grid: Geometry-Guided Sampling Operator for Volumetric Segmentation",https://papers.miccai.org/miccai-2026/0999-Paper2940.html,2,Invite for Rebuttal,Accept,3
CT-XRay,StrokeTimer: Robust Representation Learning for Ischemic Stroke Onset-Time Estimation from Non-Contrast CT,https://papers.miccai.org/miccai-2026/1000-Paper0549.html,3,Accept,Provisional Accept,1
CT-XRay,Structural Congruence Matters: Biological Pretraining for Vascular Graph Extraction,https://papers.miccai.org/miccai-2026/1001-Paper2313.html,2,Accept,Provisional Accept,1
Physio-signals,Structural-Semantic Aware Information Reduction for Asymmetric EEG-Visual Alignment,https://papers.miccai.org/miccai-2026/1002-Paper1769.html,2,Accept,Provisional Accept,1
CT-XRay,Structure-Adaptive Sparse Diffusion in Voxel Space for 3D Medical Image Enhancement,https://papers.miccai.org/miccai-2026/1003-Paper5369.html,2,Invite for Rebuttal,Accept,3
ultrasounds,Structure-Aware Sensorless 3D Ultrasound and Photoacoustic Reconstruction,https://papers.miccai.org/miccai-2026/1004-Paper0978.html,1,Invite for Rebuttal,Accept,3
MRI,Structure-Contrast Disentangled INRs for Accelerated Multi-contrast MRI Reconstruction,https://papers.miccai.org/miccai-2026/1005-Paper0094.html,2,Invite for Rebuttal,Accept,3
Physio-signals,Subject- and Task-Aware EEG Foundation Model,https://papers.miccai.org/miccai-2026/1006-Paper2756.html,2,Invite for Rebuttal,Accept,3
MRI,Subject-Specific Low-Field MRI Synthesis via a Neural Operator,https://papers.miccai.org/miccai-2026/1007-Paper0707.html,3,Accept,Provisional Accept,1
MRI,Sub-Resolution Monocyte Detection in Time-Lapse MRI: A Benchmark,https://papers.miccai.org/miccai-2026/1008-Paper2334.html,3,Accept,Provisional Accept,1
MRI,Sulcus-Aware Hippocampal Surface Modeling with Training-Time Sulcus-Guided Learning,https://papers.miccai.org/miccai-2026/1009-Paper1315.html,1,Invite for Rebuttal,Accept,3
CT-XRay,SuRe-Flow: Surface-to-CT Synthesis via Retrieval-Augmented Rectified Flow for CT-Free Superficial Radiotherapy,https://papers.miccai.org/miccai-2026/1010-Paper3125.html,3,Accept,Provisional Accept,1
CT-XRay,SurfMark3D: Surface-Based Graph Convolution Framework for Distal Femoral Landmark Localisation in Total Knee Arthroplasty,https://papers.miccai.org/miccai-2026/1011-Paper6540.html,2,Invite for Rebuttal,Accept,3
Robotics,Surgical Anatomy Recognition with Context Learning using Foundation Representations,https://papers.miccai.org/miccai-2026/1012-Paper3502.html,2,Invite for Rebuttal,Accept,3
Endoscopy,Surgical Video Temporal Grounding,https://papers.miccai.org/miccai-2026/1013-Paper4572.html,0,Invite for Rebuttal,Accept,3
Endoscopy,SurgLQA: Scalable Long-Horizon Surgical Video Question Answering,https://papers.miccai.org/miccai-2026/1014-Paper0680.html,3,Accept,Provisional Accept,1
Endoscopy,SurgMark: Structure-Aware Watermarking for 4D Gaussian Splatting in Surgical Scenes,https://papers.miccai.org/miccai-2026/1015-Paper2259.html,2,Invite for Rebuttal,Reject,3
Endoscopy,SurgOnAir: Hierarchy-Aware Real-Time Surgical Video Commentary,https://papers.miccai.org/miccai-2026/1016-Paper1882.html,1,Invite for Rebuttal,Reject,3
CT-XRay,SurgRFO: Foundation Model Based Compositional Synthesis of Critical Retained Foreign Objects in Intraoperative Chest X-Rays,https://papers.miccai.org/miccai-2026/1017-Paper1483.html,2,Invite for Rebuttal,Accept,3
Endoscopy,SurgVLA-Bench: Towards Evaluating Vision-Language-Action Models for Laparoscopic Surgical Robotics,https://papers.miccai.org/miccai-2026/1018-Paper1457.html,1,Invite for Rebuttal,Accept,3
Endoscopy,SurgZSD: Zero-Shot Surgical Action Triplet Detection via Attribute Composition and Clinical Feasibility Inference,https://papers.miccai.org/miccai-2026/1019-Paper3187.html,1,Invite for Rebuttal,Accept,3
CT-XRay,SurvTTA: Order-Aware Test-Time Adaptation for Heterogeneous Domain Shifts in Multi-modal Survival Analysis,https://papers.miccai.org/miccai-2026/1020-Paper1250.html,2,Accept,Provisional Accept,1
Photo_video,SutureFormer: Learning Surgical Trajectories via Goal-Conditioned Offline RL in Pixel Space,https://papers.miccai.org/miccai-2026/1021-Paper2703.html,2,Invite for Rebuttal,Accept,3
Func_MRI,SwallowReg: SAM-Assisted Deformable Registration with Adaptive Global-Local Features for Cine-MRI Swallowing Function Quantification,https://papers.miccai.org/miccai-2026/1022-Paper2405.html,2,Invite for Rebuttal,Accept,3
Computational_imagings,SWoMo: Neuro-Symbolic World Model for Cataract Surgery Simulation,https://papers.miccai.org/miccai-2026/1023-Paper2681.html,3,Accept,Provisional Accept,1
CT-XRay,SymmDiff: Symmetry-Guided Diffusion for Fracture Localization in Pelvic Radiographs,https://papers.miccai.org/miccai-2026/1024-Paper4114.html,3,Accept,Provisional Accept,1
Histology,Synergistic Information Disentanglement for Omni-Modal Slide Representation Learning in Computational Pathology,https://papers.miccai.org/miccai-2026/1025-Paper0048.html,3,Accept,Provisional Accept,1
CT-XRay,Synergistic Perception-Reasoning Governance: Grounding Medical MLLMs with Verifiable Anatomical Evidence,https://papers.miccai.org/miccai-2026/1026-Paper0077.html,2,Accept,Provisional Accept,1
MRI,"SynHydro: Biomechanics-Driven Domain Randomization for Hydrocephalus-Agnostic, Generalizable Tissue-Ventricle Segmentation Across Age, Modality, and Resolution",https://papers.miccai.org/miccai-2026/1027-Paper1217.html,1,Invite for Rebuttal,Accept,3
CT-XRay,SynMamba: Synergizing Visual Mamba with Synthesized Clinical Semantics for Boundary-Aware Segmentation,https://papers.miccai.org/miccai-2026/1028-Paper3043.html,3,Accept,Provisional Accept,1
MRI,SYNPRED: A Synergistic Approach to Multimodal Learning for Clinical Prediction,https://papers.miccai.org/miccai-2026/1029-Paper2011.html,2,Invite for Rebuttal,Accept,3
CT-XRay,TAIR: Text-Guided Adaptive Prompt Refinement for Coarse-to-Fine all-in-One Medical Image Restoration,https://papers.miccai.org/miccai-2026/1030-Paper1045.html,1,Invite for Rebuttal,Accept,3
CT-XRay,Task-Performance Routing for Multi-teacher Distillation in CT Medical Image Segmentation,https://papers.miccai.org/miccai-2026/1031-Paper0973.html,2,Invite for Rebuttal,Accept,3
CT-XRay,TAVR-VLM: Risk-Conditioned Causal Grounding for Hallucination-Resistant Report Generation,https://papers.miccai.org/miccai-2026/1032-Paper2099.html,1,Invite for Rebuttal,Accept,3
CT-XRay,TCCT: Trajectory-Conditioned CBCT Reconstruction for Sinusoidal Non-circular Orbits with a Fourier Neural Operator,https://papers.miccai.org/miccai-2026/1033-Paper3821.html,2,Invite for Rebuttal,Accept,3
CT-XRay,TCFD-Net: Temporal-Calibrated Feature Disentanglement Network for Dual-Timepoint CT-Based Immunotherapy Response Prediction in Advanced Non-small Cell Lung Cancer,https://papers.miccai.org/miccai-2026/1034-Paper3685.html,2,Invite for Rebuttal,Accept,3
Histology,TC-SSA: Token Compression via Semantic Slot Aggregation for Gigapixel Pathology Reasoning,https://papers.miccai.org/miccai-2026/1035-Paper2663.html,2,Invite for Rebuttal,Accept,3
Endoscopy,TEDi: Temporal Memory-Enhanced and Denoising Transformer for Surgical Instrument Segmentation,https://papers.miccai.org/miccai-2026/1036-Paper1672.html,2,Invite for Rebuttal,Accept,3
CT-XRay,TeDyS: Temporal Dynamics with Spatial Context for Longitudinal Progression Prediction,https://papers.miccai.org/miccai-2026/1037-Paper4449.html,1,Invite for Rebuttal,Accept,3
CT-XRay,Temporal Phase-Difference Guided Spatiotemporal Learning for DSA Vessel Segmentation,https://papers.miccai.org/miccai-2026/1038-Paper1936.html,2,Invite for Rebuttal,Accept,3
MRI,Testable Concept Bottlenecks for Pretreatment pCR Prediction in Breast DCE-MRI: Faithfulness and Reliability,https://papers.miccai.org/miccai-2026/1039-Paper4538.html,2,Accept,Provisional Accept,1
Physio-signals,Test-Time Adaptation for ECG Classification via SQI-Gated Self-training and Beat-Rhythm Consistency,https://papers.miccai.org/miccai-2026/1040-Paper2304.html,1,Invite for Rebuttal,Reject,3
Endoscopy,Test-Time Adaptation for Rare Surgical Phase Recognition: Bridging the Coverage-Gap Paradox,https://papers.miccai.org/miccai-2026/1041-Paper6471.html,2,Invite for Rebuttal,Reject,3
CT-XRay,Test-Time Adaptation in Optical Coherence Tomography Using Trajectory-Aligned Time-Independent Flow,https://papers.miccai.org/miccai-2026/1042-Paper1314.html,3,Invite for Rebuttal,Accept,3
CT-XRay,Test-time Adaptation of Pelvic Bone Segmentation Models via Dynamic Reliability-Guided,https://papers.miccai.org/miccai-2026/1043-Paper1573.html,2,Invite for Rebuttal,Accept,3
CT-XRay,Text as a Compass: Semantic-Navigated 3D Bone Collapse Prediction via Orthogonal Micro-volume Primitives,https://papers.miccai.org/miccai-2026/1044-Paper4518.html,3,Accept,Provisional Accept,1
CT-XRay,Text as Illumination: Spatial Contrastive Retinex Learning for Language-Guided Medical Image Segmentation,https://papers.miccai.org/miccai-2026/1045-Paper1662.html,2,Invite for Rebuttal,Accept,3
CT-XRay,Text as the Sieve: Information Bottleneck Guided Prototype Sieving for Text-Guided Medical Image Segmentation,https://papers.miccai.org/miccai-2026/1046-Paper0685.html,2,Invite for Rebuttal,Reject,3
MRI,Text Guidance and Distance Gating Improve Detection and Segmentation of Focal Cortical Dysplasia,https://papers.miccai.org/miccai-2026/1047-Paper5707.html,2,Invite for Rebuttal,Accept,3
Diffusion-MRI,Text-Deficient Multimodal Stroke Segmentation with Lesion-Grounded Self-Retrieval-Augmented Generation,https://papers.miccai.org/miccai-2026/1048-Paper6416.html,3,Accept,Provisional Accept,1
CT-XRay,Text-Guided Multi-frequency Latent Diffusion for Medical Image Segmentation,https://papers.miccai.org/miccai-2026/1049-Paper2061.html,2,Invite for Rebuttal,Accept,3
CT-XRay,TGBD-Net: Tumor-Guided Bridging Distillation for Joint EGFR Mutation and Survival Prediction in Lung Cancer from CT Imaging,https://papers.miccai.org/miccai-2026/1050-Paper0569.html,3,Accept,Provisional Accept,1
MRI,TGH-DB: Template-Guided Heteroscedastic Diffusion Bridge for Brain MRI-to-PET Synthesis,https://papers.miccai.org/miccai-2026/1051-Paper0673.html,2,Invite for Rebuttal,Accept,3
CT-XRay,TG-OT: Topology-Guided CCTA-IVUS Registration via Optimal Transport Matching,https://papers.miccai.org/miccai-2026/1052-Paper1931.html,2,Invite for Rebuttal,Accept,3
CT-XRay,The Learnability Gap in Medical Latent Diffusion,https://papers.miccai.org/miccai-2026/1053-Paper3049.html,1,Invite for Rebuttal,Accept,3
Func_MRI,The Neuro-Developing Engine: a Surrogate Longitudinal Model for Infant Brain Dynamics Via Causal Distillation,https://papers.miccai.org/miccai-2026/1054-Paper1965.html,2,Invite for Rebuttal,Accept,3
Others,"The Paper Has a GitHub, the GitHub Has a README, the README Has Nothing: Reproducibility Signals for Review Support",https://papers.miccai.org/miccai-2026/1055-Paper0729.html,2,Accept,Provisional Accept,1
Histology,"Think Global, Look Focal: Dual-Stream Retrieval-Augmented Pathology Report Generation for Whole Slide Images",https://papers.miccai.org/miccai-2026/1056-Paper4899.html,3,Accept,Provisional Accept,1
Histology,Through the Schrödinger Bridge: Benchmarking Antemortem Image Restoration from Postmortem Autolysis to Enhance Forensic Diagnostics,https://papers.miccai.org/miccai-2026/1057-Paper0259.html,3,Accept,Provisional Accept,1
CT-XRay,Through-Plane Attention for Anisotropic CT Super-Resolution Improves Quantitative Lung Cancer Analysis,https://papers.miccai.org/miccai-2026/1058-Paper5469.html,2,Invite for Rebuttal,Accept,3
Computational_imagings,Time Matters: Rethinking Diffusion and Flow Models in One-Step Medical Image Translation,https://papers.miccai.org/miccai-2026/1059-Paper0293.html,3,Accept,Provisional Accept,1
CT-XRay,Time-Grounded Clinical Prediction from Longitudinal Multimodal Patient Histories,https://papers.miccai.org/miccai-2026/1060-Paper4415.html,1,Invite for Rebuttal,Reject,2
Histology,TinyH2GNet: Exploring Lightweight Models for Gene Expression Prediction from H&E Images,https://papers.miccai.org/miccai-2026/1061-Paper5521.html,1,Invite for Rebuttal,Reject,3
Microscopy,TissueCodePilot: A Code-Action Agent for AI-Assisted Spatial Tissue Analysis,https://papers.miccai.org/miccai-2026/1062-Paper1741.html,2,Accept,Provisional Accept,1
PET_SPECT,TOF-GR: Unsupervised PET Reconstruction via Time-of-Flight Gaussian Representation and Kernel-Based Prior Modeling,https://papers.miccai.org/miccai-2026/1063-Paper4528.html,2,Accept,Provisional Accept,1
MRI,TOFlow: Learning-Based Isotropic Reconstruction and Flow Mapping from Multi-orientation TOF-MRA,https://papers.miccai.org/miccai-2026/1064-Paper2261.html,2,Invite for Rebuttal,Accept,4
Others,Tooth Alignment via Virtual Trajectories with Clinical Constraints,https://papers.miccai.org/miccai-2026/1065-Paper5316.html,3,Accept,Provisional Accept,1
CT-XRay,ToothFairy3: Scaling CBCT Maxillofacial Segmentation to 77 Classes with U-Mamba2,https://papers.miccai.org/miccai-2026/1066-Paper0853.html,2,Accept,Provisional Accept,1
MRI,Topology-Driven Transferability Estimation of Medical Foundation Models for Segmentation,https://papers.miccai.org/miccai-2026/1067-Paper2193.html,3,Accept,Provisional Accept,1
Photo_video,TopoOR: A Unified Topological Scene Representation for the Operating Room,https://papers.miccai.org/miccai-2026/1068-Paper2412.html,3,Accept,Provisional Accept,1
CT-XRay,TotalFM: An Organ-Separated 3D-CT Foundation Model Leveraging Large-Scale Routine Clinical Radiology Data,https://papers.miccai.org/miccai-2026/1069-Paper0127.html,2,Invite for Rebuttal,Reject,3
Photo_video,Toward Markerless Video-Based Tremor Analysis: Objective Quantification of Pathological Tremor in Mouse Preclinical Models,https://papers.miccai.org/miccai-2026/1070-Paper0587.html,1,Invite for Rebuttal,Accept,3
CT-XRay,Toward Synergistic Learning for Liver Vessel and Couinaud Segmentations,https://papers.miccai.org/miccai-2026/1071-Paper1418.html,1,Invite for Rebuttal,Accept,3
ultrasounds,Toward Thyroid Cancer BRAF V600E Mutation Prediction via Multimodal Large Language Model: Dataset and Model Development,https://papers.miccai.org/miccai-2026/1072-Paper2492.html,1,Invite for Rebuttal,Accept,3
CT-XRay,Towards Class-Aware Semantic Decoupling in Multi-modal Disease Diagnosis with Missing Modalities,https://papers.miccai.org/miccai-2026/1073-Paper1452.html,2,Invite for Rebuttal,Accept,3
CT-XRay,Towards Direction-Equilibrated Segmentation in 3D Medical Images,https://papers.miccai.org/miccai-2026/1074-Paper1575.html,2,Invite for Rebuttal,Reject,3
CT-XRay,Towards the Digital Dental Models: High-Fidelity CBCT-to-IOS Fusion via Anatomy-Aware Geometric Transformers,https://papers.miccai.org/miccai-2026/1075-Paper0251.html,1,Invite for Rebuttal,Accept,3
ultrasounds,Towards Unified Image–Video Modeling Across B-Mode and Contrast-Enhanced Ultrasound for Multi-task Analysis,https://papers.miccai.org/miccai-2026/1076-Paper1246.html,1,Invite for Rebuttal,Accept,3
Endoscopy,Towards Unified Surgical Scene Understanding: Bridging Reasoning and Grounding via MLLMs,https://papers.miccai.org/miccai-2026/1077-Paper2568.html,2,Accept,Provisional Accept,1
MRI,Towards Versatile and Safe Multi-electrode Path Planning for SEEG Implantation,https://papers.miccai.org/miccai-2026/1078-Paper2621.html,2,Invite for Rebuttal,Accept,3
CT-XRay,TraceCXR: Verifiable Chest X-ray Reports via Evidence-Addressable Graph Prompting,https://papers.miccai.org/miccai-2026/1079-Paper3018.html,3,Accept,Provisional Accept,1
Photo_video,TRACE-PSG: Traceable Sleep Diagnosis Support with Pointer-Grounded Evidence,https://papers.miccai.org/miccai-2026/1080-Paper5410.html,2,Invite for Rebuttal,Reject,3
PET_SPECT,TracerAD: Training-Free Few-Shot 3D Anomaly Detection for Novel PET Tracers,https://papers.miccai.org/miccai-2026/1081-Paper3396.html,3,Accept,Provisional Accept,1
PET_SPECT,Tracer-Adaptive Expert Learning for Generalizable PET Lesion Segmentation,https://papers.miccai.org/miccai-2026/1082-Paper0325.html,1,Invite for Rebuttal,Accept,3
Endoscopy,Track2Map: Online Deformable SLAM with Motion-Aware Pose Optimization in Robotic Surgery,https://papers.miccai.org/miccai-2026/1083-Paper2834.html,1,Invite for Rebuttal,Accept,3
ultrasounds,Trackerless Ultrasound Pose Estimation via Correspondence-Aware Tokenization and Flow-Matching Transformers,https://papers.miccai.org/miccai-2026/1084-Paper6350.html,2,Invite for Rebuttal,Accept,3
Computational_imagings,Tractography-Driven Synthetic Data Generation for Fiber Bundle Segmentation in Tracer Histology,https://papers.miccai.org/miccai-2026/1085-Paper4001.html,1,Invite for Rebuttal,Accept,3
Endoscopy,Training LLMs with Reinforcement Learning over Digital Twin Representations for Reasoning-Intensive Surgical VideoQA,https://papers.miccai.org/miccai-2026/1086-Paper2694.html,2,Invite for Rebuttal,Accept,3
Robotics,Trajectory-Aware Cross-Paradigm Transformers for Efficient System Matrix Calibration in Magnetic Particle Imaging,https://papers.miccai.org/miccai-2026/1087-Paper1912.html,2,Invite for Rebuttal,Accept,3
Histology,TRIAGE-MIL: Multi-axis Instance Selection and Semantic Hypergraph Modeling for Survival Prediction from Whole-Slide Images,https://papers.miccai.org/miccai-2026/1088-Paper4151.html,3,Accept,Provisional Accept,1
Computational_imagings,TriFlow: Triplane Latent Conditional Flow Matching for Efficient 3D Skull Shape Completion,https://papers.miccai.org/miccai-2026/1089-Paper1927.html,1,Invite for Rebuttal,Accept,3
MRI,Tri-KA: Tri-level knowledge anchoring test-time adaptation for source-free cross-site MRI rectal cancer segmentation,https://papers.miccai.org/miccai-2026/1090-Paper4192.html,2,Invite for Rebuttal,Accept,2
ultrasounds,TRUST: Efficient Abdominal Trauma Recognition via Image-to-Ultrasound-Video Transfer Learning,https://papers.miccai.org/miccai-2026/1091-Paper0922.html,1,Invite for Rebuttal,Accept,3
Photo_video,TrustSyn: Reliable and Divergent Synergy for Mixed-Domain Fundus Segmentation,https://papers.miccai.org/miccai-2026/1092-Paper0870.html,2,Invite for Rebuttal,Accept,3
Endoscopy,Trustworthy Endoscopic Super-Resolution,https://papers.miccai.org/miccai-2026/1093-Paper3256.html,1,Invite for Rebuttal,Accept,3
Photo_video,TSegAgent: Zero-Shot Tooth Segmentation via Geometry-Aware Vision-Language Agents,https://papers.miccai.org/miccai-2026/1094-Paper0737.html,1,Invite for Rebuttal,Accept,3
MRI,Tumor-Aware Direct Preference Optimization for Longitudinal Post-operative MRI Generation,https://papers.miccai.org/miccai-2026/1095-Paper2027.html,3,Accept,Provisional Accept,1
MRI,TumorFlow: Physics-Guided Longitudinal MRI Synthesis of Glioblastoma Growth,https://papers.miccai.org/miccai-2026/1096-Paper4612.html,1,Invite for Rebuttal,Reject,3
Histology,Two-Stage Cross-Domain Cervical Abnormality Screening with Cytopathological Image Synthesis and Knowledge Distillation,https://papers.miccai.org/miccai-2026/1097-Paper2238.html,3,Accept,Provisional Accept,1
ultrasounds,Ultrafast Echocardiography Based on Dynamic Subspace-Guided and Temporal Adaptive Diffusion,https://papers.miccai.org/miccai-2026/1098-Paper0123.html,3,Accept,Provisional Accept,1
ultrasounds,UltraStar: Semantic-Aware Star Graph Modeling for Echocardiography Navigation,https://papers.miccai.org/miccai-2026/1099-Paper1157.html,2,Invite for Rebuttal,Accept,3
CT-XRay,Uncertainty-Aware Bayesian Prompt Adaptation for Robust Cross-Modality Medical Segmentation,https://papers.miccai.org/miccai-2026/1100-Paper6571.html,3,Accept,Provisional Accept,1
Endoscopy,Uncertainty-Aware Hypergraph Consistency Learning for Semi-supervised Medical Image Segmentation,https://papers.miccai.org/miccai-2026/1101-Paper4517.html,2,Invite for Rebuttal,Accept,3
CT-XRay,Uncertainty-Aware Spatio-Semantic Contextual Prompts for Multimodal Medical Segmentation,https://papers.miccai.org/miccai-2026/1102-Paper0892.html,2,Accept,Provisional Accept,1
Diffusion-MRI,Uncertainty-Aware Spatiotemporal Graph Learning for Individualized Cortical Parcellation and Somato-Cognitive Integration in the Developing Brain,https://papers.miccai.org/miccai-2026/1103-Paper5310.html,2,Accept,Provisional Accept,1
CT-XRay,Uncertainty-Guided Conservative Propagation for Coronary Artery Segmentation,https://papers.miccai.org/miccai-2026/1104-Paper3907.html,2,Invite for Rebuttal,Reject,3
CT-XRay,Uncovering Interpretable Point-Wise Image Correspondences from Deep Segmentation Features,https://papers.miccai.org/miccai-2026/1105-Paper5323.html,3,Invite for Rebuttal,Accept,3
Endoscopy,Understanding Model Behavior in Monocular Polyp Sizing,https://papers.miccai.org/miccai-2026/1106-Paper5951.html,2,Invite for Rebuttal,Accept,3
MRI,Uni-Brain: Anatomy-Informed Diffusion for Multi-Tracer Synthesis and Counterfactual Prognosis from Cross-Sectional Data,https://papers.miccai.org/miccai-2026/1107-Paper1396.html,1,Invite for Rebuttal,Accept,3
CT-XRay,UniCT: A Unified Joint Multi-Task Framework for 3D Chest CT Abnormality Analysis,https://papers.miccai.org/miccai-2026/1108-Paper1178.html,3,Accept,Provisional Accept,1
Func_MRI,UniFCHarm: Unified Prompt-Guided Harmonization of fMRI Functional Connectivity Across Scanners and Atlases,https://papers.miccai.org/miccai-2026/1109-Paper1169.html,1,Invite for Rebuttal,Accept,3
MRI,Unified Multimodal Model for Brain MRI Imputation and Understanding,https://papers.miccai.org/miccai-2026/1110-Paper2626.html,3,Accept,Provisional Accept,1
MRI,UniField: A Unified Field-Aware MRI Enhancement Framework,https://papers.miccai.org/miccai-2026/1111-Paper3466.html,1,Invite for Rebuttal,Accept,3
CT-XRay,UniLiver: Gradient-Conditioned Unified Model for Multi-target Hepatic Segmentation,https://papers.miccai.org/miccai-2026/1112-Paper1416.html,2,Accept,Provisional Accept,1
CT-XRay,UniSpine-GS: An Efficient Physics-Aware Gaussian Framework for Cross-Modality Multi-view Spine Image Synthesis,https://papers.miccai.org/miccai-2026/1113-Paper5041.html,1,Invite for Rebuttal,Accept,3
CT-XRay,Unleashing Video Language Models for Fine-grained HRCT Report Generation,https://papers.miccai.org/miccai-2026/1114-Paper2789.html,2,Accept,Provisional Accept,1
Photo_video,Unlocking the Power of Medical Tabular Data via Semantic-Aware Multimodal Pre-training,https://papers.miccai.org/miccai-2026/1115-Paper0019.html,3,Accept,Provisional Accept,1
MRI,Unsupervised and Segmentation-Free Phase Unwrapping for 4D Flow MRI Using Deep Image Prior,https://papers.miccai.org/miccai-2026/1116-Paper1536.html,1,Invite for Rebuttal,Accept,3
MRI,Unsupervised Brain Anomaly Detection as a Bayesian Inverse Problem with Diffusion Prior,https://papers.miccai.org/miccai-2026/1117-Paper4982.html,2,Accept,Provisional Accept,1
CT-XRay,Unsupervised Domain Adaptation for Pelvic Landmark Localization in CT and MR Using Landmark-Conditioned Synthesis,https://papers.miccai.org/miccai-2026/1118-Paper2218.html,1,Invite for Rebuttal,Reject,3
Diffusion-MRI,Unveiling Brain-Body Axis Interactions in Psychiatric-Endocrine Disorder with Deep Graph Causal Neural Network,https://papers.miccai.org/miccai-2026/1119-Paper0603.html,2,Invite for Rebuttal,Accept,3
CT-XRay,U-ReLSE: Voxel-Wise Evidential Uncertainty-Regularized MIL for Vertebral Metastasis Detection with Hybrid Supervision,https://papers.miccai.org/miccai-2026/1120-Paper0632.html,1,Invite for Rebuttal,Accept,3
Func_MRI,URLCF: Universal Representation Learning for Cross-Domain Few-Shot Autism Spectrum Disorder Detection,https://papers.miccai.org/miccai-2026/1121-Paper2881.html,2,Invite for Rebuttal,Accept,3
Histology,UT-MIL: Uncertainty-Rectified and TME-Decoupling Dual-Stream Aggregation for Robust WSI Survival Prediction,https://papers.miccai.org/miccai-2026/1122-Paper4829.html,3,Accept,Provisional Accept,1
ultrasounds,VA-Adapter: Adapting Ultrasound Foundation Model to Echocardiography Probe Guidance,https://papers.miccai.org/miccai-2026/1123-Paper0575.html,3,Accept,Provisional Accept,1
Computational_imagings,Validation of simulation-based evaluation by inclusion of unlabeled data and meta-ablation,https://papers.miccai.org/miccai-2026/1124-Paper5527.html,3,Accept,Provisional Accept,1
CT-XRay,VarDeFlow: Variational Deformation Learning with Flow Matching for Multi-organ Cross-Modality Medical Image Synthesis,https://papers.miccai.org/miccai-2026/1125-Paper4912.html,2,Invite for Rebuttal,Accept,3
MRI,VCDA-Net: Graph-Guided Voxel-Cluster Density Attention for Global-Regional Brain Age Gap Estimation,https://papers.miccai.org/miccai-2026/1126-Paper3526.html,1,Invite for Rebuttal,Accept,3
CT-XRay,VDSB-GWSyn: Diffusion Schrödinger Bridge for Controllable and Anatomically Feasible Guidewire Synthesis in Coronary Angiography,https://papers.miccai.org/miccai-2026/1127-Paper2982.html,3,Accept,Provisional Accept,1
MRI,VecHeart: Holistic Four-Chamber Cardiac Anatomy Modeling via Hybrid VecSets,https://papers.miccai.org/miccai-2026/1128-Paper0081.html,1,Invite for Rebuttal,Accept,3
Physio-signals,VEGA: Vision Enhanced Generative Augmentation for Cross-Subject Electrocardiogram Generalization,https://papers.miccai.org/miccai-2026/1129-Paper1818.html,2,Invite for Rebuttal,Accept,3
CT-XRay,VesselSim: learning 3D blood vessel segmentation without expert annotations,https://papers.miccai.org/miccai-2026/1130-Paper3913.html,3,Accept,Provisional Accept,1
Robotics,VigilSAM3: Reinforcement-Optimized Memory Gating for Ultra-Long Surgical Video Segmentation,https://papers.miccai.org/miccai-2026/1131-Paper1296.html,3,Invite for Rebuttal,Accept,3
CT-XRay,VIHD: Visual Intervention-Based Hallucination Detection for Medical Visual Question Answering,https://papers.miccai.org/miccai-2026/1132-Paper4543.html,3,Accept,Provisional Accept,1
CT-XRay,ViPSAM: Visual Prompting Medical Image Segmentation Using Segment Anything Model,https://papers.miccai.org/miccai-2026/1133-Paper3107.html,1,Invite for Rebuttal,Accept,3
Histology,Virtual 3D H&E Staining from Phase-Contrast Back-Illumination Interference Tomography,https://papers.miccai.org/miccai-2026/1134-Paper4026.html,3,Accept,Provisional Accept,1
Endoscopy,Vis2Reg: Visibility-Aware Landmark-Free Geometric 3D–2D Registration for Liver Laparoscopy,https://papers.miccai.org/miccai-2026/1135-Paper5305.html,2,Invite for Rebuttal,Reject,3
Others,VisiFAT: Estimating Visceral Fat from Dual-View DXA Scans Using Cross-View Attention,https://papers.miccai.org/miccai-2026/1136-Paper0828.html,3,Accept,Provisional Accept,1
Endoscopy,Vision-Based Force Estimation Using Brain Surface Deformation Models,https://papers.miccai.org/miccai-2026/1137-Paper6080.html,2,Invite for Rebuttal,Accept,3
ultrasounds,Visual-Query Curriculum Learning for Rare Fetal Biometry Plane Detection in Blind-Sweep Ultrasound Video,https://papers.miccai.org/miccai-2026/1138-Paper4097.html,2,Invite for Rebuttal,Reject,3
Others,VL-RewardGen: Vision–Language Reward Driven Skin Lesion Image Generation,https://papers.miccai.org/miccai-2026/1139-Paper4336.html,2,Invite for Rebuttal,Accept,3
CT-XRay,VM-NeXT UNet: Synergizing ConvNeXT and Visual Mamba for Robust Medical Image Segmentation,https://papers.miccai.org/miccai-2026/1140-Paper4748.html,1,Invite for Rebuttal,Accept,3
Photo_video,"VOGeo-Gaze: Calibration-Free, Geometry-Aware Deep Learning for Real-Time Gaze Tracking in Clinical Video-Oculography",https://papers.miccai.org/miccai-2026/1141-Paper3731.html,3,Accept,Provisional Accept,1
CT-XRay,VolDiT: Controllable Volumetric Medical Image Synthesis with Diffusion Transformers,https://papers.miccai.org/miccai-2026/1142-Paper5961.html,3,Accept,Provisional Accept,1
Others,Volume-Fused Super-Resolution OCT Reveals Cellular-Level Structures in the Outer Segment Across Wider Fields Without Adaptive Optics,https://papers.miccai.org/miccai-2026/1143-Paper4007.html,2,Invite for Rebuttal,Accept,3
CT-XRay,VoxShield: Protecting 3D Medical Datasets from Unauthorized Training via Frequency-Aware Inter-Slice Disruption,https://papers.miccai.org/miccai-2026/1144-Paper3104.html,3,Accept,Provisional Accept,1
CT-XRay,VRUGA: Visual and Reasoning Uncertainty Guided Active Learning for Medical MLLM Post-training,https://papers.miccai.org/miccai-2026/1145-Paper3198.html,2,Accept,Provisional Accept,1
ultrasounds,"WaCT-US: Cyclic-Alignment Scaled Contour Tubes for Efficient, Calibrated Uncertainty in Echocardiography",https://papers.miccai.org/miccai-2026/1146-Paper6356.html,2,Invite for Rebuttal,Accept,3
CT-XRay,Wasserstein-Aligned Localisation for VLM-Based Distributional OOD Detection in Medical Imaging,https://papers.miccai.org/miccai-2026/1147-Paper0474.html,2,Accept,Provisional Accept,1
Photo_video,WaveDE: Wavelet-Routed Dual-Expert Network for Fundus Photograph Enhancement,https://papers.miccai.org/miccai-2026/1148-Paper6370.html,2,Invite for Rebuttal,Accept,3
MRI,WaveDiT: Distribution-Aware Wavelet Flow Matching for Efficient 3D Brain MRI Synthesis,https://papers.miccai.org/miccai-2026/1149-Paper4757.html,3,Accept,Provisional Accept,1
CT-XRay,Wavelet-Enhanced Coarse-to-Fine Radiology Report Generation with Large Language Models,https://papers.miccai.org/miccai-2026/1150-Paper1545.html,2,Invite for Rebuttal,Accept,3
Microscopy,Wavelet-Guided Spectral–Spatial Learning for Medical Hyperspectral Image Segmentation,https://papers.miccai.org/miccai-2026/1151-Paper5158.html,3,Invite for Rebuttal,Accept,3
ultrasounds,wBCAM: Windowed Bi-directional Cross-Attention with Mamba for Enhanced 3D Vascular Reconstruction in Free-Hand Photoacoustic and Ultrasound Imaging,https://papers.miccai.org/miccai-2026/1152-Paper3737.html,2,Invite for Rebuttal,Accept,3
CT-XRay,Weakly-Supervised Coronary Artery Segmentation from DSA Sequence via Motion-Aware Modeling,https://papers.miccai.org/miccai-2026/1153-Paper0033.html,3,Accept,Provisional Accept,1
Photo_video,Weakly-Supervised Temporal Decomposition with Graph Neural Networks for Parkinsonian Turning Assessment,https://papers.miccai.org/miccai-2026/1154-Paper0926.html,2,Invite for Rebuttal,Accept,3
MRI,When Brains Disagree: Biological Ambiguity Underlies the Challenge of Amyloid PET Synthesis from Structural MRI,https://papers.miccai.org/miccai-2026/1155-Paper5073.html,3,Accept,Provisional Accept,1
CT-XRay,When Does Uncertainty Become Meaningful in Medical Vision-Language Models? Alignment Enables Disease-wise Uncertainty and Risk-Aware Prediction,https://papers.miccai.org/miccai-2026/1156-Paper4499.html,1,Invite for Rebuttal,Accept,3
Others,When Tissue Speaks: Vibroacoustic Monitoring of Tissue Response During Electrosurgery,https://papers.miccai.org/miccai-2026/1157-Paper2429.html,2,Invite for Rebuttal,Accept,3
ultrasounds,When Views Disagree: Conflict-Aware Evidential Inference for Multi-view Mammography,https://papers.miccai.org/miccai-2026/1158-Paper2986.html,2,Invite for Rebuttal,Accept,3
EHR,"When, Where, and How: Adaptive Binning for Tabular Self-supervised Learning",https://papers.miccai.org/miccai-2026/1159-Paper4808.html,1,Invite for Rebuttal,Accept,3
Others,Where Is the Needle Tip? VA Sensing Reveals Hidden Needle-Tissue Transitions During US Guidance,https://papers.miccai.org/miccai-2026/1160-Paper3144.html,3,Accept,Provisional Accept,1
CT-XRay,WHO-CXRBench: A CXR Benchmark for Diagnostic Rule Retrieval in CLIP-Style MedVLMs,https://papers.miccai.org/miccai-2026/1161-Paper0505.html,2,Invite for Rebuttal,Accept,2
Robotics,Wrist Camera Pose-Guided Multi-view Fusion for Occlusion Reconstruction in Robot-Assisted Microsurgical Anastomosis,https://papers.miccai.org/miccai-2026/1162-Paper3592.html,2,Invite for Rebuttal,Accept,3
CT-XRay,X2Bone: Reconstructing 3D Bone Structures from 2D Biplanar X-Rays via Cross-RWKV,https://papers.miccai.org/miccai-2026/1163-Paper0798.html,2,Invite for Rebuttal,Accept,3
Others,"X-Edit: Exact, Explicit, and Explainable Null-Space Editing for Medical Vision Transformers",https://papers.miccai.org/miccai-2026/1164-Paper1503.html,3,Accept,Provisional Accept,1
MRI,XTinyU-Net: Training-Free U-Net Scaling via Initialization-Time Sensitivity,https://papers.miccai.org/miccai-2026/1165-Paper6032.html,2,Accept,Provisional Accept,1
CT-XRay,Zero-Shot CT Super-Resolution Using Diffusion-Based 2D Projection Priors and Signed 3D Gaussians,https://papers.miccai.org/miccai-2026/1166-Paper6079.html,2,Accept,Provisional Accept,1
