title,paper_url,pdf_url,code_url,category,Body,Applications,Machine Learning,authors,abstract,status,error
A Neurosymbolic Framework for Interpretable Skeleton-Based Seizure Detection via Concept-Driven Logical Reasoning,https://papers.miccai.org/miccai-2026/0016-Paper2068.html,https://papers.miccai.org/miccai-2026/paper/2068_paper.pdf,https://github.com/Mr-TalhaIlyas/CDSD,image synthesis,Brain,Computer-Aided Diagnosis; Image-Guided Interventions,Deep Learning; Interpretability / Explainability,"Ilyas, Talha | Mehta, Deval | Ge, Zongyuan","Video-based seizure detection is essential for the management of epilepsy patients, offering a non-invasive complement to electroencephalography. While several deep learning approaches have been developed for video-based seizure detection, none are inherently interpretable, limiting their adoption and translation into clinical practice. We present, to our knowledge, the first exploration of a neurosymbolic framework for video-based seizure detection that directly addresses this gap. Our approach (1) extracts patient-centric skeleton sequences from epilepsy monitoring units via a prompt-guided foundation model, (2) predicts seizure semiology clinically grounded spatio-temporal concepts, and (3) composes them via differentiable logic into interpretable Boolean rules with auditable contributions. Furthermore, to mitigate false positives arising from the traditional binary formulation (seizure vs.\ non-seizure), we sub-classify non-seizure segments into clinically relevant normal activities, providing the model with fine-grained discriminative supervision. Evaluated on two public seizure video benchmarks, our framework achieves 89.78% sensitivity with 0.06 false detections per hour on SAHZU and 85.27% / 0.09 on IEEE, while producing complete three-level interpretability: every prediction decomposes into which motor primitives were detected, how they were logically composed, and how much each rule contributed to the clinical decision. We publicly release all annotations, extracted pose sequences, our data pipeline and code. (https://gitfront.io/r/luffy/rELWxdnvy6q2/CDSD/)",ok,
Agent-Guided Relational Concept Discovery: Toward Interpretable Surgical Margin Assessment,https://papers.miccai.org/miccai-2026/0040-Paper5424.html,https://papers.miccai.org/miccai-2026/paper/5424_paper.pdf,https://github.com/nooshinmaghsoodi/cem-qwen-reims,Agent,Breast; Skin,Anomaly / Lesion Detection; Medical Robotics,Foundation Models; Interpretability / Explainability; Multimodal Models / LLMs / VLMs,"Maghsoodi, Nooshin | Jamzad, Amoon | Policelli, Robert | Farahmand, Mohammad | Srikanthan, Dilakshan | Kaufmann, Martin | Ren, Kevin Y. M. | Merchant, Shaila | Varma, Sonal | Walker, Ross | McKay, Doug | Rudan, John | Fichtinger, Gabor | Mousavi, Parvin","Deep learning models can effectively use Rapid Evaporative Ionization Mass Spectrometry (REIMS) data for surgical margin assessment. However, their clinical adoption remains challenging due to limited generalization to operating room conditions. This difficulty arises because models are typically trained on labeled spectra collected from resected tissue samples, while they must operate on noisy, unlabeled data acquired directly during surgery. In addition, the black-box nature of deep learning models makes it difficult to understand and systematically improve their behavior. Concept-based learning offers a promising way to address these challenges by mapping raw measurements to human-understandable concepts. However, supervised concept-based approaches rely on concept annotations, which are difficult to obtain in complex mass spectrometry workflows. We propose Agent-Guided Concept Discovery, a framework that learns meaningful concepts directly from data without requiring predefined concept labels. During training, a reasoning agent refines semantic descriptions of the learned concepts and adaptively adjusts their weight based on diagnostic relevance. These concepts are further grounded using a biochemical knowledge graph to ensure consistency with known metabolic relationships. Across Skin and Breast Cancer datasets, our model improves balanced accuracy and sensitivity over the baseline. In a representative intraoperative case, it shows fewer false positives, indicating better generalization to surgical conditions.",ok,
ARCH-Net: Aligned 3D Teeth Reconstruction via Counterfactual-Enhanced Hierarchical Framework,https://papers.miccai.org/miccai-2026/0068-Paper0794.html,https://papers.miccai.org/miccai-2026/paper/0794_paper.pdf,,image synthesis,Whole-body / Multi-organ / Other,Computer-Aided Diagnosis,Deep Learning,"Deng, Qingxin | Jiang, Landu | Yan, Yuzheng | Luo, Wuman | Zhang, Dian","Accurate 3D dental reconstruction from sparse, uncalibrated intra-oral photographs is critical for radiation-free digital dentistry. However, traditional parametric methods lack strong anatomical priors, are restricted to limited parameter spaces, and exhibit high inference latency. Meanwhile recent generative approaches often lack geometric rigor and cross-view consistency. We propose ARCH-Net, an Aligned 3D teeth Reconstruction approach via a Counterfactual-enhanced Hierarchical framework. ARCH-Net systematically decomposes the task into three progressive stages: (1) Anatomically-constrained latent space construction to capture robust geometric priors within a learned embedding space; (2) Counterfactual-enhanced 2D-3D alignment, where a latent diffusion model is supervised by a novel counterfactual learning strategy. By contrasting predicted latent codes against mismatched negative samples, this strategy significantly amplifies the model’s discriminative power to enforce rigorous geometric consistency across sparse views; and (3) Prior-driven mesh refinement via sequential rigid and non-rigid registration to ensure the topological integrity of final high-resolution models. Experimental results demonstrate that ARCH-Net significantly outperforms state-of-the-art methods in both reconstruction accuracy and computational efficiency. Furthermore, our approach is robust to varying imaging conditions, offering a reliable, radiation-free solution for precision orthodontic planning and real-time digital diagnostics.",ok,
Beyond Stochastic Diffusion: Trajectory-Consistent Deterministic Flow Matching for Fluorescence Molecular Tomography,https://papers.miccai.org/miccai-2026/0100-Paper0784.html,https://papers.miccai.org/miccai-2026/paper/0784_paper.pdf,https://github.com/Qianqian-Xue/TCDFlow-FMT,image synthesis,Whole-body / Multi-organ / Other,Image Reconstruction; Visualization in Biomedical Imaging,Deep Learning,"Xue, Qianqian | Liu, Xingyu | Shan, Hongming | Zhang, Peng | Wang, Wenjian","Fluorescence molecular tomography (FMT) is a non-invasive optical imaging modality for three-dimensional molecular visualization, yet its reconstruction is fundamentally limited by the severe ill-posedness of the inverse problem, resulting in poor spatial resolution and localization instability. While diffusion models improve detail recovery, their dependence on small-step Gaussian approximations necessitates long stochastic denoising processes, leading to high computational cost and reconstruction instability under few-step sampling. We present TCDFlow-FMT, a fast deterministic flow-matching framework that reformulates FMT reconstruction as continuous-time transport between noise and fluorescent sources distribution. By replacing stochastic denoising with ODE-based deterministic flow, our approach achieves reproducible and efficient reconstruction in only a few steps. We introduce a spatially guided flow Transformer that integrates multi-view fluorescence measurements into velocity field prediction via structure alignment and spatial modulation, resolving the global–local mismatch between diffuse measurements and sparse sources. To accelerate inference, we propose a Gibbs-based geometric consistency reweighting strategy that implicitly approximates optimal transport and straightens noisy coupling paths into stable deterministic trajectories. Phantom and in vivo experiments demonstrate that TCDFlow-FMT achieves efficient few-step reconstruction with improved spatial localization and quantitative accuracy. Code will be available at: https://github.com/Qianqian-Xue/TCDFlow-FMT.",ok,
BiSA-DiT: A Bidirectional Spatially-Aware Diffusion Transformer for Sparse Tomographic Magnetic Particle Imaging,https://papers.miccai.org/miccai-2026/0112-Paper1442.html,https://papers.miccai.org/miccai-2026/paper/1442_paper.pdf,,image synthesis,Vasculature,Image Reconstruction,Deep Learning,"Zhang, Xun | Zou, Wenxuan | Zhou, Yixiang | Chen, Ziwei | Zhang, Zeyu | Tian, Jie","Magnetic Particle Imaging (MPI) is a promising tomographic medical imaging. However, System-Matrix (SM) calibration in MPI is prohibitively time-consuming. As a result, MPI image reconstruction using a sparse SM has attracted increasing attention. Nevertheless, reconstructions with a sparse SM often suffer from degraded in-plane details and structural discontinuities along the axial direction. To this end, we propose the BiSA-DiT framework, which improves tomographic reconstruction quality by alternately applying a powerful spatially aware generative prior with a physics-driven data consistency module. Specifically, by incorporating bidirectional synergistic Axial and Planar Spatial Transformer blocks, the generative-prior operator captures rich in-plane details while maintaining robust axial consistency. During the iterative optimization process, we employ an ADMM solver to ensure that the reconstructed results remain consistent with the MPI physical forward model. We validated BiSA-DiT on clinical coronary",ok,
BREIT: A Framework for Brain Stroke Reconstruction using Multi-frequency 3D EIT,https://papers.miccai.org/miccai-2026/0129-Paper2625.html,https://papers.miccai.org/miccai-2026/paper/2625_paper.pdf,https://github.com/djahiddj13/BREIT,image synthesis,Brain,Image Reconstruction,Deep Learning; Other,"Abdelmoumene, Djahid | Ayad, Ishak | Nguyen, Maï K. | Daveau, Christian","Multi-Frequency Electrical Impedance Tomography (MF-EIT) is a non-invasive, low-cost modality that reconstructs electrical property distributions from boundary voltages. For stroke imaging, progress in 3D deep-learning reconstruction is limited by the lack of large-scale datasets with paired ground-truth (GT) volumes and by non-standardized pipelines for data generation, simulation, and evaluation. We introduce BREIT, a modular framework for 3D MF-EIT stroke reconstruction providing: (i) a neuroimaging-to-EIT pipeline that converts CT/MRI into frequency-dependent GT admittivity volumes; (ii) a self-contained Python 3D Complete Electrode Model (CEM) forward solver for simulating MF-EIT voltages; and (iii) a 3D D-bar implementation supporting non-uniform electrode layouts. Building on BREIT, we propose dFNO-bar, which integrates Fourier Neural Operators into D-bar by learning a mapping from scattering data $t(\xi)$ to conductivity $\sigma(x){=}\Re{\gamma}$. We evaluate dFNO-bar against D-bar, Deep D-bar, and Gauss–Newton reconstructions on UCLH-matched synthetic data, and observe higher brain SSIM with comparable CC across noise settings. Code and data are publicly available at: \url{https://github.com/djahiddj13/BREIT}",ok,
B² Loss for Evidential Classification of Critical View of Safety in Laparoscopic Cholecystectomy,https://papers.miccai.org/miccai-2026/0087-Paper5649.html,https://papers.miccai.org/miccai-2026/paper/5649_paper.pdf,https://github.com/franeknowak/BetaBinomialLoss,classification,Abdomen,Computational Anatomy & Physiology; Image-Guided Interventions,Deep Learning; Evaluation / Benchmarking / Reproducibility; Uncertainty Quantification,"Nowak, Franciszek M. | Mazomenos, Evangelos B. | Davidson, Brian | Clarkson, Matthew J.","Automated recognition of the Critical View of Safety (CVS) in Laparoscopic Cholecystectomy is considered a deterministic classification task using majority vote labels. However, expert annotators’ disagreement does not equate annotation error, rather reflecting informative ambiguity in judgement. Reducing such labels to hard targets ignores the underlying sampling process and discards information about observer’s variability. Our work models annotator votes as Binomial observations of a latent visibility probability and learns its predictive distribution via a conjugate Beta-Binomial (B²) loss with evidential parametrisation. The network outputs a Beta distribution over the latent visibility probability, enabling direct estimation of the probability that a majority of experts would judge a CVS criterion as visible. On Endoscapes2023, the proposed approach significantly improves average balanced accuracy by +2.1% compared to the state-of-the-art. We also introduce a precision-critical video-level evaluation protocol reflecting surgical decision-making, reporting recall under a strict precision constraint (precision = 1.0). Under this, the model maintains meaningful recall while avoiding false positives. Modelling annotator disagreement probabilistically provides a principled and clinically aligned alternative to deterministic CVS classification and supports precision-focused evaluation for surgical deployment. Code available at: github.com/franeknowak/BetaBinomialLoss",ok,
CalCErt: Bin-wise Certification of Confidence Calibration in Medical Image Classification,https://papers.miccai.org/miccai-2026/0139-Paper2687.html,https://papers.miccai.org/miccai-2026/paper/2687_paper.pdf,https://github.com/leofillioux/calcert,classification,Whole-body / Multi-organ / Other,Other,Uncertainty Quantification,"Fillioux, Leo | Christodoulidis, Stergios | Cournède, Paul-Henry | Vakalopoulou, Maria | Dolz, Jose","Deep neural networks remain vulnerable to adversarial perturbations, which can distort not only predictions but also confidence scores, undermining uncertainty calibration. While existing certification methods focus on preserving the predicted category, providing guarantees on how calibration behaves under adversarial attacks remains overlooked. In this work, we introduce CalCErt, a simple and efficient post‑hoc strategy that certifies bin‑wise confidence calibration for any pretrained differentiable classifier. Our approach combines empirical calibration estimates, statistical concentration bounds, and local Lipschitz estimates of the confidence function to derive data‑dependent upper bounds on worst‑case miscalibration within an l2-ball of radius R. We evaluate CalCErt across 11 medical image classification tasks and multiple adversarial perturbations, demonstrating substantially higher certified coverage than baseline strategies while maintaining competitive tightness.",ok,
CiLA: Knowledge-Preserving Self-supervised Adaptation of CLIP for Fundus Imaging,https://papers.miccai.org/miccai-2026/0166-Paper3196.html,https://papers.miccai.org/miccai-2026/paper/3196_paper.pdf,https://github.com/YijinHuang/CiLA,classification,Eye,Computer-Aided Diagnosis,Semi- / Weakly- / Self-supervised Learning,"Huang, Yijin | Cheng, Pujin | Tam, Roger | Tang, Xiaoying","Adapting general-purpose CLIP to medical imaging is often done by continued pre-training on in-domain unlabeled data. However, self-supervised re-pretraining can distort or overwrite the useful knowledge encoded in the original CLIP, leading to representation drift and degraded transfer to downstream tasks. We propose CiLA, a knowledge-preserving framework for in-domain CLIP adaptation on fundus images. CiLA leverages ophthalmic prior knowledge by pre-defining a set of clinically meaningful fundus attributes and obtaining attribute-related pseudo labels from the original CLIP. During self-supervised learning, the adapted model is trained not only with standard contrastive or masked-image objectives, but also to (i) predict the predefined attributes and (ii) maintain consistency with the original CLIP predictions, thereby anchoring training to the desired semantics and mitigating catastrophic forgetting. Since general-purpose CLIP predictions can exhibit dataset-specific bias in medical domains, we further introduce a Dynamic Debias Module that adaptively calibrates pseudo labels to reduce biased guidance during adaptation. CiLA is plug-and-play and can be integrated with multiple self-supervised paradigms. Experiments on diverse retinal datasets and architectures demonstrate that CiLA consistently improves downstream fundus classification performance over direct in-domain self-supervised re-pretraining and prior adaptation baselines. The source code is available online.",ok,
Clinically Structured Chain-of-Thought Reasoning for Intelligent Guidance in Coronary Artery Disease,https://papers.miccai.org/miccai-2026/0171-Paper0056.html,https://papers.miccai.org/miccai-2026/paper/0056_paper.pdf,,VLM,Vasculature,Computer-Aided Diagnosis,,"Ma, Xinghua | Chu, Yuetan | Wang, Xiaodi | Qiu, Xingyu | Li, Fanding | Wang, Kuanquan | Luo, Gongning | Gao, Xin","Intelligent Coronary Artery Disease (CAD) guidance requires comprehensive reasoning over heterogeneous visual attributes and risk profiles aligned with the clinical diagnostic workflow. However, existing image-to-prediction methods lack systematic case-level modeling and evidence-grounded reasoning, limiting their clinical reliability. In this context, we introduce, for the first time, a Clinically Structured Chain-of-Thought (CS-CoT) framework for intelligent CAD guidance based on coronary CT angiography images. Leveraging the semantic understanding capabilities of Large Language Models (LLMs), the proposed vision-language model enables interpretable, clinically aligned, and interactive case-level diagnosis and management. Specifically, CS-CoT transforms heterogeneous anatomical, lesion, pericoronary, risk-related features, and diagnostic case prior into unified textual-space embeddings and organizes them into a structured, traceable chain-of-thought reasoning process aligned with the clinical diagnostic workflow. Extensive experiments on 2,067 clinical cases demonstrate that CS-CoT outperforms state-of-the-art LLMs, thereby providing reliable clinical decision support at the case level. The implementation details and prompt engineering are publicly available at the code-link (https://github.com/PerceptionComputingLab/CS-CoT).",ok,
Cross-domain Controllable Generation Enables Zero-shot Fundus Image Analysis,https://papers.miccai.org/miccai-2026/0218-Paper1262.html,https://papers.miccai.org/miccai-2026/paper/1262_paper.pdf,https://github.com/kaiwenli325/UniVessel,segmentation,Eye,Image Registration; Image Segmentation; Image Synthesis / Augmentation / Super-Resolution,,"Li, Kaiwen | He, Hangzhou | Hu, Jiakui | Yao, Zhengjian | Zeng, Shuang | Fu, Ourui | Zhu, Lei | Lu, Yanye","Precise analysis of ophthalmic diseases necessitates accurate vessel segmentation, image registration, and bifurcation detection across multi-modal images. However, automating these tasks is hindered by expensive manual annotation, which is further exacerbated by various imaging modalities and diseases. Existing generative methods for reducing labeling burden primarily struggle with two challenges: (1) reliance on target-domain image-label pairs and (2) difficulties in achieving a proper balance between controllability and appearance realism. In addition, there is a lack of effective methods for generating modality-dependent labels that can support multiple tasks. In this paper, we propose a unified framework that first generates modality-specific vessel masks and bifurcation labels, followed by the synthesis of realistic target-modality images that are structurally consistent with the generated labels, for zero-shot multi-modal and multi-task fundus image analysis. Specifically, we first rely on vascular dynamics simulations to design a flexible pipeline to synthesize labels. Then, by disentangling structure and appearance via phase maps during the generation, we are able to generate realistic images without requiring image-label pairs from target modalities. Our framework is evaluated under four paradigms across three tasks, including segmentation, registration, and keypoint detection, where our method achieves strong zero-shot performance. Our code is available at: https://github.com/kaiwenli325/UniVessel.",ok,
Cross-Modal Alignment and Distillation for Retinal Imaging Dementia Screening,https://papers.miccai.org/miccai-2026/0220-Paper0746.html,https://papers.miccai.org/miccai-2026/paper/0746_paper.pdf,,classification,Brain; Eye,Computer-Aided Diagnosis,Deep Learning,"Xu, Zhuoting | Cao, Le | Zhang, Tiande | Mou, Lei | Zhou, Shijia | Li, Fan | Shen, Dinggang | Fu, Huazhu | Wu, Bo | Zhao, Yitian","Dementia screening remains a clinical challenge due to the high cost, invasiveness and sometime subjective of traditional neuroimaging or cognitive assessment questionnaires. While retinal imaging provides a non-invasive alternative, current methods struggle to capture the cerebral pathology needed for accurate diagnosis. To address this, we propose EyeDEM, a novel framework designed to distill brain structural priors into a standalone eye screening network using paired eye-brain data. To overcome cross-organ heterogeneity, we disentangle the latent space to isolate cross-modal relate representations and then apply multi-level alignment to map retinal microvasculature to brain atrophy. Furthermore, we introduce a divide-and-conquer distillation strategy that selectively transfers hierarchical diagnostic knowledge from a fused multimodal teacher to the eye student. At the inference stage, EyeDEM functions as a standalone screening method requiring solely retinal images. Validated across multi-center datasets of 2,040 participants, our standalone eye model reaches the AUC of 0.888 for dementia vs normal control classification. Crucially, we validate the model’s interpretability through biological correlation analysis, demonstrating that the learned retinal representations strongly correlate with critical neurodegenerative brain regions by predicting their volumes. These findings confirm that leveraging the eye-brain axis as a cross-modal prior paves the way for accessible, high-precision, and clinically transparent dementia screening.",ok,
CrownFusion: 3D Dental Crown Generation Using Geometry Images and Latent Diffusion,https://papers.miccai.org/miccai-2026/0225-Paper2827.html,https://papers.miccai.org/miccai-2026/paper/2827_paper.pdf,https://github.com/JohanYe/CrownFusion/tree/main,image synthesis,Head & Neck,Computational Anatomy & Physiology; Image Reconstruction; Image Synthesis / Augmentation / Super-Resolution,Deep Learning,"Ye, Johan Ziruo | Yan, Xingguang | Hauberg, Søren | Chang, Angel X. | Zhang, Hao | Søndergaard, Peter Lempel","We introduce CrownFusion, a latent diffusion model to generate 3D dental crown designs from geometry images, a 2D-grid encoding of surface coordinates. Departing from traditional approaches that use point clouds, our “CrownImage” representation not only unlocks the full power of image-based generative architectures, but also preserves fine geometric detail by operating at far higher spatial resolutions than point clouds to alleviate smoothing artifacts in the 3D generation. Conditioned on jointly learned embeddings of the surrounding dentition, our probabilistic diffusion model produces anatomically plausible crowns with morphological variations tailored to individual patient cases. To accommodate multiple valid designs, we propose an occlusal fit metric based on proximity to the antagonist teeth. We evaluate our method through quantitative experiments and qualitative studies involving expert testimonials. We also release the FDI 16 Crown Dataset, comprising 11,513 annotated intra-oral scans, to support future research in dental CAD.",ok,
Cycle-Verified Gentle Teaching and Confusion Correction for Label-Scarce Cross-Modal Single-Cell Annotation,https://papers.miccai.org/miccai-2026/0237-Paper4247.html,https://papers.miccai.org/miccai-2026/paper/4247_paper.pdf,,dataset/benchmark,Whole-body / Multi-organ / Other,Multimodal Integration with Clinical / Genomic / Biomarkers,,"Lu, Zheng | Yu, Peng | Wang, Yan","Accurate cell-type annotation is a key prerequisite for downstream analysis in single-cell multi-omics studies, yet new assays such as scATAC-seq are often weakly labeled and exhibit substantial modality shift from well-annotated scRNA-seq references. This dual label scarcity combined with cross-modality discrepancy makes naive pseudo-labeling brittle, leading to error accumulation and systematic confusion among closely related cell states. We propose CADENCE, a unified semi-supervised transfer framework that builds on a divide-and-conquer strategy to separate source-like target cells from target-specific ambiguous cells. For source data, we expand supervision via optimal-transport-based pseudo-labeling under a curriculum and class-balanced selection. For target data, we introduce three reliability-enhancing components: (i) a gentle teacher–assistant–student scheme that isolates noisy supervision to an assistant branch while distilling robust representations to the student through exponential moving average updates; (ii) a lightweight bidirectional latent translator trained with cycle consistency, providing per-cell reliability signals to gate and reweight ambiguous target samples and to safely shrink their candidate label sets; and (iii) a confusing-pair correction mechanism that dynamically identifies highly confused class pairs and rectifies soft labels using prototype geometry, mitigating boundary collapse. Extensive experiments on publicly available single-cell multi-omics benchmarks demonstrate that CADENCE consistently improves annotation robustness under severe label scarcity and reduces misclassification among similar cell types, yielding more reliable cross-modality cell atlases without requiring paired measurements.",ok,
DentalPSAM: Lifting SAM to Dental Plaque Segmentation with Hybrid 2D-3D Knowledge Fusion,https://papers.miccai.org/miccai-2026/0258-Paper4344.html,https://papers.miccai.org/miccai-2026/paper/4344_paper.pdf,https://github.com/HKU-HealthAI/DentalPSAM,segmentation,Head & Neck,Anomaly / Lesion Detection; Computer-Aided Diagnosis; Image Segmentation,,"Jiang, Haoning | Fok, Rachel Melissa | Zhang, Xiangcheng | Sun, Ruitong | YEUNG, Jonathan Hok Kan | Deng, Ke | Qu, Liangqiong","Accurate segmentation of dental plaque from intraoral scan (IOS) is crucial for assessing oral hygiene practices. However, the scarcity of 3D dental plaque datasets and the limitations of relying solely on either 3D geometric or 2D appearance information present significant obstacles. To address this, we introduce DentalPSAM, a hybrid 2D-3D model for 3D dental plaque segmentation. DentalPSAM features an interleaved dual-branch architecture with an appearance-enhanced 3D mesh branch and a geometry-enhanced 2D SAM branch, built upon the zero-shot learning capabilities of the Segment Anything Model (SAM). These branches process 3D IOS and its 2D rendered images in parallel, integrating both geometric and appearance information. To achieve better alignment between 2D and 3D features, we employ model stitching to connect SAM encoder with both branches through lightweight adaptation. Moreover, we present the first open-source 3D intraoral scan dataset for dental plaque segmentation. The code is available at https://github.com/HKU-HealthAI/DentalPSAM.",ok,
DermDepth: Toward Monocular Metric Scale 3D Reconstruction Models for Dermatology,https://papers.miccai.org/miccai-2026/0264-Paper5594.html,https://papers.miccai.org/miccai-2026/paper/5594_paper.pdf,https://github.com/hectorcarrion/dermdepth,classification,Skin,Image Reconstruction,Fairness / Safety / Reliability; Foundation Models,"Carrión, Héctor | Norouzi, Narges","Dermatological practice routinely involves measuring and tracking lesion size, morphology and texture, as critical components of wound or skin cancer screening, monitoring and diagnosis. To accomplish this task, practitioners often image the skin surface with commonly available off-the-shelf camera sensors. This has led to an overwhelming research focus on 2D methods while these objectives naturally benefit from 3D information. In this paper, we demonstrate that dense monocular 3D reconstructions, metric scale measurements and rich surface normal texture estimates are achievable for both dermoscopic and macroscopic cases without the need for additional hardware or multiple captures. We present DermDepth, the first single-view metric scale 3D model for the dermatological domain and D-Synth, the first synthetic dermoscopic dataset with pixel-perfect 3D information. Our experiments show training DermDepth on D-Synth corrects metric scale error from over 16× to under 1.1× for real dermoscopic data, while preserving geometric quality and increasing texture richness. Fine-tuning on a small amount of real clinical samples generalizes our method across three real-world benchmarks spanning the few mm to hundred cm range, diverse skin-tones, chronic wound cases and produces measurements broadly consistent with disease size reported in medical literature. All code, data and models are available at https://github.com/hectorcarrion/dermdepth",ok,
Det-Y: A Multi-center Dataset and Benchmark for Efficient Detection of Mycobacterium Tuberculosis in Sputum Smears,https://papers.miccai.org/miccai-2026/0268-Paper4175.html,https://papers.miccai.org/miccai-2026/paper/4175_paper.pdf,https://github.com/FanFan902/Det-Y,classification,Whole-body / Multi-organ / Other,Anomaly / Lesion Detection,Deep Learning,"Xie, Zijian | Liang, Yongjie | Huang, Yawen | Wu, Xian | Wei, Bizhong | Li, Yuexiang","Tuberculosis (TB) remains a significant global health threat. The detection of Mycobacterium tuberculosis in sputum smears is an effective approach for TB diagnosis; however, traditional manual examination is laborious, time-consuming, and susceptible to inter-observer variation. Furthermore, the absence of annotated datasets has hindered the application of efficient deep learning-based models in this domain. To address this gap, we introduce Det-Y—a multi-center dataset and benchmark designed to facilitate the development of efficient deep learning frameworks for detecting Mycobacterium tuberculosis in sputum smears. Det-Y comprises 5,444 annotated bacilli from 1,970 sputum smear images collected across two clinical centers. In addition, we propose YOLO-Y, a lightweight model optimized for accurately detecting slender tubercle bacilli. Its core innovation is the Adaptive RoiStrip Block, which employs strip-shaped convolutional kernels to enhance spatial perception along both horizontal and vertical orientations, integrated with PANet for multi-scale feature analysis. Experiments on the Det-Y dataset demonstrate that YOLO-Y achieves superior detection accuracy while maintaining a lightweight architecture with low computational cost. The complete Det-Y dataset and corresponding code are publicly available at https://github.com/FanFan902/Det-Y.",ok,
Dual-Modality Neural Network Integrating Sequence and Structural Information for Drug-Target Interaction Prediction,https://papers.miccai.org/miccai-2026/0313-Paper4913.html,https://papers.miccai.org/miccai-2026/paper/4913_paper.pdf,https://github.com/HellojiePro/MGK-DTI,classification,Whole-body / Multi-organ / Other,Multimodal Integration with Clinical / Genomic / Biomarkers; Outcome Prediction / Prognosis / Longitudinal Modeling,Deep Learning; Multimodal Models / LLMs / VLMs; Semi- / Weakly- / Self-supervised Learning,"Chen, Dongjie | Liu, Yuemeng | Liu, Binfeng | Wang, Zican | Lin, Hangxing | Yang, Zhihui","Accurately predicting drug-target interactions (DTI) is central to accelerating computational drug discovery; however, existing methods still face challenges in effectively constructing multimodal features, fusing heterogeneous features, and capturing complex non-linear relationships. This paper proposes a novel dual-modal neural network framework, MGK-DTI, designed to deeply integrate the sequence and structural information of drugs and proteins to address these challenges. First, we designed Mambaformer in the sequence branch, utilizing Mamba to capture long-range dependencies while leveraging the advantages of the multi-head attention mechanism in global context; subsequently, we designed a hybrid Gated Graph Convolutional Network in the structural branch, which uses an adaptive gating mechanism to dynamically balance intra-modal topological updates with cross-modal feature injection, achieving bidirectional fine-grained interaction between protein structural features and drug molecular graph structures; finally, after unifying the dual-path feature space through the Latent Alignment Module, the Kolmogorov-Arnold Network is introduced to strengthen non-linear interaction modeling. Experimental results on four benchmark datasets demonstrate that MGK-DTI outperforms state-of-the-art methods. Ablation studies validate the contribution of each core module, and the case study on Histamine H1 receptor further confirms the immense potential of the model in virtual screening. Code is available at https://github.com/HellojiePro/MGK-DTI.",ok,
"Dual-Stage Course-to-Fine Tooth Alignment Framework with Decoupled Position, Orientation and Shape Features",https://papers.miccai.org/miccai-2026/0316-Paper4182.html,https://papers.miccai.org/miccai-2026/paper/4182_paper.pdf,,image synthesis,Whole-body / Multi-organ / Other,Other,Other,"Jin, Xiaoxian | Wu, Yichi | Wang, Hongkai","Automated tooth alignment from oral scan data is critical for improving efficiency and objectiveness of digital orthodontics. Existing methods struggle with clinically complex cases like severe misalignments caused by the mixing of position, orientation and shape irregularities. We propose a new strategy which decouples the complex irregularities into simpler factors and addresses them sequentially via a dual-stage coarse-to-fine framework. The first stage addresses the positional irregularities using a cost-effective lightweight bidirectional RNN. Afterwards, the second stage employs a diffusion model whose regression core is a Vision Transformer (ViT) equipped with long-range skip connections, to progressively refine tooth orientation and centroid positions. To precisely capture the shape and orientation features which are essential for fine-scale adjustment, we construct the tooth statistical shape models and register them to the oral scan data. Experiments demonstrate improved accuracy and robustness across diverse scenarios while maintaining computational efficiency. Thanks to the decoupled adjustment strategy, our method successfully addresses the challenging clinical scenarios with severe misalignment and large tooth extraction gaps, which commonly fail the compared approaches. The fine-scale capturing of orientation and shape also yield a reduction of reconstruction error, achieving a Target Alignment Error (TRE) of 0.66 mm—approximately 20% lower than state-of-the-art methods—highlighting our framework’s potential for precise orthodontic planning.",ok,
FA-Diff: Leveraging Frequency-Aware RWKV Diffusion for OCT to Correlation-Stability Map Translation,https://papers.miccai.org/miccai-2026/0367-Paper0521.html,https://papers.miccai.org/miccai-2026/paper/0521_paper.pdf,,image synthesis,Abdomen,Image Reconstruction; Image Synthesis / Augmentation / Super-Resolution,Deep Learning,"Zhang, Chuanhao | Li, Yangxi | Song, Jianping | Wang, Yingni | Han, Haojie | Xiang, Canhong | Ning, Guochen | Chen, Fang | Liao, Hongen","Optical coherence tomography (OCT) and its derived correlation stability (CS) maps provide high-resolution structural imaging and elastography information at the micrometer scale, which are critical for the rapid and accurate detection of malignant biliary strictures. However, acquiring intraoperative CS maps remains challenging due to the need for complex mechanical compression and the high costs associated with hardware modifications in conventional OCT systems. Moreover, existing deep learning methods for OCT-to-CS map translation often lack long-range modeling capability for recovering subtle deformation features and are limited in modeling the relative importance of different frequency components, which is essential for localizing high-frequency stiffness details. To address these limitations, we propose FA-Diff, a novel RWKV-based frequency-aware diffusion framework for elastography mapping. FA-Diff integrates a frequency-aware multi-granularity shift (FG-Shift) module and a frequency-adaptive sub-band normalization (FASN) mechanism to enhance elasticity-aware representation learning. Specifically, FG-Shift is incorporated into the RWKV architecture as a spatial-frequency adaptive scanning strategy to improve the modeling of vertical stiffness textures and enable effective global coarse-to-fine contextual aggregation. Meanwhile, FASN dynamically adjusts normalization parameters using inter-stage states to adaptively modulate wavelet sub-band coefficients. Comprehensive experiments on the clinical cholangiocarcinoma dataset demonstrate that FA-Diff consistently outperforms state-of-the-art CNN-, Transformer-, Mamba-, and RWKV-based baselines, achieving superior reconstruction accuracy and perceptual quality.",ok,
Frequency-Aware Multi-Margin Loss for Imbalanced Medical Ordinal Classification,https://papers.miccai.org/miccai-2026/0396-Paper4760.html,https://papers.miccai.org/miccai-2026/paper/4760_paper.pdf,https://github.com/yinpub/ltrank2026,classification,Eye; Whole-body / Multi-organ / Other,Computer-Aided Diagnosis; Other,Deep Learning; Other,"Yin, Haojie | Liu, Tianyi | Feng, Chengcheng | Huang, Kaizhu","Medical ordinal classification aims to predict ordered stages of disease progression. Existing ordinal metric learning methods enforce globally monotonic embeddings with fixed inter-stage margins to preserve stage ordering, implicitly assuming uniform stage transitions. However, real-world medical datasets are typically long-tailed, making severe stages rare yet clinically critical. Applying fixed ordinal constraints leads such imbalanced data to structural incompatibility: fixed margins cause boundary compression for sparse severe stage transitions, while data imbalance biases rank embeddings against rare stages. To address these issues, we propose the Frequency-aware Multi-Margin Loss (FMML). FMML introduces Boundary-Level Scaling to adapt inter-stage margins based on transition sparsity and Anchor-Level Scaling to strengthen supervision for rare stage anchors, effectively preserving ordinal consistency with long-tailed adaptation. Furthermore, since metrics like MAE fail to capture the systematic directinoal bias, we introduce Long-Tailed Rank Deviation (LTRD). This metric evaluates ordinal classification tasks while accounting for both rank errors and data distribution. Experiments on four imbalanced medical grading datasets demonstrate that the proposed method achieves superior performance.",ok,
From Geometry to Clinic: A Physics-Aware Evaluation Framework and Benchmark for Automated Dental Crown Design,https://papers.miccai.org/miccai-2026/0402-Paper1259.html,https://papers.miccai.org/miccai-2026/paper/1259_paper.pdf,https://github.com/JiaminWoo/CrownBench,image restoration/quality,Whole-body / Multi-organ / Other,Digital Twins / Simulation / Synthetic Data; Other,Deep Learning; Evaluation / Benchmarking / Reproducibility,"Wu, Jiamin | Huang, Wendong | Gu, Jiaying | Hao, Jing | Fu, Yuanfei | Wang, Yilei | Lai, Peichao | Tsoi, James Kit Hon","Recent advances in deep learning have demonstrated remarkable potential in automating dental crown design. However, existing evaluation protocols predominantly rely on geometric similarity metrics (e.g., Chamfer Distance), which are clinically agnostic and fail to capture functional failures such as occlusal interference or open contacts. To bridge this gap, we present CrownBench, a physics-aware evaluation framework and benchmark that shifts the paradigm from geometric approximation to clinical validity. We propose a set of clinically-interpretable digital metrics, mathematically formulating implicit clinical experiences into explicit constraints: Feasibility Metrics (e.g., Occlusal/Proximal Feasibility Rates) for survival validation, and Quality Metrics (e.g., Occlusal Contact Distribution) for personalized quality assessment. Benchmarking state-of-the-art methods on CrownBench reveals a severe “Geometric Trap,” where geometrically accurate models still suffer from low clinical success rates. Furthermore, a rigorous blind user study confirms that our framework aligns significantly better with human expert judgments than traditional metrics. Our code and dataset are released at https://github.com/JiaminWoo/CrownBench.",ok,
FunPiQ: A New Benchmark for Pixel-Level Quality Assessment in Fundus Images,https://papers.miccai.org/miccai-2026/0410-Paper3819.html,https://papers.miccai.org/miccai-2026/paper/3819_paper.pdf,https://github.com/penway/FunPiQ,classification,Eye,Other,Deep Learning; Evaluation / Benchmarking / Reproducibility; Fairness / Safety / Reliability; Interpretability / Explainability,"Wang, Pengwei | Morano, José | Mares, Virginia | Bogunović, Hrvoje","Color fundus photography (CFP) is the most common ophthalmic imaging modality for large-scale screening. However, it is highly susceptible to degradations, making robust fundus image quality assessment (FIQA) crucial. The criteria for what constitutes high-quality at the image level vary across clinical tasks, making FIQA dependent on expert knowledge. This motivated the development of automated methods and datasets. While existing datasets aim to standardize image-level quality, their criteria often differ. Furthermore, image-level labels preclude the quantitative evaluation of localized degradations, which is essential for trustworthy FIQA. We argue that pixel-level FIQA based on anatomical visibility represents a more task-agnostic, explainable approach. In this work, we introduce FunPiQ, the first FIQA benchmark to provide pixel-level quality annotations. In addition, we propose EFIQA-CP, an explainable-by-design (EBD) method that uses quality pseudo-labels based on anatomical visibility to train a CNN via Non-Negative Positive-Unlabeled learning. Extensive evaluations of classification methods with post-hoc explanations, anomaly detection methods, and EBD methods demonstrate the superior performance of the last and, particularly, of EFIQA-CP. Our code, weights, and dataset are publicly available at https://github.com/penway/FunPiQ",ok,
HEDS-Net: A Hybrid State-Space Architecture with Axial Bridge and Progressive Weighting for Medical Image Segmentation,https://papers.miccai.org/miccai-2026/0452-Paper4167.html,https://papers.miccai.org/miccai-2026/paper/4167_paper.pdf,https://github.com/Momentisbeused/HEDS-Net,classification&segmentation,Whole-body / Multi-organ / Other,Image Segmentation,Deep Learning,"Fan, Jiaying | Liang, Yongjie | Cao, Junyue | Wang, Peiyuan | Wei, Bizhong | Li, Yuexiang","Medical image segmentation is fundamental to computer-aided diagnosis, requiring precise extraction of anatomical structures and pathological regions. While state-space models (SSMs) have demonstrated remarkable capabilities in capturing long-range dependencies with linear computational complexity, existing methods often struggle to effectively balance global context modeling and local detail preservation in medical images. To address this limitation, this paper proposes HEDS-Net, a Hybrid Vision State-space Transformer and Enhanced Deep Supervision Network. The approach introduces a Hybrid Vision State-space Transformer (HVST) module that integrates global sequential modeling with multi-scale local enhancement through a smooth progressive fusion mechanism, an Axial Cross-Information Synthesis Bridge (AXIS-Bridge) that enhances skip connections to refine cross-scale features, and a Progressively Weighted Deep Supervision Head (DS-Head) with dynamically adjusted weights for hierarchical auxiliary supervision. Extensive experimental evaluations on four medical image segmentation datasets, i.e., ISIC17, ISIC18, Kvasir-SEG, and Synapse, demonstrate that HEDS-Net outperforms advanced baseline models on key evaluation metrics: in skin lesion and polyp segmentation tasks, it achieves precise lesion detection and background exclusion; in multi-organ segmentation, it enables stable segmentation of both small and large anatomical structures. Code is available at https://github.com/Momentisbeused/HEDS-Net.",ok,
Hierarchical Cross-Modal Fusion with Modality-Specific Training Paradigms for High-Precision Non-invasive Aging Assessment,https://papers.miccai.org/miccai-2026/0459-Paper2578.html,https://papers.miccai.org/miccai-2026/paper/2578_paper.pdf,https://github.com/hangxingwu/HCMFMSTP,dataset/benchmark,Eye,Computer-Aided Diagnosis,Deep Learning,"Wu, Yihang | Xu, Junnan | Li, Guocong | Zhang, Yiwen | Cao, Bo | Huang, Shuaihan","Accurate and clinically relevant non-invasive aging assessment remains a key challenge in gerontology. While computer vision enables functional phenotypic analysis, existing methods primarily rely on unimodal analysis, struggle to encapsulate the systematic and complex nature of the aging process. We propose a hierarchical cross-modal fusion framework that integrates three complementary aging-related modalities: optical coherence tomography angiography (OCTA) and optical corneal thickness (OCT) from the ocular modality, millisecond-level behavioral syllables from the behavioral modality, and a high-dimensional gait matrix from the gait modality. Our framework introduces specialized training paradigms for each modality, including a three-stage progressive self-masked training paradigm, an active learning behavioral representation framework, and a multi-stage gait quantization workflow. This fusion architecture systematically progresses from unimodal encoding and intra-domain alignment of OCTA-OCT to inter-domain feature enhancement, and employs an entropy-guided probabilistic weighting strategy to integrate peripheral biological structural changes with central functional outputs. We performed aging assessments using a novel dataset of 166 mice aged 8 weeks to 18 months, divided into four age groups, with concurrent ocular, behavioral, and gait measurements. Experimental results demonstrate that our method achieves an accuracy (ACC) of 92.31\% and an area under the curve (AUC) of 97.73\% in aging assessment, significantly outperforming both single-modal baseline methods and state-of-the-art approaches. Furthermore, it exhibits superior capability in the precise extraction of age-related features. This work establishes a clinically interpretable framework for non-invasive aging assessment by bridging structural and functional changes at different biological scales. Code is available at \url{https://github.com/hangxingwu/HCMFMSTP}.",ok,
IOSVLM: A 3D Vision-Language Model for Unified Dental Diagnosis from Intraoral Scans,https://papers.miccai.org/miccai-2026/0514-Paper6442.html,https://papers.miccai.org/miccai-2026/paper/6442_paper.pdf,,VLM,Whole-body / Multi-organ / Other,Computer-Aided Diagnosis,,"Xiong, Huimin | Meng, Zijie | Hu, Tianxiang | Zhou, Chenyi | Feng, Yang | Liu, Zuozhu","3D intraoral scans (IOS) are increasingly adopted in routine dentistry due to abundant geometric evidence, and unified multi-disease diagnosis is desirable for clinical documentation and communication. While recent works introduce dental vision-language models (VLMs) to enable unified diagnosis and report generation on 2D images or multi-view images rendered from IOS, they do not fully leverage native 3D geometry. Such work is necessary and also challenging, due to: (i) heterogeneous scan forms and the complex IOS topology, (ii) multi-disease co-occurrence with class imbalance and fine-grained morphological ambiguity, (iii) limited paired 3D IOS–text data. Thus, we present IOSVLM, an end-to-end 3D VLM that represents scans as point clouds and follows a 3D encoder-projector-LLM design for unified diagnosis and generative visual question-answering (VQA), together with IOSVQA, a large-scale multi-source IOS diagnosis VQA dataset comprising 19,002 cases and 249,055 VQA pairs over 23 oral diseases and heterogeneous scan types. To address the distribution gap between color-free IOS data and color-dependent 3D pretraining, we propose a geometry-to-chromatic proxy that stabilizes fine-grained geometric perception and cross-modal alignment. A two-stage curriculum training strategy further enhances robustness. IOSVLM consistently outperforms strong baselines, achieving gains of at least +9.58% macro accuracy and +1.46% macro F1, indicating the effectiveness of direct 3D geometry modeling for IOS-based diagnosis.",ok,
Learning Task-Specific Anatomical Priors via Context Distillation for In-Context Medical Image Segmentation,https://papers.miccai.org/miccai-2026/0568-Paper3064.html,https://papers.miccai.org/miccai-2026/paper/3064_paper.pdf,,segmentation,Whole-body / Multi-organ / Other,Image Segmentation,Continual / Lifelong Learning,"Yang, Guoqing | Hu, Shishuai | Xia, Yong","In-context learning (ICL) has recently emerged as a promising paradigm for medical image segmentation, enabling frozen pre-trained models to adapt to new tasks using only a few labeled demonstrations (context). However, the effectiveness of ICL critically depends on the quality and representativeness of the provided context set. Redundant, noisy, or suboptimal demonstrations not only degrade segmentation accuracy but also increase computational overhead during inference. In this work, we propose Context Distillation via Masked Image Modeling (CD-MIM), a framework that reformulates context construction as a task of learning compact and task-specific anatomical priors. Instead of relying solely on raw clinical samples, we treat the context as a learnable entity and distill it into a small set of optimized templates. Through a curriculum-driven masking strategy and a meta-learning-based template optimization process, CD-MIM encourages the model to encode essential structural dependencies and cross-patient anatomical variations into condensed context. The resulting distilled context can either replace or complement raw demonstrations, reducing redundancy while improving segmentation robustness. Extensive experiments on seven medical image segmentation tasks and three representative visual in-context learning backbones demonstrate consistent performance gains and improved efficiency. Our findings suggest that explicitly learning distilled context priors provides a scalable and principled solution for stabilizing and enhancing ICL-based medical image segmentation.",ok,
MuellerPT: Decomposition Driven Pre-training for Dense Learning in Mueller Polarimetry,https://papers.miccai.org/miccai-2026/0679-Paper2771.html,https://papers.miccai.org/miccai-2026/paper/2771_paper.pdf,https://github.com/adamt222/MuellerPT,classification&segmentation,Brain,Image Segmentation,Deep Learning; Foundation Models; Multimodal Models / LLMs / VLMs; Semi- / Weakly- / Self-supervised Learning,"Tlemsani, Adam | Li, Yingdian | Giot, Maxime | Slim, Naim | Peters, Christopher J. | Ghosh, Abhijeet | Elson, Daniel S.","Mueller matrix imaging provides rich, physically meaningful contrast for biomedical tissue analysis, but supervised learning is hindered by scarce dense annotations and strong domain shifts across specimens and acquisition settings. We introduce MuellerPT, a physics guided pre-training approach that learns transferable dense representations by predicting Lu-Chipman decomposition maps from per-pixel 4x4 Mueller matrices. To scale pre-training, we collected a new large Multispectral Animal Polarimetric Organ dataset (MAP-Org). The pre-trained encoder is adapted with a segmentation head for grey vs. white matter segmentation in lamb brain. A classification head is used for colorectal cancer vs. non-cancer classification. Both segmentation and classification are evaluated across few-shot learning scenarios. In segmentation, MuellerPT improves label efficiency and cross specimen transfer compared to models without pre-training, achieving an absolute DICE gain of over 20% compared to the baseline trained from scratch when using 5% of the training data. In classification, MuellerPT also enhances label efficiency, improving overall accuracy by 8% compared to the baseline when using 1% of the training data. We demonstrate MuellerPT’s robustness to domain shift with a qualitative evaluation of its predicted Lu-Chipman maps on an ex vivo human oesophagus sample. These results suggest that predicting Lu-Chipman decomposition is an effective and practical pretext task for robust biomedical inference from Mueller polarimetry and can pave the way for future work on label efficient Mueller imaging.",ok,
Mutually Promoted Medical Image Segmentation and Classification via Prompt-Driven Interaction,https://papers.miccai.org/miccai-2026/0700-Paper5545.html,https://papers.miccai.org/miccai-2026/paper/5545_paper.pdf,,classification&segmentation,Whole-body / Multi-organ / Other,Image Segmentation,Multimodal Models / LLMs / VLMs,"Deng, Zijian | Yao, Xiaoli | Zhao, Qijun | Shahzadi, Iqra | Yang, Hui","The fine-tuned Segment Anything Model has shown strong potential for medical image segmentation, yet it remains class agnostic and cannot provide reliable categorical information alongside the predicted mask. This limits interpretability and increases the risk of selecting anatomically implausible regions when boundaries are ambiguous. Meanwhile, existing medical frameworks often treat segmentation and classification as separate processes, which weakens feature interaction and reduces robustness across diverse organs, lesions, and imaging modalities. We present BiMI, a mutually promoted framework that integrates a fine-tuned Segment Anything Model with a hierarchical classification branch. To regularize fine-grained recognition under data scarcity, BiMI introduces a Coarse2Fine Matrix that models hierarchical dependencies and enforces semantic consistency between coarse and fine predictions. To strengthen feature interaction between recognition and segmentation, BiMI further adopts a Global2local Feature Enhancement module that aligns global context with local spatial cues. In addition, BiMI incorporates a Text Guidance module that expands the predicted coarse and fine labels into a compact structured description using a frozen language model, and encodes it into a semantic embedding with a frozen text encoder. The embedding conditions structure-aware candidate selection to rank multi-mask hypotheses within the box prompt, improving anatomical plausibility and segmentation stability. Experiments on six public medical datasets covering CT, MRI, dermoscopy, and endoscopy demonstrate that BiMI consistently improves hierarchical classification and achieves competitive segmentation performance against strong U-Net and SAM-based baselines, with clear gains on several challenging benchmarks.",ok,
Non-intrusive Body Composition Assessment from Full-Body mmWave Scans,https://papers.miccai.org/miccai-2026/0715-Paper5425.html,https://papers.miccai.org/miccai-2026/paper/5425_paper.pdf,,reconstruction,Whole-body / Multi-organ / Other,Computer-Aided Diagnosis; Other; Public Health Imaging & Epidemiology,Deep Learning,"Senne, Miriam | Killeen, Benjamin D. | Wang, Tony Danjun | Navab, Nassir","Body composition assessment (BCA) provides detailed information about the distribution of different tissue types in the body, enabling more precise characterization of individuals than BMI or weight alone. Consistent and frequent BCA would be valuable for personalized medicine, but the gold standard methods for BCA, such as CT and MRI, are only practical for opportunistic monitoring of patients with clinical indications for imaging and are not suitable for routine use in the general population. Here, we consider an imaging modality which is not currently used in medical applications: millimeter wave (mmWave) radar. Commonly used in security settings, mmWave scans enable fast, non-intrusive, and privacy-preserving reconstruction of full body shape without the need to remove clothing. To demonstrate the feasibility of fast and convenient BCA from mmWave scans, we present a method for BCA value regression using a multi-task learning strategy that leverages synthetic mmWave-like point clouds derived from clinical imaging and parametric human models. We evaluate the model on a pilot cohort of real mmWave scans with bioimpedance-derived body fat measurements, supporting the feasibility of estimating VAT and body fat percentage (BFP) from mmWave data acquired through clothing in a standing posture. We find that the model can predict VAT and BFP with a mean absolute error of 1.0 L and 3.2%, respectively, demonstrating the potential of mmWave scanning for routine BCA in a wide range of settings.",ok,
Oneclass4ASD: Autism Spectrum Disorder Screening via One-class Classifier,https://papers.miccai.org/miccai-2026/0728-Paper2859.html,https://papers.miccai.org/miccai-2026/paper/2859_paper.pdf,https://github.com/chenf0613/OneClassForASD,classification,Brain,Computer-Aided Diagnosis,,"Chen, Fan | Qi, Jiansong | Liu, Jie | Guan, Qingji","Eye tracking technology as a non-contact method has become an innovative solution to Autism Spectrum Disorder (ASD) diagnosis by comparing the fixation data of healthy individuals and those suffering from ASD. Though this strategy seems promising, challenges remain in ASD data collection stage while the collected data often exhibit large intra-variances that seriously disrupt the diagnostic process. From these two problems, it is evident that binary classification methods which rely on data from both the healthy and ASD groups will encounter difficulties during the deployment stage. Therefore, in this paper, we propose a novel perspective that treats ASD as an abnormality detection through the introduction of one-class classification approach, which only requires healthy individuals’ data during training. Moreover, to address the large intra-variance among individuals, we design a novel uncertainty-aware weighting scheme that assigns images different contribution weights based on their effectiveness in distinguishing between ASD and healthy individuals. Additionally, from uncertainty weighting we are able to conduct an image selection process that selects the best-preforming subset of image stimuli for the training process. In comparison to previous research that adopts the binary classification method, our approach achieves comparable results while only using healthy individuals’ data for the training process.",ok,
OrthoMorphNet: Alignment-Guided Hierarchical Morphological Synthesis of Post-orthodontic Dentition and Gingiva,https://papers.miccai.org/miccai-2026/0746-Paper1814.html,https://papers.miccai.org/miccai-2026/paper/1814_paper.pdf,,image synthesis,Head & Neck,Digital Twins / Simulation / Synthetic Data; Outcome Prediction / Prognosis / Longitudinal Modeling,Deep Learning; Semi- / Weakly- / Self-supervised Learning,"Han, Ji Yong | Shin, Woncheol | Yang, Su | Kim, Sujeong | Yun, Hyunbin | Lim, Sang-Heon | Choi, Ho Yoon | Ahmadi, Mobin | Kim, Jun-Min | Lee, Sang-Jeong | Yi, Won-Jin","Digital orthodontic workflows increasingly rely on virtual setups to predict treatment outcomes from pre-treatment intraoral scans. Although learning-based methods can automatically align teeth by estimating per-tooth rigid motions, they often neglect soft-tissue deformation, leaving post-treatment gingival morphology unknown. We propose OrthoMorphNet, a hierarchical framework for joint synthesis of post-orthodontic dentition and gingiva. The model first aligns individual teeth by fusing per-tooth geometry with global spatial context through cross-attention to regress translation and unit-quaternion rotation, supervised by a composite objective enforcing geometric regularization and physical plausibility, including collision avoidance and arch-continuity. Subsequently, the predicted dentition guides gingiva synthesis in a volumetric indicator-grid space using a Swin-transformer-based 3D encoder–decoder, followed by Marching Cubes surface extraction with a grid reconstruction loss. Experiments on a public dataset demonstrate high alignment accuracy and state-of-the-art gingiva reconstruction compared to existing volumetric baselines, supporting clinically faithful end-to-end 3D orthodontic simulation.",ok,
PC-Seg: Progressive Cross-View Consistency for 3D OCT Segmentation from Sparse 2D Annotations,https://papers.miccai.org/miccai-2026/0763-Paper6555.html,https://papers.miccai.org/miccai-2026/paper/6555_paper.pdf,https://github.com/gsisaoki/pc-seg-official,classification&segmentation,Eye,Image Segmentation,Semi- / Weakly- / Self-supervised Learning,"Konno, Tsubasa | Ninomiya, Takahiro | Zhou, Yukun | Ito, Koichi | Wagner, Siegfried K. | Lin, Yiqun | Keane, Pearse A. | Nakazawa, Toru | Aoki, Takafumi","Volumetric segmentation of Optical Coherence Tomography (OCT) images is essential for diagnosing ocular diseases but requires labor-intensive voxel-wise annotations. While semi-supervised learning (SSL) can reduce annotation costs, most existing methods process data slice-by-slice, failing to exploit the inherent 3D spatial context. In this paper, we propose PC-Seg (Progressive Cross-view Segmentation), a novel curriculum learning framework that lifts sparse 2D annotations to high-precision 3D segmentation models. Unlike conventional multi-view approaches, our method employs a single 2D model to learn cross-view consistency from both standard B-scans and orthogonal slices, generating reliable volumetric pseudo-labels. These labels are then distilled into a 3D model, followed by a co-training phase where 2D and 3D models mutually refine each other through ensemble pseudo-labeling. Experiments on the MSHC dataset and the Duke DME dataset demonstrate that our method achieves accuracy comparable to fully supervised learning using only about 0.7\% of the labeled data, outperforming both state-of-the-art semi-supervised and retinal layer segmentation methods. Our code is publicly available at https://github.com/gsisaoki/pc-seg-official.",ok,
Percept-Aware Surgical Planning for Visual Cortical Prostheses with Vascular Avoidance,https://papers.miccai.org/miccai-2026/0766-Paper3855.html,https://papers.miccai.org/miccai-2026/paper/3855_paper.pdf,,reconstruction,Brain,Computer-Aided Diagnosis; Digital Twins / Simulation / Synthetic Data; Image Reconstruction; Outcome Prediction / Prognosis / Longitudinal Modeling,Other,"Pogoncheff, Galen | Wang, Alvin | Granley, Jacob | Beyeler, Michael","Cortical visual prostheses aim to restore sight by electrically stimulating early visual cortex (V1). As high-density and flexible neural interfaces emerge, electrode placement within folded cortex becomes a critical surgical planning problem. Existing strategies emphasize visual-field coverage and anatomical heuristics, but do not directly optimize predicted perceptual outcomes under safety constraints. We present a percept-aware framework that formulates cortical electrode placement as constrained optimization in anatomical space. Electrode coordinates are treated as learnable parameters and optimized end-to-end using a differentiable model of prosthetic vision. The objective minimizes task-level perceptual error while incorporating vascular avoidance and gray matter feasibility. Using realistic folded cortical geometry (FreeSurfer fsaverage), we evaluate the method on simulated reading and natural-image tasks. Percept-aware optimization improves reconstruction fidelity relative to visual-field tiling and improves or matches coverage-based placement depending on task structure. Vascular constraints eliminate safety-margin violations with only modest effects on perceptual performance, and the framework supports co-optimization of multi-electrode thread configurations under fixed insertion budgets. These results show how differentiable percept models can support anatomically grounded, safety-aware planning for cortical visual prostheses.",ok,
Physics-Based iOCT Sonification for Real-Time Interaction Awareness in Subretinal Injection,https://papers.miccai.org/miccai-2026/0776-Paper2423.html,https://papers.miccai.org/miccai-2026/paper/2423_paper.pdf,https://github.com/luisdavid64/ioct-subretinal-sonification,detection/localization,Eye,Image-Guided Interventions,,"Reyes Vargas, Luis D. | Ruozzi, Veronica | Ross, Andrea K. M. | Dehghani, Shervin | Sommersperger, Michael | Faridpooya, Koorosh | Nasseri, Mohammad Ali | Fairhurst, Merle | Navab, Nassir | Matinfar, Sasan","Subretinal injection is a delicate vitreoretinal procedure requiring precise needle placement within the subretinal space while avoiding perforation of the retinal pigment epithelium (RPE), a layer directly beneath the target with extremely limited regenerative capacity. To enhance depth perception during cannula advancement, intraoperative optical coherence tomography (iOCT) offers high-resolution cross-sectional visualization of needle–tissue interaction; however, interpreting these images requires sustained visual attention alongside the en face microscope view, thereby increasing cognitive load during critical phases and placing additional demands on the surgeon’s proprioceptive control. In this paper, we propose a structured, real-time sonification framework designed for extensible mapping of iOCT-derived anatomical features into perceptual auditory feedback. The method employs a physics-inspired acoustic model driven by segmented retinal layers from a stream of iOCT B-scans, with needle motion and injection-induced retinal layer displacements serving as excitation inputs to the sound model, enabling perception of tool position and retinal deformation. In a controlled user study (n=34), the proposed sonification achieved high retinal layer identification accuracy and robust detection of retinal deformation–related events, significantly outperforming a state-of-the-art baseline in overall event identification (83.4% vs. 60.6%, p < 0.001), with gains driven primarily by enhanced detection of injection-induced retinal deformation. Participants also reported higher confidence with the proposed method correlating with correctness, indicating the auditory mapping was perceptually interpretable. Evaluation by experts (n=4) confirmed the clinical relevance and potential intraoperative applicability of the method. These results establish structured iOCT sonification as a viable complementary modality for real-time surgical guidance in subretinal injection.",ok,
PhysOCT: Physics-Guided Retinal Modeling for OCT Image Synthesis,https://papers.miccai.org/miccai-2026/0787-Paper1750.html,https://papers.miccai.org/miccai-2026/paper/1750_paper.pdf,https://github.com/Terrific0723/PhysOCT,classification&segmentation,Eye,Digital Twins / Simulation / Synthetic Data; Image Segmentation; Image Synthesis / Augmentation / Super-Resolution,Interpretability / Explainability; Synthetic Data / Data-centric AI,"Wang, Yutong | Li, Xiaohui | Zhang, Wenbo | Zhang, Yizhe | Chen, Qiang","Optical Coherence Tomography (OCT) is central to retinal disease diagnosis and longitudinal monitoring, yet learning-based OCT analysis is often constrained by limited expert annotations. Conditional generative models can alleviate data scarcity, but prevailing lesionor segmentation-conditioned methods typically lack physical constraints governing the biomechanical coupling between pathological fluid evolution and retinal-layer deformation. As a result, synthesized scans may look plausible while exhibiting anatomically inconsistent layer configurations near lesions. We propose PhysOCT, a physics-guided plug-in framework that augments existing conditional generators with a deformation consistent structural prior. Given consecutive lesion masks, PhysOCT (i) predicts lesion-induced external forces using a force prediction network, then (ii) propagates retinal geometry via a differentiable meshfree solver built on enhanced Generalized Moving Least Squares and a stabilized Lagrangian update, producing a predicted next-step layer prior. This physics-derived prior, together with a deformation-aligned warped sketch of the previous scan, is used as additional conditioning for diffusion-based synthesis. Experiments on multiple longitudinal retinal OCT cohorts demonstrate improved one-step deformation prediction and consistent gains in generation fidelity (PSNR/SSIM) and distributional quality (FID) across DDPM and LDM backbones. The code is publicly available at: https://github.com/Terrific0723/PhysOCT.",ok,
Prompt and Probe: Data-Efficient Adaptation of Black-Box Foundation Models via Unified Active Visual Prompting,https://papers.miccai.org/miccai-2026/0818-Paper5623.html,https://papers.miccai.org/miccai-2026/paper/5623_paper.pdf,,classification&segmentation,Whole-body / Multi-organ / Other,Computer-Aided Diagnosis,Foundation Models,"Mahapatra, Dwarikanath | Das, Abhijit | Roy, Sudipta | Pandey, Manish | Dhar, Joy | Zaidi, Nayyar | Ge, Zongyuan | Bozorgtabar, Behzad | Reyes, Mauricio | Razzak, Imran","Deploying foundation models (FMs) in clinical imaging is limited by expert annotation cost and the opacity of API-served models that preclude gradient-based adaptation. Existing methods address these constraints separately: black-box prompt tuning assumes fixed labels, while active learning often requires gradients, internal features, logits, or calibrated probabilities. We present Prompt and Probe (P$^2$), a query-only framework for adapting frozen FMs to classification and segmentation while selecting informative unlabeled samples. A lightweight Visual Prompt Decoder (VIPD) maps shared semantic and anatomical embeddings to input-space prompts: global additive prompts for classification and spatial channel-concatenated prompts for segmentation, trained via zeroth-order optimization. For acquisition, the trained decoder probes unlabeled images with multi-scale perturbations; prompt and prediction shifts are summarized as image- and pixel-level instability scores and fused after per-batch normalization. Across seven public datasets, eight benchmarks, and six clinical modalities, P$^2$ reduces labeling by $40$–$60\%$ while outperforming black-box active learning baselines, achieving $91.8\%$ AUROC on CheXpert with $50\%$ labels and $58.5\%$ Dice on Kvasir-Seg with $10\%$ labels. Boundary instability from model-predicted masks, without segmentation ground truth, improves classification acquisition by up to 24.5 AUROC points, suggesting that joint spatial–semantic probing identifies anatomically ambiguous samples missed by task-specific selection.",ok,
Proto-CAP: Prototype Memory Fusion and Curriculum-Adaptive Loss for Pediatric Myopia Visual Question Answering,https://papers.miccai.org/miccai-2026/0825-Paper3429.html,https://papers.miccai.org/miccai-2026/paper/3429_paper.pdf,https://github.com/PixelOptic-Dev/Proto-CAP,classification,Eye,Computer-Aided Diagnosis; Image-Guided Interventions,Deep Learning; Multimodal Models / LLMs / VLMs,"Yan, Xu | Wu, Yanlin | Wang, Zixun | Yu, Jingtao | Wei, Ruihua | Li, Tao","Medical Visual Question Answering (Med-VQA) is pivotal for assisting clinical decision-making and automated diagnosis. While deep learning has achieved remarkable success in general VQA tasks, Med-VQA research targeting specific diseases—particularly pediatric myopia involving multimodal data—remains largely underexplored, primarily due to the scarcity of publicly available, expert-annotated datasets. In this paper, we present the Pediatric Myopia VQA dataset (PM-VQA). To the best of our knowledge, this is the first publicly available Med-VQA dataset dedicated to pediatric myopia. It comprises 2,741 multimodal images (CFP and OCT), totaling 14,781 expert-verified question-answer pairs(QA pairs). Furthermore, we propose an enhanced framework named Proto-CAP, designed to address the semantic gap and overfitting issues inherent in medical small-scale data. Within Proto-CAP, we introduce a Question-Guided Prototype Fusion mechanism and a Curriculum-Adaptive Poly-2 Loss to enhance prior knowledge injection and dynamically balance training difficulty. Experiments on PM-VQA demonstrate that our proposed method achieves state-of-the-art performance, reaching an accuracy of 79.19% and an F1-score of 78.74%, which outperforms existing methods by 2.10% in accuracy and 2.14% in F1-score.Code and dataset will be available at https://github.com/PixelOptic-Dev/Proto-CAP.",ok,
Prototype Learning for Visual Field Estimation from Fundus Photography in High Myopia,https://papers.miccai.org/miccai-2026/0830-Paper1688.html,https://papers.miccai.org/miccai-2026/paper/1688_paper.pdf,https://github.com/OptometryAI/ProtoVF,classification,Eye,Computer-Aided Diagnosis,Deep Learning,"Li, Guoliang | Yan, Zipei | Liu, Zhengji | Wang, Shuai | Chun, Rachel Ka-man | Zhou, Yongjin | Kee, Chea-su | Liang, Dong","Visual field (VF) sensitivity assessment is critical for quantifying functional impairment in high myopia (HM), yet conventional perimetry is subjective, time-consuming, and affected by substantial testretest variability. Deep learning-based estimation of VF sensitivity from fundus photography has emerged as a promising alternative; however, most existing approaches directly regress all 52 pointwise sensitivities and do not explicitly consider latent defect patterns. In this work, we propose ProtoVF, a prototype-based framework for fundus-to-VF estimation in HM. ProtoVF explores the underlying low-dimensional prototypes of VF patterns and predicts their combination coefficients from fundus images to estimate the full 52-point VF sensitivity map. By reformulating VF estimation as a prototype-learning problem, ProtoVF imposes an explicit prior over plausible VF patterns and decomposes predictions into clinically interpretable prototype patterns. In five-fold cross-validation on a large real-world HM cohort, ProtoVF achieved 2.55 MAE and 4.09 RMSE, outperforming the regression baseline, particularly in eyes with severe VF loss (MD ≤ −6 dB). These findings demonstrate that this prototype-based learning enables a more accurate, robust, and interpretable solution for fundus photography-based VF estimation in HM. Our code is available at https://github.com/OptometryAI/ProtoVF.",ok,
Reasoning Text-to-Video Retrieval for Operating Room Clips via Action-Driven Digital Twins,https://papers.miccai.org/miccai-2026/0864-Paper3993.html,https://papers.miccai.org/miccai-2026/paper/3993_paper.pdf,,image synthesis,Whole-body / Multi-organ / Other,Other,Deep Learning,"Shen, Yiqing | Ding, Hao | Unberath, Mathias","Text-to-video retrieval in operating rooms (OR) is an enabling technology for OR safety, as it allows stakeholders to retrieve and inspect recordings of specific events. However, because the most safety critical events may not follow the common structure, to unlock its full potential text-to-video retrieval must be able to handle implicit queries that require reasoning to identify the right videos (e.g., “the step right before clipping”). However, existing methods rely on global embeddings that cannot reason over such queries. We propose OR³, a text-to-video retrieval method that converts clips into action-driven digital twins (ActDTs), grouping concurrent subject-action-object triplets under non-overlapping temporal intervals. Moreover, rather than cross-modal matching through paired encoders, OR³ performs imagination-based retrieval where an LLM generates hypothetical ActDTs from queries. This enables intra-modal matching via a single encoder trained with ActDT-tailored hard negatives. Finally, evidence-grounded refinement revises imagined ActDTs based on discrepancies with top candidates to capture procedure-specific patterns. We construct a benchmark from MM-OR with 276 implicit queries across four reasoning categories over 386 clips from robotic knee procedures. OR³ achieves 57.6% R@1 and 77.3% R@5, outperforming the strongest baseline. These results demonstrate that OR³ enables fine-grained discrimination between visually similar OR video clips through temporal action reasoning. Code and dataset are available at https://anonymous.4open.science/r/OR3-FAEC/.",ok,
Research Design Considerations for Empirical User Studies in MICCAI,https://papers.miccai.org/miccai-2026/0883-Paper6182.html,https://papers.miccai.org/miccai-2026/paper/6182_paper.pdf,,image synthesis,Whole-body / Multi-organ / Other,Other,Evaluation / Benchmarking / Reproducibility; Other,"Cho, Sue Min | Gomez, Catalina | Breininger, Katharina | Creighton, Francis | Guo, Xiaoqing | Ho, Dean | Ishii, Masaru | Jannin, Pierre | Kersten-Oertel, Marta | Kim, Seong Tae | Navab, Nassir | Ouyang, Cheng | Wu, Shandong | Yi, Paul | Zuluaga, Maria A. | Unberath, Mathias","As technologies for applications in medical imaging and computer-assisted interventions mature, technical feasibility alone is insufficient for translation to bedside. Highlighted by communities that emphasize human-centered technology design and recent efforts at MICCAI, there is a need to evaluate technological solutions with human involvement. Among the various forms of human-centered evaluation, we focus on empirical, controlled user studies of human-technology interaction. These evaluations involve actual applications and real end-users, providing actionable evidence about human impact and intended use. However, the lack of standardized studies and unique challenge in user studies complicate the measurement of progress and reproducibility in research. This paper aims to support the MICCAI community in conducting evaluations with human subjects, by drawing on insights from human-centered principles and quantitative research in human-computer interaction. We discuss key considerations that include the formulation, planning, and execution of valid and meaningful experiments. The rigor and use of systematic methods in human-subjects evaluations will ultimately provide researchers with more reliable evidence to assert the potential achievements of their technological solutions. As considerations for human-subject experiments differ from those for technical development, the evaluation of these works demands criteria within the MICCAI community that account for the substantial effort and rigor required to conduct human-subject evaluations. Findings and lessons from human-machine interaction studies will guide future research aimed at deploying technologies and assessing clinical effectiveness.",ok,
REVEAL++: Differentiable Phenotypic Grouping for Vision–Language Retinal Modeling of Alzheimer’s Disease Risk,https://papers.miccai.org/miccai-2026/0895-Paper2649.html,https://papers.miccai.org/miccai-2026/paper/2649_paper.pdf,https://github.com/lab-smile/REVEALPP,VLM,Eye,Computer-Aided Diagnosis; Multimodal Integration with Clinical / Genomic / Biomarkers,Deep Learning; Multimodal Models / LLMs / VLMs,"Meidinger, Ethan | Leem, Seowung | Zhao, Zeyun | Fang, Ruogu","The retina offers a noninvasive window into neurodegenerative disease, capturing subtle structural patterns associated with a risk of future cognitive decline. Vision–language alignment frameworks such as REVEAL have shown that pairing retinal fundus images with structured clinical risk narratives improves early prediction of Alzheimer’s disease (AD). A key design choice in these approaches is the use of phenotypic grouping, where individuals with similar risk profiles are treated as multi-positive pairs during contrastive learning. However, existing methods operationalize phenotypic similarity as a discrete construct, relying on hard group assignments that impose rigid supervision and decouple group formation from representation learning. We propose a continuous formulation of phenotypic structure within contrastive learning. Rather than assigning samples to fixed clusters, we model inter-subject similarity as a differentiable weighting function derived from intra-modality embedding similarities in both retinal images and risk profiles. These weights define soft multi-positive relationships through a continuous aggregation operator, enabling graded supervision that reflects the spectrum nature of disease risk. We further introduce a soft-target contrastive objective that jointly learns cross-modal alignment and phenotypic structure in an end-to-end manner. Evaluated on UK Biobank retinal imaging data for incident AD prediction, the proposed framework consistently outperforms discrete group-based contrastive learning and standard vision–language baselines. By treating phenotypic similarity as a learnable, continuous signal rather than a fixed grouping rule, our approach provides a principled and robust foundation for population-scale neurodegenerative risk modeling from multi-modal retinal and clinical data. Code is available at: \url{https://github.com/lab-smile/REVEALpp}.",ok,
ROTE: Routing–Timescale Framework for Balanced Expert Allocation in MoE-Based Continual Segmentation,https://papers.miccai.org/miccai-2026/0906-Paper0705.html,https://papers.miccai.org/miccai-2026/paper/0705_paper.pdf,https://github.com/PerceptionComputingLab/ROTE,segmentation,Whole-body / Multi-organ / Other,Image Segmentation,Continual / Lifelong Learning; Foundation Models,"Zhu, Zhanshi | Qiang, Shuonan | Wang, Kuanquan | Li, Shuo","Continual segmentation is essential in dynamic clinical environments, where models must adapt to evolving imaging protocols and anatomical targets without forgetting previously learned knowledge. In continual settings, embedding Mixture-of-Experts (MoE) modules into the Segment Anything Model (SAM) decoder enables scalable capacity expansion without fine-tuning the backbone. However, existing MoE gating mechanisms are often challenged by expert allocation imbalance, where routing weights rapidly collapse onto a small subset of experts. This results in under-utilized capacity, degraded expert reusability, and aggravated catastrophic forgetting over long task sequences. To address challenges of expert allocation imbalance and catastrophic forgetting, we propose ROTE, a ROuting–TimEscale framework for continual segmentation with MoE-augmented SAM. ROTE integrates: (1) Locally-Regularized Soft Routing with KAN enforces balanced routing to prevent early expert monopolization; and (2) Hierarchical Temporal Learning inspired by nested learning decouples updates across time scales between SAM backbone, routing and expert to maintain long-term continual learning. Extensive experiments show ROTE consistently improves segmentation performance and mitigates catastrophic forgetting. The implementation code is publicly available at: https://github.com/PerceptionComputingLab/ROTE.",ok,
Situational context embedding and knowledge-based grounding for LLMs in surgical training assistance,https://papers.miccai.org/miccai-2026/0964-Paper2608.html,https://papers.miccai.org/miccai-2026/paper/2608_paper.pdf,https://github.com/ali-b-m/surgical-llm-tutor-tha,image synthesis,Musculoskeletal / Orthopedic,Other,Multimodal Models / LLMs / VLMs,"Bahari Malayeri, Ali | Seibold, Matthias | Öttl, Felix | Cavalcanti, Nicola A. | Gerth, Tatiana | Lekar, Roni | Hoch, Armando | Zingg, Patrick | Fürnstahl, Philipp","High-quality surgical training requires timely, context-aware feedback, yet expert supervision is resource intensive. Surgical simulators enable scalable, self-paced practice, but trainees often lack an instructor for in-the-moment questions. Although large language models can provide natural-language guidance, they are prone to hallucinations, generic recommendations, and insufficient grounding in the concrete simulator context. We present a proof-of-concept of a LLM-based tutoring system for Total Hip Arthroplasty (THA) training that explicitly grounds responses in both simulator-derived context and curated domain knowledge. Situational context is derived directly from the training simulator, integrating workflow phase information, procedural targets, and spatial relationships between anatomical structures, instruments, and implants. These structured state representations are transformed into anatomically meaningful clinical descriptions to enable context-aware tutoring. In parallel, the system incorporates simulator-specific documentation and expert THA textbook sources incorporated through retrieval-augmented generation (RAG). To mitigate unsupported outputs, our approach introduces an evidence-first policy with calibrated abstention when evidence is insufficient. We evaluate the proposed approach in a blinded expert study with 60 THA-related questions in pre-operative, process-related, and situational categories. Five senior THA surgeons rate anonymized responses from the proposed system, a baseline LLM, and expert reference answers. The results indicate that the proposed framework effectively integrates situational context and medical knowledge and achieves a significant improvement of the response quality in comparison to a general-purpose LLM baseline. However, human expert feedback remains vital for effective surgical training guidance.",ok,
SS-IoSR: Self-supervised Intraoral Scans Repair,https://papers.miccai.org/miccai-2026/0994-Paper5293.html,https://papers.miccai.org/miccai-2026/paper/5293_paper.pdf,https://github.com/crns-smartvision/iosr,reconstruction,Whole-body / Multi-organ / Other,Other,Deep Learning; Semi- / Weakly- / Self-supervised Learning,"Farhat, Manel | Ben-Hamadou, Achraf | Rekik, Ahmed | Abida, Ons | Smaoui, Oussama","Intraoral 3D scans are fundamental in digital dentistry but often contain geometric artifacts such as holes and non-manifold structures due to acquisition constraints and complex dental anatomy. We introduce SS-IoSR, a self-supervised hybrid framework for intraoral scan repair that combines masked autoencoder-based geometric representation learning with a hybrid explicit–implicit reconstruction strategy. The model operates on localized point cloud patches guided by clinicianselected seed points, enabling anatomically consistent reconstruction of missing regions. A differentiable Poisson-based refinement module further improves surface continuity and geometric fidelity. Experimental evaluations on public and in-house intraoral scan datasets show that SS-IoSR consistently outperforms state-of-the-art completion methods across multiple metrics, demonstrating improved reconstruction accuracy and higher structural similarity for clinically relevant dental regions.",ok,
"The Paper Has a GitHub, the GitHub Has a README, the README Has Nothing: Reproducibility Signals for Review Support",https://papers.miccai.org/miccai-2026/1055-Paper0729.html,https://papers.miccai.org/miccai-2026/paper/0729_paper.pdf,https://github.com/AImageLab-zip/paper-snitch,image restoration/quality,Whole-body / Multi-organ / Other,Other,Evaluation / Benchmarking / Reproducibility,"Bolelli, Federico | Santoli, Davide | Marchesini, Kevin | Lumetti, Luca | Grana, Costantino","Reproducibility policies promise “checkable” medical-imaging science, yet many submissions still ship unverifiable artifacts. Our analysis of 3722 MICCAI papers shows code-linking rising from 51.8% (2021) to 72.5% (2025), but ~13% of linked repositories are inaccessible or empty. We present paper-snitch, a reviewer-facing decision-support tool that turns these signals into an evidence-grounded report. Paper-snitch parses PDFs, resolves and sanity-checks repositories, and applies policy-aware checklists aligned with MICCAI expectations, producing a review-time verifiability score decomposed into interpretable sub-scores plus criterion-linked excerpts and artifacts reviewers can inspect. It never executes untrusted code or attempts GPU-heavy reproduction, focusing instead on bounded, verifiable checks. We compare paper-snitch on 100 randomly sampled MICCAI 2025 papers with human annotators using shared evaluation criteria, indicating that automated, bounded checks can scale reproducibility screening while keeping final decisions with reviewers.",ok,
Tooth Alignment via Virtual Trajectories with Clinical Constraints,https://papers.miccai.org/miccai-2026/1065-Paper5316.html,https://papers.miccai.org/miccai-2026/paper/5316_paper.pdf,https://github.com/moontaijin/ProMoT-Tooth-Alignment,image synthesis,Head & Neck,Image Registration,Deep Learning,"Jo, SeungKwan | Moon, Taejin | Kim, So Hyun | Jang, Hyensoo | Chung, Minyoung","Tooth alignment is a fundamental procedure in orthodontic treatment, requiring prolonged stage-wise clinical evaluation to precisely manage complex tooth movements. Conventional automatic methods regress a direct rigid transformation in a one-shot manner and impose clinical constraints only on the final configuration, limiting the ability to reflect the progressive nature of actual orthodontic treatment and yielding unreliable outcomes in complex tooth movement cases. To address this limitation, we propose a framework that models a virtual progressive tooth movement trajectory in which clinical constraints can be evaluated at each stage. The framework decomposes alignment into K incremental rigid-transformation steps and generates a stable and continuous virtual tooth trajectory from pre-/post-treatment data alone. By enforcing clinical constraints at every intermediate stage, the framework models progressive tooth movements in orthodontic treatment, demonstrating more precise and reliable tooth alignment outcomes. Our code is publicly available at https://github.com/moontaijin/ProMoT-Tooth-Alignment.",ok,
VisiFAT: Estimating Visceral Fat from Dual-View DXA Scans Using Cross-View Attention,https://papers.miccai.org/miccai-2026/1136-Paper0828.html,https://papers.miccai.org/miccai-2026/paper/0828_paper.pdf,https://github.com/arroobamaqsood/VisiFAT-Estimating-Visceral-Fat-from-Dual-View-DXA-scans-using-Cross-View-Attention,classification,Spine; Whole-body / Multi-organ / Other,Computer-Aided Diagnosis; Other; Outcome Prediction / Prognosis / Longitudinal Modeling,Deep Learning,"Maqsood, Arooba | Tariq, Abdullah | Mundt, Marion | Sim, Marc | Suter, David | Harvey, Nicholas C. | Leslie, William D. | Schousboe, John T. | Lewis, Joshua R. | Gilani, Syed Zulqarnain","Visceral Adipose Tissue (VAT) is a key biomarker for cardiometabolic disease risk, but its accurate quantification typically requires Computed Tomography (CT) or Magnetic Resonance Imaging (MRI), which are costly and not routinely available for large-scale or longitudinal assessment. Dual-energy X-ray Absorptiometry (DXA), on the other hand, offers a low-radiation, cost-effective alternative. However, existing research on VAT estimation from DXA remains limited and relies on single-view–based methods. In this work, we introduce ‘VisiFAT’, a multi-view, multi-modal framework for estimating VAT from lateral and posteroanterior spine DXA scans, together with patient demographic data including sex, age, height, and weight. The proposed approach employs a dual-branch convolutional architecture coupled with a cross-view attention module that enables adaptive feature exchange between views. By jointly modelling complementary DXA projections and patient-level information, the framework captures three-dimensional body composition cues that are not observable from either view alone. Evaluated on a large cohort, the proposed approach outperforms single-view and conventional fusion baselines, achieving lower prediction error and stronger correlation with reference VAT measures. To assess clinical relevance, we further examined cross-sectional associations between both estimated and reference VAT and the prevalence of atherosclerotic cardiovascular disease and diabetes, demonstrating comparable risk stratification performance. These results support ‘VisiFAT’ as a scalable tool for VAT estimation and cardiometabolic risk assessment.",ok,
VL-RewardGen: Vision–Language Reward Driven Skin Lesion Image Generation,https://papers.miccai.org/miccai-2026/1139-Paper4336.html,https://papers.miccai.org/miccai-2026/paper/4336_paper.pdf,https://github.com/wormschu/VL-RewardGen-Vision-Language-Reward-Driven-Skin-Lesion-Image-Generation.,VLM,Skin,Image Synthesis / Augmentation / Super-Resolution,Deep Learning; Fairness / Safety / Reliability; Multimodal Models / LLMs / VLMs; Reinforcement Learning / Control / Decision-Making,"Chu, Yusung | Yang, Sejung","Recent advances in reinforcement learning (RL)-based fine-tuning of diffusion models have improved controllability in image generation. However, these approaches typically depend on predefined reward functions or attribute-specific annotations, which remain scarce in many medical domains. In dermatology, fine-grained labels—such as dermoscopic attributes—are often limited, restricting the synthesis of clinically targeted image variations. To address this challenge, we propose a vision–language (VL) reward-driven framework for controllable skin lesion image generation, termed VL-RewardGen. Our method leverages MONET, a dermatology-specific pretrained VL model, to compute semantic alignment scores between generated images and concept texts describing lesion classes and visual attributes. These alignment scores serve as reward signals to fine-tune a diffusion model via RL, directly optimizing image–concept consistency without requiring additional fine-grained supervision. We evaluate VL-RewardGen on the ISIC 2019 and MILK-10K datasets. Compared to standard fine-tuned Stable Diffusion and a supervised-reward RL baseline, our method achieves improved controllability while maintaining high visual fidelity. Overall, VL-RewardGen enables semantically controlled dermatology image generation and demonstrates the potential of domain-specific VL models as scalable reward functions for targeted medical data synthesis. Our code is publicly available at https://github.com/wormschu/VL-RewardGenVision-Language-Reward-Driven-Skin-Lesion-Image-Generation.",ok,
Volume-Fused Super-Resolution OCT Reveals Cellular-Level Structures in the Outer Segment Across Wider Fields Without Adaptive Optics,https://papers.miccai.org/miccai-2026/1143-Paper4007.html,https://papers.miccai.org/miccai-2026/paper/4007_paper.pdf,,segmentation,Eye,Image Reconstruction; Image Synthesis / Augmentation / Super-Resolution,,"Ploner, Stefan B. | Fan, Weijia | Zhang, Hao F. | Fujimoto, James G. | Maier, Andreas","Due to its historic limitations in imaging speed, for a long time, ophthalmic Optical Coherence Tomography (OCT) image analysis focused on features such as retinal layer thickness or fluids, which are visible in 2D B-scans. Although OCT angiography raised interest in en face (C-scan) images to visualize vascular layers, analysis of structural en face features like nerve fibers or photoreceptors was limited by transverse resolution, shot noise, and eye motion creating non-uniform displacements and distortion in raster-scanned volume images. Imaging of these structures is limited to much more complex adaptive optics imaging devices, which place a major hurdle for clinical translation, and complicate imaging by requiring pupil dilation. In this contribution, we integrate computational methods for motion, distortion and illumination compensation of repeated OCT volumes with orthogonally alternating fast scan directions, resulting in a consistent 3D point cloud, and apply the first fully-automatic inverse model for reconstructing 3D (multi-frame) super-resolved ophthalmic OCT images with higher sample density and reduced blur. In particular, we visualize reflections from individual cones in the outer segment with visible-light OCT across a 3 x 3 mm^2 field. Our method is unique in its comprehensive description of confounders of the imaging process, unlocks a novel paradigm of widefield OCT acquisition, and significantly broadens access to features of high clinical interest.",ok,
When Tissue Speaks: Vibroacoustic Monitoring of Tissue Response During Electrosurgery,https://papers.miccai.org/miccai-2026/1157-Paper2429.html,https://papers.miccai.org/miccai-2026/paper/2429_paper.pdf,https://gitlab.gwdg.de/cds/va-electrosurgery,image synthesis,Abdomen,Image-Guided Interventions; Other,Other,"Esmaeili, Nazila | Urrutia, Robin | Espejo, Diego | Boese, Axel | Horvath, Philipp | Hansen, Christian | Hagenah, Jannis | Illanes, Alfredo","Electrosurgical coagulation is widely used in laparoscopic surgery; however, intraoperative assessment of tissue response remains indirect and largely reliant on visual cues, increasing the risk of insufficient coagulation or excessive thermal damage. In this work, we investigate vibroacoustic (VA) sensing as a non-invasive modality for monitoring electrosurgical coagulation. VA sensing captures structure-borne mechanical vibrations generated at the tool-tissue interaction point without requiring modifications to standard surgical instruments or workflows. Using a bipolar electrosurgical setup, VA signals were acquired under two complementary scenarios: prolonged coagulation of ex vivo porcine liver tissue to analyze temporal signal evolution, and coagulation of ex vivo porcine liver, muscle, and fat to investigate tissue-specific responses. The signals were analyzed using time- and time-frequency-domain signal processing methods. Results show that VA signals evolve systematically throughout coagulation, revealing distinct phases up to carbonization. In addition, tissue-specific analyses demonstrate reproducible differences in temporal dynamics and spectral content, enabling clear separation of tissue types in a non-linear embedding space. These findings indicate that VA sensing captures reproducible state-dependent and tissue-specific characteristics during electrosurgical energy delivery, highlighting its potential to address the clinical challenge of perceiving and controlling tissue response during electrosurgery.",ok,
Where Is the Needle Tip? VA Sensing Reveals Hidden Needle-Tissue Transitions During US Guidance,https://papers.miccai.org/miccai-2026/1160-Paper3144.html,https://papers.miccai.org/miccai-2026/paper/3144_paper.pdf,,image restoration/quality,Whole-body / Multi-organ / Other,Image-Guided Interventions; Other,Other,"Urrutia, Robin | Esmaeili, Nazila | Boese, Axel | Matinfar, Sasan | Davaris, Nikolaos | Arens, Christoph | Hansen, Christian | Illanes, Alfredo","Reliable identification of tissue transitions during ultrasound-guided needle insertion remains challenging, particularly when needle-tip visibility is degraded by imaging geometry or acoustic artifacts. Most prior work focuses on spatial localization, while fewer approaches address mechanically meaningful events such as boundary crossing between adjacent tissues. This study investigates whether proximal vibroacoustic (VA) sensing can detect tissue transitions during insertion. VA signals recorded at the needle hub were analyzed using a time–frequency representation, and statistical similarity to tissue-specific reference segments was quantified using the first-order Wasserstein distance. Transition time was derived from a log-distance ratio signal indicating regime change. Experiments were conducted on 42 controlled insertions in a layered ex-vivo biological phantom with synchronized ultrasound (US) video. Results show consistent regime shifts at tissue boundaries and temporal agreement with US-based annotations across different visibility conditions. These findings indicate that proximal VA sensing captures mechanical interaction changes associated with tissue transitions and may provide complementary feedback during US-guided procedures.",ok,
"X-Edit: Exact, Explicit, and Explainable Null-Space Editing for Medical Vision Transformers",https://papers.miccai.org/miccai-2026/1164-Paper1503.html,https://papers.miccai.org/miccai-2026/paper/1503_paper.pdf,https://github.com/HenryLau7/X-Edit,classification,Whole-body / Multi-organ / Other,Computer-Aided Diagnosis,Fairness / Safety / Reliability; Interpretability / Explainability,"Liu, Yuanye | Zhou, Siyuan | Zhang, Ke | Li, Lei | Chen, Wei | Zhuang, Xiahai","Pre-trained Vision Transformers (ViTs) are increasingly deployed for medical image classification. However, correcting their inevitable failure cases in dynamic clinical scenarios poses a critical challenge. Conventional fine-tuning approaches inherently suffer from catastrophic forgetting, severely degrading previously acquired diagnostic capabilities. Such instability fundamentally compromises clinical safety. Addressing this vulnerability requires an active, controllable, and reliable intervention mechanism that is both theoretically grounded and inherently interpretable. To this end, we propose X-Edit (eXact, eXplicit, and eXplainable Editing), an efficient null-space model editing framework. X-Edit transitions the editing process from iterative gradient-based optimization to a theoretically grounded, closed-form solution. Specifically, we first explicitly localize the influential layers via causal tracing governing the erroneous prediction. Subsequently, we construct an orthogonal null-space projection matrix from a curated anchor set. By geometrically constraining the exact parameter update strictly within this null space, we provide mathematical guarantees that the intervention rectifies targeted errors without perturbing established diagnostic representations. Extensive evaluations on six medical imaging benchmarks demonstrate that X-Edit comprehensively suppresses catastrophic forgetting while achieving superior edit success rates. Our code is available at \url{https://github.com/HenryLau7/X-Edit}.",ok,
