paper_url,title,original_modalities,retained_modality,original_code_url,code_url,link_source,link_type,source_file,source_row,public_access_status,http_status,resolved_url,checked_at_utc,check_error
https://papers.miccai.org/miccai-2026/0001-Paper2705.html,3D Cerebrovascular Shape Completion from Biplane Angiography and CTA Prior,CT-XRay,CT-XRay,https://github.com/janik-j/cta-dsa-fusion,https://github.com/janik-j/cta-dsa-fusion,code_url_field,repository_host_link,Published_papers/CT-XRay/papers_links.csv,2,accessible,200,https://github.com/janik-j/cta-dsa-fusion,2026-10-01T15:30:44+00:00,
https://papers.miccai.org/miccai-2026/0002-Paper5533.html,3D Classification of Paramagnetic Rim Lesions in Multiple Sclerosis via Asymmetric QSM–FLAIR Modeling,MRI,MRI,https://github.com/veronicapignedoli/FRODO,https://github.com/veronicapignedoli/FRODO,code_url_field,repository_host_link,Published_papers/MRI/papers_links.csv,2,accessible,200,https://github.com/Malga-Vision/FRODO,2026-10-01T15:30:44+00:00,
https://papers.miccai.org/miccai-2026/0003-Paper4553.html,A 3D Unrolling Framework for Joint Sodium MRI Reconstruction and Concentration Quantification,MRI,MRI,,,none,no_listed_link,Published_papers/MRI/papers_links.csv,3,no_listed_link,,,,
https://papers.miccai.org/miccai-2026/0004-Paper2852.html,A Clinical Guideline-Grounded Hybrid Agentic Framework for Holistic Epilepsy Management,MRI | Physio-signals,MRI,https://github.com/khoapham154/epi_guide,https://github.com/khoapham154/epi_guide,code_url_field,repository_host_link,Published_papers/MRI/papers_links.csv,4,accessible,200,https://github.com/khoapham154/epi_guide,2026-10-01T15:30:44+00:00,
https://papers.miccai.org/miccai-2026/0005-Paper1600.html,A Confounder-aware Representation Learning Framework for Alzheimer’s Disease Classification,MRI,MRI,https://github.com/redtea-code/Causal_fusion,https://github.com/redtea-code/Causal_fusion,code_url_field,repository_host_link,Published_papers/MRI/papers_links.csv,5,accessible,200,https://github.com/redtea-code/Causal_fusion,2026-10-01T15:30:44+00:00,
https://papers.miccai.org/miccai-2026/0006-Paper6105.html,A Counterfactual Framework for Directional Cell–Cell Interaction Analysis in Spatial Transcriptomics,Microscopy,Microscopy,https://github.com/Snigdha022/Counterfactual-Cell-Influence-Spatial-Transcriptomics.git,https://github.com/Snigdha022/Counterfactual-Cell-Influence-Spatial-Transcriptomics.git,code_url_field,repository_host_link,Published_papers/Microscopy/papers_links.csv,2,accessible,200,https://github.com/Snigdha022/Counterfactual-Cell-Influence-Spatial-Transcriptomics,2026-10-01T15:30:44+00:00,
https://papers.miccai.org/miccai-2026/0007-Paper4859.html,A Deep Learning Surrogate Model for Microwave Thermal Ablation: From Preoperative Planning to Intraoperative Re-planning,CT-XRay,CT-XRay,,,none,no_listed_link,Published_papers/CT-XRay/papers_links.csv,3,no_listed_link,,,,
https://papers.miccai.org/miccai-2026/0008-Paper4457.html,A Flexible Structure-Guided Feature Aggregation Paradigm for Efficient Vascular Representation,CT-XRay,CT-XRay,https://github.com/YaoleiQi/VSP,https://github.com/YaoleiQi/VSP,code_url_field,repository_host_link,Published_papers/CT-XRay/papers_links.csv,4,accessible,200,https://github.com/YaoleiQi/VSP,2026-10-01T15:30:44+00:00,
https://papers.miccai.org/miccai-2026/0009-Paper5049.html,A Guideline-Aware AI Agent for Zero-Shot Target Volume Auto-Delineation,CT-XRay,CT-XRay,https://github.com/Oncosoft-Research/OncoAgent,https://github.com/Oncosoft-Research/OncoAgent,code_url_field,repository_host_link,Published_papers/CT-XRay/papers_links.csv,5,not_publicly_accessible,404,https://github.com/Oncosoft-Research/OncoAgent,2026-10-01T15:30:45+00:00,HTTP Error 404: Not Found
https://papers.miccai.org/miccai-2026/0010-Paper1042.html,A Heterogeneous Prognosis Prediction Framework with Global Brain Connectivity and Local Image Features,CT-XRay | Diffusion-MRI | Func_MRI,CT-XRay,,,none,no_listed_link,Published_papers/CT-XRay/papers_links.csv,6,no_listed_link,,,,
https://papers.miccai.org/miccai-2026/0011-Paper0766.html,A Hierarchical Multi-Task Framework for Dementia Diagnosis via Pathological Feature Learning from Multi-Organ Data,Multimodals,Multimodals,https://github.com/AIbySlz/MoMmNet,https://github.com/AIbySlz/MoMmNet,code_url_field,repository_host_link,Published_papers/Multimodals/papers_links.csv,2,accessible,200,https://github.com/AIbySlz/MoMmNet,2026-10-01T15:30:45+00:00,
https://papers.miccai.org/miccai-2026/0012-Paper1806.html,A Modality-Aware Mixture-of-Experts Framework for Clinical Multimodal Breast Ultrasound Diagnosis,ultrasounds,ultrasounds,https://github.com/StveHok/MA-MoE,https://github.com/StveHok/MA-MoE,code_url_field,repository_host_link,Published_papers/ultrasounds/papers_links.csv,2,accessible,200,https://github.com/StveHok/MA-MoE,2026-10-01T15:30:45+00:00,
https://papers.miccai.org/miccai-2026/0013-Paper5454.html,A Multi-center Benchmark for Abdominal Disease Diagnosis and Report Generation from Non-Contrast CT,CT-XRay,CT-XRay,https://github.com/xmed-lab/TriALS-Report/,https://github.com/xmed-lab/TriALS-Report/,code_url_field,repository_host_link,Published_papers/CT-XRay/papers_links.csv,7,accessible,200,https://github.com/xmed-lab/TriALS-Report/,2026-10-01T15:30:45+00:00,
https://papers.miccai.org/miccai-2026/0014-Paper4243.html,"A Multimodal 3D Foundation Model for Light Sheet Fluorescence Microscopy Enables Few-Shot Segmentation, Classification, and Deblurring",Microscopy,Microscopy,https://github.com/AdinaScheinfeld/lsm_fm_public_repo.git,https://github.com/AdinaScheinfeld/lsm_fm_public_repo.git,code_url_field,repository_host_link,Published_papers/Microscopy/papers_links.csv,3,accessible,200,https://github.com/AdinaScheinfeld/lsm_fm_public_repo,2026-10-01T15:30:45+00:00,
https://papers.miccai.org/miccai-2026/0015-Paper0825.html,"A Multi-view, Hybrid, Hypergraph Learning Framework with Causal Perturbation for Early Alzheimer’s Disease Diagnosis",Func_MRI,Func_MRI,https://github.com/eyeopeners/HyperBrainNet,https://github.com/eyeopeners/HyperBrainNet,code_url_field,repository_host_link,Published_papers/Func_MRI/papers_links.csv,2,accessible,200,https://github.com/eyeopeners/HyperBrainNet,2026-10-01T15:30:45+00:00,
https://papers.miccai.org/miccai-2026/0016-Paper2068.html,A Neurosymbolic Framework for Interpretable Skeleton-Based Seizure Detection via Concept-Driven Logical Reasoning,Others | Photo_video,Others,https://github.com/Mr-TalhaIlyas/CDSD,https://github.com/Mr-TalhaIlyas/CDSD,code_url_field,repository_host_link,Published_papers/Others/papers_links.csv,2,accessible,200,https://github.com/Mr-TalhaIlyas/CDSD,2026-10-01T15:30:45+00:00,
https://papers.miccai.org/miccai-2026/0017-Paper6055.html,A Real-World Evaluation of Failure Detection for Liver CT Segmentation,CT-XRay,CT-XRay,https://github.com/mckellwoodland/liver_ct_ood_translation,https://github.com/mckellwoodland/liver_ct_ood_translation,code_url_field,repository_host_link,Published_papers/CT-XRay/papers_links.csv,8,accessible,200,https://github.com/mckellwoodland/liver_ct_ood_translation,2026-10-01T15:30:46+00:00,
https://papers.miccai.org/miccai-2026/0018-Paper3573.html,A Unified Few-Shot Framework for Multi-Atlas Neuroimaging Segmentation Leveraging Vision Foundation Models,MRI,MRI,https://github.com/GBCWORLDWALKER/FewshotBrain,https://github.com/GBCWORLDWALKER/FewshotBrain,code_url_field,repository_host_link,Published_papers/MRI/papers_links.csv,6,accessible,200,https://github.com/GBCWORLDWALKER/FewshotBrain,2026-10-01T15:30:46+00:00,
https://papers.miccai.org/miccai-2026/0019-Paper5165.html,A Unified Framework for Joint Detection of Lacunes and Enlarged Perivascular Spaces,MRI,MRI,https://github.com/lucas-ucl/Lacune-EPVS-MTL,https://github.com/lucas-ucl/Lacune-EPVS-MTL,code_url_field,repository_host_link,Published_papers/MRI/papers_links.csv,7,accessible,200,https://github.com/lucas-ucl/Lacune-EPVS-MTL,2026-10-01T15:30:46+00:00,
https://papers.miccai.org/miccai-2026/0020-Paper1637.html,"A Versatile Prompt-Driven Framework for Brain Segmentation, Parcellation, and Surface Reconstruction from Diverse Modalities",MRI,MRI,,,none,no_listed_link,Published_papers/MRI/papers_links.csv,8,no_listed_link,,,,
https://papers.miccai.org/miccai-2026/0021-Paper5543.html,AbdomenGen: Sequential Volume-Conditioned Diffusion Framework for Abdominal Anatomy Generation,CT-XRay,CT-XRay,,,none,no_listed_link,Published_papers/CT-XRay/papers_links.csv,9,no_listed_link,,,,
https://papers.miccai.org/miccai-2026/0022-Paper4515.html,ACA: Post-hoc Adaptive Logit Alignment for 3D Medical Image Segmentation,CT-XRay | MRI,CT-XRay,https://github.com/MelindaDong/aca-segmentation,https://github.com/MelindaDong/aca-segmentation,code_url_field,repository_host_link,Published_papers/CT-XRay/papers_links.csv,10,accessible,200,https://github.com/MelindaDong/aca-segmentation,2026-10-01T15:30:46+00:00,
https://papers.miccai.org/miccai-2026/0023-Paper4622.html,Accurate Reconstruction of the Standard 12-Lead ECG from a Single Lead Based on Inherent Principles of ECG,Physio-signals | Sensors,Physio-signals,https://github.com/DHSeo11/AURORA.git,https://github.com/DHSeo11/AURORA.git,code_url_field,repository_host_link,Published_papers/Physio-signals/papers_links.csv,2,accessible,200,https://github.com/DHSeo11/AURORA,2026-10-01T15:30:46+00:00,
https://papers.miccai.org/miccai-2026/0024-Paper4031.html,ACMap: Across-scales Connectivity Mapping of Primate Brain,Diffusion-MRI | Microscopy | Others,Diffusion-MRI,,,none,no_listed_link,Published_papers/Diffusion-MRI/papers_links.csv,2,no_listed_link,,,,
https://papers.miccai.org/miccai-2026/0025-Paper5702.html,AC-MIL: Weakly-Supervised Atrial LGE-MRI Quality Assessment via Adversarial Concept Disentanglement,MRI,MRI,https://github.com/arf111/AC-MIL,https://github.com/arf111/AC-MIL,code_url_field,repository_host_link,Published_papers/MRI/papers_links.csv,9,accessible,200,https://github.com/arf111/AC-MIL,2026-10-01T15:30:46+00:00,
https://papers.miccai.org/miccai-2026/0026-Paper2305.html,Active Evaluation-Induced Graph Network Based Medical Hyperspectral Image Classification for Tumor Diagnosis,Spectroscopy,Spectroscopy,,,none,no_listed_link,Published_papers/Spectroscopy/papers_links.csv,2,no_listed_link,,,,
https://papers.miccai.org/miccai-2026/0027-Paper2507.html,Active Source-free Domain Adaptation in Open-set Medical Image Segmentation via Decomposed Uncertainty and Prototype Discrepancy,CT-XRay | MRI,CT-XRay,,,none,no_listed_link,Published_papers/CT-XRay/papers_links.csv,11,no_listed_link,,,,
https://papers.miccai.org/miccai-2026/0028-Paper2765.html,AdaBIMBA: Adaptive Token Compression for Long Endoscopy Video Understanding,Endoscopy,Endoscopy,,,none,no_listed_link,Published_papers/Endoscopy/papers_links.csv,2,no_listed_link,,,,
https://papers.miccai.org/miccai-2026/0029-Paper5721.html,ADAPT: Adaptive Profiling Transformers for Efficient Alzheimer’s Disease Diagnosis,MRI,MRI,,,none,no_listed_link,Published_papers/MRI/papers_links.csv,10,no_listed_link,,,,
https://papers.miccai.org/miccai-2026/0030-Paper0916.html,Adapting Ordinal-Risk Alignment for Clinically Safe Diabetic Retinopathy Grading,Photo_video,Photo_video,,,none,no_listed_link,Published_papers/Photo_video/papers_links.csv,2,no_listed_link,,,,
https://papers.miccai.org/miccai-2026/0031-Paper3550.html,Adapting Without Access: Black-Box Bayesian Adaptation for Trustworthy Cross-Center Medical Image Segmentation,CT-XRay | ultrasounds,CT-XRay,,,none,no_listed_link,Published_papers/CT-XRay/papers_links.csv,12,no_listed_link,,,,
https://papers.miccai.org/miccai-2026/0032-Paper4551.html,Adaptive Frequency-Guided Parallel Mamba Network for Polyp Segmentation,Photo_video | Sensors,Photo_video,,https://github.com/B00MCLAP/Polyp-AFMamba,abstract,repository_host_link,Published_papers/Photo_video/papers_links.csv,3,accessible,200,https://github.com/B00MCLAP/Polyp-AFMamba,2026-10-01T15:34:33+00:00,
https://papers.miccai.org/miccai-2026/0033-Paper4611.html,AdaSurvMamba: Dynamic Fusion and Semantic Scanning for Multimodal Survival Analysis,Histology | Multimodals,Histology,https://github.com/zjlGO/AdaSurvMamba,https://github.com/zjlGO/AdaSurvMamba,code_url_field,repository_host_link,Published_papers/Histology/papers_links.csv,2,accessible,200,https://github.com/zjlGO/AdaSurvMamba,2026-10-01T15:30:47+00:00,
https://papers.miccai.org/miccai-2026/0034-Paper3644.html,Addressing Gradient Conflicts in Multimodal Fundus Disease Recognition with Fusion-Guided Learning,Photo_video,Photo_video,https://github.com/lxz8763/FGDL-Fundus,https://github.com/lxz8763/FGDL-Fundus,code_url_field,repository_host_link,Published_papers/Photo_video/papers_links.csv,4,accessible,200,https://github.com/lxz8763/FGDL-Fundus,2026-10-01T15:30:47+00:00,
https://papers.miccai.org/miccai-2026/0035-Paper3002.html,Addressing Tissue and Appearance Heterogeneity in Text-Guided Few-Shot WSI Classification,Histology,Histology,,https://github.com/noviq123/HAT,abstract,repository_host_link,Published_papers/Histology/papers_links.csv,3,accessible,200,https://github.com/noviq123/HAT,2026-10-01T15:34:33+00:00,
https://papers.miccai.org/miccai-2026/0036-Paper0597.html,AEGIS: Anatomy-Embedded Group-Invariant Segmentation for Fair Medical Foundation Models,MRI,MRI,https://github.com/lettuce09/AEGIS,https://github.com/lettuce09/AEGIS,code_url_field,repository_host_link,Published_papers/MRI/papers_links.csv,11,accessible,200,https://github.com/lettuce09/AEGIS,2026-10-01T15:30:47+00:00,
https://papers.miccai.org/miccai-2026/0037-Paper5918.html,AffordTissue: Dense Affordance Prediction for Tool-Action Specific Tissue Interaction,Endoscopy,Endoscopy,,,none,no_listed_link,Published_papers/Endoscopy/papers_links.csv,3,no_listed_link,,,,
https://papers.miccai.org/miccai-2026/0038-Paper0598.html,Age Conditional Longitudinal Forecasting of Adolescent Functional Connectivity via Brownian Bridge Diffusion Models,Func_MRI,Func_MRI,https://github.com/rongyezhang18-eng/BBdiffusion-FC,https://github.com/rongyezhang18-eng/BBdiffusion-FC,code_url_field,repository_host_link,Published_papers/Func_MRI/papers_links.csv,3,accessible,200,https://github.com/rongyezhang18-eng/BBdiffusion-FC,2026-10-01T15:30:47+00:00,
https://papers.miccai.org/miccai-2026/0039-Paper5366.html,AGE-MIL: Anchor-Guided Evidence Learning for Patient-Level Prediction,Histology,Histology,https://github.com/wodeniua/AGE-MIL,https://github.com/wodeniua/AGE-MIL,code_url_field,repository_host_link,Published_papers/Histology/papers_links.csv,4,accessible,200,https://github.com/wodeniua/AGE-MIL,2026-10-01T15:30:47+00:00,
https://papers.miccai.org/miccai-2026/0040-Paper5424.html,Agent-Guided Relational Concept Discovery: Toward Interpretable Surgical Margin Assessment,Others,Others,https://github.com/nooshinmaghsoodi/cem-qwen-reims,https://github.com/nooshinmaghsoodi/cem-qwen-reims,code_url_field,repository_host_link,Published_papers/Others/papers_links.csv,3,accessible,200,https://github.com/nooshinmaghsoodi/cem-qwen-reims,2026-10-01T15:30:47+00:00,
https://papers.miccai.org/miccai-2026/0041-Paper3725.html,AGGRNet: Selective Feature Extraction and Aggregation for Enhanced Medical Image Classification,Endoscopy | Histology | Others | Photo_video,Endoscopy,https://github.com/AnshMakwe/AGGRNet-Feature-Extraction-and-Aggregation,https://github.com/AnshMakwe/AGGRNet-Feature-Extraction-and-Aggregation,code_url_field,repository_host_link,Published_papers/Endoscopy/papers_links.csv,4,accessible,200,https://github.com/AnshMakwe/AGGRNet-Feature-Extraction-and-Aggregation,2026-10-01T15:30:47+00:00,
https://papers.miccai.org/miccai-2026/0042-Paper3186.html,AHPR-Net: Anatomy-aware Hierarchical Prompting Refinement Network for Spine Image Segmentation,CT-XRay | MRI,CT-XRay,https://github.com/zjy399/AHPR-Net,https://github.com/zjy399/AHPR-Net,code_url_field,repository_host_link,Published_papers/CT-XRay/papers_links.csv,13,not_publicly_accessible,404,https://github.com/zjy399/AHPR-Net,2026-10-01T15:30:47+00:00,HTTP Error 404: Not Found
https://papers.miccai.org/miccai-2026/0043-Paper5697.html,AI-Driven Pulmonary Congestion Assessment for Lung Ultrasound via Segmentation-Guided Transformers,ultrasounds,ultrasounds,https://github.com/Fahim-F/AI-Driven-B-Line-Detection,https://github.com/Fahim-F/AI-Driven-B-Line-Detection,code_url_field,repository_host_link,Published_papers/ultrasounds/papers_links.csv,3,accessible,200,https://github.com/Fahim-F/AI-Driven-B-Line-Detection,2026-10-01T15:30:47+00:00,
https://papers.miccai.org/miccai-2026/0044-Paper0037.html,ALFA: Biplanar X-Ray Reconstruction via Anatomy-Latent Field Adaptation,CT-XRay,CT-XRay,,,none,no_listed_link,Published_papers/CT-XRay/papers_links.csv,14,no_listed_link,,,,
https://papers.miccai.org/miccai-2026/0045-Paper2958.html,Aligning Prototypes and Updating Null Spaces for Continual WSI Learning,Histology,Histology,,,none,no_listed_link,Published_papers/Histology/papers_links.csv,5,no_listed_link,,,,
https://papers.miccai.org/miccai-2026/0046-Paper5292.html,All-in-One Augmented Reality Guided Head and Neck Tumor Resection,Sensors,Sensors,,,none,no_listed_link,Published_papers/Sensors/papers_links.csv,2,no_listed_link,,,,
https://papers.miccai.org/miccai-2026/0047-Paper0535.html,ALSAnchorNet: Biologically Informed Multimodal MRI Fusion for Amyotrophic Lateral Sclerosis Diagnosis,Diffusion-MRI | Func_MRI | MRI,Diffusion-MRI,https://github.com/AQ-MedAI/ALSAnchorNet,https://github.com/AQ-MedAI/ALSAnchorNet,code_url_field,repository_host_link,Published_papers/Diffusion-MRI/papers_links.csv,3,accessible,200,https://github.com/AQ-MedAI/ALSAnchorNet,2026-10-01T15:30:47+00:00,
https://papers.miccai.org/miccai-2026/0048-Paper4880.html,AMFG: Anatomy-Grounded Multi-finding Guidance for Training-Free Chest X-Ray Generation,CT-XRay,CT-XRay,,,none,no_listed_link,Published_papers/CT-XRay/papers_links.csv,15,no_listed_link,,,,
https://papers.miccai.org/miccai-2026/0049-Paper2038.html,An Artifact-Based Agent Framework for Adaptive and Reproducible Medical Image Processing,CT-XRay | MRI,CT-XRay,https://github.com/MASILab/medimg-agent,https://github.com/MASILab/medimg-agent,code_url_field,repository_host_link,Published_papers/CT-XRay/papers_links.csv,16,not_publicly_accessible,404,https://github.com/MASILab/medimg-agent,2026-10-01T15:30:48+00:00,HTTP Error 404: Not Found
https://papers.miccai.org/miccai-2026/0050-Paper4807.html,Anatomically Accurate 3D Vessel Generation via 3-Phase Chebyshev Curve Diffusion,CT-XRay | Computational_imagings,CT-XRay,https://github.com/mozzi-bro/Chebyshev_Diffusion,https://github.com/mozzi-bro/Chebyshev_Diffusion,code_url_field,repository_host_link,Published_papers/CT-XRay/papers_links.csv,17,accessible,200,https://github.com/mozzi-bro/Chebyshev_Diffusion,2026-10-01T15:30:48+00:00,
https://papers.miccai.org/miccai-2026/0051-Paper0906.html,Anatomically Consistent TMJ Disc Segmentation via Semantic Anchoring and Clinical Priors,MRI,MRI,https://github.com/jdy77/TISC,https://github.com/jdy77/TISC,code_url_field,repository_host_link,Published_papers/MRI/papers_links.csv,12,accessible,200,https://github.com/jdy77/TISC,2026-10-01T15:30:48+00:00,
https://papers.miccai.org/miccai-2026/0052-Paper3157.html,Anatomy- and Site-Guided 3D Patch Diffusion for Robust MRI Harmonization,MRI,MRI,https://github.com/barna-hache/PatchLevelDiffusionMRIHarmonization,https://github.com/barna-hache/PatchLevelDiffusionMRIHarmonization,code_url_field,repository_host_link,Published_papers/MRI/papers_links.csv,13,accessible,200,https://github.com/barna-hache/PatchLevelDiffusionMRIHarmonization,2026-10-01T15:30:48+00:00,
https://papers.miccai.org/miccai-2026/0053-Paper1980.html,Anatomy-Anchored Self-Supervision: Distilling Vision Foundation Models for Invariant Ultrasound Representation,ultrasounds,ultrasounds,https://github.com/zhcz328/ANAUS,https://github.com/zhcz328/ANAUS,code_url_field,repository_host_link,Published_papers/ultrasounds/papers_links.csv,4,accessible,200,https://github.com/zhcz328/ANAUS,2026-10-01T15:30:48+00:00,
https://papers.miccai.org/miccai-2026/0054-Paper6264.html,Anatomy-Aware Hierarchical Multiple Instance Learning for Interpretable COPD Diagnosis and Phenotype Analysis,CT-XRay,CT-XRay,https://github.com/rahaahmadi/AnatoMIL,https://github.com/rahaahmadi/AnatoMIL,code_url_field,repository_host_link,Published_papers/CT-XRay/papers_links.csv,18,accessible,200,https://github.com/rahaahmadi/AnatoMIL,2026-10-01T15:30:48+00:00,
https://papers.miccai.org/miccai-2026/0055-Paper2633.html,Anatomy-Aware Prediction of Bronchoscopic Accessibility from 3D CT,CT-XRay,CT-XRay,https://nubagcilab.github.io/BronchoAccess/,https://nubagcilab.github.io/BronchoAccess/,code_url_field,project_page,Published_papers/CT-XRay/papers_links.csv,19,accessible,200,https://nubagcilab.github.io/BronchoAccess/,2026-10-01T15:30:49+00:00,
https://papers.miccai.org/miccai-2026/0056-Paper2755.html,Anatomy-Aware Reverse Symmetric Self-paced Learning for Prostate Cancer Detection,MRI,MRI,,,none,no_listed_link,Published_papers/MRI/papers_links.csv,14,no_listed_link,,,,
https://papers.miccai.org/miccai-2026/0057-Paper2244.html,Anatomy-Aware Standard Plane Localization in 3D Ultrasound with Geometric Constraints,ultrasounds,ultrasounds,,,none,no_listed_link,Published_papers/ultrasounds/papers_links.csv,5,no_listed_link,,,,
https://papers.miccai.org/miccai-2026/0058-Paper2678.html,Anatomy-Conditioned Domain Randomization for Zero-Shot 3D Cerebrovascular Segmentation,CT-XRay | Computational_imagings | MRI,CT-XRay,https://github.com/erc-caravel/anatomical_vessel_dr,https://github.com/erc-caravel/anatomical_vessel_dr,code_url_field,repository_host_link,Published_papers/CT-XRay/papers_links.csv,20,accessible,200,https://github.com/erc-caravel/anatomical_vessel_dr,2026-10-01T15:30:49+00:00,
https://papers.miccai.org/miccai-2026/0059-Paper6167.html,Anatomy-Grounded Synthetic Coronary Angiography for Geometry-Informed Multi-view Matching,CT-XRay,CT-XRay,https://github.com/medipixel/GIMM,https://github.com/medipixel/GIMM,code_url_field,repository_host_link,Published_papers/CT-XRay/papers_links.csv,21,accessible,200,https://github.com/medipixel/GIMM,2026-10-01T15:30:49+00:00,
https://papers.miccai.org/miccai-2026/0060-Paper3003.html,Anatomy-Guided Residual Motion Diffusion for Controllable 4D Cardiac MRI Synthesis,MRI,MRI,https://github.com/cyiheng/4DCardiacMRISynthesis,https://github.com/cyiheng/4DCardiacMRISynthesis,code_url_field,repository_host_link,Published_papers/MRI/papers_links.csv,15,accessible,200,https://github.com/cyiheng/4DCardiacMRISynthesis,2026-10-01T15:30:49+00:00,
https://papers.miccai.org/miccai-2026/0061-Paper4609.html,Anatomy-Structured Hierarchical MIL for Weakly-Supervised Thoracic Disease Detection in Chest X-Rays,CT-XRay,CT-XRay,https://github.com/jn-kim/ash-mil,https://github.com/jn-kim/ash-mil,code_url_field,repository_host_link,Published_papers/CT-XRay/papers_links.csv,22,accessible,200,https://github.com/jn-kim/ash-mil,2026-10-01T15:30:49+00:00,
https://papers.miccai.org/miccai-2026/0062-Paper1509.html,Anatomy-Texture Aware Safe Gradient Guidance for Source-Free Domain Adaptive Echocardiography Video Segmentation,ultrasounds,ultrasounds,https://github.com/lvmarch/ATASGG-SFDA,https://github.com/lvmarch/ATASGG-SFDA,code_url_field,repository_host_link,Published_papers/ultrasounds/papers_links.csv,6,accessible,200,https://github.com/lvmarch/ATASGG-SFDA,2026-10-01T15:30:49+00:00,
https://papers.miccai.org/miccai-2026/0063-Paper2300.html,Angio-Stitch: An Unsupervised Coarse-to-Fine Framework for Sequential Stitching of Confocal Laser Endomicroscopy Images,Microscopy,Microscopy,https://github.com/xiaoshihu8/Angio-Stitch,https://github.com/xiaoshihu8/Angio-Stitch,code_url_field,repository_host_link,Published_papers/Microscopy/papers_links.csv,4,accessible,200,https://github.com/xiaoshihu8/Angio-Stitch,2026-10-01T15:30:50+00:00,
https://papers.miccai.org/miccai-2026/0064-Paper4614.html,Angular-Constrained Hyperbolic Learning for Hierarchical Multimodal Survival Prediction,Microscopy,Microscopy,,https://github.com/yang1987-star/hyperGP,abstract,repository_host_link,Published_papers/Microscopy/papers_links.csv,5,accessible,200,https://github.com/yang1987-star/hyperGP,2026-10-01T15:34:33+00:00,
https://papers.miccai.org/miccai-2026/0065-Paper3455.html,Anomaly Detection in Fetal Echocardiography via Cross-Modal Translation and Region-Discriminated Error Calibration,ultrasounds,ultrasounds,https://github.com/QianyeYang/XCalibAD,https://github.com/QianyeYang/XCalibAD,code_url_field,repository_host_link,Published_papers/ultrasounds/papers_links.csv,7,accessible,200,https://github.com/QianyeYang/XCalibAD,2026-10-01T15:30:50+00:00,
https://papers.miccai.org/miccai-2026/0066-Paper1304.html,AnomExpert: Identifying and Selecting Anatomical Planes for Prenatal Ultrasound Anomaly Diagnosis,ultrasounds,ultrasounds,https://github.com/TIanCat/AnomExpert,https://github.com/TIanCat/AnomExpert,code_url_field,repository_host_link,Published_papers/ultrasounds/papers_links.csv,8,accessible,200,https://github.com/TIanCat/AnomExpert,2026-10-01T15:30:50+00:00,
https://papers.miccai.org/miccai-2026/0067-Paper0425.html,APEX-SAM: Anatomy-Aware Prompting with Expert Retrieval for Training-Free Medical Image Segmentation,CT-XRay | Diffusion-MRI,CT-XRay,https://github.com/Trump0412/APEX-SAM,https://github.com/Trump0412/APEX-SAM,code_url_field,repository_host_link,Published_papers/CT-XRay/papers_links.csv,23,accessible,200,https://github.com/Trump0412/APEX-SAM,2026-10-01T15:30:50+00:00,
https://papers.miccai.org/miccai-2026/0068-Paper0794.html,ARCH-Net: Aligned 3D Teeth Reconstruction via Counterfactual-Enhanced Hierarchical Framework,Others | Photo_video,Others,,,none,no_listed_link,Published_papers/Others/papers_links.csv,4,no_listed_link,,,,
https://papers.miccai.org/miccai-2026/0069-Paper4565.html,Are Foundational Models Less Biased Than Specialized Models? An Ultrasound Study,ultrasounds,ultrasounds,,,none,no_listed_link,Published_papers/ultrasounds/papers_links.csv,9,no_listed_link,,,,
https://papers.miccai.org/miccai-2026/0070-Paper3222.html,Arrhythmia-Robust Cine-MRI via Latent Motion Artifact Characterization,MRI,MRI,https://github.com/gaoningn/LDE-MAR,https://github.com/gaoningn/LDE-MAR,code_url_field,repository_host_link,Published_papers/MRI/papers_links.csv,16,accessible,200,https://github.com/gaoningn/LDE-MAR,2026-10-01T15:30:50+00:00,
https://papers.miccai.org/miccai-2026/0071-Paper4264.html,Artery and vein segmentation on brain CTA using CTP for contrast-phase augmentation,CT-XRay,CT-XRay,,,none,no_listed_link,Published_papers/CT-XRay/papers_links.csv,24,no_listed_link,,,,
https://papers.miccai.org/miccai-2026/0072-Paper4954.html,Artifact-aware Prompt Learning for Domain Generalization,Photo_video,Photo_video,,,none,no_listed_link,Published_papers/Photo_video/papers_links.csv,5,no_listed_link,,,,
https://papers.miccai.org/miccai-2026/0073-Paper0020.html,ASTAR: Automated Induction of STAndardized Radiology Reporting Templates from Large-Scale Clinical Free-Text Corpora,MRI | Others,MRI,https://github.com/birthlab/ASTAR,https://github.com/birthlab/ASTAR,code_url_field,repository_host_link,Published_papers/MRI/papers_links.csv,17,accessible,200,https://github.com/birthlab/ASTAR,2026-10-01T15:30:50+00:00,
https://papers.miccai.org/miccai-2026/0074-Paper6082.html,AS-TIME: Time-Conditioned Multimodal Modeling of Aortic Stenosis Progression,ultrasounds,ultrasounds,https://github.com/DeepRCL/AS-TIME,https://github.com/DeepRCL/AS-TIME,code_url_field,repository_host_link,Published_papers/ultrasounds/papers_links.csv,10,accessible,200,https://github.com/DeepRCL/AS-TIME,2026-10-01T15:30:51+00:00,
https://papers.miccai.org/miccai-2026/0075-Paper4326.html,Asym-MSF: Asymmetric Multi-scale Structural Fusion for Robust BCVA Prediction with Self-supervised Fidelity Constraints,Multimodals | Others,Multimodals,https://github.com/wyf-cyber/Asym-MSF,https://github.com/wyf-cyber/Asym-MSF,code_url_field,repository_host_link,Published_papers/Multimodals/papers_links.csv,3,accessible,200,https://github.com/wyf-cyber/Asym-MSF,2026-10-01T15:30:51+00:00,
https://papers.miccai.org/miccai-2026/0076-Paper2167.html,AsynDiff: Asynchronous-Timestep Diffusion with Noise-Aware Attention for Multi-sequence MRI Synthesis,Computational_imagings | MRI,Computational_imagings,https://github.com/fiy2W/AsynDiff,https://github.com/fiy2W/AsynDiff,code_url_field,repository_host_link,Published_papers/Computational_imagings/papers_links.csv,2,accessible,200,https://github.com/fiy2W/AsynDiff,2026-10-01T15:30:51+00:00,
https://papers.miccai.org/miccai-2026/0077-Paper2351.html,AtomiMed: Hierarchical Atomic Fact-Checking for Universal Clinical-Aware Medical Report Evaluation,CT-XRay | MRI | ultrasounds,CT-XRay,https://github.com/Venn2336/MRGEvalkit,https://github.com/Venn2336/MRGEvalkit,code_url_field,repository_host_link,Published_papers/CT-XRay/papers_links.csv,25,accessible,200,https://github.com/Venn2336/MRGEvalkit,2026-10-01T15:30:51+00:00,
https://papers.miccai.org/miccai-2026/0078-Paper2030.html,Attention is Matter for Inclusiveness: Generating Synthetic CT for Patients with Hip Implants,CT-XRay | Computational_imagings | MRI,CT-XRay,https://github.com/medical-physics-usz/sct-implants,https://github.com/medical-physics-usz/sct-implants,code_url_field,repository_host_link,Published_papers/CT-XRay/papers_links.csv,26,accessible,200,https://github.com/medical-physics-usz/sct-implants,2026-10-01T15:30:51+00:00,
https://papers.miccai.org/miccai-2026/0079-Paper3792.html,Attention-Based Prototype Calibration for Multi-Rater Few-Shot Medical Image Segmentation,CT-XRay | Func_MRI,CT-XRay,https://github.com/truong2710-cyber/JAPC,https://github.com/truong2710-cyber/JAPC,code_url_field,repository_host_link,Published_papers/CT-XRay/papers_links.csv,27,accessible,200,https://github.com/truong2710-cyber/JAPC,2026-10-01T15:30:51+00:00,
https://papers.miccai.org/miccai-2026/0080-Paper1734.html,Attenuation-Resilient Alternating Optimization for Laparoscopic Liver Landmark Detection,Endoscopy,Endoscopy,https://github.com/hyperiondk115/A2ONet,https://github.com/hyperiondk115/A2ONet,code_url_field,repository_host_link,Published_papers/Endoscopy/papers_links.csv,5,accessible,200,https://github.com/hyperiondk115/A2ONet,2026-10-01T15:30:51+00:00,
https://papers.miccai.org/miccai-2026/0081-Paper2550.html,Attribute-Aware Federated Learning with Pseudo-Bag Augmentation for Multi-Center WSI Classification,Histology,Histology,,,none,no_listed_link,Published_papers/Histology/papers_links.csv,6,no_listed_link,,,,
https://papers.miccai.org/miccai-2026/0082-Paper0716.html,AutoLand: A Data-Efficient Automated Agentic Workflow for Universal Medical Landmark Detection,CT-XRay | MRI,CT-XRay,,https://github.com/ChiZai123456/AutoLand,abstract,repository_host_link,Published_papers/CT-XRay/papers_links.csv,28,not_publicly_accessible,404,https://github.com/ChiZai123456/AutoLand,2026-10-01T15:34:33+00:00,HTTP Error 404: Not Found
https://papers.miccai.org/miccai-2026/0083-Paper3075.html,Automated Disentangling Analysis of Skin Colour for Lesion Images,Photo_video,Photo_video,https://github.com/yangwenbo99/disentangle-skin-colour,https://github.com/yangwenbo99/disentangle-skin-colour,code_url_field,repository_host_link,Published_papers/Photo_video/papers_links.csv,6,accessible,200,https://github.com/yangwenbo99/disentangle-skin-colour,2026-10-01T15:30:51+00:00,
https://papers.miccai.org/miccai-2026/0084-Paper6153.html,Automated Optical Density Normalization for Myelin Quantification: Cross-Modal Validation with 7T Ex Vivo MRI,Histology | MRI,Histology,https://github.com/zkhodakarami/myelin_quantification,https://github.com/zkhodakarami/myelin_quantification,code_url_field,repository_host_link,Published_papers/Histology/papers_links.csv,7,accessible,200,https://github.com/zkhodakarami/myelin_quantification,2026-10-01T15:30:51+00:00,
https://papers.miccai.org/miccai-2026/0085-Paper0704.html,Automated Scope Pose Estimation in Real-World Robotic-Assisted Bronchoscopy with Integrated C-Arm Imaging,CT-XRay | Robotics,CT-XRay,,,none,no_listed_link,Published_papers/CT-XRay/papers_links.csv,29,no_listed_link,,,,
https://papers.miccai.org/miccai-2026/0086-Paper0016.html,Automatic LV Localization and Short-Axis Plane Estimation from Arbitrary CMR Slice,MRI,MRI,https://github.com/yuyi1005/cmr-3d-ood,https://github.com/yuyi1005/cmr-3d-ood,code_url_field,repository_host_link,Published_papers/MRI/papers_links.csv,18,accessible,200,https://github.com/yuyi1005/cmr-3d-ood,2026-10-01T15:30:51+00:00,
https://papers.miccai.org/miccai-2026/0087-Paper5649.html,B² Loss for Evidential Classification of Critical View of Safety in Laparoscopic Cholecystectomy,Others | Photo_video,Others,https://github.com/franeknowak/BetaBinomialLoss,https://github.com/franeknowak/BetaBinomialLoss,code_url_field,repository_host_link,Published_papers/Others/papers_links.csv,8,accessible,200,https://github.com/franeknowak/BetaBinomialLoss,2026-10-01T15:30:51+00:00,
https://papers.miccai.org/miccai-2026/0088-Paper0619.html,Bayesian Temporal Pose Networks for Uncertainty-Calibrated Laparoscopic Tool Pose Tracking,Endoscopy,Endoscopy,https://github.com/omariosc/BTPN,https://github.com/omariosc/BTPN,code_url_field,repository_host_link,Published_papers/Endoscopy/papers_links.csv,7,accessible,200,https://github.com/omariosc/BTPN,2026-10-01T15:30:52+00:00,
https://papers.miccai.org/miccai-2026/0089-Paper5303.html,Bayesian Topological Analysis of Brain Networks,Func_MRI,Func_MRI,https://github.com/XukunZhu-6/Bayesian-Topological-Brain-Networks,https://github.com/XukunZhu-6/Bayesian-Topological-Brain-Networks,code_url_field,repository_host_link,Published_papers/Func_MRI/papers_links.csv,4,accessible,200,https://github.com/XukunZhu-6/Bayesian-Topological-Brain-Networks,2026-10-01T15:30:52+00:00,
https://papers.miccai.org/miccai-2026/0090-Paper0902.html,"BCER Agent: Reliable Long-Horizon MRI Workflow Execution via Compilation, Artifact Binding, and Bounded Local Recovery",MRI,MRI,https://github.com/Albertlongzi/BCER,https://github.com/Albertlongzi/BCER,code_url_field,repository_host_link,Published_papers/MRI/papers_links.csv,19,accessible,200,https://github.com/Albertlongzi/BCER,2026-10-01T15:30:52+00:00,
https://papers.miccai.org/miccai-2026/0091-Paper4838.html,BC-MultiSet: A Multi-target Dataset and Benchmark for Clinical Tasks in Breast Cancer,Microscopy,Microscopy,https://github.com/LanaLana/BC-MultiSet,https://github.com/LanaLana/BC-MultiSet,code_url_field,repository_host_link,Published_papers/Microscopy/papers_links.csv,6,accessible,200,https://github.com/LanaLana/BC-MultiSet,2026-10-01T15:30:52+00:00,
https://papers.miccai.org/miccai-2026/0092-Paper3612.html,BDFR-Net: Boundary-Aware Dual-Domain Feature Reconstruction Network for Fetal Ultrasound Image Segmentation,ultrasounds,ultrasounds,https://github.com/CodeCQ789/BDFR-Net,https://github.com/CodeCQ789/BDFR-Net,code_url_field,repository_host_link,Published_papers/ultrasounds/papers_links.csv,11,accessible,200,https://github.com/CodeCQ789/BDFR-Net,2026-10-01T15:30:52+00:00,
https://papers.miccai.org/miccai-2026/0093-Paper5388.html,Be Indiscrete: The Benefits of Learning Continuous Spine Degeneration Severity Scores,MRI,MRI,https://github.com/spinetools/spineranknet,https://github.com/spinetools/spineranknet,code_url_field,repository_host_link,Published_papers/MRI/papers_links.csv,20,accessible,200,https://github.com/spinetools/spineranknet,2026-10-01T15:30:52+00:00,
https://papers.miccai.org/miccai-2026/0094-Paper4580.html,"Benchmarking Foundation Models for Early Multi-retinopathy Detection at National Scale: Performance, Generalization, and Bias",Photo_video,Photo_video,,,none,no_listed_link,Published_papers/Photo_video/papers_links.csv,7,no_listed_link,,,,
https://papers.miccai.org/miccai-2026/0095-Paper2389.html,Benchmarking Pathology Foundation Models for Spatial Domain Understanding,Histology,Histology,https://bokai-zhao.github.io/SpaPath-benchboard/,https://bokai-zhao.github.io/SpaPath-benchboard/,code_url_field,project_page,Published_papers/Histology/papers_links.csv,8,accessible,200,https://bokai-zhao.github.io/SpaPath-benchboard/,2026-10-01T15:30:52+00:00,
https://papers.miccai.org/miccai-2026/0096-Paper1056.html,Benchmarking Video Foundation Models for Remote Parkinson’s Disease Screening,Photo_video,Photo_video,https://github.com/saiful1105020/park_video_benchmarking,https://github.com/saiful1105020/park_video_benchmarking,code_url_field,repository_host_link,Published_papers/Photo_video/papers_links.csv,8,accessible,200,https://github.com/saiful1105020/park_video_benchmarking,2026-10-01T15:30:52+00:00,
https://papers.miccai.org/miccai-2026/0097-Paper5540.html,Better Said Than Seen: Exposing and Mitigating Modality Collapse with ICD-11-Grounded Evaluation,Photo_video | Sensors,Photo_video,https://github.com/LaraHossam/Better-Said-Than-Seen,https://github.com/LaraHossam/Better-Said-Than-Seen,code_url_field,repository_host_link,Published_papers/Photo_video/papers_links.csv,9,accessible,200,https://github.com/LaraHossam/Better-Said-Than-Seen,2026-10-01T15:30:53+00:00,
https://papers.miccai.org/miccai-2026/0098-Paper5420.html,Beyond Clean Test Sets: Spurious Correlations in Medical Vision-language Models and the Role of Concept Supervision,CT-XRay | Photo_video,CT-XRay,https://github.com/valecorbetta/framework_for_vlm_eval,https://github.com/valecorbetta/framework_for_vlm_eval,code_url_field,repository_host_link,Published_papers/CT-XRay/papers_links.csv,30,accessible,200,https://github.com/valecorbetta/framework_for_vlm_eval,2026-10-01T15:30:53+00:00,
https://papers.miccai.org/miccai-2026/0099-Paper2378.html,Beyond Landmarks: Anchor-Guided Orientation Regression for Robust Spinopelvic Measurement,CT-XRay,CT-XRay,,,none,no_listed_link,Published_papers/CT-XRay/papers_links.csv,31,no_listed_link,,,,
https://papers.miccai.org/miccai-2026/0100-Paper0784.html,Beyond Stochastic Diffusion: Trajectory-Consistent Deterministic Flow Matching for Fluorescence Molecular Tomography,Others,Others,https://github.com/Qianqian-Xue/TCDFlow-FMT,https://github.com/Qianqian-Xue/TCDFlow-FMT,code_url_field,repository_host_link,Published_papers/Others/papers_links.csv,5,accessible,200,https://github.com/Qianqian-Xue/TCDFlow-FMT,2026-10-01T15:30:53+00:00,
https://papers.miccai.org/miccai-2026/0101-Paper3495.html,Beyond the Batch: Momentum-Updated Virtual Cohorts for 3D PET-CT Prognosis,PET_SPECT,PET_SPECT,https://github.com/XinglongLiang08/MCSF,https://github.com/XinglongLiang08/MCSF,code_url_field,repository_host_link,Published_papers/PET_SPECT/papers_links.csv,2,accessible,200,https://github.com/XinglongLiang08/MCSF,2026-10-01T15:30:53+00:00,
https://papers.miccai.org/miccai-2026/0102-Paper1650.html,Beyond Visual Cues: CoT-Enhanced Reasoning for Semi-supervised Medical Image Segmentation,CT-XRay | MRI,CT-XRay,https://github.com/cymasuna/CERS,https://github.com/cymasuna/CERS,code_url_field,repository_host_link,Published_papers/CT-XRay/papers_links.csv,32,accessible,200,https://github.com/cymasuna/CERS,2026-10-01T15:30:53+00:00,
https://papers.miccai.org/miccai-2026/0103-Paper2865.html,Beyond Visual Forensics: Auditing Multimodal Robustness for Synthetic Medical Image Detection,CT-XRay | Photo_video,CT-XRay,https://github.com/chiuhaohao/Beyond-Visual-Forensics,https://github.com/chiuhaohao/Beyond-Visual-Forensics,code_url_field,repository_host_link,Published_papers/CT-XRay/papers_links.csv,33,accessible,200,https://github.com/chiuhaohao/Beyond-Visual-Forensics,2026-10-01T15:30:53+00:00,
https://papers.miccai.org/miccai-2026/0104-Paper1454.html,BiC-ODE: Bidirectionally Coupled Neural ODEs for Rapid Laminar Surface Reconstruction of the Human Cortex from 5T MRI,MRI,MRI,https://github.com/shuicao-water/BiC-ODE-code,https://github.com/shuicao-water/BiC-ODE-code,code_url_field,repository_host_link,Published_papers/MRI/papers_links.csv,21,accessible,200,https://github.com/shuicao-water/BiC-ODE-code,2026-10-01T15:30:53+00:00,
https://papers.miccai.org/miccai-2026/0105-Paper3580.html,Bidirectional Anatomy-Aware Post-Training for Longitudinal Chest X-Ray Progression Modeling,CT-XRay,CT-XRay,https://github.com/chenyuming052/BAAP,https://github.com/chenyuming052/BAAP,code_url_field,repository_host_link,Published_papers/CT-XRay/papers_links.csv,34,accessible,200,https://github.com/chenyuming052/BAAP,2026-10-01T15:30:53+00:00,
https://papers.miccai.org/miccai-2026/0106-Paper5438.html,BIGUS: Beam Integrated Gaussian Scattering for Continuous Ultrasound View Synthesis,ultrasounds,ultrasounds,https://github.com/YoussifKhaled/BIGUS.,https://github.com/YoussifKhaled/BIGUS.,code_url_field,repository_host_link,Published_papers/ultrasounds/papers_links.csv,12,not_publicly_accessible,404,https://github.com/YoussifKhaled/BIGUS.,2026-10-01T15:30:54+00:00,HTTP Error 404: Not Found
https://papers.miccai.org/miccai-2026/0107-Paper6549.html,BiM-GeoAttn-Net: Linear-Time Depth Modeling with Geometry-Aware Attention for 3D Aortic Dissection CTA Segmentation,CT-XRay,CT-XRay,https://github.com/bbbwang/BiM_GeoAttn_Net.git,https://github.com/bbbwang/BiM_GeoAttn_Net.git,code_url_field,repository_host_link,Published_papers/CT-XRay/papers_links.csv,35,accessible,200,https://github.com/bbbwang/BiM_GeoAttn_Net,2026-10-01T15:30:54+00:00,
https://papers.miccai.org/miccai-2026/0108-Paper3788.html,BioFact-MoE: Biologically Factorized Mixture of Experts for Vision–Language Prognostic Modeling in Hepatocellular Carcinoma,MRI,MRI,https://github.com/jy-639/BioFact-MoE,https://github.com/jy-639/BioFact-MoE,code_url_field,repository_host_link,Published_papers/MRI/papers_links.csv,22,accessible,200,https://github.com/jy-639/BioFact-MoE,2026-10-01T15:30:54+00:00,
https://papers.miccai.org/miccai-2026/0109-Paper1400.html,BioFlow: A Biologically Valid Support-Preserving Flow for Histology-Conditioned Spatial Transcriptomics Prediction,Histology,Histology,https://github.com/hrterry/BioFLow,https://github.com/hrterry/BioFLow,code_url_field,repository_host_link,Published_papers/Histology/papers_links.csv,9,accessible,200,https://github.com/hrterry/BioFLow,2026-10-01T15:30:54+00:00,
https://papers.miccai.org/miccai-2026/0110-Paper1613.html,BioGait-VLM: A Tri-Modal Vision–Language–Biomechanics Framework for Interpretable Clinical Gait Assessment,Photo_video,Photo_video,,,none,no_listed_link,Published_papers/Photo_video/papers_links.csv,10,no_listed_link,,,,
https://papers.miccai.org/miccai-2026/0111-Paper5935.html,BioGuide: Biomedically-Guided Segmentation for Medical Tasks,MRI,MRI,https://github.com/NadezhdaAlsahanova/BioGuide,https://github.com/NadezhdaAlsahanova/BioGuide,code_url_field,repository_host_link,Published_papers/MRI/papers_links.csv,23,accessible,200,https://github.com/NadezhdaAlsahanova/BioGuide,2026-10-01T15:30:54+00:00,
https://papers.miccai.org/miccai-2026/0112-Paper1442.html,BiSA-DiT: A Bidirectional Spatially-Aware Diffusion Transformer for Sparse Tomographic Magnetic Particle Imaging,Others,Others,,,none,no_listed_link,Published_papers/Others/papers_links.csv,6,no_listed_link,,,,
https://papers.miccai.org/miccai-2026/0113-Paper3025.html,Boosting Ultrasound Image Classification via Attribute-Guided Dual-Branch Framework,ultrasounds,ultrasounds,https://github.com/zhaobo253-crypto/AttrGuide,https://github.com/zhaobo253-crypto/AttrGuide,code_url_field,repository_host_link,Published_papers/ultrasounds/papers_links.csv,13,accessible,200,https://github.com/zhaobo253-crypto/AttrGuide,2026-10-01T15:30:54+00:00,
https://papers.miccai.org/miccai-2026/0114-Paper0713.html,Born Different: A Multi-level Individualized Modeling Framework for Embryo Euploidy Prediction,Microscopy,Microscopy,https://github.com/Renard131/MIEP,https://github.com/Renard131/MIEP,code_url_field,repository_host_link,Published_papers/Microscopy/papers_links.csv,7,not_publicly_accessible,404,https://github.com/Renard131/MIEP,2026-10-01T15:30:54+00:00,HTTP Error 404: Not Found
https://papers.miccai.org/miccai-2026/0115-Paper3817.html,Boundary-Aware Multi-Granularity Learning for Depression Severity Estimation,Multimodals | Photo_video,Multimodals,https://github.com/aqlzh/BAMGL_Depression,https://github.com/aqlzh/BAMGL_Depression,code_url_field,repository_host_link,Published_papers/Multimodals/papers_links.csv,4,accessible,200,https://github.com/aqlzh/BAMGL_Depression,2026-10-01T15:30:55+00:00,
https://papers.miccai.org/miccai-2026/0116-Paper5179.html,BRAIN: Bi-directional Motion Reasoning with Dynamic Memory Pruning for Surgical Video Segmentation,Endoscopy,Endoscopy,https://github.com/Chuanzhen-Xu/brain-training,https://github.com/Chuanzhen-Xu/brain-training,code_url_field,repository_host_link,Published_papers/Endoscopy/papers_links.csv,8,accessible,200,https://github.com/Chuanzhen-Xu/brain-training,2026-10-01T15:30:55+00:00,
https://papers.miccai.org/miccai-2026/0117-Paper0936.html,BrainACU: Asynchronous Coordination Unit Modeling for Dynamic Brain Network Analysis,Func_MRI,Func_MRI,https://github.com/guoguiliang111/BrainACU.,https://github.com/guoguiliang111/BrainACU.,code_url_field,repository_host_link,Published_papers/Func_MRI/papers_links.csv,7,not_publicly_accessible,404,https://github.com/guoguiliang111/BrainACU.,2026-10-01T15:30:55+00:00,HTTP Error 404: Not Found
https://papers.miccai.org/miccai-2026/0118-Paper4574.html,Brain-Adapter: A Dual-Stream Vision-Language MIL Framework for Comprehensive 3D CT Diagnosis of Acute Intracranial Pathologies,CT-XRay,CT-XRay,https://github.com/Scatteredrain/Brain-Adapter,https://github.com/Scatteredrain/Brain-Adapter,code_url_field,repository_host_link,Published_papers/CT-XRay/papers_links.csv,36,accessible,200,https://github.com/Scatteredrain/Brain-Adapter,2026-10-01T15:30:55+00:00,
https://papers.miccai.org/miccai-2026/0119-Paper3498.html,BrainAnytime: Anatomy-Aware Cross-Modal Pretraining for Brain Image Analysis with Arbitrary Modality Availability,MRI | PET_SPECT,MRI,https://github.com/SDH-Lab/BrainAnytime,https://github.com/SDH-Lab/BrainAnytime,code_url_field,repository_host_link,Published_papers/MRI/papers_links.csv,25,accessible,200,https://github.com/SDH-Lab/BrainAnytime,2026-10-01T15:30:55+00:00,
https://papers.miccai.org/miccai-2026/0120-Paper1362.html,Brain-DiT: A Universal Multi-state fMRI Foundation Model with Metadata-Conditioned Pretraining,Func_MRI,Func_MRI,https://github.com/REDMAO4869/Brain-DiT,https://github.com/REDMAO4869/Brain-DiT,code_url_field,repository_host_link,Published_papers/Func_MRI/papers_links.csv,5,accessible,200,https://github.com/REDMAO4869/Brain-DiT,2026-10-01T15:30:55+00:00,
https://papers.miccai.org/miccai-2026/0121-Paper2442.html,BrainHTF: Learning Causal Graph Representation of Brain Connectome with Hyperbolic Transformer,Func_MRI,Func_MRI,https://github.com/MYzzZ123/BrainHTF,https://github.com/MYzzZ123/BrainHTF,code_url_field,repository_host_link,Published_papers/Func_MRI/papers_links.csv,8,accessible,200,https://github.com/MYzzZ123/BrainHTF,2026-10-01T15:30:55+00:00,
https://papers.miccai.org/miccai-2026/0122-Paper5796.html,BrainKODE: Controlled Koopman Dynamics over Longitudinal Structure–Function Coupling for Early Prediction of Adolescent Substance Use,Diffusion-MRI | Func_MRI,Diffusion-MRI,,,none,no_listed_link,Published_papers/Diffusion-MRI/papers_links.csv,4,no_listed_link,,,,
https://papers.miccai.org/miccai-2026/0123-Paper3889.html,Brain-Specialized Self-supervised Learning: Neuroanatomy-Aware Spatial Priors for 3D Brain MRI,MRI,MRI,https://github.com/MinKyeong-98/Brain-dis-ssl/tree/main,https://github.com/MinKyeong-98/Brain-dis-ssl/tree/main,code_url_field,repository_host_link,Published_papers/MRI/papers_links.csv,24,accessible,200,https://github.com/MinKyeong-98/Brain-dis-ssl/tree/main,2026-10-01T15:30:56+00:00,
https://papers.miccai.org/miccai-2026/0124-Paper0931.html,BrainSTR: Spatio-Temporal Contrastive Learning for Interpretable Dynamic Brain Network Modeling,Func_MRI,Func_MRI,https://github.com/guoguiliang111/BrainSTR,https://github.com/guoguiliang111/BrainSTR,code_url_field,repository_host_link,Published_papers/Func_MRI/papers_links.csv,9,accessible,200,https://github.com/guoguiliang111/BrainSTR,2026-10-01T15:30:56+00:00,
https://papers.miccai.org/miccai-2026/0125-Paper1279.html,Brain-TM: Decoding Brain States from Functional Networks Using a Hierarchical Spatiotemporal Transformer-Mamba,Func_MRI,Func_MRI,,,none,no_listed_link,Published_papers/Func_MRI/papers_links.csv,6,no_listed_link,,,,
https://papers.miccai.org/miccai-2026/0126-Paper3425.html,BrainWeaver: Weaving Dynamic Brain Networks with ROI-Guided Attention for Cognitive Assessment,Func_MRI,Func_MRI,https://github.com/ZJUDataIntelligence/BrainWeaver,https://github.com/ZJUDataIntelligence/BrainWeaver,code_url_field,repository_host_link,Published_papers/Func_MRI/papers_links.csv,10,accessible,200,https://github.com/ZJUDataIntelligence/BrainWeaver,2026-10-01T15:30:56+00:00,
https://papers.miccai.org/miccai-2026/0127-Paper2779.html,Breaking Annotation Dependency in Coronary Stenosis Segmentation via Physics-Driven Sim2Real Learning,CT-XRay,CT-XRay,https://github.com/BaochangZhang/StenSim2realSeg,https://github.com/BaochangZhang/StenSim2realSeg,code_url_field,repository_host_link,Published_papers/CT-XRay/papers_links.csv,37,accessible,200,https://github.com/BaochangZhang/StenSim2realSeg,2026-10-01T15:30:56+00:00,
https://papers.miccai.org/miccai-2026/0128-Paper6393.html,Breaking Teacher’s Mean Regression Bias: Boundary-Aware Contrastive Distillation for Endoscopic Super-Resolution,Endoscopy,Endoscopy,,,none,no_listed_link,Published_papers/Endoscopy/papers_links.csv,9,no_listed_link,,,,
https://papers.miccai.org/miccai-2026/0129-Paper2625.html,BREIT: A Framework for Brain Stroke Reconstruction using Multi-frequency 3D EIT,Others,Others,https://github.com/djahiddj13/BREIT,https://github.com/djahiddj13/BREIT,code_url_field,repository_host_link,Published_papers/Others/papers_links.csv,7,accessible,200,https://github.com/djahiddj13/BREIT,2026-10-01T15:30:56+00:00,
https://papers.miccai.org/miccai-2026/0130-Paper0924.html,Bridging EEG to fMRI: Semi-Supervised Functional Connectivity Translation via Latent Alignment,MRI | Physio-signals,MRI,,,none,no_listed_link,Published_papers/MRI/papers_links.csv,26,no_listed_link,,,,
https://papers.miccai.org/miccai-2026/0131-Paper0457.html,Bridging Heterogeneous Medical Datasets via Mixture-of-Specialists Adapters for Unified Medical Image Classification,CT-XRay | Microscopy | ultrasounds,CT-XRay,https://github.com/BurkeBelle/MOSAIC-MedMNIST.git,https://github.com/BurkeBelle/MOSAIC-MedMNIST.git,code_url_field,repository_host_link,Published_papers/CT-XRay/papers_links.csv,38,accessible,200,https://github.com/BurkeBelle/MOSAIC-MedMNIST,2026-10-01T15:30:56+00:00,
https://papers.miccai.org/miccai-2026/0132-Paper5997.html,Bridging Research and Practice: A Systematic Evaluation of Generalist and Dermatology-Specific Models in Clinical Skin Lesion Classification,Photo_video | Sensors,Photo_video,https://github.com/TIC-13/derm-bench,https://github.com/TIC-13/derm-bench,code_url_field,repository_host_link,Published_papers/Photo_video/papers_links.csv,11,accessible,200,https://github.com/TIC-13/derm-bench,2026-10-01T15:30:56+00:00,
https://papers.miccai.org/miccai-2026/0133-Paper3982.html,Bridging Single Distortion Artifacts and Multifactorial Clinical Quality: Few-Shot Biparametric MRI Quality Assessment via Distortion-Trained Prototypical Networks,Diffusion-MRI | MRI,Diffusion-MRI,https://github.com/yucheng722/Proto-FM-IQA,https://github.com/yucheng722/Proto-FM-IQA,code_url_field,repository_host_link,Published_papers/Diffusion-MRI/papers_links.csv,5,accessible,200,https://github.com/yucheng722/Proto-FM-IQA,2026-10-01T15:30:56+00:00,
https://papers.miccai.org/miccai-2026/0134-Paper0829.html,Bridging the Markerless Tracking Validation Gap: Intraoperative X-Ray Workflow Integration,CT-XRay | Robotics,CT-XRay,https://github.com/condog101/BMTVG,https://github.com/condog101/BMTVG,code_url_field,repository_host_link,Published_papers/CT-XRay/papers_links.csv,39,accessible,200,https://github.com/condog101/BMTVG,2026-10-01T15:30:57+00:00,
https://papers.miccai.org/miccai-2026/0135-Paper3052.html,Bridging Vision Foundation Model Priors with CLIP for Spatial-aware Few-shot Anomaly Detection in Medical Images,CT-XRay | MRI | Others,CT-XRay,https://github.com/JuzhengMiao/Spatial-FAD,https://github.com/JuzhengMiao/Spatial-FAD,code_url_field,repository_host_link,Published_papers/CT-XRay/papers_links.csv,40,accessible,200,https://github.com/JuzhengMiao/Spatial-FAD,2026-10-01T15:30:57+00:00,
https://papers.miccai.org/miccai-2026/0136-Paper5070.html,B-spline Activations as Intrinsic Uncertainty Estimators in Medical Image Segmentation,Endoscopy | Photo_video | ultrasounds,Endoscopy,https://github.com/Wenju-Du/B-spline-uncertainty-segmentation.,https://github.com/Wenju-Du/B-spline-uncertainty-segmentation.,code_url_field,repository_host_link,Published_papers/Endoscopy/papers_links.csv,6,not_publicly_accessible,404,https://github.com/Wenju-Du/B-spline-uncertainty-segmentation.,2026-10-01T15:30:57+00:00,HTTP Error 404: Not Found
https://papers.miccai.org/miccai-2026/0137-Paper4147.html,C²RM-Seg: Causal Counterfactual Reasoning with Structural-Semantic Priors for Weakly Supervised Histopathological Tissue Segmentation,Histology,Histology,,,none,no_listed_link,Published_papers/Histology/papers_links.csv,21,no_listed_link,,,,
https://papers.miccai.org/miccai-2026/0138-Paper4072.html,CAG-WM: A Synthetic-Data-Driven Coronary World Model for Autonomous Guidewire Navigation,Robotics,Robotics,https://github.com/CaoYue2004/CAG-WM,https://github.com/CaoYue2004/CAG-WM,code_url_field,repository_host_link,Published_papers/Robotics/papers_links.csv,2,accessible,200,https://github.com/CaoYue2004/CAG-WM,2026-10-01T15:30:57+00:00,
https://papers.miccai.org/miccai-2026/0139-Paper2687.html,CalCErt: Bin-wise Certification of Confidence Calibration in Medical Image Classification,Others,Others,https://github.com/leofillioux/calcert,https://github.com/leofillioux/calcert,code_url_field,repository_host_link,Published_papers/Others/papers_links.csv,9,accessible,200,https://github.com/leofillioux/calcert,2026-10-01T15:30:57+00:00,
https://papers.miccai.org/miccai-2026/0140-Paper5989.html,CalcSeg: Confidence-aware 3D Latent Context Curriculum Learning For Myocardial Scar Segmentation From Single-Stack LGE-CMRs,MRI,MRI,https://github.com/vfb8zv/CalcSeg/,https://github.com/vfb8zv/CalcSeg/,code_url_field,repository_host_link,Published_papers/MRI/papers_links.csv,27,accessible,200,https://github.com/vfb8zv/CalcSeg/,2026-10-01T15:30:57+00:00,
https://papers.miccai.org/miccai-2026/0141-Paper0727.html,CALHippo: Cell Segmentation for Neuronal Density Inference in the Human Hippocampus,Microscopy,Microscopy,https://github.com/AImageLab-zip/CALHippo-Framework,https://github.com/AImageLab-zip/CALHippo-Framework,code_url_field,repository_host_link,Published_papers/Microscopy/papers_links.csv,8,accessible,200,https://github.com/AImageLab-zip/CALHippo-Framework,2026-10-01T15:30:57+00:00,
https://papers.miccai.org/miccai-2026/0142-Paper2409.html,Calibrated Confidence Expression for Radiology Report Generation,CT-XRay,CT-XRay,https://github.com/ChantalMP/Conrad,https://github.com/ChantalMP/Conrad,code_url_field,repository_host_link,Published_papers/CT-XRay/papers_links.csv,41,accessible,200,https://github.com/ChantalMP/Conrad,2026-10-01T15:30:57+00:00,
https://papers.miccai.org/miccai-2026/0143-Paper1908.html,CalibSleep: Cross-Modal Calibration and Rule-Aware Learning for Automatic Sleep Stage Classification,Multimodals | Physio-signals | Sensors,Multimodals,https://github.com/Cx3300903/CalibSleep,https://github.com/Cx3300903/CalibSleep,code_url_field,repository_host_link,Published_papers/Multimodals/papers_links.csv,5,accessible,200,https://github.com/Cx3300903/CalibSleep,2026-10-01T15:30:57+00:00,
https://papers.miccai.org/miccai-2026/0144-Paper2961.html,CALM: Interpretable Cross-Modal Alignment for Biomarker Discovery from Unpaired Data,MRI,MRI,https://github.com/jueqiw/CALM,https://github.com/jueqiw/CALM,code_url_field,repository_host_link,Published_papers/MRI/papers_links.csv,28,accessible,200,https://github.com/jueqiw/CALM,2026-10-01T15:30:58+00:00,
https://papers.miccai.org/miccai-2026/0145-Paper1616.html,Can Agents Distinguish Visually Hard-to-Separate Diseases in a Zero-Shot Setting? A Pilot Study,CT-XRay | Others,CT-XRay,https://github.com/TruhnLab/Contrastive-Agent-Reasoning,https://github.com/TruhnLab/Contrastive-Agent-Reasoning,code_url_field,repository_host_link,Published_papers/CT-XRay/papers_links.csv,42,accessible,200,https://github.com/TruhnLab/Contrastive-Agent-Reasoning,2026-10-01T15:30:58+00:00,
https://papers.miccai.org/miccai-2026/0146-Paper4582.html,Can Experts Adapt Without Training? On Test-Time Modality Generalization in MVLMs,CT-XRay | MRI | Others | ultrasounds,CT-XRay,https://github.com/BioMedIA-MBZUAI/MoBE-A-Test-Time-Modality-Generalization-Method,https://github.com/BioMedIA-MBZUAI/MoBE-A-Test-Time-Modality-Generalization-Method,code_url_field,repository_host_link,Published_papers/CT-XRay/papers_links.csv,43,accessible,200,https://github.com/BioMedIA-MBZUAI/MoBE-A-Test-Time-Modality-Generalization-Method,2026-10-01T15:30:58+00:00,
https://papers.miccai.org/miccai-2026/0147-Paper4489.html,Cancer-Type-Agnostic Pan-Cancer Gene Expression Prediction from Histopathological Images,Histology | Microscopy,Histology,https://github.com/oceanflyfly/PIGP,https://github.com/oceanflyfly/PIGP,code_url_field,repository_host_link,Published_papers/Histology/papers_links.csv,10,not_publicly_accessible,404,https://github.com/oceanflyfly/PIGP,2026-10-01T15:30:58+00:00,HTTP Error 404: Not Found
https://papers.miccai.org/miccai-2026/0148-Paper0562.html,CancerVerse: A Fully Open Longitudinal and Multimodal Dataset for Multicancer Screening,CT-XRay,CT-XRay,,,none,no_listed_link,Published_papers/CT-XRay/papers_links.csv,44,no_listed_link,,,,
https://papers.miccai.org/miccai-2026/0149-Paper2889.html,Cardiac Motion Transfer with Adaptive Physics Constraint,MRI,MRI,https://github.com/Happy1ending/Cardiac-Motion-Transfer-Video,https://github.com/Happy1ending/Cardiac-Motion-Transfer-Video,code_url_field,repository_host_link,Published_papers/MRI/papers_links.csv,29,accessible,200,https://github.com/Happy1ending/Cardiac-Motion-Transfer-Video,2026-10-01T15:30:58+00:00,
https://papers.miccai.org/miccai-2026/0150-Paper1789.html,CardiacPULSE: Frequency-Aware Self-supervised Cardiac Phase Detection in Echocardiography,ultrasounds,ultrasounds,https://github.com/xmed-lab/CardiacPulse,https://github.com/xmed-lab/CardiacPulse,code_url_field,repository_host_link,Published_papers/ultrasounds/papers_links.csv,14,accessible,200,https://github.com/xmed-lab/CardiacPulse,2026-10-01T15:30:58+00:00,
https://papers.miccai.org/miccai-2026/0151-Paper5984.html,CardioDiT: Latent Diffusion Transformers for 4D Cardiac MRI Synthesis,MRI,MRI,https://github.com/Cardio-AI/cardiodit<,https://github.com/Cardio-AI/cardiodit<,code_url_field,repository_host_link,Published_papers/MRI/papers_links.csv,30,not_publicly_accessible,404,https://github.com/Cardio-AI/cardiodit<,2026-10-01T15:30:59+00:00,HTTP Error 404: Not Found
https://papers.miccai.org/miccai-2026/0152-Paper3507.html,CardioGS: Deformation-Driven 4D Gaussian Splatting with Self-supervised Cardiac Clock Learning for Rotational DSA Reconstruction,CT-XRay,CT-XRay,https://github.com/131366/cardiogs,https://github.com/131366/cardiogs,code_url_field,repository_host_link,Published_papers/CT-XRay/papers_links.csv,45,accessible,200,https://github.com/131366/cardiogs,2026-10-01T15:30:59+00:00,
https://papers.miccai.org/miccai-2026/0153-Paper3601.html,CARE: Clinically Aligned Retrieval Evidence for Consistent Radiology Report Generation,CT-XRay,CT-XRay,https://github.com/Levii-zhu/CARE,https://github.com/Levii-zhu/CARE,code_url_field,repository_host_link,Published_papers/CT-XRay/papers_links.csv,46,accessible,200,https://github.com/Levii-zhu/CARE,2026-10-01T15:30:59+00:00,
https://papers.miccai.org/miccai-2026/0154-Paper6558.html,CARE: Confidence-Aware Reasoning for Reliable Medical VQA,CT-XRay | MRI,CT-XRay,https://github.com/anotherbricki/CARE,https://github.com/anotherbricki/CARE,code_url_field,repository_host_link,Published_papers/CT-XRay/papers_links.csv,47,accessible,200,https://github.com/anotherbricki/CARE,2026-10-01T15:30:59+00:00,
https://papers.miccai.org/miccai-2026/0155-Paper3161.html,"CARformer: Class-Aware Representation Learning for Small-Cohort, Imbalanced Psychiatric Disorder Classification in Brain MRI",MRI,MRI,https://github.com/xyfu33/CARformer,https://github.com/xyfu33/CARformer,code_url_field,repository_host_link,Published_papers/MRI/papers_links.csv,31,accessible,200,https://github.com/xyfu33/CARformer,2026-10-01T15:30:59+00:00,
https://papers.miccai.org/miccai-2026/0156-Paper5254.html,Case-Specific Priors-Guided Multimodal Fusion for Prognosis Prediction in Head and Neck Cancer,Histology,Histology,https://github.com/yuelin421/CPM,https://github.com/yuelin421/CPM,code_url_field,repository_host_link,Published_papers/Histology/papers_links.csv,11,accessible,200,https://github.com/yuelin421/CPM,2026-10-01T15:30:59+00:00,
https://papers.miccai.org/miccai-2026/0157-Paper2844.html,CDFP-Net: Cross-Modal Dynamic Fusion with Diffusion Priors for PET-CT Tumor Segmentation,CT-XRay | PET_SPECT,CT-XRay,https://github.com/WeiMinqin/CDFP-Net,https://github.com/WeiMinqin/CDFP-Net,code_url_field,repository_host_link,Published_papers/CT-XRay/papers_links.csv,48,accessible,200,https://github.com/WeiMinqin/CDFP-Net,2026-10-01T15:30:59+00:00,
https://papers.miccai.org/miccai-2026/0158-Paper3797.html,CDPM-Align: Multi-Scale Guidance-Aligned Diffusion Pretraining for Robust Few-Shot Anatomical Landmark Detection,CT-XRay,CT-XRay,https://github.com/Malga-Vision/CDPM-Align,https://github.com/Malga-Vision/CDPM-Align,code_url_field,repository_host_link,Published_papers/CT-XRay/papers_links.csv,49,accessible,200,https://github.com/Malga-Vision/CDPM-Align,2026-10-01T15:31:00+00:00,
https://papers.miccai.org/miccai-2026/0159-Paper3661.html,Cell-Division-Aware Category-Enhanced Contrastive Learning Model for Embryonic Cleavage Stage Classification,Photo_video,Photo_video,https://github.com/Yukun-Lee/3CL-ECSC,https://github.com/Yukun-Lee/3CL-ECSC,code_url_field,repository_host_link,Published_papers/Photo_video/papers_links.csv,12,accessible,200,https://github.com/Yukun-Lee/3CL-ECSC,2026-10-01T15:31:00+00:00,
https://papers.miccai.org/miccai-2026/0160-Paper4854.html,Cervical Vertebral Maturation Staging from a Continuous Perspective,CT-XRay,CT-XRay,https://github.com/AI4Med-Lab/CVMI,https://github.com/AI4Med-Lab/CVMI,code_url_field,repository_host_link,Published_papers/CT-XRay/papers_links.csv,50,accessible,200,https://github.com/AI4Med-Lab/CVMI,2026-10-01T15:31:00+00:00,
https://papers.miccai.org/miccai-2026/0161-Paper5232.html,CerviThink: A Reinforced Visual Reasoning Framework for Cervical Cancer Cell Classification,Microscopy,Microscopy,https://github.com/feimanman/CerviThink,https://github.com/feimanman/CerviThink,code_url_field,repository_host_link,Published_papers/Microscopy/papers_links.csv,9,accessible,200,https://github.com/feimanman/CerviThink,2026-10-01T15:31:00+00:00,
https://papers.miccai.org/miccai-2026/0162-Paper2964.html,CheXanatomy: Anatomy–Aware Vision–Language Modeling for Chest Radiographs,CT-XRay | Computational_imagings,CT-XRay,https://github.com/sergiosgatidis/CheXanatomy,https://github.com/sergiosgatidis/CheXanatomy,code_url_field,repository_host_link,Published_papers/CT-XRay/papers_links.csv,51,accessible,200,https://github.com/sergiosgatidis/CheXanatomy,2026-10-01T15:31:00+00:00,
https://papers.miccai.org/miccai-2026/0163-Paper1242.html,CHILD: Human-in-the-Loop OOD Detection for Safe Clinical Deployment,Histology,Histology,https://github.com/figec/CHILD,https://github.com/figec/CHILD,code_url_field,repository_host_link,Published_papers/Histology/papers_links.csv,12,accessible,200,https://github.com/figec/CHILD,2026-10-01T15:31:00+00:00,
https://papers.miccai.org/miccai-2026/0164-Paper3722.html,ChronoSurv: A Clinical Pathway-Guided Graph Framework for Multimodal Survival Analysis,EHR | Histology,EHR,https://github.com/MICS-Lab/ChronoSurv,https://github.com/MICS-Lab/ChronoSurv,code_url_field,repository_host_link,Published_papers/EHR/papers_links.csv,2,accessible,200,https://github.com/MICS-Lab/ChronoSurv,2026-10-01T15:31:01+00:00,
https://papers.miccai.org/miccai-2026/0165-Paper4190.html,CIGTSurv: Clinical Information Guided Tri-Modal Survival Prediction with Local Prototype Association and Global Feature Alignment,Histology,Histology,,https://github.com/Daijing-ai/CIGT-Surv.git,abstract,repository_host_link,Published_papers/Histology/papers_links.csv,13,accessible,200,https://github.com/Daijing-ai/CIGT-Surv,2026-10-01T15:34:33+00:00,
https://papers.miccai.org/miccai-2026/0166-Paper3196.html,CiLA: Knowledge-Preserving Self-supervised Adaptation of CLIP for Fundus Imaging,Others,Others,https://github.com/YijinHuang/CiLA,https://github.com/YijinHuang/CiLA,code_url_field,repository_host_link,Published_papers/Others/papers_links.csv,10,accessible,200,https://github.com/YijinHuang/CiLA,2026-10-01T15:31:01+00:00,
https://papers.miccai.org/miccai-2026/0167-Paper0099.html,CineMesh4D: Personalized 4D Whole Heart Reconstruction from Sparse Cine MRI,MRI,MRI,,,none,no_listed_link,Published_papers/MRI/papers_links.csv,32,no_listed_link,,,,
https://papers.miccai.org/miccai-2026/0168-Paper2601.html,CIPHER: Causal Intervention Pathways for Healthcare Equity and Robustness,CT-XRay,CT-XRay,https://github.com/fdu-farm/CIPHER,https://github.com/fdu-farm/CIPHER,code_url_field,repository_host_link,Published_papers/CT-XRay/papers_links.csv,52,accessible,200,https://github.com/fdu-farm/CIPHER,2026-10-01T15:31:01+00:00,
https://papers.miccai.org/miccai-2026/0169-Paper3633.html,ClinCoT: Clinical-Aware Visual Chain-of-Thought for Medical Vision Language Models,CT-XRay,CT-XRay,https://github.com/Xiwei-web/ClinCoT,https://github.com/Xiwei-web/ClinCoT,code_url_field,repository_host_link,Published_papers/CT-XRay/papers_links.csv,53,accessible,200,https://github.com/Xiwei-web/ClinCoT,2026-10-01T15:31:01+00:00,
https://papers.miccai.org/miccai-2026/0170-Paper3844.html,Clinical-Injection Transformer with Domain-Adapted MAE for Lupus Nephritis Prognosis Prediction,Microscopy,Microscopy,,,none,no_listed_link,Published_papers/Microscopy/papers_links.csv,10,no_listed_link,,,,
https://papers.miccai.org/miccai-2026/0171-Paper0056.html,Clinically Structured Chain-of-Thought Reasoning for Intelligent Guidance in Coronary Artery Disease,Others,Others,,https://github.com/PerceptionComputingLab/CS-CoT,abstract,repository_host_link,Published_papers/Others/papers_links.csv,11,accessible,200,https://github.com/PerceptionComputingLab/CS-CoT,2026-10-01T15:34:33+00:00,
https://papers.miccai.org/miccai-2026/0172-Paper1023.html,Clinically-Grounded Hierarchical Classification for Consistent Chest X-ray Interpretation,CT-XRay,CT-XRay,https://github.com/yejix-ai/CHASE,https://github.com/yejix-ai/CHASE,code_url_field,repository_host_link,Published_papers/CT-XRay/papers_links.csv,54,not_publicly_accessible,404,https://github.com/yejix-ai/CHASE,2026-10-01T15:31:01+00:00,HTTP Error 404: Not Found
https://papers.miccai.org/miccai-2026/0173-Paper2960.html,ClinLoop: Human-AI Collaborative Agents for Multimodal Breast Cancer Diagnosis Under Incomplete Clinical Data,MRI | Others,MRI,,,none,no_listed_link,Published_papers/MRI/papers_links.csv,33,no_listed_link,,,,
https://papers.miccai.org/miccai-2026/0174-Paper1181.html,ClinRAG-GRAPH: Clinical-Prior Retrieval-Augmented Graph Model with Domain Adversarial Learning for Breast pCR Prediction,MRI,MRI,https://github.com/miccai26-1181/ClinRAG-GRAPH,https://github.com/miccai26-1181/ClinRAG-GRAPH,code_url_field,repository_host_link,Published_papers/MRI/papers_links.csv,34,accessible,200,https://github.com/miccai26-1181/ClinRAG-GRAPH,2026-10-01T15:31:01+00:00,
https://papers.miccai.org/miccai-2026/0175-Paper1174.html,CMD-AD: Cross-Modality Distillation from fMRI-EEG for Single-Modality Alzheimer’s Disease Diagnosis,Func_MRI | Physio-signals,Func_MRI,,https://github.com/yizhixiaolinya/Code-MICCAI2026_fMRI-EEG.git,abstract,repository_host_link,Published_papers/Func_MRI/papers_links.csv,11,accessible,200,https://github.com/yizhixiaolinya/Code-MICCAI2026_fMRI-EEG,2026-10-01T15:34:32+00:00,
https://papers.miccai.org/miccai-2026/0176-Paper1232.html,CMSA-Net: Causal Multi-scale Aggregation with Adaptive Multi-source Reference for Video Polyp Segmentation,Endoscopy,Endoscopy,https://github.com/wangtong627/CMSA-Net,https://github.com/wangtong627/CMSA-Net,code_url_field,repository_host_link,Published_papers/Endoscopy/papers_links.csv,10,accessible,200,https://github.com/wangtong627/CMSA-Net,2026-10-01T15:31:01+00:00,
https://papers.miccai.org/miccai-2026/0177-Paper2361.html,Coarse-to-Fine Meta-Reweighting with Dynamic Retrieval for Adult-to-Pediatric Domain Adaptation in Tumor Segmentation,MRI,MRI,https://github.com/abod-alfakih/MDR2,https://github.com/abod-alfakih/MDR2,code_url_field,repository_host_link,Published_papers/MRI/papers_links.csv,35,accessible,200,https://github.com/abod-alfakih/MDR2,2026-10-01T15:31:02+00:00,
https://papers.miccai.org/miccai-2026/0178-Paper5249.html,COAST: Context-Aware Differential Learning for Gene Expression Prediction in Spatial Transcriptomics,Histology,Histology,https://github.com/QuIIL/COAST,https://github.com/QuIIL/COAST,code_url_field,repository_host_link,Published_papers/Histology/papers_links.csv,14,accessible,200,https://github.com/QuIIL/COAST,2026-10-01T15:31:02+00:00,
https://papers.miccai.org/miccai-2026/0179-Paper3065.html,CoGaze: Closed-Loop Eye-Face Alignment for Multi-center Mobile Gaze-Based Cognitive Screening in Older Adults,Photo_video,Photo_video,https://github.com/xiangxuebei/CoGaze,https://github.com/xiangxuebei/CoGaze,code_url_field,repository_host_link,Published_papers/Photo_video/papers_links.csv,13,accessible,200,https://github.com/xiangxuebei/CoGaze,2026-10-01T15:31:02+00:00,
https://papers.miccai.org/miccai-2026/0180-Paper2522.html,CoGE: Sim-to-Real Online Geometric Estimation for Monocular Colonoscopy,Endoscopy,Endoscopy,,,none,no_listed_link,Published_papers/Endoscopy/papers_links.csv,11,no_listed_link,,,,
https://papers.miccai.org/miccai-2026/0181-Paper4365.html,Collaborative Multiscale Representation Learning for AMD Detection,Photo_video,Photo_video,https://github.com/jny0812/CoMRep,https://github.com/jny0812/CoMRep,code_url_field,repository_host_link,Published_papers/Photo_video/papers_links.csv,14,accessible,200,https://github.com/jny0812/CoMRep,2026-10-01T15:31:02+00:00,
https://papers.miccai.org/miccai-2026/0182-Paper2843.html,Collaborative Topology and Connectivity Learning for EM Neuron Segmentation,Microscopy,Microscopy,https://github.com/vshy-dream/CTCL-NeuronSeg,https://github.com/vshy-dream/CTCL-NeuronSeg,code_url_field,repository_host_link,Published_papers/Microscopy/papers_links.csv,11,accessible,200,https://github.com/vshy-dream/CTCL-NeuronSeg,2026-10-01T15:31:02+00:00,
https://papers.miccai.org/miccai-2026/0183-Paper1043.html,Colon-Bench: An Agentic Workflow for Scalable Dense Lesion Annotation in Full-Procedure Colonoscopy Videos,Endoscopy,Endoscopy,https://github.com/ajhamdi/colon-bench-eval,https://github.com/ajhamdi/colon-bench-eval,code_url_field,repository_host_link,Published_papers/Endoscopy/papers_links.csv,12,accessible,200,https://github.com/ajhamdi/colon-bench-eval,2026-10-01T15:31:02+00:00,
https://papers.miccai.org/miccai-2026/0184-Paper2999.html,Community-Aware Dynamic Graph Learning for Brain Disorder Diagnosis,Func_MRI | MRI,Func_MRI,https://github.com/Alyrrraa/CaDGNN,https://github.com/Alyrrraa/CaDGNN,code_url_field,repository_host_link,Published_papers/Func_MRI/papers_links.csv,12,not_publicly_accessible,404,https://github.com/Alyrrraa/CaDGNN,2026-10-01T15:31:03+00:00,HTTP Error 404: Not Found
https://papers.miccai.org/miccai-2026/0185-Paper2489.html,Co-MoCo: Collaborative Learning Enabled Motion Compensation for Weight-Bearing CBCT,CT-XRay,CT-XRay,https://github.com/TomSHINING/CoMoCo,https://github.com/TomSHINING/CoMoCo,code_url_field,repository_host_link,Published_papers/CT-XRay/papers_links.csv,55,accessible,200,https://github.com/TomSHINING/CoMoCo,2026-10-01T15:31:03+00:00,
https://papers.miccai.org/miccai-2026/0186-Paper2033.html,Comparative Analysis of Automated Frame Selection Methods for Glaucoma Detection in Smartphone-Based Low-Quality Fundus Video,Photo_video,Photo_video,,,none,no_listed_link,Published_papers/Photo_video/papers_links.csv,15,no_listed_link,,,,
https://papers.miccai.org/miccai-2026/0187-Paper5885.html,Compass: Prostate Cancer Detection Needs Multi-view Context,ultrasounds,ultrasounds,https://github.com/mharmanani/Compass,https://github.com/mharmanani/Compass,code_url_field,repository_host_link,Published_papers/ultrasounds/papers_links.csv,15,accessible,200,https://github.com/mharmanani/Compass,2026-10-01T15:31:03+00:00,
https://papers.miccai.org/miccai-2026/0188-Paper0867.html,Computer-Assisted Intervention in Capsule Endoscopy: A Real-Time Edge-AI Auditing System,Endoscopy,Endoscopy,https://github.com/DiegoBravoH/CapsuleAudit,https://github.com/DiegoBravoH/CapsuleAudit,code_url_field,repository_host_link,Published_papers/Endoscopy/papers_links.csv,13,accessible,200,https://github.com/DiegoBravoH/CapsuleAudit,2026-10-01T15:31:03+00:00,
https://papers.miccai.org/miccai-2026/0189-Paper0377.html,Concept-Guided Noisy Negative Suppression for Zero-Shot Classification and Grounding of Chest X-Ray Findings,CT-XRay,CT-XRay,https://github.com/DopamineLcy/conns,https://github.com/DopamineLcy/conns,code_url_field,repository_host_link,Published_papers/CT-XRay/papers_links.csv,56,accessible,200,https://github.com/DopamineLcy/conns,2026-10-01T15:31:03+00:00,
https://papers.miccai.org/miccai-2026/0190-Paper1480.html,ConceptIL: Concept Incremental Learning for Interpretable Medical AI,Photo_video,Photo_video,,,none,no_listed_link,Published_papers/Photo_video/papers_links.csv,16,no_listed_link,,,,
https://papers.miccai.org/miccai-2026/0191-Paper5253.html,Conditional Diffusion Prompting for Ambiguous Medical Image Segmentation,CT-XRay | Photo_video,CT-XRay,https://github.com/shannan-zhk/Conditional-Diffusion-Prompting,https://github.com/shannan-zhk/Conditional-Diffusion-Prompting,code_url_field,repository_host_link,Published_papers/CT-XRay/papers_links.csv,57,accessible,200,https://github.com/shannan-zhk/Conditional-Diffusion-Prompting,2026-10-01T15:31:03+00:00,
https://papers.miccai.org/miccai-2026/0192-Paper1472.html,Conditional Latent Diffusion Model with Fourier-Based Motion Modelling for Virtual Population Synthesis,Computational_imagings,Computational_imagings,,,none,no_listed_link,Published_papers/Computational_imagings/papers_links.csv,3,no_listed_link,,,,
https://papers.miccai.org/miccai-2026/0193-Paper2767.html,Confidence-Aware Supervision for Robust Multi-task Embryo Grading,Microscopy,Microscopy,,,none,no_listed_link,Published_papers/Microscopy/papers_links.csv,12,no_listed_link,,,,
https://papers.miccai.org/miccai-2026/0194-Paper2825.html,Conformal 3D Lesion Segmentation with Balanced Risk Control,CT-XRay | Microscopy | ultrasounds,CT-XRay,https://github.com/binyutan/CLS,https://github.com/binyutan/CLS,code_url_field,repository_host_link,Published_papers/CT-XRay/papers_links.csv,58,accessible,200,https://github.com/binyutan/CLS,2026-10-01T15:31:03+00:00,
https://papers.miccai.org/miccai-2026/0195-Paper3046.html,Confusion-Aware Evidence Calibration for Few-Shot Whole Slide Image Classification,Histology,Histology,,,none,no_listed_link,Published_papers/Histology/papers_links.csv,15,no_listed_link,,,,
https://papers.miccai.org/miccai-2026/0196-Paper1731.html,CONNECT-4: Brain Connectivity-Guided Hyperedge Graph Fusion for Structural MRI to 4D Rest Functional MRI Synthesis,Computational_imagings | Func_MRI | MRI,Computational_imagings,https://github.com/BioMedIA-MBZUAI/CONNECT-4,https://github.com/BioMedIA-MBZUAI/CONNECT-4,code_url_field,repository_host_link,Published_papers/Computational_imagings/papers_links.csv,4,accessible,200,https://github.com/BioMedIA-MBZUAI/CONNECT-4,2026-10-01T15:31:03+00:00,
https://papers.miccai.org/miccai-2026/0197-Paper1776.html,ConnecToMind2: Inter-Subject fMRI Decoding via Whole-Brain Connectome-Guided Alignment,Func_MRI | MRI,Func_MRI,https://github.com/aimed-gist/ConnecToMind2,https://github.com/aimed-gist/ConnecToMind2,code_url_field,repository_host_link,Published_papers/Func_MRI/papers_links.csv,13,accessible,200,https://github.com/aimed-gist/ConnecToMind2,2026-10-01T15:31:04+00:00,
https://papers.miccai.org/miccai-2026/0198-Paper2947.html,ConstTrack: Constellation-Guided Cell Tracking Under Lineage Constraints,Microscopy | Photo_video,Microscopy,https://github.com/YiwenXu/ConstTrack,https://github.com/YiwenXu/ConstTrack,code_url_field,repository_host_link,Published_papers/Microscopy/papers_links.csv,13,accessible,200,https://github.com/YiwenXu/ConstTrack,2026-10-01T15:31:04+00:00,
https://papers.miccai.org/miccai-2026/0199-Paper0693.html,ContiStain: Cross-Domain Relation-Preserving Distillation for Continual Multi-domain Virtual IHC Staining,Histology,Histology,https://github.com/ccitachi/ContiStain,https://github.com/ccitachi/ContiStain,code_url_field,repository_host_link,Published_papers/Histology/papers_links.csv,16,accessible,200,https://github.com/ccitachi/ContiStain,2026-10-01T15:31:04+00:00,
https://papers.miccai.org/miccai-2026/0200-Paper1956.html,Contrast-Invariant Reference-Based Slice Thickness Estimation in MRI via Spectral Matching,MRI,MRI,https://github.com/sremedios/PRISM,https://github.com/sremedios/PRISM,code_url_field,repository_host_link,Published_papers/MRI/papers_links.csv,36,accessible,200,https://github.com/sremedios/PRISM,2026-10-01T15:31:04+00:00,
https://papers.miccai.org/miccai-2026/0201-Paper1131.html,Contrastive and Adaptive Multi-modal Masked Autoencoder for Spatial Transcriptomics,Histology,Histology,https://github.com/Kyyle2114/CAMMST,https://github.com/Kyyle2114/CAMMST,code_url_field,repository_host_link,Published_papers/Histology/papers_links.csv,17,accessible,200,https://github.com/Kyyle2114/CAMMST,2026-10-01T15:31:04+00:00,
https://papers.miccai.org/miccai-2026/0202-Paper0772.html,Contrastive Learning under Noisy Temporal Self-Supervision for Colonoscopy Videos,Endoscopy,Endoscopy,https://github.com/lparolari/ntssl,https://github.com/lparolari/ntssl,code_url_field,repository_host_link,Published_papers/Endoscopy/papers_links.csv,14,accessible,200,https://github.com/lparolari/ntssl,2026-10-01T15:31:04+00:00,
https://papers.miccai.org/miccai-2026/0203-Paper1473.html,Controllable Generation of Diverse Dermatological Imagery for Fair and Efficient Malignancy Classification,Photo_video,Photo_video,https://github.com/hectorcarrion/ControllableGenDDI,https://github.com/hectorcarrion/ControllableGenDDI,code_url_field,repository_host_link,Published_papers/Photo_video/papers_links.csv,17,accessible,200,https://github.com/hectorcarrion/ControllableGenDDI,2026-10-01T15:31:04+00:00,
https://papers.miccai.org/miccai-2026/0204-Paper1821.html,Controllable Histopathology Image Synthesis with Training-Free Structural Initialization and Textural Modulation,Histology,Histology,https://github.com/IBIL-Code/CHIS,https://github.com/IBIL-Code/CHIS,code_url_field,repository_host_link,Published_papers/Histology/papers_links.csv,18,accessible,200,https://github.com/IBIL-Code/CHIS,2026-10-01T15:31:05+00:00,
https://papers.miccai.org/miccai-2026/0205-Paper3030.html,ConVL: Interpretable Concept-Guided Vision-Language MIL for Survival Analysis in Whole Slide Images,Histology | Microscopy,Histology,https://github.com/junjianli106/ConVL,https://github.com/junjianli106/ConVL,code_url_field,repository_host_link,Published_papers/Histology/papers_links.csv,19,accessible,200,https://github.com/junjianli106/ConVL,2026-10-01T15:31:05+00:00,
https://papers.miccai.org/miccai-2026/0206-Paper3901.html,CoRe-DA: Contrastive Regression for Unsupervised Domain Adaptation in Surgical Skill Assessment,Endoscopy | Others | Photo_video | Robotics,Endoscopy,https://github.com/anastadimi/CoRe-DA,https://github.com/anastadimi/CoRe-DA,code_url_field,repository_host_link,Published_papers/Endoscopy/papers_links.csv,15,accessible,200,https://github.com/anastadimi/CoRe-DA,2026-10-01T15:31:05+00:00,
https://papers.miccai.org/miccai-2026/0207-Paper3433.html,CortexAdapt3D: Parameter-Efficient Fine-Tuning of General 3D Foundation Models for Cortical Surface Analysis,MRI,MRI,https://github.com/ladderlab-xjtu/CortexAdapt3D,https://github.com/ladderlab-xjtu/CortexAdapt3D,code_url_field,repository_host_link,Published_papers/MRI/papers_links.csv,37,accessible,200,https://github.com/ladderlab-xjtu/CortexAdapt3D,2026-10-01T15:31:05+00:00,
https://papers.miccai.org/miccai-2026/0208-Paper4596.html,CoSim: Unleashing Eye Movements for EEG-Free Emotion Recognition via Conditional Prompting and Similarity-Guided Augmentation,Physio-signals,Physio-signals,https://github.com/AnXiaoL/CoSim,https://github.com/AnXiaoL/CoSim,code_url_field,repository_host_link,Published_papers/Physio-signals/papers_links.csv,3,accessible,200,https://github.com/AnXiaoL/CoSim,2026-10-01T15:31:05+00:00,
https://papers.miccai.org/miccai-2026/0209-Paper4832.html,Counterfactual Anatomy-Guided Spatial-Temporal Decoding for Annotation-Free Hallucination Mitigation in Medical VLMs,CT-XRay,CT-XRay,https://github.com/csyifan/CAST,https://github.com/csyifan/CAST,code_url_field,repository_host_link,Published_papers/CT-XRay/papers_links.csv,59,accessible,200,https://github.com/csyifan/CAST,2026-10-01T15:31:06+00:00,
https://papers.miccai.org/miccai-2026/0210-Paper3698.html,Counterfactual Contrastive Analysis,MRI | Microscopy,MRI,https://github.com/BioMedTP/CF_Contrastive_Analysis,https://github.com/BioMedTP/CF_Contrastive_Analysis,code_url_field,repository_host_link,Published_papers/MRI/papers_links.csv,38,accessible,200,https://github.com/BioMedTP/CF_Contrastive_Analysis,2026-10-01T15:31:06+00:00,
https://papers.miccai.org/miccai-2026/0211-Paper5911.html,Counterfactual Stress-Testing for Fixing Lung Cancer Segmentation Models,CT-XRay,CT-XRay,https://github.com/AinkaranSanthi/counterfactual-stress-testing-lung-segmentation,https://github.com/AinkaranSanthi/counterfactual-stress-testing-lung-segmentation,code_url_field,repository_host_link,Published_papers/CT-XRay/papers_links.csv,60,accessible,200,https://github.com/AinkaranSanthi/counterfactual-stress-testing-lung-segmentation,2026-10-01T15:31:06+00:00,
https://papers.miccai.org/miccai-2026/0212-Paper0092.html,CPAgents: Agentic Composite Phenotype Generation for Cardiac Disease Association,EHR | MRI,EHR,https://github.com/LumaLabAI/CPAgents,https://github.com/LumaLabAI/CPAgents,code_url_field,repository_host_link,Published_papers/EHR/papers_links.csv,3,not_publicly_accessible,404,https://github.com/LumaLabAI/CPAgents,2026-10-01T15:31:06+00:00,HTTP Error 404: Not Found
https://papers.miccai.org/miccai-2026/0213-Paper3366.html,CPR: Chained Perceptual Refinement for Coarse-to-Fine Medical Image Classification,CT-XRay | ultrasounds,CT-XRay,,,none,no_listed_link,Published_papers/CT-XRay/papers_links.csv,61,no_listed_link,,,,
https://papers.miccai.org/miccai-2026/0214-Paper0946.html,CPS4: Class Prompt Driven Semi-supervised Spine Segmentation with Class-Specific Consistency Constraint,MRI,MRI,https://github.com/QingtaoPan/CPS4,https://github.com/QingtaoPan/CPS4,code_url_field,repository_host_link,Published_papers/MRI/papers_links.csv,39,not_publicly_accessible,404,https://github.com/QingtaoPan/CPS4,2026-10-01T15:31:06+00:00,HTTP Error 404: Not Found
https://papers.miccai.org/miccai-2026/0215-Paper2039.html,CRIMSON: A Clinically-Grounded LLM-Based Metric for Generative Radiology Report Evaluation,CT-XRay,CT-XRay,https://github.com/rajpurkarlab/CRIMSON,https://github.com/rajpurkarlab/CRIMSON,code_url_field,repository_host_link,Published_papers/CT-XRay/papers_links.csv,62,accessible,200,https://github.com/rajpurkarlab/CRIMSON,2026-10-01T15:31:06+00:00,
https://papers.miccai.org/miccai-2026/0216-Paper3342.html,Cross-Cancer Expert-Routing Knowledge Transfer in Federated Prognosis Prediction,Microscopy,Microscopy,https://github.com/ddayzzz/MICCAI2026-FedERF-public,https://github.com/ddayzzz/MICCAI2026-FedERF-public,code_url_field,repository_host_link,Published_papers/Microscopy/papers_links.csv,14,accessible,200,https://github.com/ddayzzz/MICCAI2026-FedERF-public,2026-10-01T15:31:06+00:00,
https://papers.miccai.org/miccai-2026/0217-Paper6667.html,Cross-channel Consistent Mamba for Extreme Limited-View Photoacoustic Tomography Reconstruction,Computational_imagings,Computational_imagings,https://github.com/USTCXSC/C2-Mamba-PAT,https://github.com/USTCXSC/C2-Mamba-PAT,code_url_field,repository_host_link,Published_papers/Computational_imagings/papers_links.csv,5,accessible,200,https://github.com/USTCXSC/C2-Mamba-PAT,2026-10-01T15:31:07+00:00,
https://papers.miccai.org/miccai-2026/0218-Paper1262.html,Cross-domain Controllable Generation Enables Zero-shot Fundus Image Analysis,Others | Photo_video,Others,https://github.com/kaiwenli325/UniVessel,https://github.com/kaiwenli325/UniVessel,code_url_field,repository_host_link,Published_papers/Others/papers_links.csv,12,accessible,200,https://github.com/kaiwenli325/UniVessel,2026-10-01T15:31:07+00:00,
https://papers.miccai.org/miccai-2026/0220-Paper0746.html,Cross-Modal Alignment and Distillation for Retinal Imaging Dementia Screening,Others,Others,,,none,no_listed_link,Published_papers/Others/papers_links.csv,13,no_listed_link,,,,
https://papers.miccai.org/miccai-2026/0221-Paper6146.html,Cross-Modal Concept Transfer: From ECG Signals to Images for Explainable Disease Prediction,Physio-signals,Physio-signals,https://github.com/mldlcl2022/CMCT,https://github.com/mldlcl2022/CMCT,code_url_field,repository_host_link,Published_papers/Physio-signals/papers_links.csv,4,accessible,200,https://github.com/mldlcl2022/CMCT,2026-10-01T15:31:07+00:00,
https://papers.miccai.org/miccai-2026/0222-Paper1945.html,Cross-Modal Contrastive Learning of ECG and Angiography Representations for Severe Stenosis Classification,CT-XRay | Physio-signals,CT-XRay,https://github.com/NikolaCenic/ecg-stenosis-cls,https://github.com/NikolaCenic/ecg-stenosis-cls,code_url_field,repository_host_link,Published_papers/CT-XRay/papers_links.csv,63,accessible,200,https://github.com/NikolaCenic/ecg-stenosis-cls,2026-10-01T15:31:07+00:00,
https://papers.miccai.org/miccai-2026/0223-Paper5013.html,Cross-Modal Prediction of DNA Methylation from Histology Images,Histology,Histology,,,none,no_listed_link,Published_papers/Histology/papers_links.csv,20,no_listed_link,,,,
https://papers.miccai.org/miccai-2026/0224-Paper2720.html,Cross-Surface Representation Learning for Accurate Gingiva Prediction in CBCT,CT-XRay,CT-XRay,,,none,no_listed_link,Published_papers/CT-XRay/papers_links.csv,64,no_listed_link,,,,
https://papers.miccai.org/miccai-2026/0225-Paper2827.html,CrownFusion: 3D Dental Crown Generation Using Geometry Images and Latent Diffusion,Others,Others,https://github.com/JohanYe/CrownFusion/tree/main,https://github.com/JohanYe/CrownFusion/tree/main,code_url_field,repository_host_link,Published_papers/Others/papers_links.csv,14,accessible,200,https://github.com/JohanYe/CrownFusion/tree/main,2026-10-01T15:31:07+00:00,
https://papers.miccai.org/miccai-2026/0226-Paper2295.html,CSAM-HQ: A Multi-stage Refinement Framework for Surgical Instrument Segmentation based on SAM and Probabilistic Graphical Models,Photo_video,Photo_video,https://github.com/shixueyi/CSAM-HQ,https://github.com/shixueyi/CSAM-HQ,code_url_field,repository_host_link,Published_papers/Photo_video/papers_links.csv,18,accessible,200,https://github.com/shixueyi/CSAM-HQ,2026-10-01T15:31:07+00:00,
https://papers.miccai.org/miccai-2026/0227-Paper3554.html,CSGE: Break the SSL Bottleneck in Medical Image Segmentation via Collaborative Semantic-Geometric Experts,CT-XRay | Endoscopy | ultrasounds,CT-XRay,https://github.com/yufei050201/CSGE,https://github.com/yufei050201/CSGE,code_url_field,repository_host_link,Published_papers/CT-XRay/papers_links.csv,65,accessible,200,https://github.com/yufei050201/CSGE,2026-10-01T15:31:07+00:00,
https://papers.miccai.org/miccai-2026/0228-Paper4831.html,CSWinUNETR: Segmentation of Thin Anatomical Structures in Medical Images,CT-XRay | MRI | Photo_video,CT-XRay,https://github.com/labhai/CSWinUNETR,https://github.com/labhai/CSWinUNETR,code_url_field,repository_host_link,Published_papers/CT-XRay/papers_links.csv,66,accessible,200,https://github.com/labhai/CSWinUNETR,2026-10-01T15:31:07+00:00,
https://papers.miccai.org/miccai-2026/0229-Paper1524.html,CT2-DiT: Enabling Abdominal Non-contrast to Contrast-Enhanced CT Translation with Diffusion Transformers in the Low-Data Regime,CT-XRay | Photo_video,CT-XRay,,,none,no_listed_link,Published_papers/CT-XRay/papers_links.csv,67,no_listed_link,,,,
https://papers.miccai.org/miccai-2026/0230-Paper3390.html,CT-Conditioned Diffusion Prior with Physics-Constrained Sampling for PET Super-Resolution,PET_SPECT,PET_SPECT,https://github.com/yan4243/CT-Conditioned-Diffusion-PET,https://github.com/yan4243/CT-Conditioned-Diffusion-PET,code_url_field,repository_host_link,Published_papers/PET_SPECT/papers_links.csv,3,accessible,200,https://github.com/yan4243/CT-Conditioned-Diffusion-PET,2026-10-01T15:31:08+00:00,
https://papers.miccai.org/miccai-2026/0231-Paper2284.html,CTTok: Voxel-Abulary for Autoregressive 3D CT Volume Generation with Large Language Models,CT-XRay | Computational_imagings,CT-XRay,https://github.com/WongJiayi/CTTok,https://github.com/WongJiayi/CTTok,code_url_field,repository_host_link,Published_papers/CT-XRay/papers_links.csv,68,accessible,200,https://github.com/WongJiayi/CTTok,2026-10-01T15:31:08+00:00,
https://papers.miccai.org/miccai-2026/0232-Paper0708.html,Cubic Structure-Aware Neural Radiance Fields for Zero-Shot Super-Resolution of Susceptibility-Weighted Imaging,MRI,MRI,,,none,no_listed_link,Published_papers/MRI/papers_links.csv,40,no_listed_link,,,,
https://papers.miccai.org/miccai-2026/0233-Paper2024.html,CURA: Calibrated Uncertainty with Retrieval and Agents for Trustworthy Multimodal Medical Decision Support,Multimodals,Multimodals,https://github.com/UNITES-Lab/CURA,https://github.com/UNITES-Lab/CURA,code_url_field,repository_host_link,Published_papers/Multimodals/papers_links.csv,6,accessible,200,https://github.com/UNITES-Lab/CURA,2026-10-01T15:31:08+00:00,
https://papers.miccai.org/miccai-2026/0234-Paper6594.html,Curia-2: Scaling Self-Supervised Learning for Radiology Foundation Models,CT-XRay | MRI,CT-XRay,https://huggingface.co/raidium/curia-2,https://huggingface.co/raidium/curia-2,code_url_field,model_or_dataset_hub,Published_papers/CT-XRay/papers_links.csv,69,accessible,200,https://huggingface.co/raidium/curia-2,2026-10-01T15:31:08+00:00,
https://papers.miccai.org/miccai-2026/0235-Paper5367.html,"Cut, Stitch, Adapt: Data-Efficient and Low-Calibration Speech BCIs",Physio-signals,Physio-signals,https://github.com/Miccai-26/brain-to-text-ncs-adan,https://github.com/Miccai-26/brain-to-text-ncs-adan,code_url_field,repository_host_link,Published_papers/Physio-signals/papers_links.csv,5,not_publicly_accessible,404,https://github.com/Miccai-26/brain-to-text-ncs-adan,2026-10-01T15:31:08+00:00,HTTP Error 404: Not Found
https://papers.miccai.org/miccai-2026/0236-Paper1403.html,CW-B: Class Weighted Boosting Framework for Imbalance Resilient Multi Class Cardiac Phenotyping,EHR,EHR,,,none,no_listed_link,Published_papers/EHR/papers_links.csv,4,no_listed_link,,,,
https://papers.miccai.org/miccai-2026/0237-Paper4247.html,Cycle-Verified Gentle Teaching and Confusion Correction for Label-Scarce Cross-Modal Single-Cell Annotation,Others,Others,,,none,no_listed_link,Published_papers/Others/papers_links.csv,15,no_listed_link,,,,
https://papers.miccai.org/miccai-2026/0238-Paper2731.html,D2C: Data-Efficient Skin Lesion Classification for Clinical Images by Representation Alignment Using Dermoscopic Resources,Microscopy | Sensors,Microscopy,,,none,no_listed_link,Published_papers/Microscopy/papers_links.csv,15,no_listed_link,,,,
https://papers.miccai.org/miccai-2026/0239-Paper3653.html,Data-Driven Optimization of Prostate Sectorization from MRI,Diffusion-MRI | Func_MRI | MRI,Diffusion-MRI,https://gitlab.inria.fr/fboccara/data-driven-prostate-sectorization,https://gitlab.inria.fr/fboccara/data-driven-prostate-sectorization,code_url_field,repository_host_link,Published_papers/Diffusion-MRI/papers_links.csv,6,accessible,200,https://gitlab.inria.fr/fboccara/data-driven-prostate-sectorization,2026-10-01T15:31:08+00:00,
https://papers.miccai.org/miccai-2026/0240-Paper4663.html,DBT-Bleed: Dual-Branch Temporal Modeling with Key-Frame Selection for Surgical Bleeding Detection,Endoscopy | Photo_video | Robotics,Endoscopy,https://github.com/jinlab-imvr/DBT-Bleed,https://github.com/jinlab-imvr/DBT-Bleed,code_url_field,repository_host_link,Published_papers/Endoscopy/papers_links.csv,16,accessible,200,https://github.com/jinlab-imvr/DBT-Bleed,2026-10-01T15:31:08+00:00,
https://papers.miccai.org/miccai-2026/0241-Paper0323.html,DCLDs-RAG: Evidence-Grounded Multimodal Retrieval-Augmented Generation for Diffuse Cystic Lung Diseases Diagnosis,CT-XRay,CT-XRay,https://github.com/Li-Haoqing/DCLDs,https://github.com/Li-Haoqing/DCLDs,code_url_field,repository_host_link,Published_papers/CT-XRay/papers_links.csv,70,accessible,200,https://github.com/Li-Haoqing/DCLDs,2026-10-01T15:31:09+00:00,
https://papers.miccai.org/miccai-2026/0242-Paper6538.html,DDecomp: Structured Uncertainty Decomposition Using Masked Autoencoders for Anomaly Detection in Diffusion MRI,Diffusion-MRI,Diffusion-MRI,https://github.com/WHOOOOOS/DDecomp,https://github.com/WHOOOOOS/DDecomp,code_url_field,repository_host_link,Published_papers/Diffusion-MRI/papers_links.csv,7,accessible,200,https://github.com/WHOOOOOS/DDecomp,2026-10-01T15:31:09+00:00,
https://papers.miccai.org/miccai-2026/0243-Paper2792.html,DD-INR: Dynamics-Driven Implicit Neural Representation for Accelerated Whole-Brain Functional MRI Reconstruction,Func_MRI,Func_MRI,https://github.com/JoosenLi/DD-INR,https://github.com/JoosenLi/DD-INR,code_url_field,repository_host_link,Published_papers/Func_MRI/papers_links.csv,14,accessible,200,https://github.com/JoosenLi/DD-INR,2026-10-01T15:31:09+00:00,
https://papers.miccai.org/miccai-2026/0244-Paper4563.html,DEC-Net: A Multi-Task Distillation Expert Collaboration Network for Glioma Grading and Molecular Subtyping Using Multimodal MRI,MRI,MRI,,,none,no_listed_link,Published_papers/MRI/papers_links.csv,41,no_listed_link,,,,
https://papers.miccai.org/miccai-2026/0245-Paper0438.html,Decoding the Alzheimer’s Continuum: Interpretable Multi-gate Routing for Diagnosis and Transition Prediction,MRI,MRI,https://github.com/csyfjiang/M3AD,https://github.com/csyfjiang/M3AD,code_url_field,repository_host_link,Published_papers/MRI/papers_links.csv,42,accessible,200,https://github.com/csyfjiang/M3AD,2026-10-01T15:31:09+00:00,
https://papers.miccai.org/miccai-2026/0246-Paper3331.html,Decouple and Reason: Anatomically Guided Two-Stage Grounding of Lung Lesions in 3D Chest CT from Free-Text Reports,CT-XRay,CT-XRay,https://github.com/khuhm/DAGG,https://github.com/khuhm/DAGG,code_url_field,repository_host_link,Published_papers/CT-XRay/papers_links.csv,71,accessible,200,https://github.com/khuhm/DAGG,2026-10-01T15:31:09+00:00,
https://papers.miccai.org/miccai-2026/0247-Paper4660.html,Decoupled Ordinal Refinement with Geometric Alignment for Chest X-ray Severity Scoring,CT-XRay,CT-XRay,https://github.com/mai-inha/DORGA,https://github.com/mai-inha/DORGA,code_url_field,repository_host_link,Published_papers/CT-XRay/papers_links.csv,72,accessible,200,https://github.com/mai-inha/DORGA,2026-10-01T15:31:09+00:00,
https://papers.miccai.org/miccai-2026/0248-Paper1603.html,Decoupled Single-Mask Annotation Noise Detection via Cross-Sectional Patch Self-consistency,CT-XRay,CT-XRay,https://github.com/zhuyinheng/hidden_noise,https://github.com/zhuyinheng/hidden_noise,code_url_field,repository_host_link,Published_papers/CT-XRay/papers_links.csv,73,accessible,200,https://github.com/zhuyinheng/hidden_noise,2026-10-01T15:31:10+00:00,
https://papers.miccai.org/miccai-2026/0249-Paper1086.html,Deep EM with Hierarchical Latent Label Modelling for Multi-Site Prostate Lesion Segmentation,MRI,MRI,https://github.com/yanwenCi/HierEM.git,https://github.com/yanwenCi/HierEM.git,code_url_field,repository_host_link,Published_papers/MRI/papers_links.csv,43,accessible,200,https://github.com/yanwenCi/HierEM,2026-10-01T15:31:10+00:00,
https://papers.miccai.org/miccai-2026/0250-Paper0382.html,Deep Probabilistic Cerebrovascular Atlas,MRI,MRI,,,none,no_listed_link,Published_papers/MRI/papers_links.csv,44,no_listed_link,,,,
https://papers.miccai.org/miccai-2026/0251-Paper5348.html,Deep-IMMA: an Interpretable Immune-Aware Multimodal Deep Representation Learning for Cancer Prognosis and Recurrence Prediction,EHR | Histology,EHR,https://github.com/iamkj03/DEEP-IMMA,https://github.com/iamkj03/DEEP-IMMA,code_url_field,repository_host_link,Published_papers/EHR/papers_links.csv,5,accessible,200,https://github.com/iamkj03/DEEP-IMMA,2026-10-01T15:31:10+00:00,
https://papers.miccai.org/miccai-2026/0252-Paper1156.html,DEER: A Foundation Model with Dual-Branch CT-Enhanced Embeddings for Thoracoabdominal Radiographs,CT-XRay,CT-XRay,https://github.com/sunyh1/DEER,https://github.com/sunyh1/DEER,code_url_field,repository_host_link,Published_papers/CT-XRay/papers_links.csv,74,accessible,200,https://github.com/sunyh1/DEER,2026-10-01T15:31:10+00:00,
https://papers.miccai.org/miccai-2026/0253-Paper2414.html,Defining Robust Ultrasound Quality Metrics via an Ultrasound Foundation Model,ultrasounds,ultrasounds,https://github.com/sextant-fable/US-Metrics,https://github.com/sextant-fable/US-Metrics,code_url_field,repository_host_link,Published_papers/ultrasounds/papers_links.csv,16,accessible,200,https://github.com/sextant-fable/US-Metrics,2026-10-01T15:31:10+00:00,
https://papers.miccai.org/miccai-2026/0254-Paper1543.html,DeformTTA: Morphology-Aware Controllable Deformation for Test-Time Adaptation in Fetal Cardiac Ultrasound Image Segmentation,ultrasounds,ultrasounds,https://github.com/SplinterLi/DeformTTA,https://github.com/SplinterLi/DeformTTA,code_url_field,repository_host_link,Published_papers/ultrasounds/papers_links.csv,17,accessible,200,https://github.com/SplinterLi/DeformTTA,2026-10-01T15:31:10+00:00,
https://papers.miccai.org/miccai-2026/0255-Paper1749.html,DeGenseGS: Geometrically and Semantically Decoupled Surgical Scene Understanding in 4D Gaussian Splatting,Endoscopy,Endoscopy,https://github.com/yimowwwww/DeGenseGS,https://github.com/yimowwwww/DeGenseGS,code_url_field,repository_host_link,Published_papers/Endoscopy/papers_links.csv,17,accessible,200,https://github.com/yimowwwww/DeGenseGS,2026-10-01T15:31:10+00:00,
https://papers.miccai.org/miccai-2026/0256-Paper3670.html,Demographic-Conditioned State Space Models for ECG-Based Age Estimation,Physio-signals,Physio-signals,https://github.com/B-Bracke/demographic-ssm-ecg-age,https://github.com/B-Bracke/demographic-ssm-ecg-age,code_url_field,repository_host_link,Published_papers/Physio-signals/papers_links.csv,6,accessible,200,https://github.com/B-Bracke/demographic-ssm-ecg-age,2026-10-01T15:31:11+00:00,
https://papers.miccai.org/miccai-2026/0257-Paper6100.html,DenseTRF: Texture-Aware Unsupervised Representation Adaptation for Surgical Scene Dense Prediction,Endoscopy | Photo_video,Endoscopy,https://github.com/PCASOlab/Dense-TRF,https://github.com/PCASOlab/Dense-TRF,code_url_field,repository_host_link,Published_papers/Endoscopy/papers_links.csv,18,accessible,200,https://github.com/PCASOlab/Dense-TRF,2026-10-01T15:31:11+00:00,
https://papers.miccai.org/miccai-2026/0258-Paper4344.html,DentalPSAM: Lifting SAM to Dental Plaque Segmentation with Hybrid 2D-3D Knowledge Fusion,Others,Others,https://github.com/HKU-HealthAI/DentalPSAM,https://github.com/HKU-HealthAI/DentalPSAM,code_url_field,repository_host_link,Published_papers/Others/papers_links.csv,16,accessible,200,https://github.com/HKU-HealthAI/DentalPSAM,2026-10-01T15:31:11+00:00,
https://papers.miccai.org/miccai-2026/0259-Paper0668.html,DentMamba: An Anatomy-Aware Global-Local Hybrid Network for Large-Scale Multi-class Dental Disease Detection,CT-XRay,CT-XRay,https://github.com/zhkangzhkang/Dent_Mamba,https://github.com/zhkangzhkang/Dent_Mamba,code_url_field,repository_host_link,Published_papers/CT-XRay/papers_links.csv,75,accessible,200,https://github.com/zhkangzhkang/Dent_Mamba,2026-10-01T15:31:11+00:00,
https://papers.miccai.org/miccai-2026/0260-Paper2293.html,DeNuC: Decoupling Nuclei Detection and Classification in Histopathology,Histology,Histology,https://github.com/ZijiangY1116/DeNuC,https://github.com/ZijiangY1116/DeNuC,code_url_field,repository_host_link,Published_papers/Histology/papers_links.csv,22,accessible,200,https://github.com/ZijiangY1116/DeNuC,2026-10-01T15:31:11+00:00,
https://papers.miccai.org/miccai-2026/0261-Paper5550.html,DepthPilot: From Controllability to Reliability in Colonoscopy Video Generation,Endoscopy,Endoscopy,https://github.com/JunhuFu/DepthPilot,https://github.com/JunhuFu/DepthPilot,code_url_field,repository_host_link,Published_papers/Endoscopy/papers_links.csv,19,accessible,200,https://github.com/JunhuFu/DepthPilot,2026-10-01T15:31:11+00:00,
https://papers.miccai.org/miccai-2026/0262-Paper3890.html,DermaFlux: Synthetic Skin Lesion Generation with Rectified Flows for Enhanced Image Classification,Computational_imagings,Computational_imagings,https://github.com/dermaflux/dermaflux,https://github.com/dermaflux/dermaflux,code_url_field,repository_host_link,Published_papers/Computational_imagings/papers_links.csv,6,accessible,200,https://github.com/dermaflux/dermaflux,2026-10-01T15:31:12+00:00,
https://papers.miccai.org/miccai-2026/0263-Paper0286.html,DermAgent: A Multi-Tool Agentic System for Evidence-Grounded and Traceable Reasoning in Dermatology,Photo_video,Photo_video,https://github.com/YizeezLiu/DermAgent,https://github.com/YizeezLiu/DermAgent,code_url_field,repository_host_link,Published_papers/Photo_video/papers_links.csv,19,accessible,200,https://github.com/YizeezLiu/DermAgent,2026-10-01T15:31:12+00:00,
https://papers.miccai.org/miccai-2026/0264-Paper5594.html,DermDepth: Toward Monocular Metric Scale 3D Reconstruction Models for Dermatology,Others | Photo_video,Others,https://github.com/hectorcarrion/dermdepth,https://github.com/hectorcarrion/dermdepth,code_url_field,repository_host_link,Published_papers/Others/papers_links.csv,17,accessible,200,https://github.com/hectorcarrion/dermdepth,2026-10-01T15:31:12+00:00,
https://papers.miccai.org/miccai-2026/0265-Paper5877.html,Detail Consistent Stage-Wise Distillation for Efficient 3D MRI Segmentation,MRI,MRI,,,none,no_listed_link,Published_papers/MRI/papers_links.csv,45,no_listed_link,,,,
https://papers.miccai.org/miccai-2026/0266-Paper4284.html,Detecting Clinical Hallucinations in LVLMs via Counterfactual Visual Grounding Uncertainty,CT-XRay,CT-XRay,https://github.com/Agentic-CliniAI/CounterVHD,https://github.com/Agentic-CliniAI/CounterVHD,code_url_field,repository_host_link,Published_papers/CT-XRay/papers_links.csv,76,accessible,200,https://github.com/Agentic-CliniAI/CounterVHD,2026-10-01T15:31:12+00:00,
https://papers.miccai.org/miccai-2026/0267-Paper6556.html,Deterministic Hallucination Detection in Medical VQA via Confidence-Evidence Bayesian Gain,CT-XRay | Histology,CT-XRay,https://github.com/masadi-99/CEBaG,https://github.com/masadi-99/CEBaG,code_url_field,repository_host_link,Published_papers/CT-XRay/papers_links.csv,77,accessible,200,https://github.com/masadi-99/CEBaG,2026-10-01T15:31:12+00:00,
https://papers.miccai.org/miccai-2026/0268-Paper4175.html,Det-Y: A Multi-center Dataset and Benchmark for Efficient Detection of Mycobacterium Tuberculosis in Sputum Smears,Others,Others,https://github.com/FanFan902/Det-Y,https://github.com/FanFan902/Det-Y,code_url_field,repository_host_link,Published_papers/Others/papers_links.csv,18,accessible,200,https://github.com/FanFan902/Det-Y,2026-10-01T15:31:12+00:00,
https://papers.miccai.org/miccai-2026/0269-Paper5965.html,Device-Constrained Real-Time EVD Catheter Segmentation,Photo_video | Sensors,Photo_video,https://github.com/m-seddiqi/evd-catheter-segmentation,https://github.com/m-seddiqi/evd-catheter-segmentation,code_url_field,repository_host_link,Published_papers/Photo_video/papers_links.csv,20,accessible,200,https://github.com/m-seddiqi/evd-catheter-segmentation,2026-10-01T15:31:12+00:00,
https://papers.miccai.org/miccai-2026/0270-Paper0421.html,DFuse: A Dual-Branch Adaptive Fusion Network for Multi-Channel MCG Denoising,Physio-signals,Physio-signals,https://github.com/HHarr1son/DFuse,https://github.com/HHarr1son/DFuse,code_url_field,repository_host_link,Published_papers/Physio-signals/papers_links.csv,7,accessible,200,https://github.com/HHarr1son/DFuse,2026-10-01T15:31:13+00:00,
https://papers.miccai.org/miccai-2026/0271-Paper1127.html,DGFMIL: Fuzzy Multi-instance Learning with Cross-Granularity Calibration and Soft Semantic Routing for Histopathological Image Staging,Histology,Histology,,,none,no_listed_link,Published_papers/Histology/papers_links.csv,23,no_listed_link,,,,
https://papers.miccai.org/miccai-2026/0272-Paper4926.html,DiagMIL: Uncertainty-Gated Coarse-to-Fine Multi-resolution MIL for WSI Diagnosis,Histology,Histology,https://github.com/zzzzzioni/DiagMIL,https://github.com/zzzzzioni/DiagMIL,code_url_field,repository_host_link,Published_papers/Histology/papers_links.csv,25,accessible,200,https://github.com/zzzzzioni/DiagMIL,2026-10-01T15:31:13+00:00,
https://papers.miccai.org/miccai-2026/0273-Paper0321.html,Diagnose Like a Doctor: Misdiagnosis-Aware Structured Memory for Continual Learning of Medical Vision-Language Models,CT-XRay | Endoscopy | MRI,CT-XRay,,,none,no_listed_link,Published_papers/CT-XRay/papers_links.csv,78,no_listed_link,,,,
https://papers.miccai.org/miccai-2026/0274-Paper4759.html,Diagnosing 3D Volumes from Camera Video: A Semantic-Robust Framework Without Direct DICOM Access,CT-XRay | Photo_video,CT-XRay,,,none,no_listed_link,Published_papers/CT-XRay/papers_links.csv,79,no_listed_link,,,,
https://papers.miccai.org/miccai-2026/0275-Paper2542.html,Diagnostic Evidence-Based Prototype Learning via Dirichlet Process for Multimodal Bone Tumor Subtyping,CT-XRay | MRI,CT-XRay,https://github.com/HKU-MedAI/PBT-DPDEP,https://github.com/HKU-MedAI/PBT-DPDEP,code_url_field,repository_host_link,Published_papers/CT-XRay/papers_links.csv,80,accessible,200,https://github.com/HKU-MedAI/PBT-DPDEP,2026-10-01T15:31:13+00:00,
https://papers.miccai.org/miccai-2026/0276-Paper1048.html,DiCoP-SAM: Disagreement-Band Guided Corrective Prompting for Collaborative Semi-Supervised Medical Image Segmentation,CT-XRay | MRI | ultrasounds,CT-XRay,https://github.com/Fzuwxy/DiCoP-SAM,https://github.com/Fzuwxy/DiCoP-SAM,code_url_field,repository_host_link,Published_papers/CT-XRay/papers_links.csv,81,accessible,200,https://github.com/Fzuwxy/DiCoP-SAM,2026-10-01T15:31:13+00:00,
https://papers.miccai.org/miccai-2026/0277-Paper1807.html,Differential Privacy Representation Geometry for Medical Image Analysis,CT-XRay,CT-XRay,https://github.com/tayebiarasteh/CXR-adaptation,https://github.com/tayebiarasteh/CXR-adaptation,code_url_field,repository_host_link,Published_papers/CT-XRay/papers_links.csv,83,accessible,200,https://github.com/tayebiarasteh/CXR-adaptation,2026-10-01T15:31:13+00:00,
https://papers.miccai.org/miccai-2026/0278-Paper1226.html,Diff-SABR: Diffusion-Based Symmetry-Aware Reconstruction of Alveolar Bone Defects from CBCT,CT-XRay,CT-XRay,,,none,no_listed_link,Published_papers/CT-XRay/papers_links.csv,82,no_listed_link,,,,
https://papers.miccai.org/miccai-2026/0279-Paper0785.html,Diffusion-Guided Anatomical Position Encoding for Dense Longitudinal CT Correspondence,CT-XRay,CT-XRay,https://github.com/DlutMedimgGroup/diffusion-ct-tracking,https://github.com/DlutMedimgGroup/diffusion-ct-tracking,code_url_field,repository_host_link,Published_papers/CT-XRay/papers_links.csv,84,accessible,200,https://github.com/DlutMedimgGroup/diffusion-ct-tracking,2026-10-01T15:31:13+00:00,
https://papers.miccai.org/miccai-2026/0280-Paper5574.html,Digital Twin of the Lung from Wearable Biosignals for Real-Time Respiratory Monitoring,CT-XRay | Sensors,CT-XRay,https://github.com/Nikhil-Rao20/Digital_Twin,https://github.com/Nikhil-Rao20/Digital_Twin,code_url_field,repository_host_link,Published_papers/CT-XRay/papers_links.csv,85,accessible,200,https://github.com/Nikhil-Rao20/Digital_Twin,2026-10-01T15:31:14+00:00,
https://papers.miccai.org/miccai-2026/0281-Paper0995.html,Dino U-Net: Exploiting High-Fidelity Dense Features from Foundation Models for Medical Image Segmentation,Endoscopy | MRI | Microscopy | Others | ultrasounds,Endoscopy,https://github.com/yifangao112/DinoUNet,https://github.com/yifangao112/DinoUNet,code_url_field,repository_host_link,Published_papers/Endoscopy/papers_links.csv,20,accessible,200,https://github.com/yifangao112/DinoUNet,2026-10-01T15:31:14+00:00,
https://papers.miccai.org/miccai-2026/0282-Paper2993.html,DINO-3DRA: Leveraging 2D Foundation Model Semantics for 3D Cerebral Aneurysm Segmentation,CT-XRay | Others,CT-XRay,https://github.com/JiayangDS/Dino3DRA,https://github.com/JiayangDS/Dino3DRA,code_url_field,repository_host_link,Published_papers/CT-XRay/papers_links.csv,86,accessible,200,https://github.com/JiayangDS/Dino3DRA,2026-10-01T15:31:14+00:00,
https://papers.miccai.org/miccai-2026/0283-Paper3353.html,DINO-Med3D: Bridging Dimension and Domain Gaps in Volumetric Segmentation via Progressive Adaptation,CT-XRay | MRI,CT-XRay,https://github.com/HaoyuHu1/DINO-Med3D/,https://github.com/HaoyuHu1/DINO-Med3D/,code_url_field,repository_host_link,Published_papers/CT-XRay/papers_links.csv,87,accessible,200,https://github.com/HaoyuHu1/DINO-Med3D/,2026-10-01T15:31:14+00:00,
https://papers.miccai.org/miccai-2026/0284-Paper5240.html,Di-PACT: Discrete Prognosis via Aligned Co-Topology of Pathways and Tumor Microenvironment,Histology,Histology,https://github.com/Cai-Zhiheng/Di-PACT,https://github.com/Cai-Zhiheng/Di-PACT,code_url_field,repository_host_link,Published_papers/Histology/papers_links.csv,24,accessible,200,https://github.com/Cai-Zhiheng/Di-PACT,2026-10-01T15:31:14+00:00,
https://papers.miccai.org/miccai-2026/0285-Paper1292.html,Directed Ordinal Diffusion Regularization for Progression-Aware Diabetic Retinopathy Grading,Photo_video,Photo_video,https://github.com/HovChen/D-ODR,https://github.com/HovChen/D-ODR,code_url_field,repository_host_link,Published_papers/Photo_video/papers_links.csv,21,accessible,200,https://github.com/HovChen/D-ODR,2026-10-01T15:31:14+00:00,
https://papers.miccai.org/miccai-2026/0286-Paper0454.html,Discovering Heterogeneous Neurodegenerative Disease Patterns From MRI Data for Improved Prediction,MRI,MRI,https://github.com/Kateridge/MoESubtyping,https://github.com/Kateridge/MoESubtyping,code_url_field,repository_host_link,Published_papers/MRI/papers_links.csv,46,accessible,200,https://github.com/Kateridge/MoESubtyping,2026-10-01T15:31:14+00:00,
https://papers.miccai.org/miccai-2026/0287-Paper6664.html,Discriminative Directional Projection for Reverse Distillation in Breast Ultrasound Anomaly Detection,ultrasounds,ultrasounds,,,none,no_listed_link,Published_papers/ultrasounds/papers_links.csv,18,no_listed_link,,,,
https://papers.miccai.org/miccai-2026/0288-Paper1074.html,Discriminative Synergistic Temporal Diffusion for Ultrasound Video Thyroid Nodule Segmentation,Photo_video | ultrasounds,Photo_video,,,none,no_listed_link,Published_papers/Photo_video/papers_links.csv,22,no_listed_link,,,,
https://papers.miccai.org/miccai-2026/0289-Paper4526.html,Disease-Consistent Visual-Text Alignment and Fusion for Reliable Radiology Report Generation,CT-XRay,CT-XRay,https://github.com/shaojian0514/DCAF-RRG,https://github.com/shaojian0514/DCAF-RRG,code_url_field,repository_host_link,Published_papers/CT-XRay/papers_links.csv,88,accessible,200,https://github.com/shaojian0514/DCAF-RRG,2026-10-01T15:31:14+00:00,
https://papers.miccai.org/miccai-2026/0290-Paper4921.html,Disentangling Clinic-Specific Acquisition Variability from Motion Dynamics in Intrapartum Ultrasound,ultrasounds,ultrasounds,https://github.com/miccai-intrapartum/miccai_intrapartum,https://github.com/miccai-intrapartum/miccai_intrapartum,code_url_field,repository_host_link,Published_papers/ultrasounds/papers_links.csv,19,accessible,200,https://github.com/miccai-intrapartum/miccai_intrapartum,2026-10-01T15:31:15+00:00,
https://papers.miccai.org/miccai-2026/0291-Paper3039.html,Disentangling Prompt Dependence to Evaluate Segmentation Reliability in Gynecological MRI,MRI,MRI,https://github.com/elodiegermani/PromptDependence,https://github.com/elodiegermani/PromptDependence,code_url_field,repository_host_link,Published_papers/MRI/papers_links.csv,47,accessible,200,https://github.com/elodiegermani/PromptDependence,2026-10-01T15:31:15+00:00,
https://papers.miccai.org/miccai-2026/0292-Paper5794.html,Disentangling Uterine and Bladder Activity in Paired EHG-MRI Data Using Anatomy-Guided Multicluster Beamforming,MRI | Physio-signals,MRI,https://github.com/CamilaBustos258/mcLCMV_EHG_MRI.git,https://github.com/CamilaBustos258/mcLCMV_EHG_MRI.git,code_url_field,repository_host_link,Published_papers/MRI/papers_links.csv,48,accessible,200,https://github.com/CamilaBustos258/mcLCMV_EHG_MRI,2026-10-01T15:31:15+00:00,
https://papers.miccai.org/miccai-2026/0293-Paper6226.html,Displacement Preserving Relational Distillation for Robust Medical Segmentation,CT-XRay | MRI,CT-XRay,https://github.com/ClinicaAlpha/DPRD-3D-MedSeg,https://github.com/ClinicaAlpha/DPRD-3D-MedSeg,code_url_field,repository_host_link,Published_papers/CT-XRay/papers_links.csv,89,accessible,200,https://github.com/ClinicaAlpha/DPRD-3D-MedSeg,2026-10-01T15:31:15+00:00,
https://papers.miccai.org/miccai-2026/0294-Paper1477.html,Distilling Photon-Counting CT Into Routine Chest CT Through Clinically Validated Degradation Modeling,CT-XRay,CT-XRay,,,none,no_listed_link,Published_papers/CT-XRay/papers_links.csv,90,no_listed_link,,,,
https://papers.miccai.org/miccai-2026/0295-Paper0460.html,Distilling Temporal Coherence Into 2D Networks for Transrectal Ultrasound Prostate Video Segmentation,ultrasounds,ultrasounds,https://github.com/DYDevelop/DTC-TRUS,https://github.com/DYDevelop/DTC-TRUS,code_url_field,repository_host_link,Published_papers/ultrasounds/papers_links.csv,20,accessible,200,https://github.com/DYDevelop/DTC-TRUS,2026-10-01T15:31:15+00:00,
https://papers.miccai.org/miccai-2026/0296-Paper0431.html,Diverse Normal Prototypes-Guided Contrastive Reconstruction for Medical Anomaly Detection,MRI | Others,MRI,https://github.com/liluhu0/DNP-ConFormer,https://github.com/liluhu0/DNP-ConFormer,code_url_field,repository_host_link,Published_papers/MRI/papers_links.csv,49,accessible,200,https://github.com/liluhu0/DNP-ConFormer,2026-10-01T15:31:15+00:00,
https://papers.miccai.org/miccai-2026/0297-Paper3503.html,DIVER-Surv: Diffusion and Virtual-Node Graph Fusion for Cross-Cohort Glioma Survival,EHR | MRI,EHR,https://github.com/minjicho246/DIVER-Surv,https://github.com/minjicho246/DIVER-Surv,code_url_field,repository_host_link,Published_papers/EHR/papers_links.csv,6,accessible,200,https://github.com/minjicho246/DIVER-Surv,2026-10-01T15:31:16+00:00,
https://papers.miccai.org/miccai-2026/0298-Paper4589.html,DK-Net: Semi-supervised Wavelet-KAN Landmark Localization for Angle of Progression Measurement in Intrapartum Transperineal Ultrasound,ultrasounds,ultrasounds,https://github.com/db0725/DKNet,https://github.com/db0725/DKNet,code_url_field,repository_host_link,Published_papers/ultrasounds/papers_links.csv,21,accessible,200,https://github.com/db0725/DKNet,2026-10-01T15:31:16+00:00,
https://papers.miccai.org/miccai-2026/0299-Paper6013.html,DLCE-MIL: Depth-aware Local Context Enhanced Multiple Instance Learning for Patient-Level IVCM Fungal Keratitis Classification,Microscopy,Microscopy,https://github.com/IGLICT/DLCE-MIL,https://github.com/IGLICT/DLCE-MIL,code_url_field,repository_host_link,Published_papers/Microscopy/papers_links.csv,16,accessible,200,https://github.com/IGLICT/DLCE-MIL,2026-10-01T15:31:16+00:00,
https://papers.miccai.org/miccai-2026/0300-Paper0915.html,Do Not Break the Vessels: Structure-Preserving Mean Flow for Vascular Image Translation,Endoscopy,Endoscopy,,,none,no_listed_link,Published_papers/Endoscopy/papers_links.csv,21,no_listed_link,,,,
https://papers.miccai.org/miccai-2026/0301-Paper1517.html,DosePlug: Observation-Driven Dose Modeling for Robust Low-Dose Reconstruction and Segmentation,CT-XRay | PET_SPECT,CT-XRay,https://github.com/kikidohyun/DosePlug.git,https://github.com/kikidohyun/DosePlug.git,code_url_field,repository_host_link,Published_papers/CT-XRay/papers_links.csv,91,accessible,200,https://github.com/kikidohyun/DosePlug,2026-10-01T15:31:16+00:00,
https://papers.miccai.org/miccai-2026/0302-Paper0524.html,DPMix-GAN: Dual-Domain Perception and Dynamic Patch-Wise Mixing GAN for 3D CT Synthesis in MR-only Radiotherapy,CT-XRay | MRI,CT-XRay,https://github.com/AprilT0621/DPMix-GAN,https://github.com/AprilT0621/DPMix-GAN,code_url_field,repository_host_link,Published_papers/CT-XRay/papers_links.csv,92,accessible,200,https://github.com/AprilT0621/DPMix-GAN,2026-10-01T15:31:16+00:00,
https://papers.miccai.org/miccai-2026/0303-Paper0947.html,DreamReg: Belief-Driven World Model for 2D–3D Ultrasound Registration,ultrasounds,ultrasounds,https://github.com/kangluoyao/DreamReg,https://github.com/kangluoyao/DreamReg,code_url_field,repository_host_link,Published_papers/ultrasounds/papers_links.csv,22,accessible,200,https://github.com/kangluoyao/DreamReg,2026-10-01T15:31:16+00:00,
https://papers.miccai.org/miccai-2026/0304-Paper1899.html,DRGFuse: Alignment-Guided Dual-Layer Reliability-Gated CT–WSI Fusion for Preoperative TRG0 Vs TRG1–3 Prediction in Esophageal Cancer,CT-XRay | Histology | Multimodals,CT-XRay,,https://github.com/Perasperaasastra/DRG-fuse,abstract,repository_host_link,Published_papers/CT-XRay/papers_links.csv,93,accessible,200,https://github.com/Perasperaasastra/DRG-fuse,2026-10-01T15:34:33+00:00,
https://papers.miccai.org/miccai-2026/0305-Paper4298.html,DSCE-Net: Dual-Scale Conditioned Evolving Network with Balanced Optimization for All-in-One Medical Image Restoration,CT-XRay | MRI | PET_SPECT,CT-XRay,,,none,no_listed_link,Published_papers/CT-XRay/papers_links.csv,94,no_listed_link,,,,
https://papers.miccai.org/miccai-2026/0306-Paper4245.html,DTI-Guided Volumetric Spherical Harmonics Regression for Single-to-Multi-shell dMRI Synthesis,Diffusion-MRI,Diffusion-MRI,https://github.com/xiaovhua/dti-shnet,https://github.com/xiaovhua/dti-shnet,code_url_field,repository_host_link,Published_papers/Diffusion-MRI/papers_links.csv,8,accessible,200,https://github.com/xiaovhua/dti-shnet,2026-10-01T15:31:17+00:00,
https://papers.miccai.org/miccai-2026/0307-Paper0556.html,Dual Agreement Consistency Learning for Semi-supervised Fetal Ultrasound Segmentation,ultrasounds,ultrasounds,https://github.com/13204942/DACL-for-Semi-supervised-Ultrasound-Segmentation,https://github.com/13204942/DACL-for-Semi-supervised-Ultrasound-Segmentation,code_url_field,repository_host_link,Published_papers/ultrasounds/papers_links.csv,23,accessible,200,https://github.com/13204942/DACL-for-Semi-supervised-Ultrasound-Segmentation,2026-10-01T15:31:17+00:00,
https://papers.miccai.org/miccai-2026/0308-Paper0711.html,Dual-Adaptive SAM3: Hierarchical Routing over Low-Rank Expert Layers for Parameter-Efficient Medical Image Segmentation,CT-XRay | MRI | ultrasounds,CT-XRay,,https://anonymous.4open.science/r/DA-SAM3-D45D,abstract,anonymous_repository_link,Published_papers/CT-XRay/papers_links.csv,95,accessible,200,https://anonymous.4open.science/r/DA-SAM3-D45D,2026-10-01T15:34:33+00:00,
https://papers.miccai.org/miccai-2026/0309-Paper3710.html,DualCaMIL: Dual-Level Causal Multi-instance Learning for Patient-Level Diagnosis in Reflectance Confocal Microscopy,Microscopy,Microscopy,https://github.com/Taffee9/DualCaMIL,https://github.com/Taffee9/DualCaMIL,code_url_field,repository_host_link,Published_papers/Microscopy/papers_links.csv,17,accessible,200,https://github.com/Taffee9/DualCaMIL,2026-10-01T15:31:17+00:00,
https://papers.miccai.org/miccai-2026/0310-Paper4478.html,Dual-Domain Cross-Modal Decoding for Clinical Text-Guided Medical Image Segmentation,CT-XRay,CT-XRay,https://github.com/maklachur/DD-CMD,https://github.com/maklachur/DD-CMD,code_url_field,repository_host_link,Published_papers/CT-XRay/papers_links.csv,96,accessible,200,https://github.com/maklachur/DD-CMD,2026-10-01T15:31:17+00:00,
https://papers.miccai.org/miccai-2026/0311-Paper5136.html,Dual-Domain Meta Conditioning Network for Fetal Head and Pubic Symphysis Segmentation in Ultrasound Images Analysis,ultrasounds,ultrasounds,,https://github.com/XingLongH/DMC_Net,abstract,repository_host_link,Published_papers/ultrasounds/papers_links.csv,24,accessible,200,https://github.com/XingLongH/DMC_Net,2026-10-01T15:34:33+00:00,
https://papers.miccai.org/miccai-2026/0312-Paper2192.html,DualGGR-MoME: A Mixture of Multimodal Experts with Dual-Branch Gating and Global-Guided Routing for Cancer Survival Prediction,Histology | Others,Histology,,,none,no_listed_link,Published_papers/Histology/papers_links.csv,26,no_listed_link,,,,
https://papers.miccai.org/miccai-2026/0313-Paper4913.html,Dual-Modality Neural Network Integrating Sequence and Structural Information for Drug-Target Interaction Prediction,Others,Others,https://github.com/HellojiePro/MGK-DTI,https://github.com/HellojiePro/MGK-DTI,code_url_field,repository_host_link,Published_papers/Others/papers_links.csv,19,accessible,200,https://github.com/HellojiePro/MGK-DTI,2026-10-01T15:31:17+00:00,
https://papers.miccai.org/miccai-2026/0314-Paper0486.html,Dual-Registration Reciprocal Super-Resolution for Prior-Guided Real-Time 4D-MRI,MRI,MRI,,,none,no_listed_link,Published_papers/MRI/papers_links.csv,50,no_listed_link,,,,
https://papers.miccai.org/miccai-2026/0315-Paper4655.html,Dual-Space Cold-Start Active Learning Guided by SAM3 for Medical Image Segmentation,MRI | Photo_video,MRI,https://github.com/HiLab-git/DSAS,https://github.com/HiLab-git/DSAS,code_url_field,repository_host_link,Published_papers/MRI/papers_links.csv,51,accessible,200,https://github.com/HiLab-git/DSAS,2026-10-01T15:31:17+00:00,
https://papers.miccai.org/miccai-2026/0316-Paper4182.html,"Dual-Stage Course-to-Fine Tooth Alignment Framework with Decoupled Position, Orientation and Shape Features",Others,Others,,,none,no_listed_link,Published_papers/Others/papers_links.csv,20,no_listed_link,,,,
https://papers.miccai.org/miccai-2026/0317-Paper4375.html,Dual-Stream Diffusion with Structure-Aware Fusion for Joint Synthesis of Coherent Medical Image-Mask Pairs,CT-XRay | Endoscopy | Photo_video,CT-XRay,,,none,no_listed_link,Published_papers/CT-XRay/papers_links.csv,97,no_listed_link,,,,
https://papers.miccai.org/miccai-2026/0318-Paper3395.html,Dual-Teacher Knowledge Distillation with SAM and Learnable Prototype Guidance for Semi-supervised 3D Medical Segmentation,CT-XRay,CT-XRay,https://github.com/Aguang094/Dualteacher-with-SAM.,https://github.com/Aguang094/Dualteacher-with-SAM.,code_url_field,repository_host_link,Published_papers/CT-XRay/papers_links.csv,98,not_publicly_accessible,404,https://github.com/Aguang094/Dualteacher-with-SAM.,2026-10-01T15:31:18+00:00,HTTP Error 404: Not Found
https://papers.miccai.org/miccai-2026/0319-Paper2160.html,DUCX: Decomposing Unfairness in Tool-Using Chest X-Ray Agents,CT-XRay,CT-XRay,https://github.com/Nanboy-Ronan/DUCK,https://github.com/Nanboy-Ronan/DUCK,code_url_field,repository_host_link,Published_papers/CT-XRay/papers_links.csv,99,accessible,200,https://github.com/Nanboy-Ronan/DUCK,2026-10-01T15:31:18+00:00,
https://papers.miccai.org/miccai-2026/0320-Paper0111.html,Dynamic Collaborative Continual Test-Time Adaptation for 3D Vessel Segmentation,MRI,MRI,https://github.com/lixiangcog/DyCo-CTA,https://github.com/lixiangcog/DyCo-CTA,code_url_field,repository_host_link,Published_papers/MRI/papers_links.csv,52,accessible,200,https://github.com/lixiangcog/DyCo-CTA,2026-10-01T15:31:18+00:00,
https://papers.miccai.org/miccai-2026/0321-Paper2443.html,Dynamic Spatial-Temporal Mapping for EEG-to-fMRI Synthesis via Gaussian-Guided Heterogeneous Graph Neural Network,Func_MRI | Physio-signals,Func_MRI,,,none,no_listed_link,Published_papers/Func_MRI/papers_links.csv,15,no_listed_link,,,,
https://papers.miccai.org/miccai-2026/0322-Paper6534.html,Dynamic Sub-domain Modeling for Robust Medical Image Segmentation,CT-XRay | MRI | Others | ultrasounds,CT-XRay,https://github.com/Macs-Laboratory/lsd-seg,https://github.com/Macs-Laboratory/lsd-seg,code_url_field,repository_host_link,Published_papers/CT-XRay/papers_links.csv,100,accessible,200,https://github.com/Macs-Laboratory/lsd-seg,2026-10-01T15:31:18+00:00,
https://papers.miccai.org/miccai-2026/0323-Paper4376.html,DynFS-MoE: Dynamic Functional-Structural Mixture-of-Experts for Post-Traumatic Epilepsy Diagnosis,Diffusion-MRI | Func_MRI,Diffusion-MRI,,,none,no_listed_link,Published_papers/Diffusion-MRI/papers_links.csv,9,no_listed_link,,,,
https://papers.miccai.org/miccai-2026/0324-Paper0820.html,EA-LDM: Explicit Alignment Latent Diffusion Model for Patient-Specific CT Reconstruction from Bi-planar X-Rays,CT-XRay,CT-XRay,,,none,no_listed_link,Published_papers/CT-XRay/papers_links.csv,102,no_listed_link,,,,
https://papers.miccai.org/miccai-2026/0325-Paper0402.html,ECFR: Entropy-Consistency Flow Rectification in Test-Time Adaptation for Medical Foundation Models,CT-XRay | Photo_video,CT-XRay,https://github.com/EndoluminalSurgicalVision-IMR/ECFR,https://github.com/EndoluminalSurgicalVision-IMR/ECFR,code_url_field,repository_host_link,Published_papers/CT-XRay/papers_links.csv,103,accessible,200,https://github.com/EndoluminalSurgicalVision-IMR/ECFR,2026-10-01T15:31:18+00:00,
https://papers.miccai.org/miccai-2026/0326-Paper1094.html,ECG-CoCa: Physiology-Informed Contrastive and Generative Framework for ECG Interpretation,Physio-signals,Physio-signals,https://github.com/yueyuedeshutu/ECG-CoCa,https://github.com/yueyuedeshutu/ECG-CoCa,code_url_field,repository_host_link,Published_papers/Physio-signals/papers_links.csv,8,accessible,200,https://github.com/yueyuedeshutu/ECG-CoCa,2026-10-01T15:31:18+00:00,
https://papers.miccai.org/miccai-2026/0327-Paper1663.html,ECHO: Estimated Composite Hybrid Observation for Zero-Shot Self-Supervised MRI Reconstruction,MRI,MRI,https://github.com/ShanghaiTech-Hu-Lab/ECHO,https://github.com/ShanghaiTech-Hu-Lab/ECHO,code_url_field,repository_host_link,Published_papers/MRI/papers_links.csv,53,accessible,200,https://github.com/ShanghaiTech-Hu-Lab/ECHO,2026-10-01T15:31:18+00:00,
https://papers.miccai.org/miccai-2026/0328-Paper1932.html,Echo2ECG: Enhancing ECG Representations with Cardiac Morphology from Multi-view Echos,Physio-signals | ultrasounds,Physio-signals,https://github.com/michelleespranita/Echo2ECG,https://github.com/michelleespranita/Echo2ECG,code_url_field,repository_host_link,Published_papers/Physio-signals/papers_links.csv,9,accessible,200,https://github.com/michelleespranita/Echo2ECG,2026-10-01T15:31:19+00:00,
https://papers.miccai.org/miccai-2026/0329-Paper3704.html,Echo4DIR: 4D Implicit Heart Reconstruction from 2D Echocardiography Videos,ultrasounds,ultrasounds,https://github.com/ryannus2025-ai/Echo4DIR,https://github.com/ryannus2025-ai/Echo4DIR,code_url_field,repository_host_link,Published_papers/ultrasounds/papers_links.csv,26,accessible,200,https://github.com/ryannus2025-ai/Echo4DIR,2026-10-01T15:31:19+00:00,
https://papers.miccai.org/miccai-2026/0330-Paper3273.html,EchoFID: A Multi-teacher Distilled Evaluation Network for Cardiac Ultrasound Image Generation,ultrasounds,ultrasounds,,,none,no_listed_link,Published_papers/ultrasounds/papers_links.csv,27,no_listed_link,,,,
https://papers.miccai.org/miccai-2026/0331-Paper3595.html,EchoLVFM: One-Step Video Generation via Latent Flow Matching for Echocardiogram Synthesis,Computational_imagings | ultrasounds,Computational_imagings,https://github.com/EngEmmanuel/EchoLVFM,https://github.com/EngEmmanuel/EchoLVFM,code_url_field,repository_host_link,Published_papers/Computational_imagings/papers_links.csv,7,accessible,200,https://github.com/EngEmmanuel/EchoLVFM,2026-10-01T15:31:19+00:00,
https://papers.miccai.org/miccai-2026/0332-Paper1265.html,EchoPilot: Training-Free Ultrasound Video Segmentation via Scale-Space Semantic Prompting and Reliability-Gated Memory,ultrasounds,ultrasounds,https://keeplearning-again.github.io/EchoPilot/,https://keeplearning-again.github.io/EchoPilot/,code_url_field,project_page,Published_papers/ultrasounds/papers_links.csv,28,accessible,200,https://keeplearning-again.github.io/EchoPilot/,2026-10-01T15:31:19+00:00,
https://papers.miccai.org/miccai-2026/0333-Paper4373.html,Echo-SCAR: Temporal Feature Learning for Myocardial Scar Detection from Routine Echocardiography,ultrasounds,ultrasounds,,,none,no_listed_link,Published_papers/ultrasounds/papers_links.csv,25,no_listed_link,,,,
https://papers.miccai.org/miccai-2026/0334-Paper3869.html,EchoTracker2: Enhancing Myocardial Point Tracking by Modeling Local Motion,ultrasounds,ultrasounds,https://github.com/riponazad/ptecho,https://github.com/riponazad/ptecho,code_url_field,repository_host_link,Published_papers/ultrasounds/papers_links.csv,29,accessible,200,https://github.com/riponazad/ptecho,2026-10-01T15:31:19+00:00,
https://papers.miccai.org/miccai-2026/0335-Paper6097.html,EchoVQA: Enabling Conversational Assistance for Point-of-Care Cardiac Ultrasound,Sensors | ultrasounds,Sensors,https://github.com/fil-mp/echovqa,https://github.com/fil-mp/echovqa,code_url_field,repository_host_link,Published_papers/Sensors/papers_links.csv,3,accessible,200,https://github.com/fil-mp/echovqa,2026-10-01T15:31:19+00:00,
https://papers.miccai.org/miccai-2026/0336-Paper1253.html,ECLIPSE: EHR-Constrained Localized Inference for Pan-Tumor Segmentation,CT-XRay,CT-XRay,,,none,no_listed_link,Published_papers/CT-XRay/papers_links.csv,104,no_listed_link,,,,
https://papers.miccai.org/miccai-2026/0337-Paper1745.html,EdgeCVS: Democratization of surgical AI with a Distilled Edge-Deployable Critical View of Safety (CVS) model,Robotics,Robotics,https://github.com/IMSY-DKFZ/edgecvs,https://github.com/IMSY-DKFZ/edgecvs,code_url_field,repository_host_link,Published_papers/Robotics/papers_links.csv,3,accessible,200,https://github.com/IMSY-DKFZ/edgecvs,2026-10-01T15:31:20+00:00,
https://papers.miccai.org/miccai-2026/0338-Paper4361.html,EEGRFusion: Uncertainty-Aware EEG-to-Image Evidence for Adjunct Bedside Assessment of CMD in Disorders of Consciousness,Physio-signals,Physio-signals,https://github.com/hcy1026/EEGRFusion,https://github.com/hcy1026/EEGRFusion,code_url_field,repository_host_link,Published_papers/Physio-signals/papers_links.csv,10,accessible,200,https://github.com/hcy1026/EEGRFusion,2026-10-01T15:31:20+00:00,
https://papers.miccai.org/miccai-2026/0339-Paper2641.html,Efficient Conformal Volumetry for Template-Based Segmentation,CT-XRay | MRI,CT-XRay,https://github.com/matthewyccheung/convolt,https://github.com/matthewyccheung/convolt,code_url_field,repository_host_link,Published_papers/CT-XRay/papers_links.csv,105,accessible,200,https://github.com/matthewyccheung/convolt,2026-10-01T15:31:20+00:00,
https://papers.miccai.org/miccai-2026/0340-Paper3850.html,Efficient Flow Matching for Sparse-View CT Reconstruction,CT-XRay,CT-XRay,https://github.com/EFMCT/EFMCT,https://github.com/EFMCT/EFMCT,code_url_field,repository_host_link,Published_papers/CT-XRay/papers_links.csv,106,accessible,200,https://github.com/EFMCT/EFMCT,2026-10-01T15:31:20+00:00,
https://papers.miccai.org/miccai-2026/0341-Paper3555.html,Eigen-Directed Random Projection for Medical Image Class Incremental Learning,CT-XRay | Histology | Photo_video,CT-XRay,https://github.com/hmep313/EDRP_MICCAI,https://github.com/hmep313/EDRP_MICCAI,code_url_field,repository_host_link,Published_papers/CT-XRay/papers_links.csv,107,accessible,200,https://github.com/hmep313/EDRP_MICCAI,2026-10-01T15:31:20+00:00,
https://papers.miccai.org/miccai-2026/0342-Paper4833.html,EmERGE: A Multimodal LLM-Based Evidence-Mediated ECG Report Generation and Evaluation Approach,EHR | Physio-signals,EHR,https://github.com/hustselab511/EmERGE.git,https://github.com/hustselab511/EmERGE.git,code_url_field,repository_host_link,Published_papers/EHR/papers_links.csv,7,accessible,200,https://github.com/hustselab511/EmERGE,2026-10-01T15:31:20+00:00,
https://papers.miccai.org/miccai-2026/0343-Paper0536.html,E-MRL: Cross-View Aligned Evidence-Driven Multimodal Reinforcement Learning for Reliable 3D Tumor Analysis,CT-XRay,CT-XRay,,,none,no_listed_link,Published_papers/CT-XRay/papers_links.csv,101,no_listed_link,,,,
https://papers.miccai.org/miccai-2026/0344-Paper1872.html,ENC-ODE: Event-level Neurodegenerative Modeling in Continuous Time with Neural ODEs,MRI | Others,MRI,https://github.com/JardinDelSol/enc-ode,https://github.com/JardinDelSol/enc-ode,code_url_field,repository_host_link,Published_papers/MRI/papers_links.csv,54,accessible,200,https://github.com/JardinDelSol/enc-ode,2026-10-01T15:31:20+00:00,
https://papers.miccai.org/miccai-2026/0345-Paper1921.html,End2Reg: Learning Task-Specific Segmentation for Markerless Registration in Spine Surgery,CT-XRay | MRI | Others,CT-XRay,https://lorenzopettinari.github.io/end-2-reg/,https://lorenzopettinari.github.io/end-2-reg/,code_url_field,project_page,Published_papers/CT-XRay/papers_links.csv,108,accessible,200,https://lorenzopettinari.github.io/end-2-reg/,2026-10-01T15:31:20+00:00,
https://papers.miccai.org/miccai-2026/0346-Paper1638.html,EndoDA3: Unified Depth and Pose Estimation for Endoscopic Video,Endoscopy | Robotics,Endoscopy,https://github.com/Tanj-9102/EndoDA3,https://github.com/Tanj-9102/EndoDA3,code_url_field,repository_host_link,Published_papers/Endoscopy/papers_links.csv,22,accessible,200,https://github.com/Tanj-9102/EndoDA3,2026-10-01T15:31:20+00:00,
https://papers.miccai.org/miccai-2026/0347-Paper3071.html,EndoGSim: Physics-Aware 4D Dynamic Endoscopic Scene Simulations via MLLM-Guided Gaussian Splatting,Endoscopy,Endoscopy,https://github.com/ChangjingLiu/EndoGSim,https://github.com/ChangjingLiu/EndoGSim,code_url_field,repository_host_link,Published_papers/Endoscopy/papers_links.csv,23,accessible,200,https://github.com/ChangjingLiu/EndoGSim,2026-10-01T15:31:21+00:00,
https://papers.miccai.org/miccai-2026/0348-Paper0285.html,EndoVLM: An Endoscopy Vision-Language Pre-training Model via Anatomy-Guided Sparsity and Progressive Alignment,Endoscopy,Endoscopy,https://github.com/Scatteredrain/EndoVLM,https://github.com/Scatteredrain/EndoVLM,code_url_field,repository_host_link,Published_papers/Endoscopy/papers_links.csv,24,accessible,200,https://github.com/Scatteredrain/EndoVLM,2026-10-01T15:31:21+00:00,
https://papers.miccai.org/miccai-2026/0349-Paper1584.html,EndoX: A GPU-Accelerated Endoscopic Perception Simulation Framework,Computational_imagings | Endoscopy,Computational_imagings,https://github.com/beatricelam111/EndoX,https://github.com/beatricelam111/EndoX,code_url_field,repository_host_link,Published_papers/Computational_imagings/papers_links.csv,8,accessible,200,https://github.com/beatricelam111/EndoX,2026-10-01T15:31:21+00:00,
https://papers.miccai.org/miccai-2026/0350-Paper3483.html,Enhancing Brain MRI Anomaly Detection and Reasoning with ROI Rethink and Synthetic Data,MRI,MRI,https://github.com/fdu-farm/BrReMark.git,https://github.com/fdu-farm/BrReMark.git,code_url_field,repository_host_link,Published_papers/MRI/papers_links.csv,55,accessible,200,https://github.com/fdu-farm/BrReMark,2026-10-01T15:31:21+00:00,
https://papers.miccai.org/miccai-2026/0351-Paper3574.html,Enhancing Pathological VLMs with Cross-scale Reasoning,Histology,Histology,https://github.com/iMVR-PL/ScaleReasoner-R1,https://github.com/iMVR-PL/ScaleReasoner-R1,code_url_field,repository_host_link,Published_papers/Histology/papers_links.csv,27,accessible,200,https://github.com/iMVR-PL/ScaleReasoner-R1,2026-10-01T15:31:21+00:00,
https://papers.miccai.org/miccai-2026/0352-Paper4867.html,Equity-Aware Self-supervised Multi-domain Connectome Representation Learning for Major Depressive Disorder Diagnosis,Func_MRI,Func_MRI,https://github.com/shashivipul/RESOLVE_2026.git,https://github.com/shashivipul/RESOLVE_2026.git,code_url_field,repository_host_link,Published_papers/Func_MRI/papers_links.csv,16,accessible,200,https://github.com/shashivipul/RESOLVE_2026,2026-10-01T15:31:21+00:00,
https://papers.miccai.org/miccai-2026/0353-Paper4268.html,ESRT: Endoscopic Stereo Reconstruction Transformer,Endoscopy,Endoscopy,,,none,no_listed_link,Published_papers/Endoscopy/papers_links.csv,25,no_listed_link,,,,
https://papers.miccai.org/miccai-2026/0354-Paper0011.html,Estimated Age-Guided Cerebral Microbleed Segmentation,MRI,MRI,https://github.com/junmokwon/AgeCMBNet,https://github.com/junmokwon/AgeCMBNet,code_url_field,repository_host_link,Published_papers/MRI/papers_links.csv,56,accessible,200,https://github.com/junmokwon/AgeCMBNet,2026-10-01T15:31:22+00:00,
https://papers.miccai.org/miccai-2026/0355-Paper6476.html,Evidential Fusion Network for Multimodal Survival Prediction Under Missing Modalities,Histology,Histology,https://github.com/YuchengXing99/EMMS,https://github.com/YuchengXing99/EMMS,code_url_field,repository_host_link,Published_papers/Histology/papers_links.csv,28,accessible,200,https://github.com/YuchengXing99/EMMS,2026-10-01T15:31:22+00:00,
https://papers.miccai.org/miccai-2026/0356-Paper6434.html,Evidential Neural Networks for Uncertainty-Aware Alzheimer’s Disease Screening from Resting-State EEG,Physio-signals,Physio-signals,,,none,no_listed_link,Published_papers/Physio-signals/papers_links.csv,11,no_listed_link,,,,
https://papers.miccai.org/miccai-2026/0357-Paper3341.html,Evidential Perfusion Physics-Informed Neural Networks with Residual Uncertainty Quantification,CT-XRay,CT-XRay,https://github.com/jhlee0619/EPPINN,https://github.com/jhlee0619/EPPINN,code_url_field,repository_host_link,Published_papers/CT-XRay/papers_links.csv,110,accessible,200,https://github.com/jhlee0619/EPPINN,2026-10-01T15:31:22+00:00,
https://papers.miccai.org/miccai-2026/0358-Paper2764.html,Evi-Steer: Learning to Steer Biomedical Vision-Language Models through Efficient and Generalizable Evidential Tuning,CT-XRay | MRI | Microscopy | ultrasounds,CT-XRay,https://github.com/HealthX-Lab/Evi-Steer,https://github.com/HealthX-Lab/Evi-Steer,code_url_field,repository_host_link,Published_papers/CT-XRay/papers_links.csv,109,accessible,200,https://github.com/HealthX-Lab/Evi-Steer,2026-10-01T15:31:22+00:00,
https://papers.miccai.org/miccai-2026/0359-Paper4228.html,EvoMed: Self-Evolving Medical VLM via Training-free Continued Learning,CT-XRay | MRI | Microscopy,CT-XRay,https://github.com/Hunan-Tiger/EvoMed,https://github.com/Hunan-Tiger/EvoMed,code_url_field,repository_host_link,Published_papers/CT-XRay/papers_links.csv,111,accessible,200,https://github.com/Hunan-Tiger/EvoMed,2026-10-01T15:31:22+00:00,
https://papers.miccai.org/miccai-2026/0360-Paper1081.html,Evo-RAD: Navigating Rare Retinal Disease Diagnosis via Self-Evolving Agentic Retrieval,Photo_video,Photo_video,https://github.com/SDH-Lab/Evo-RAD,https://github.com/SDH-Lab/Evo-RAD,code_url_field,repository_host_link,Published_papers/Photo_video/papers_links.csv,23,accessible,200,https://github.com/SDH-Lab/Evo-RAD,2026-10-01T15:31:23+00:00,
https://papers.miccai.org/miccai-2026/0361-Paper6332.html,Expert-like Bone Ultrasound Segmentation through Expert-in-the-loop Mask-conditioned Progressive Learning,ultrasounds,ultrasounds,,,none,no_listed_link,Published_papers/ultrasounds/papers_links.csv,30,no_listed_link,,,,
https://papers.miccai.org/miccai-2026/0362-Paper3479.html,Explainability in Multimodal Deep Transformation Models for Stroke Outcome Prediction,Diffusion-MRI | MRI,Diffusion-MRI,https://github.com/liherz/xAI_paper,https://github.com/liherz/xAI_paper,code_url_field,repository_host_link,Published_papers/Diffusion-MRI/papers_links.csv,10,not_publicly_accessible,404,https://github.com/liherz/xAI_paper,2026-10-01T15:31:23+00:00,HTTP Error 404: Not Found
https://papers.miccai.org/miccai-2026/0363-Paper2646.html,Exploiting Interior Geometry for Intracranial Aneurysm Detection and Segmentation on 3D Point Clouds via GNNs,MRI,MRI,https://github.com/mohamedaminelayachi/EXPIGEO,https://github.com/mohamedaminelayachi/EXPIGEO,code_url_field,repository_host_link,Published_papers/MRI/papers_links.csv,57,accessible,200,https://github.com/mohamedaminelayachi/EXPIGEO,2026-10-01T15:31:23+00:00,
https://papers.miccai.org/miccai-2026/0364-Paper3814.html,Exploiting Longitudinal Context in Clinician-Verified Interactive Lesion Tracking,CT-XRay,CT-XRay,https://github.com/MIC-DKFZ/LongiSeg,https://github.com/MIC-DKFZ/LongiSeg,code_url_field,repository_host_link,Published_papers/CT-XRay/papers_links.csv,112,accessible,200,https://github.com/MIC-DKFZ/LongiSeg,2026-10-01T15:31:22+00:00,
https://papers.miccai.org/miccai-2026/0365-Paper1072.html,Exploring Efficient Weakly Supervised Ultrasound Video Object Segmentation with VLM-Guided Structure Advantage Learning,ultrasounds,ultrasounds,,,none,no_listed_link,Published_papers/ultrasounds/papers_links.csv,31,no_listed_link,,,,
https://papers.miccai.org/miccai-2026/0366-Paper0073.html,Exploring Subnetwork Interactions in Heterogeneous Brain Network via Prior-Informed Graph Learning,MRI,MRI,https://github.com/LiuSy0731/KDBrain,https://github.com/LiuSy0731/KDBrain,code_url_field,repository_host_link,Published_papers/MRI/papers_links.csv,58,accessible,200,https://github.com/LiuSy0731/KDBrain,2026-10-01T15:31:23+00:00,
https://papers.miccai.org/miccai-2026/0367-Paper0521.html,FA-Diff: Leveraging Frequency-Aware RWKV Diffusion for OCT to Correlation-Stability Map Translation,Others | Spectroscopy,Others,,,none,no_listed_link,Published_papers/Others/papers_links.csv,21,no_listed_link,,,,
https://papers.miccai.org/miccai-2026/0368-Paper3379.html,Fair Curriculum Learning for Concept Bottleneck Models in Dermatology,Photo_video,Photo_video,https://github.com/Matt-Cockayne/FairCBM,https://github.com/Matt-Cockayne/FairCBM,code_url_field,repository_host_link,Published_papers/Photo_video/papers_links.csv,24,accessible,200,https://github.com/matthew-cockayne/FairCBM,2026-10-01T15:31:23+00:00,
https://papers.miccai.org/miccai-2026/0369-Paper2301.html,FairGE: Gated Expert Routing for Intersectional Fairness in Medical Foundation Models,Photo_video,Photo_video,https://github.com/yuchenshao749/FairGE,https://github.com/yuchenshao749/FairGE,code_url_field,repository_host_link,Published_papers/Photo_video/papers_links.csv,25,accessible,200,https://github.com/yuchenshao749/FairGE,2026-10-01T15:31:23+00:00,
https://papers.miccai.org/miccai-2026/0370-Paper4959.html,Fairness Beyond Demographics: Optimizing Performance Across Appearance-Based Hidden Cohorts in Medical Imaging,CT-XRay,CT-XRay,https://miladmasroor.github.io/lhcf-project-page/,https://miladmasroor.github.io/lhcf-project-page/,code_url_field,project_page,Published_papers/CT-XRay/papers_links.csv,113,accessible,200,https://miladmasroor.github.io/lhcf-project-page/,2026-10-01T15:31:23+00:00,
https://papers.miccai.org/miccai-2026/0371-Paper0602.html,FairPneum: Improving Fairness in Pneumonia Diagnosis and Lesion Segmentation,CT-XRay,CT-XRay,https://github.com/JXXrrrrR/FairPneum,https://github.com/JXXrrrrR/FairPneum,code_url_field,repository_host_link,Published_papers/CT-XRay/papers_links.csv,114,accessible,200,https://github.com/JXXrrrrR/FairPneum,2026-10-01T15:31:23+00:00,
https://papers.miccai.org/miccai-2026/0372-Paper3915.html,"Faithful, Interpretable Chest X-ray Diagnosis with Artifact-Free B-cos Networks",CT-XRay,CT-XRay,https://github.com/shrebox/Artifact-free-B-cos-Networks,https://github.com/shrebox/Artifact-free-B-cos-Networks,code_url_field,repository_host_link,Published_papers/CT-XRay/papers_links.csv,115,accessible,200,https://github.com/shrebox/Artifact-free-B-cos-Networks,2026-10-01T15:31:23+00:00,
https://papers.miccai.org/miccai-2026/0373-Paper0806.html,FARSIGHT: A Dynamic Multi Modal Medical Image Analysis Framework Powered by a Prior Knowledge Guided Vision Language Model,ultrasounds,ultrasounds,https://github.com/hanlliumu/Farsight,https://github.com/hanlliumu/Farsight,code_url_field,repository_host_link,Published_papers/ultrasounds/papers_links.csv,32,accessible,200,https://github.com/hanlliumu/Farsight,2026-10-01T15:31:23+00:00,
https://papers.miccai.org/miccai-2026/0374-Paper4794.html,Fast 3D Cell Volume Reconstruction from Multi-focus Images by Cross-modality Knowledge Distillation,Microscopy,Microscopy,https://github.com/imamkhairi/DeepCVR,https://github.com/imamkhairi/DeepCVR,code_url_field,repository_host_link,Published_papers/Microscopy/papers_links.csv,18,accessible,200,https://github.com/imamkhairi/DeepCVR,2026-10-01T15:31:23+00:00,
https://papers.miccai.org/miccai-2026/0375-Paper2462.html,Fast Few-Shot Embolization Simulations in Ischemic Stroke Using Equivariant Neural Fields,CT-XRay | Others,CT-XRay,https://github.com/ThijsKuipers1995/neural_clot_sim,https://github.com/ThijsKuipers1995/neural_clot_sim,code_url_field,repository_host_link,Published_papers/CT-XRay/papers_links.csv,116,accessible,200,https://github.com/ThijsKuipers1995/neural_clot_sim,2026-10-01T15:31:23+00:00,
https://papers.miccai.org/miccai-2026/0376-Paper1918.html,FDMMBone: Flow-Based Conditional Deformable Mesh Modeling for Accurate 3D Bone Defect Completion,Computational_imagings,Computational_imagings,,,none,no_listed_link,Published_papers/Computational_imagings/papers_links.csv,9,no_listed_link,,,,
https://papers.miccai.org/miccai-2026/0377-Paper2460.html,FDRAS: Failure Diagnosis and Repair for Airway Segmentation,CT-XRay,CT-XRay,https://github.com/SIRGLab/FDRAS,https://github.com/SIRGLab/FDRAS,code_url_field,repository_host_link,Published_papers/CT-XRay/papers_links.csv,117,accessible,200,https://github.com/SIRGLab/FDRAS,2026-10-01T15:31:24+00:00,
https://papers.miccai.org/miccai-2026/0378-Paper3872.html,Feature Space Guidance for Breast Cancer Classification in DCE-MRI,Diffusion-MRI | MRI,Diffusion-MRI,https://github.com/MIC-DKFZ/CURIAtor,https://github.com/MIC-DKFZ/CURIAtor,code_url_field,repository_host_link,Published_papers/Diffusion-MRI/papers_links.csv,11,accessible,200,https://github.com/MIC-DKFZ/CURIAtor,2026-10-01T15:31:24+00:00,
https://papers.miccai.org/miccai-2026/0379-Paper5130.html,FedAgree: Label-Free Performance Estimation Under Distribution Shift for Federated Medical Imaging Analysis,Histology | Photo_video,Histology,https://github.com/MLO-lab/FedAgree,https://github.com/MLO-lab/FedAgree,code_url_field,repository_host_link,Published_papers/Histology/papers_links.csv,29,accessible,200,https://github.com/MLO-lab/FedAgree,2026-10-01T15:31:24+00:00,
https://papers.miccai.org/miccai-2026/0380-Paper1712.html,FedCHDP: Federated Concept-Guided Dual-Modal Prompting for CHD Diagnosis,ultrasounds,ultrasounds,,,none,no_listed_link,Published_papers/ultrasounds/papers_links.csv,33,no_listed_link,,,,
https://papers.miccai.org/miccai-2026/0381-Paper0744.html,Federated Medical Image Segmentation under Modality Heterogeneity via Specialized Adapters,CT-XRay | MRI,CT-XRay,https://github.com/obedjamir/FedMoSA,https://github.com/obedjamir/FedMoSA,code_url_field,repository_host_link,Published_papers/CT-XRay/papers_links.csv,118,accessible,200,https://github.com/obedjamir/FedMoSA,2026-10-01T15:31:24+00:00,
https://papers.miccai.org/miccai-2026/0382-Paper1947.html,FedProIn: Mitigating Client Drift for Learnable Prototypes in Federated Medical Imaging,Histology,Histology,https://github.com/harsh-kmr/FedProIn,https://github.com/harsh-kmr/FedProIn,code_url_field,repository_host_link,Published_papers/Histology/papers_links.csv,30,accessible,200,https://github.com/harsh-kmr/FedProIn,2026-10-01T15:31:24+00:00,
https://papers.miccai.org/miccai-2026/0383-Paper6676.html,FedSwitch: From Standard to Balanced Aggregation via Private Histogram Estimation in Federated Medical Image Classification,Photo_video,Photo_video,https://github.com/Oxcart99-edu/MICCAI_FedSwitch,https://github.com/Oxcart99-edu/MICCAI_FedSwitch,code_url_field,repository_host_link,Published_papers/Photo_video/papers_links.csv,26,accessible,200,https://github.com/Oxcart99-edu/MICCAI_FedSwitch,2026-10-01T15:31:24+00:00,
https://papers.miccai.org/miccai-2026/0384-Paper3777.html,FermatSyn: SAM2-Enhanced Bidirectional Mamba with Isotropic Spiral Scanning for Multi-Modal Medical Image Synthesis,MRI,MRI,,https://github.com/gatina-yone/FermatSyn,abstract,repository_host_link,Published_papers/MRI/papers_links.csv,59,not_publicly_accessible,404,https://github.com/gatina-yone/FermatSyn,2026-10-01T15:34:33+00:00,HTTP Error 404: Not Found
https://papers.miccai.org/miccai-2026/0385-Paper0018.html,FetalAgents: A Multi-Agent System for Fetal Ultrasound Image and Video Analysis,ultrasounds,ultrasounds,https://github.com/birthlab/FetalAgents,https://github.com/birthlab/FetalAgents,code_url_field,repository_host_link,Published_papers/ultrasounds/papers_links.csv,34,accessible,200,https://github.com/birthlab/FetalAgents,2026-10-01T15:31:25+00:00,
https://papers.miccai.org/miccai-2026/0386-Paper2375.html,Fibers of Asymmetric Similarity: A Framework for Clinical and Imaging Data,EHR | ultrasounds,EHR,https://github.com/ividja/tversky-fibers,https://github.com/ividja/tversky-fibers,code_url_field,repository_host_link,Published_papers/EHR/papers_links.csv,8,accessible,200,https://github.com/ividja/tversky-fibers,2026-10-01T15:31:25+00:00,
https://papers.miccai.org/miccai-2026/0387-Paper3344.html,Fine-Grained Cerebrovascular Parsing in DSA via Structurally-Grounded Semantic Disentanglement,CT-XRay,CT-XRay,,,none,no_listed_link,Published_papers/CT-XRay/papers_links.csv,119,no_listed_link,,,,
https://papers.miccai.org/miccai-2026/0388-Paper0758.html,FlowReg: Reconstruction-Guided Flow Matching for Universal Spinal CT/X-Ray Registration,CT-XRay,CT-XRay,https://github.com/shenao1995/FlowReg,https://github.com/shenao1995/FlowReg,code_url_field,repository_host_link,Published_papers/CT-XRay/papers_links.csv,120,accessible,200,https://github.com/shenao1995/FlowReg,2026-10-01T15:31:25+00:00,
https://papers.miccai.org/miccai-2026/0389-Paper3230.html,FluxCut: Shifting from Global Reconstruction to Local Geometry for Unsupervised Small Lesion Segmentation,MRI,MRI,,,none,no_listed_link,Published_papers/MRI/papers_links.csv,60,no_listed_link,,,,
https://papers.miccai.org/miccai-2026/0390-Paper1799.html,FOCUS: Towards Fetal Obstetric Corrective UltraSound Guidance,ultrasounds,ultrasounds,https://github.com/hlamdouar/focus-ultrasound-guidance,https://github.com/hlamdouar/focus-ultrasound-guidance,code_url_field,repository_host_link,Published_papers/ultrasounds/papers_links.csv,35,accessible,200,https://github.com/hlamdouar/focus-ultrasound-guidance,2026-10-01T15:31:25+00:00,
https://papers.miccai.org/miccai-2026/0391-Paper5125.html,Footprint-Guided Exemplar-Free Continual Histopathology Report Generation,Histology,Histology,,,none,no_listed_link,Published_papers/Histology/papers_links.csv,31,no_listed_link,,,,
https://papers.miccai.org/miccai-2026/0392-Paper1307.html,Foundation Model-Driven Key Anatomy Frame Selection for Blind-Sweep Ultrasound Fetal Birth Weight Estimation,ultrasounds,ultrasounds,https://github.com/ouleoule/BlindSweep-EBW,https://github.com/ouleoule/BlindSweep-EBW,code_url_field,repository_host_link,Published_papers/ultrasounds/papers_links.csv,36,accessible,200,https://github.com/ouleoule/BlindSweep-EBW,2026-10-01T15:31:25+00:00,
https://papers.miccai.org/miccai-2026/0393-Paper3530.html,FrameONE: Hierarchical Motion Modeling for Universal Multi-view Echocardiographic Keyframe Detection,ultrasounds,ultrasounds,https://github.com/szuboy/FrameONE,https://github.com/szuboy/FrameONE,code_url_field,repository_host_link,Published_papers/ultrasounds/papers_links.csv,37,accessible,200,https://github.com/szuboy/FrameONE,2026-10-01T15:31:25+00:00,
https://papers.miccai.org/miccai-2026/0394-Paper2873.html,FreeBridge: Variational Schrödinger Bridges for Cellular Transition Dynamics,Microscopy,Microscopy,https://github.com/curioWang/FreeBridge,https://github.com/curioWang/FreeBridge,code_url_field,repository_host_link,Published_papers/Microscopy/papers_links.csv,19,not_publicly_accessible,404,https://github.com/curioWang/FreeBridge,2026-10-01T15:34:33+00:00,HTTP Error 404: Not Found
https://papers.miccai.org/miccai-2026/0395-Paper5172.html,Frequency and Geometry Guided Graph Clustering for Weakly Supervised Skin Lesion Segmentation,Photo_video,Photo_video,https://github.com/hualei213/FG3-Cluster,https://github.com/hualei213/FG3-Cluster,code_url_field,repository_host_link,Published_papers/Photo_video/papers_links.csv,27,accessible,200,https://github.com/hualei213/FG3-Cluster,2026-10-01T15:31:26+00:00,
https://papers.miccai.org/miccai-2026/0396-Paper4760.html,Frequency-Aware Multi-Margin Loss for Imbalanced Medical Ordinal Classification,Others | ultrasounds,Others,https://github.com/yinpub/ltrank2026,https://github.com/yinpub/ltrank2026,code_url_field,repository_host_link,Published_papers/Others/papers_links.csv,22,accessible,200,https://github.com/yinpub/ltrank2026,2026-10-01T15:31:26+00:00,
https://papers.miccai.org/miccai-2026/0397-Paper0594.html,Frequency-Aware Neural Architecture Search with Bidirectional Mamba for EEG Emotion Recognition,Physio-signals,Physio-signals,https://github.com/yoghurt125/FANS-BiMamba-Emotion,https://github.com/yoghurt125/FANS-BiMamba-Emotion,code_url_field,repository_host_link,Published_papers/Physio-signals/papers_links.csv,12,accessible,200,https://github.com/yoghurt125/FANS-BiMamba-Emotion,2026-10-01T15:31:26+00:00,
https://papers.miccai.org/miccai-2026/0398-Paper5014.html,Frequency-Aware Post-Training Quantization for Medical Image Denoising,CT-XRay,CT-XRay,https://github.com/unikohoho/Quantization,https://github.com/unikohoho/Quantization,code_url_field,repository_host_link,Published_papers/CT-XRay/papers_links.csv,121,accessible,200,https://github.com/unikohoho/Quantization,2026-10-01T15:31:26+00:00,
https://papers.miccai.org/miccai-2026/0399-Paper2555.html,Frequency-Aware Prototype Learning in VLM for Intracranial Aneurysm HR-VWI Segmentation,MRI,MRI,https://github.com/wwyx2722-boop/FAPL-VLM,https://github.com/wwyx2722-boop/FAPL-VLM,code_url_field,repository_host_link,Published_papers/MRI/papers_links.csv,61,accessible,200,https://github.com/wwyx2722-boop/FAPL-VLM,2026-10-01T15:31:26+00:00,
https://papers.miccai.org/miccai-2026/0400-Paper4966.html,From Baseline to Future CT: Large-Scale Diffusion Pretraining for Single-Scan IPF Progression Prediction,CT-XRay,CT-XRay,https://github.com/niccolo246/baseline-to-future-ct,https://github.com/niccolo246/baseline-to-future-ct,code_url_field,repository_host_link,Published_papers/CT-XRay/papers_links.csv,122,accessible,200,https://github.com/niccolo246/baseline-to-future-ct,2026-10-01T15:34:33+00:00,
https://papers.miccai.org/miccai-2026/0401-Paper1911.html,From Exams to Trajectories: Neural Controlled Differential Equations for Longitudinal Mammography Vision-Language Pretraining,CT-XRay,CT-XRay,https://github.com/Mortal-Suen/Dynamo,https://github.com/Mortal-Suen/Dynamo,code_url_field,repository_host_link,Published_papers/CT-XRay/papers_links.csv,123,accessible,200,https://github.com/Mortal-Suen/Dynamo,2026-10-01T15:34:33+00:00,
https://papers.miccai.org/miccai-2026/0402-Paper1259.html,From Geometry to Clinic: A Physics-Aware Evaluation Framework and Benchmark for Automated Dental Crown Design,Others,Others,https://github.com/JiaminWoo/CrownBench,https://github.com/JiaminWoo/CrownBench,code_url_field,repository_host_link,Published_papers/Others/papers_links.csv,23,accessible,200,https://github.com/JiaminWoo/CrownBench,2026-10-01T15:34:33+00:00,
https://papers.miccai.org/miccai-2026/0403-Paper2673.html,From Patches to Patients: A Study of the Tile-to-Slide Performance Transferability in Digital Pathology,Histology,Histology,,,none,no_listed_link,Published_papers/Histology/papers_links.csv,32,no_listed_link,,,,
https://papers.miccai.org/miccai-2026/0404-Paper2613.html,From Perception to Anticipation: Forecasting Vessel–Instrument Interactions in Endoscopic Surgery under Unreliable Observations,Endoscopy,Endoscopy,https://github.com/med-air/EndoInteractionAnticipation,https://github.com/med-air/EndoInteractionAnticipation,code_url_field,repository_host_link,Published_papers/Endoscopy/papers_links.csv,26,accessible,200,https://github.com/med-air/EndoInteractionAnticipation,2026-10-01T15:34:34+00:00,
https://papers.miccai.org/miccai-2026/0405-Paper4491.html,From Point Estimates to Distributions: GMM Pooling for MIL in Preterm Birth Prediction,ultrasounds,ultrasounds,https://github.com/HussainAlasmawi/GMM_Pooling,https://github.com/HussainAlasmawi/GMM_Pooling,code_url_field,repository_host_link,Published_papers/ultrasounds/papers_links.csv,38,accessible,200,https://github.com/HussainAlasmawi/GMM_Pooling,2026-10-01T15:34:34+00:00,
https://papers.miccai.org/miccai-2026/0406-Paper2814.html,From Scanning Guidelines to Action: A Robotic Ultrasound Agent with LLM-Based Reasoning,ultrasounds,ultrasounds,https://github.com/yuan-12138/RUSSAgent,https://github.com/yuan-12138/RUSSAgent,code_url_field,repository_host_link,Published_papers/ultrasounds/papers_links.csv,39,accessible,200,https://github.com/yuan-12138/RUSSAgent,2026-10-01T15:34:34+00:00,
https://papers.miccai.org/miccai-2026/0407-Paper3258.html,From Sparsity to Geometry: Spatial Modeling for 3D Reconstruction from Biplanar Bone X-rays,CT-XRay,CT-XRay,https://github.com/HKUSZH/ExpGS,https://github.com/HKUSZH/ExpGS,code_url_field,repository_host_link,Published_papers/CT-XRay/papers_links.csv,124,accessible,200,https://github.com/HKUSZH/ExpGS,2026-10-01T15:34:34+00:00,
https://papers.miccai.org/miccai-2026/0408-Paper1438.html,From Trajectories to Phenotypes: Disease Progression as Structural Priors for Multi-organ Imaging Representation Learning,Multimodals,Multimodals,,,none,no_listed_link,Published_papers/Multimodals/papers_links.csv,7,no_listed_link,,,,
https://papers.miccai.org/miccai-2026/0409-Paper3239.html,FSE-Reg: Enhancing 3D Deformable Registration with Frozen Large-Scale Pre-trained Segmentation Encoders,CT-XRay | MRI,CT-XRay,https://github.com/alibabadamo-academy/FSE-Reg,https://github.com/alibabadamo-academy/FSE-Reg,code_url_field,repository_host_link,Published_papers/CT-XRay/papers_links.csv,125,invalid_url,,https://github.com/alibabadamo-academy/FSE-Reg,2026-10-01T15:34:34+00:00,URL can't contain control characters. '/alibaba\x02damo-academy/FSE-Reg' (found at least '\x02')
https://papers.miccai.org/miccai-2026/0410-Paper3819.html,FunPiQ: A New Benchmark for Pixel-Level Quality Assessment in Fundus Images,Others,Others,https://github.com/penway/FunPiQ,https://github.com/penway/FunPiQ,code_url_field,repository_host_link,Published_papers/Others/papers_links.csv,24,accessible,200,https://github.com/penway/FunPiQ,2026-10-01T15:34:34+00:00,
https://papers.miccai.org/miccai-2026/0411-Paper4165.html,Fusion-E2Pulse: A Multimodal Event-RGB Fusion Network for Non-contact Pulse Wave Reconstruction,Multimodals | Physio-signals | Sensors,Multimodals,https://github.com/fengqianiqan/Fusion_E2Pulse.git,https://github.com/fengqianiqan/Fusion_E2Pulse.git,code_url_field,repository_host_link,Published_papers/Multimodals/papers_links.csv,8,accessible,200,https://github.com/fengqianiqan/Fusion_E2Pulse,2026-10-01T15:34:34+00:00,
https://papers.miccai.org/miccai-2026/0412-Paper2298.html,G3R: Gaussian-Based Geometry-Guided Reconstruction for Fetal Brain MRI,MRI,MRI,,,none,no_listed_link,Published_papers/MRI/papers_links.csv,62,no_listed_link,,,,
https://papers.miccai.org/miccai-2026/0413-Paper0972.html,Gabor Primitives for Accelerated Cardiac Cine MRI Reconstruction,MRI,MRI,https://github.com/wenqihuang/FastGaborMRI,https://github.com/wenqihuang/FastGaborMRI,code_url_field,repository_host_link,Published_papers/MRI/papers_links.csv,63,accessible,200,https://github.com/wenqihuang/FastGaborMRI,2026-10-01T15:34:34+00:00,
https://papers.miccai.org/miccai-2026/0414-Paper3367.html,GCM-Net: Anatomy-Aware Gaussian-Contrastive Multi-layer Fusion Network for Abdominal Ultrasound Standard Plane Classification,ultrasounds,ultrasounds,https://github.com/diligentwaq-spec/GCM-Net,https://github.com/diligentwaq-spec/GCM-Net,code_url_field,repository_host_link,Published_papers/ultrasounds/papers_links.csv,40,accessible,200,https://github.com/diligentwaq-spec/GCM-Net,2026-10-01T15:34:34+00:00,
https://papers.miccai.org/miccai-2026/0415-Paper2142.html,GeneRAG: A Retrieval-Augmented Framework for Spatially Resolved Gene Expression Prediction,Histology,Histology,https://github.com/HyeongSubKim/GeneRAG,https://github.com/HyeongSubKim/GeneRAG,code_url_field,repository_host_link,Published_papers/Histology/papers_links.csv,34,accessible,200,https://github.com/HyeongSubKim/GeneRAG,2026-10-01T15:34:34+00:00,
https://papers.miccai.org/miccai-2026/0416-Paper4890.html,Generative Anchor-Guided Federated Domain Generalization for Heterogeneous Pan Cancer Image Analysis,Histology,Histology,,,none,no_listed_link,Published_papers/Histology/papers_links.csv,35,no_listed_link,,,,
https://papers.miccai.org/miccai-2026/0417-Paper1384.html,Gene-Selective Morphological Conditioning with Heteroscedastic Flow Matching for Spatial Transcriptomics,Histology,Histology,,,none,no_listed_link,Published_papers/Histology/papers_links.csv,33,no_listed_link,,,,
https://papers.miccai.org/miccai-2026/0418-Paper5759.html,Genetically Aligned Patient Representations Improve Hematological Diagnosis,Histology,Histology,https://github.com/marrlab/GenBloom,https://github.com/marrlab/GenBloom,code_url_field,repository_host_link,Published_papers/Histology/papers_links.csv,36,accessible,200,https://github.com/marrlab/GenBloom,2026-10-01T15:34:35+00:00,
https://papers.miccai.org/miccai-2026/0419-Paper0202.html,GeoCAN: Nonlinear Causal-Geometric Learning for Echocardiography Quality Assessment,ultrasounds,ultrasounds,https://github.com/Yiran0325/Echo-GeoCAN,https://github.com/Yiran0325/Echo-GeoCAN,code_url_field,repository_host_link,Published_papers/ultrasounds/papers_links.csv,41,accessible,200,https://github.com/Yiran0325/Echo-GeoCAN,2026-10-01T15:34:35+00:00,
https://papers.miccai.org/miccai-2026/0420-Paper3726.html,Geometric-to-Semantic Spherical Transfer Learning for Cortical Sulci Labeling,MRI,MRI,https://github.com/neurospin-projects/2026_stounsi_slabelin2,https://github.com/neurospin-projects/2026_stounsi_slabelin2,code_url_field,repository_host_link,Published_papers/MRI/papers_links.csv,64,accessible,200,https://github.com/neurospin-projects/2026_stounsi_slabelin2,2026-10-01T15:34:35+00:00,
https://papers.miccai.org/miccai-2026/0421-Paper0473.html,Geometry-Aware Manifold Trajectory Modeling for Task fMRI Activation Mapping,Func_MRI | MRI,Func_MRI,https://github.com/PCMLYR/ManifoldTraj_MGS,https://github.com/PCMLYR/ManifoldTraj_MGS,code_url_field,repository_host_link,Published_papers/Func_MRI/papers_links.csv,17,accessible,200,https://github.com/PCMLYR/ManifoldTraj_MGS,2026-10-01T15:34:35+00:00,
https://papers.miccai.org/miccai-2026/0422-Paper0687.html,Geometry-Aware Point-to-Voxel Fusion via Gaussian Splatting for Intracranial Aneurysm Segmentation,CT-XRay,CT-XRay,https://github.com/somtiannes/GeoP2VNet,https://github.com/somtiannes/GeoP2VNet,code_url_field,repository_host_link,Published_papers/CT-XRay/papers_links.csv,126,accessible,200,https://github.com/somtiannes/GeoP2VNet,2026-10-01T15:34:35+00:00,
https://papers.miccai.org/miccai-2026/0423-Paper5507.html,Geometry-Aware Self-supervised Learning for Whole-Heart 3D+t Representation,MRI,MRI,https://github.com/Liwei-Hu1/Geometry_Aware_CMR_Pretraining.git,https://github.com/Liwei-Hu1/Geometry_Aware_CMR_Pretraining.git,code_url_field,repository_host_link,Published_papers/MRI/papers_links.csv,65,accessible,200,https://github.com/Liwei-Hu1/Geometry_Aware_CMR_Pretraining,2026-10-01T15:34:35+00:00,
https://papers.miccai.org/miccai-2026/0424-Paper5100.html,Geometry-Aware Superpixel Graph Transformer with Metadata for Skin Lesion Classification,Photo_video,Photo_video,https://github.com/azeemchaudharyg/GeoMeta-GT,https://github.com/azeemchaudharyg/GeoMeta-GT,code_url_field,repository_host_link,Published_papers/Photo_video/papers_links.csv,28,accessible,200,https://github.com/azeemchaudharyg/GeoMeta-GT,2026-10-01T15:34:35+00:00,
https://papers.miccai.org/miccai-2026/0425-Paper3881.html,"GES-Net: A Gesture, Error, and Smoothness Aware Network for Surgical Skill Assessment",Endoscopy | Robotics,Endoscopy,https://github.com/HRL-Mike/GES-Net,https://github.com/HRL-Mike/GES-Net,code_url_field,repository_host_link,Published_papers/Endoscopy/papers_links.csv,27,accessible,200,https://github.com/HRL-Mike/GES-Net,2026-10-01T15:34:35+00:00,
https://papers.miccai.org/miccai-2026/0426-Paper2838.html,GFR-MIL: Glance–Focus–Reflect Based Multiple Instance Learning for Multi-Scale Whole Slide Image Analysis,Histology,Histology,https://github.com/longger-z/GFR-MIL,https://github.com/longger-z/GFR-MIL,code_url_field,repository_host_link,Published_papers/Histology/papers_links.csv,37,accessible,200,https://github.com/longger-z/GFR-MIL,2026-10-01T15:34:36+00:00,
https://papers.miccai.org/miccai-2026/0427-Paper5853.html,GG-AE: Genetically-Guided Autoencoder for Disentangling Structural Networks of Brain Atrophy,MRI,MRI,https://github.com/marilenadp/GG-AE,https://github.com/marilenadp/GG-AE,code_url_field,repository_host_link,Published_papers/MRI/papers_links.csv,66,accessible,200,https://github.com/marilenadp/GG-AE,2026-10-01T15:34:36+00:00,
https://papers.miccai.org/miccai-2026/0428-Paper5435.html,GGFI-Net: Genomics-Guided Cross-Modal Imputation for Multimodal Survival Analysis with Missing Modality,CT-XRay | Others,CT-XRay,,,none,no_listed_link,Published_papers/CT-XRay/papers_links.csv,127,no_listed_link,,,,
https://papers.miccai.org/miccai-2026/0429-Paper1781.html,Glasses: Adapter-Enhanced DINOv3 with Boundary-Aware Multi-Scale Representations for Medical Image Segmentation,CT-XRay | Others,CT-XRay,https://github.com/friay/Glasses,https://github.com/friay/Glasses,code_url_field,repository_host_link,Published_papers/CT-XRay/papers_links.csv,128,accessible,200,https://github.com/friay/Glasses,2026-10-01T15:34:36+00:00,
https://papers.miccai.org/miccai-2026/0430-Paper2407.html,GLeVE: Graph-Guided Lesion Grounding with Proposal Verification in 3D CT,CT-XRay,CT-XRay,https://github.com/JSLiam94/GLeVE,https://github.com/JSLiam94/GLeVE,code_url_field,repository_host_link,Published_papers/CT-XRay/papers_links.csv,129,accessible,200,https://github.com/JSLiam94/GLeVE,2026-10-01T15:34:36+00:00,
https://papers.miccai.org/miccai-2026/0431-Paper3705.html,Global-Local Structure-Aware Alignment for Automated LGE MRI Report Generation,MRI,MRI,https://github.com/luxiaozhou89-netizen/GLSA-RG,https://github.com/luxiaozhou89-netizen/GLSA-RG,code_url_field,repository_host_link,Published_papers/MRI/papers_links.csv,67,accessible,200,https://github.com/luxiaozhou89-netizen/GLSA-RG,2026-10-01T15:34:36+00:00,
https://papers.miccai.org/miccai-2026/0432-Paper3404.html,Good Enough? An Investigation on the Impact of Label Quality in Large-Scale Medical Datasets,CT-XRay,CT-XRay,,,none,no_listed_link,Published_papers/CT-XRay/papers_links.csv,130,no_listed_link,,,,
https://papers.miccai.org/miccai-2026/0433-Paper5465.html,Graph Neural Networks for Morphometric Characterization of the Aortic Valve,CT-XRay,CT-XRay,https://github.com/kam-ibragimov/morpho-gcn,https://github.com/kam-ibragimov/morpho-gcn,code_url_field,repository_host_link,Published_papers/CT-XRay/papers_links.csv,131,accessible,200,https://github.com/kam-ibragimov/morpho-gcn,2026-10-01T15:34:36+00:00,
https://papers.miccai.org/miccai-2026/0434-Paper4934.html,Graph-of-Differences: Anatomy-Structured Difference Alignment for Medical Image Re-identification,Multimodals,Multimodals,,,none,no_listed_link,Published_papers/Multimodals/papers_links.csv,9,no_listed_link,,,,
https://papers.miccai.org/miccai-2026/0435-Paper2803.html,Group Equivariant Diffusion for Anomaly Detection in Computational Cytology,Histology,Histology,https://github.com/SwchMida/D4diffCyto,https://github.com/SwchMida/D4diffCyto,code_url_field,repository_host_link,Published_papers/Histology/papers_links.csv,38,accessible,200,https://github.com/SwchMida/D4diffCyto,2026-10-01T15:34:36+00:00,
https://papers.miccai.org/miccai-2026/0436-Paper1968.html,Group-Conditioned Representation Modulation for Fair Skin Disease Diagnosis,Photo_video,Photo_video,https://github.com/Gracellgg/Group-Interference-Marking,https://github.com/Gracellgg/Group-Interference-Marking,code_url_field,repository_host_link,Published_papers/Photo_video/papers_links.csv,29,accessible,200,https://github.com/Gracellgg/Group-Interference-Marking,2026-10-01T15:34:36+00:00,
https://papers.miccai.org/miccai-2026/0437-Paper6477.html,GTRE: A Physiological-Semantic Foundation Model for Generalizable EEG Analysis via Preference-Guided Alignment,Physio-signals,Physio-signals,https://github.com/AZFAR176/GTRE-,https://github.com/AZFAR176/GTRE-,code_url_field,repository_host_link,Published_papers/Physio-signals/papers_links.csv,13,accessible,200,https://github.com/AZFAR176/GTRE-,2026-10-01T15:34:36+00:00,
https://papers.miccai.org/miccai-2026/0438-Paper4078.html,GU-SAM2: A Semi-supervised Medical Image Segmentation Framework via Gated Feature Fusion of MIM-Pretrained U-Net and SAM 2,CT-XRay | MRI,CT-XRay,,,none,no_listed_link,Published_papers/CT-XRay/papers_links.csv,132,no_listed_link,,,,
https://papers.miccai.org/miccai-2026/0439-Paper2266.html,H2GT: Hub-enhanced Hierarchical Graph Transformer for Explainable Diagnosis of ASD with Functional Brain Networks,Func_MRI,Func_MRI,https://github.com/xiuyiqi/H2GT,https://github.com/xiuyiqi/H2GT,code_url_field,repository_host_link,Published_papers/Func_MRI/papers_links.csv,18,accessible,200,https://github.com/xiuyiqi/H2GT,2026-10-01T15:34:36+00:00,
https://papers.miccai.org/miccai-2026/0440-Paper2164.html,H2M-Net: Hierarchical Hyperbolic Memory Network for Pathological Report Generation,Histology,Histology,https://github.com/YAOSL98/H2M-Net,https://github.com/YAOSL98/H2M-Net,code_url_field,repository_host_link,Published_papers/Histology/papers_links.csv,39,accessible,200,https://github.com/YAOSL98/H2M-Net,2026-10-01T15:34:36+00:00,
https://papers.miccai.org/miccai-2026/0441-Paper0859.html,HadBalance: A Plug-and-Play Unified Global Geometric Prior Framework for Generalizable Biomedical Segmentation,Endoscopy | ultrasounds,Endoscopy,https://github.com/NatsuGao7/HadBalance,https://github.com/NatsuGao7/HadBalance,code_url_field,repository_host_link,Published_papers/Endoscopy/papers_links.csv,28,accessible,200,https://github.com/NatsuGao7/HadBalance,2026-10-01T15:34:37+00:00,
https://papers.miccai.org/miccai-2026/0442-Paper0281.html,Hallucination Detection and Correction in Medical VLMs via Counter-Evidence Verification,CT-XRay,CT-XRay,,https://github.com/Zhounan1222/CoEV,abstract,repository_host_link,Published_papers/CT-XRay/papers_links.csv,133,accessible,200,https://github.com/Zhounan1222/CoEV,2026-10-01T15:34:37+00:00,
https://papers.miccai.org/miccai-2026/0443-Paper2504.html,HAM-BGT: Harmonic-Aware Multimodal Brain Graph Transformer for Brain Disease Diagnosis,Diffusion-MRI | Func_MRI,Diffusion-MRI,,,none,no_listed_link,Published_papers/Diffusion-MRI/papers_links.csv,12,no_listed_link,,,,
https://papers.miccai.org/miccai-2026/0444-Paper2875.html,Harmless Copyright Protection for CT Dataset,CT-XRay,CT-XRay,,,none,no_listed_link,Published_papers/CT-XRay/papers_links.csv,134,no_listed_link,,,,
https://papers.miccai.org/miccai-2026/0445-Paper0024.html,HAR-MoE: Hierarchical Affinity-aware Routing Mixture-of-Experts for Unified Multi-Organ Ultrasound Analysis,ultrasounds,ultrasounds,https://github.com/kzxl0721/HAR-MoE,https://github.com/kzxl0721/HAR-MoE,code_url_field,repository_host_link,Published_papers/ultrasounds/papers_links.csv,42,accessible,200,https://github.com/kzxl0721/HAR-MoE,2026-10-01T15:34:37+00:00,
https://papers.miccai.org/miccai-2026/0446-Paper2470.html,Harmonic Kernel Mixing for Interpretable Oculomotor Event Segmentation in Video-Nystagmography,Physio-signals,Physio-signals,https://github.com/KunalChaturvedi28/NyST-Net,https://github.com/KunalChaturvedi28/NyST-Net,code_url_field,repository_host_link,Published_papers/Physio-signals/papers_links.csv,14,accessible,200,https://github.com/KunalChaturvedi28/NyST-Net,2026-10-01T15:34:37+00:00,
https://papers.miccai.org/miccai-2026/0447-Paper0753.html,"Harnessing Adversarial Distillation to Customise Debiased, Disease-Specific Pathology Foundation Models for Breast Cancer",Histology,Histology,https://github.com/zwchen03/advDistall,https://github.com/zwchen03/advDistall,code_url_field,repository_host_link,Published_papers/Histology/papers_links.csv,40,accessible,200,https://github.com/zwchen03/advDistall,2026-10-01T15:34:37+00:00,
https://papers.miccai.org/miccai-2026/0448-Paper1519.html,HbO2 and HbR Spatiotemporal Heatmap Feature Fusion Network for ADHD Diagnosis in Children,Physio-signals,Physio-signals,,https://github.com/wangbaobao7778-cyber/STHFFN,abstract,repository_host_link,Published_papers/Physio-signals/papers_links.csv,15,accessible,200,https://github.com/wangbaobao7778-cyber/STHFFN,2026-10-01T15:34:37+00:00,
https://papers.miccai.org/miccai-2026/0449-Paper3549.html,HD-TTA: Hypothesis-Driven Test-Time Adaptation for Safer Brain Tumor Segmentation,MRI,MRI,https://github.com/kartikvi01091896/HD-TTA,https://github.com/kartikvi01091896/HD-TTA,code_url_field,repository_host_link,Published_papers/MRI/papers_links.csv,68,accessible,200,https://github.com/kartikvi01091896/HD-TTA,2026-10-01T15:34:37+00:00,
https://papers.miccai.org/miccai-2026/0450-Paper0664.html,HeartFormer: Semantic-Aware Dual-Structure Transformers for 3D Four-Chamber Cardiac Point Cloud Reconstruction,MRI,MRI,https://github.com/MultiMeDIA-Oxford/HeartFormer,https://github.com/MultiMeDIA-Oxford/HeartFormer,code_url_field,repository_host_link,Published_papers/MRI/papers_links.csv,69,accessible,200,https://github.com/MultiMeDIA-Oxford/HeartFormer,2026-10-01T15:34:38+00:00,
https://papers.miccai.org/miccai-2026/0451-Paper3675.html,HeartVolMesh: Cardiac Volumetric Mesh Reconstruction via Covariance-Guided Graph Deformation,CT-XRay,CT-XRay,https://github.com/ccmim/HeartVolMesh,https://github.com/ccmim/HeartVolMesh,code_url_field,repository_host_link,Published_papers/CT-XRay/papers_links.csv,135,accessible,200,https://github.com/ccmim/HeartVolMesh,2026-10-01T15:34:38+00:00,
https://papers.miccai.org/miccai-2026/0452-Paper4167.html,HEDS-Net: A Hybrid State-Space Architecture with Axial Bridge and Progressive Weighting for Medical Image Segmentation,Others,Others,https://github.com/Momentisbeused/HEDS-Net,https://github.com/Momentisbeused/HEDS-Net,code_url_field,repository_host_link,Published_papers/Others/papers_links.csv,25,accessible,200,https://github.com/Momentisbeused/HEDS-Net,2026-10-01T15:34:38+00:00,
https://papers.miccai.org/miccai-2026/0453-Paper2058.html,HemoPIC: A Physics-Informed Cerebral Hemodynamics Digital Twin for Brain Perfusion,MRI,MRI,https://github.com/jhuldr/HemoPIC,https://github.com/jhuldr/HemoPIC,code_url_field,repository_host_link,Published_papers/MRI/papers_links.csv,70,accessible,200,https://github.com/jhuldr/HemoPIC,2026-10-01T15:34:38+00:00,
https://papers.miccai.org/miccai-2026/0454-Paper0412.html,Hepato-LLaVA: An Expert MLLM with Sparse Topo-Pack Attention for Hepatocellular Pathology Analysis on Whole Slide Images,Histology,Histology,https://github.com/PRIS-CV/Hepto-LLaVA,https://github.com/PRIS-CV/Hepto-LLaVA,code_url_field,repository_host_link,Published_papers/Histology/papers_links.csv,41,accessible,200,https://github.com/PRIS-CV/Hepto-LLaVA,2026-10-01T15:34:38+00:00,
https://papers.miccai.org/miccai-2026/0455-Paper4607.html,HERO: Hypothesis-Driven Evidence Retrieval from Omics for Multi-task Breast Cancer Analysis,Histology,Histology,,,none,no_listed_link,Published_papers/Histology/papers_links.csv,42,no_listed_link,,,,
https://papers.miccai.org/miccai-2026/0456-Paper2603.html,Heterogeneity-Adaptive Diffusion Schrödinger Bridge for PET-Guided Whole-Body MRI Translation,MRI,MRI,https://github.com/xyw-medical-research/HADSB,https://github.com/xyw-medical-research/HADSB,code_url_field,repository_host_link,Published_papers/MRI/papers_links.csv,71,accessible,200,https://github.com/xyw-medical-research/HADSB,2026-10-01T15:34:38+00:00,
https://papers.miccai.org/miccai-2026/0457-Paper6475.html,HiEDL: Hierarchical Evidential Deep Learning for Uncertainty-Aware Tumor Segmentation from 3D CT via Boundary Regularization,CT-XRay,CT-XRay,https://github.com/laibi-yonsei/HiEDL,https://github.com/laibi-yonsei/HiEDL,code_url_field,repository_host_link,Published_papers/CT-XRay/papers_links.csv,136,accessible,200,https://github.com/laibi-yonsei/HiEDL,2026-10-01T15:34:38+00:00,
https://papers.miccai.org/miccai-2026/0458-Paper0945.html,Hierarchical Cautious Optimization for Semi-supervised Medical Image Segmentation,CT-XRay | MRI,CT-XRay,,,none,no_listed_link,Published_papers/CT-XRay/papers_links.csv,137,no_listed_link,,,,
https://papers.miccai.org/miccai-2026/0459-Paper2578.html,Hierarchical Cross-Modal Fusion with Modality-Specific Training Paradigms for High-Precision Non-invasive Aging Assessment,Others,Others,https://github.com/hangxingwu/HCMFMSTP,https://github.com/hangxingwu/HCMFMSTP,code_url_field,repository_host_link,Published_papers/Others/papers_links.csv,26,accessible,200,https://github.com/hangxingwu/HCMFMSTP,2026-10-01T15:34:38+00:00,
https://papers.miccai.org/miccai-2026/0460-Paper0554.html,Hierarchical Disentangled Consistency Learning for Semi-supervised Multi-modal Medical Image Segmentation,MRI,MRI,https://github.com/FeixiangZhou/HDCL,https://github.com/FeixiangZhou/HDCL,code_url_field,repository_host_link,Published_papers/MRI/papers_links.csv,72,accessible,200,https://github.com/FeixiangZhou/HDCL,2026-10-01T15:34:38+00:00,
https://papers.miccai.org/miccai-2026/0461-Paper1498.html,Hierarchical Hyperbolic Self-Attention Network for Medical Image Segmentation,Endoscopy | MRI | ultrasounds,Endoscopy,https://github.com/jjscc/H2SA-Net,https://github.com/jjscc/H2SA-Net,code_url_field,repository_host_link,Published_papers/Endoscopy/papers_links.csv,30,accessible,200,https://github.com/jjscc/H2SA-Net,2026-10-01T15:34:38+00:00,
https://papers.miccai.org/miccai-2026/0462-Paper1067.html,Hierarchical Memory for Radiology Report Generation with Rich Context,CT-XRay,CT-XRay,https://github.com/QingyueJ-nd/HM-RRG,https://github.com/QingyueJ-nd/HM-RRG,code_url_field,repository_host_link,Published_papers/CT-XRay/papers_links.csv,138,accessible,200,https://github.com/QingyueJ-nd/HM-RRG,2026-10-01T15:34:39+00:00,
https://papers.miccai.org/miccai-2026/0463-Paper3381.html,Hierarchical Multi-Video Multiple Instance Learning: AI-Interpreted Point-of-Care Ultrasound for TB Detection,ultrasounds,ultrasounds,https://github.com/tbrokowski/Ultr-AI-HMV-MIL/tree/main,https://github.com/tbrokowski/Ultr-AI-HMV-MIL/tree/main,code_url_field,repository_host_link,Published_papers/ultrasounds/papers_links.csv,43,accessible,200,https://github.com/tbrokowski/Ultr-AI-HMV-MIL/tree/main,2026-10-01T15:34:39+00:00,
https://papers.miccai.org/miccai-2026/0464-Paper2898.html,Hierarchical Region-Aware Multi-Granularity Mamba for White Matter Lesion Segmentation,MRI,MRI,https://github.com/deepnoid-ai/HiRAM,https://github.com/deepnoid-ai/HiRAM,code_url_field,repository_host_link,Published_papers/MRI/papers_links.csv,73,accessible,200,https://github.com/deepnoid-ai/HiRAM,2026-10-01T15:34:39+00:00,
https://papers.miccai.org/miccai-2026/0465-Paper5067.html,Hierarchical Text-Guided Brain Tumor Segmentation via Sub-Region-Aware Prompts,MRI,MRI,https://github.com/Bahram-Mohammadi/TextSCP,https://github.com/Bahram-Mohammadi/TextSCP,code_url_field,repository_host_link,Published_papers/MRI/papers_links.csv,74,accessible,200,https://github.com/Bahram-Mohammadi/TextSCP,2026-10-01T15:34:39+00:00,
https://papers.miccai.org/miccai-2026/0466-Paper3274.html,HiFi-Rep: Leveraging High-Resolution Vision Foundation Models with Tri-Planar Slice Context for CT Report Generation,CT-XRay,CT-XRay,https://github.com/rqobistp/HiFi-Rep,https://github.com/rqobistp/HiFi-Rep,code_url_field,repository_host_link,Published_papers/CT-XRay/papers_links.csv,139,accessible,200,https://github.com/rqobistp/HiFi-Rep,2026-10-01T15:34:39+00:00,
https://papers.miccai.org/miccai-2026/0467-Paper4826.html,Hi-FL: Hierarchical Federated Learning Adaptation of Vision-Language Models for Multi-Institutional Surgical Phase Recognition,Endoscopy,Endoscopy,https://github.com/CAMMA-public/Hi-FL,https://github.com/CAMMA-public/Hi-FL,code_url_field,repository_host_link,Published_papers/Endoscopy/papers_links.csv,29,accessible,200,https://github.com/CAMMA-public/Hi-FL,2026-10-01T15:34:39+00:00,
https://papers.miccai.org/miccai-2026/0468-Paper3616.html,High-Capacity Robust Medical Image Exfiltration via Neural Network Weight Replacement,CT-XRay | MRI,CT-XRay,,,none,no_listed_link,Published_papers/CT-XRay/papers_links.csv,140,no_listed_link,,,,
https://papers.miccai.org/miccai-2026/0469-Paper3581.html,High-Frequency Guided Feature Refinement for Semi-supervised Ultrasound Image Segmentation,ultrasounds,ultrasounds,https://github.com/wxmadm/HG-SemiSeg,https://github.com/wxmadm/HG-SemiSeg,code_url_field,repository_host_link,Published_papers/ultrasounds/papers_links.csv,44,accessible,200,https://github.com/wxmadm/HG-SemiSeg,2026-10-01T15:34:39+00:00,
https://papers.miccai.org/miccai-2026/0470-Paper3957.html,HiLoGraph: Hierarchical-Longitudinal Brain Network Representation Learning,Diffusion-MRI | MRI,Diffusion-MRI,https://github.com/tongchen2010/hilograph,https://github.com/tongchen2010/hilograph,code_url_field,repository_host_link,Published_papers/Diffusion-MRI/papers_links.csv,13,accessible,200,https://github.com/tongchen2010/hilograph,2026-10-01T15:34:39+00:00,
https://papers.miccai.org/miccai-2026/0471-Paper4029.html,HiPath: Hierarchical Vision-Language Alignment for Structured Pathology Report Prediction,EHR | Histology,EHR,,https://github.com/raytions/hipath,abstract,repository_host_link,Published_papers/EHR/papers_links.csv,9,accessible,200,https://github.com/raytions/hipath,2026-10-01T15:34:40+00:00,
https://papers.miccai.org/miccai-2026/0472-Paper4897.html,HiProS: A Hierarchical Prompt Selection for Stage-wise Vision–Language Alignment in Medical Image Segmentation,CT-XRay,CT-XRay,,,none,no_listed_link,Published_papers/CT-XRay/papers_links.csv,141,no_listed_link,,,,
https://papers.miccai.org/miccai-2026/0473-Paper5288.html,HK-Fuse: Hilbert-Interleaved Kimi Delta Attention for Incomplete-Modality Brain Tumor Segmentation,MRI,MRI,https://github.com/weizhizhang7/HK-Fuse,https://github.com/weizhizhang7/HK-Fuse,code_url_field,repository_host_link,Published_papers/MRI/papers_links.csv,75,not_publicly_accessible,404,https://github.com/weizhizhang7/HK-Fuse,2026-10-01T15:34:40+00:00,HTTP Error 404: Not Found
https://papers.miccai.org/miccai-2026/0474-Paper2263.html,HomoSeg: A Weak-Label-Guided Semi-supervised Framework for Tumor Microenvironment Segmentation,Histology,Histology,https://github.com/zhy1312/HomoSeg,https://github.com/zhy1312/HomoSeg,code_url_field,repository_host_link,Published_papers/Histology/papers_links.csv,43,accessible,200,https://github.com/zhy1312/HomoSeg,2026-10-01T15:34:40+00:00,
https://papers.miccai.org/miccai-2026/0475-Paper2588.html,HoughSAM: Geometry-Guided Zero-Shot Segmentation of Main Incision in Cataract Surgery Using SAM2 for Skill Assessment,Photo_video,Photo_video,https://github.com/Octobserver/hough-sam.git,https://github.com/Octobserver/hough-sam.git,code_url_field,repository_host_link,Published_papers/Photo_video/papers_links.csv,30,accessible,200,https://github.com/Octobserver/hough-sam,2026-10-01T15:34:40+00:00,
https://papers.miccai.org/miccai-2026/0476-Paper3355.html,How Good Are Foundation Models in Longitudinal MRI Disease Progression Reasoning?,MRI,MRI,https://github.com/wafaAlghallabi/Time-Aware-MRI,https://github.com/wafaAlghallabi/Time-Aware-MRI,code_url_field,repository_host_link,Published_papers/MRI/papers_links.csv,76,accessible,200,https://github.com/wafaAlghallabi/Time-Aware-MRI,2026-10-01T15:34:40+00:00,
https://papers.miccai.org/miccai-2026/0477-Paper6000.html,Human-AI Collaboration for 2D/3D Registration Quality Assurance,CT-XRay,CT-XRay,,,none,no_listed_link,Published_papers/CT-XRay/papers_links.csv,142,no_listed_link,,,,
https://papers.miccai.org/miccai-2026/0478-Paper0552.html,Human-In-The-Loop Multi-agent Ventilator Decision Support with Contextual Bandit Preference Learning,EHR,EHR,,,none,no_listed_link,Published_papers/EHR/papers_links.csv,10,no_listed_link,,,,
https://papers.miccai.org/miccai-2026/0479-Paper4858.html,Hybrid Transformer-Mamba for Weakly Supervised Volumetric Medical Segmentation,CT-XRay | MRI,CT-XRay,https://github.com/YihengLyu/TranSamba,https://github.com/YihengLyu/TranSamba,code_url_field,repository_host_link,Published_papers/CT-XRay/papers_links.csv,143,accessible,200,https://github.com/YihengLyu/TranSamba,2026-10-01T15:34:40+00:00,
https://papers.miccai.org/miccai-2026/0480-Paper3824.html,Hyperbolic Contrastive Learning with Entailment for Spatial Transcriptomics,Histology,Histology,https://github.com/BCV-Uniandes/HyCLoST,https://github.com/BCV-Uniandes/HyCLoST,code_url_field,repository_host_link,Published_papers/Histology/papers_links.csv,44,not_publicly_accessible,404,https://github.com/BCV-Uniandes/HyCLoST,2026-10-01T15:34:40+00:00,HTTP Error 404: Not Found
https://papers.miccai.org/miccai-2026/0481-Paper2184.html,Hyperbolic Vision-Language Interaction for Semi-supervised Medical Image Segmentation,CT-XRay | MRI,CT-XRay,https://github.com/taozh2017/HyperSemi,https://github.com/taozh2017/HyperSemi,code_url_field,repository_host_link,Published_papers/CT-XRay/papers_links.csv,144,accessible,200,https://github.com/taozh2017/HyperSemi,2026-10-01T15:34:41+00:00,
https://papers.miccai.org/miccai-2026/0482-Paper5295.html,HyperVLP: Enhancing Hierarchical Surgical Video-Language Pre-training in Hyperbolic Space,Photo_video,Photo_video,,,none,no_listed_link,Published_papers/Photo_video/papers_links.csv,31,no_listed_link,,,,
https://papers.miccai.org/miccai-2026/0483-Paper5916.html,HypOProto: Hyperbolic Ordinal Prototypes for Left Ventricular Filling Pressure Classification,ultrasounds,ultrasounds,https://github.com/DeepRCL/HypOProto,https://github.com/DeepRCL/HypOProto,code_url_field,repository_host_link,Published_papers/ultrasounds/papers_links.csv,45,accessible,200,https://github.com/DeepRCL/HypOProto,2026-10-01T15:34:41+00:00,
https://papers.miccai.org/miccai-2026/0484-Paper5659.html,I²-Med: Interpretable Medical Inference Through Visual-Guided Dynamic Logits Calibration,CT-XRay | MRI | ultrasounds,CT-XRay,https://github.com/mtanveer1/l2-med,https://github.com/mtanveer1/l2-med,code_url_field,repository_host_link,Published_papers/CT-XRay/papers_links.csv,152,accessible,200,https://github.com/mtanveer1/l2-med,2026-10-01T15:34:41+00:00,
https://papers.miccai.org/miccai-2026/0486-Paper1049.html,ICH-DIANet: A Modality-Disentangled and Attention-Expert Interaction Network for Brain Injury Assessment in Intracerebral Hemorrhage,CT-XRay | EHR,CT-XRay,,,none,no_listed_link,Published_papers/CT-XRay/papers_links.csv,145,no_listed_link,,,,
https://papers.miccai.org/miccai-2026/0487-Paper5216.html,ICHOR: A Robust Representation Learning Approach for ASL CBF Maps with Self-supervised Masked Autoencoders,MRI,MRI,,,none,no_listed_link,Published_papers/MRI/papers_links.csv,77,no_listed_link,,,,
https://papers.miccai.org/miccai-2026/0488-Paper2533.html,IgG4-QPC: Quantitative Pathology-Consistent Virtual Staining from H&E to IgG4,Histology,Histology,,,none,no_listed_link,Published_papers/Histology/papers_links.csv,45,no_listed_link,,,,
https://papers.miccai.org/miccai-2026/0489-Paper2335.html,Image-mediated fMRI-to-caption generation with visual pathway tokens and hyperbolic alignment,Func_MRI,Func_MRI,https://github.com/gudtls17/BrainToCaption,https://github.com/gudtls17/BrainToCaption,code_url_field,repository_host_link,Published_papers/Func_MRI/papers_links.csv,19,accessible,200,https://github.com/gudtls17/BrainToCaption,2026-10-01T15:34:41+00:00,
https://papers.miccai.org/miccai-2026/0490-Paper4758.html,Imbalance-Aware Distributional Alignment of Heterogeneous Modalities for HER2 Status Prediction,Histology | MRI | Multimodals,Histology,https://github.com/embers819/IADA,https://github.com/embers819/IADA,code_url_field,repository_host_link,Published_papers/Histology/papers_links.csv,46,accessible,200,https://github.com/embers819/IADA,2026-10-01T15:34:41+00:00,
https://papers.miccai.org/miccai-2026/0491-Paper3854.html,ImPartial: Multi-channel Whole-Cell Segmentation Using Partial Annotations,Histology | Microscopy,Histology,https://github.com/nadeemlab/ImPartial,https://github.com/nadeemlab/ImPartial,code_url_field,repository_host_link,Published_papers/Histology/papers_links.csv,47,accessible,200,https://github.com/nadeemlab/ImPartial,2026-10-01T15:34:41+00:00,
https://papers.miccai.org/miccai-2026/0492-Paper1869.html,Improved Vascular Segmentation via Binary Flow Matching with Straight-Path Regularization,CT-XRay,CT-XRay,https://github.com/YongjunKim98/BFM,https://github.com/YongjunKim98/BFM,code_url_field,repository_host_link,Published_papers/CT-XRay/papers_links.csv,146,accessible,200,https://github.com/YongjunKim98/BFM,2026-10-01T15:34:41+00:00,
https://papers.miccai.org/miccai-2026/0493-Paper1415.html,Improving Factuality of 3D Brain MRI Report Generation with Paired Image-domain Retrieval and Text-domain Augmentation,Diffusion-MRI | MRI,Diffusion-MRI,https://github.com/jhlee0619/PIRTA,https://github.com/jhlee0619/PIRTA,code_url_field,repository_host_link,Published_papers/Diffusion-MRI/papers_links.csv,14,accessible,200,https://github.com/jhlee0619/PIRTA,2026-10-01T15:34:41+00:00,
https://papers.miccai.org/miccai-2026/0494-Paper1026.html,Inception-Powered Unrolling Reconstruction for Accelerated Dynamic Cardiac Late Gadolinium Enhancement MRI,MRI,MRI,,,none,no_listed_link,Published_papers/MRI/papers_links.csv,78,no_listed_link,,,,
https://papers.miccai.org/miccai-2026/0495-Paper5591.html,Induce to Empower: Improving Lightweight Baselines via Foundation Model Induction for Generalized Polyp Segmentation,Endoscopy,Endoscopy,https://github.com/lostinrepo/Lite-Pi,https://github.com/lostinrepo/Lite-Pi,code_url_field,repository_host_link,Published_papers/Endoscopy/papers_links.csv,31,accessible,200,https://github.com/shivanshu-agnihotri/Lite-Pi,2026-10-01T15:34:41+00:00,
https://papers.miccai.org/miccai-2026/0496-Paper5823.html,Inflated Performance in fMRI-Based ASD Diagnosis: A Reproducibility Study of Data Leakage in Feature Selection Pipelines,Func_MRI,Func_MRI,https://github.com/mhdbashar/XAI-for-ASD,https://github.com/mhdbashar/XAI-for-ASD,code_url_field,repository_host_link,Published_papers/Func_MRI/papers_links.csv,20,accessible,200,https://github.com/mhdbashar/XAI-for-ASD,2026-10-01T15:34:41+00:00,
https://papers.miccai.org/miccai-2026/0497-Paper0191.html,Information Maximization for Long-Tailed Semi-Supervised Domain Generalization,Histology | Others,Histology,,,none,no_listed_link,Published_papers/Histology/papers_links.csv,48,no_listed_link,,,,
https://papers.miccai.org/miccai-2026/0498-Paper0629.html,Injecting a Low-Rank Background Prior: A Plugin for Medical Image Segmentation,Endoscopy | ultrasounds,Endoscopy,,,none,no_listed_link,Published_papers/Endoscopy/papers_links.csv,32,no_listed_link,,,,
https://papers.miccai.org/miccai-2026/0499-Paper1332.html,InSPIRE: Multiparameter Inversion for Ultrasound Computed Tomography via Sequential Position-Based Implicit Representation,ultrasounds,ultrasounds,,,none,no_listed_link,Published_papers/ultrasounds/papers_links.csv,46,no_listed_link,,,,
https://papers.miccai.org/miccai-2026/0500-Paper2051.html,INST-Align: Implicit Neural Alignment for Spatial Transcriptomics via Canonical Expression Fields,Microscopy | Others,Microscopy,https://github.com/BonianHan/INST-Align,https://github.com/BonianHan/INST-Align,code_url_field,repository_host_link,Published_papers/Microscopy/papers_links.csv,20,accessible,200,https://github.com/BonianHan/INST-Align,2026-10-01T15:34:41+00:00,
https://papers.miccai.org/miccai-2026/0501-Paper6427.html,Interaction-Aware Contrastive Multi-task Learning for Joint Segmentation and Malignancy Classification in Thyroid Ultrasound,ultrasounds,ultrasounds,,,none,no_listed_link,Published_papers/ultrasounds/papers_links.csv,47,no_listed_link,,,,
https://papers.miccai.org/miccai-2026/0502-Paper4853.html,Interactive MWA Planning via Probabilistic Inverse Inference,CT-XRay,CT-XRay,,,none,no_listed_link,Published_papers/CT-XRay/papers_links.csv,147,no_listed_link,,,,
https://papers.miccai.org/miccai-2026/0503-Paper3925.html,Interpretable Local-to-Global Estimation of Brain Aging Speed From Morphological Changes Using Longitudinal Structural MRI Data,MRI,MRI,https://github.com/Kateridge/MorphologyAgingSpeed,https://github.com/Kateridge/MorphologyAgingSpeed,code_url_field,repository_host_link,Published_papers/MRI/papers_links.csv,79,accessible,200,https://github.com/Kateridge/MorphologyAgingSpeed,2026-10-01T15:34:41+00:00,
https://papers.miccai.org/miccai-2026/0504-Paper1800.html,Interpretable Longitudinal Disease Forecasting with Graph-Based Multimodal Encoding and Population-Aware Language Generation,MRI | Others,MRI,https://github.com/yhf42/ENIGMA,https://github.com/yhf42/ENIGMA,code_url_field,repository_host_link,Published_papers/MRI/papers_links.csv,80,accessible,200,https://github.com/yhf42/ENIGMA,2026-10-01T15:34:42+00:00,
https://papers.miccai.org/miccai-2026/0505-Paper4734.html,Interpretable Medical Image Diagnosis via VLM-based Concept Alignment and Graph Reasoning,CT-XRay | ultrasounds,CT-XRay,https://github.com/MedcAILab/med-cag,https://github.com/MedcAILab/med-cag,code_url_field,repository_host_link,Published_papers/CT-XRay/papers_links.csv,148,accessible,200,https://github.com/MedcAILab/med-cag,2026-10-01T15:34:42+00:00,
https://papers.miccai.org/miccai-2026/0506-Paper2379.html,Interpretable Probabilistic Medical Image Segmentation via Gaussian Process with Explicit Modelling of Annotation Bias and Variability,ultrasounds,ultrasounds,https://github.com/QiLi111/GPS-Var,https://github.com/QiLi111/GPS-Var,code_url_field,repository_host_link,Published_papers/ultrasounds/papers_links.csv,48,accessible,200,https://github.com/QiLi111/GPS-Var,2026-10-01T15:34:42+00:00,
https://papers.miccai.org/miccai-2026/0507-Paper4642.html,Interpretable Structure-Function Coupling via State-Space Models for Brain Connectome Analysis,Diffusion-MRI | Func_MRI | Multimodals,Diffusion-MRI,,,none,no_listed_link,Published_papers/Diffusion-MRI/papers_links.csv,15,no_listed_link,,,,
https://papers.miccai.org/miccai-2026/0508-Paper1309.html,Intraoperative Fluoroscopy-Volume Registration Using Virtual-Supervision Skeleton Attention,CT-XRay,CT-XRay,,,none,no_listed_link,Published_papers/CT-XRay/papers_links.csv,149,no_listed_link,,,,
https://papers.miccai.org/miccai-2026/0509-Paper5208.html,Intraoperative X-Ray-Guided Tumor Tracking via Dynamic 3D/2D Registration with Task-Driven 3D Gaussian Priors,CT-XRay,CT-XRay,,,none,no_listed_link,Published_papers/CT-XRay/papers_links.csv,150,no_listed_link,,,,
https://papers.miccai.org/miccai-2026/0510-Paper2804.html,IntraStyler: Intra-Domain Style Synthesis for Cross-Modality MRI Domain Adaptation,MRI,MRI,https://github.com/MedICL-VU/IntraStyler,https://github.com/MedICL-VU/IntraStyler,code_url_field,repository_host_link,Published_papers/MRI/papers_links.csv,81,accessible,200,https://github.com/MedICL-VU/IntraStyler,2026-10-01T15:34:42+00:00,
https://papers.miccai.org/miccai-2026/0511-Paper0456.html,InvDetect: Unsupervised Medical Anomaly Detection in the Noise Latent Space of DDIM,CT-XRay | MRI,CT-XRay,https://github.com/lele0007/InvDetect,https://github.com/lele0007/InvDetect,code_url_field,repository_host_link,Published_papers/CT-XRay/papers_links.csv,151,accessible,200,https://github.com/lele0007/InvDetect,2026-10-01T15:34:42+00:00,
https://papers.miccai.org/miccai-2026/0512-Paper5470.html,Inverse Protocol Prediction from Spheroid Microscopy Imaging via Morphology-Aware Structured Learning,Microscopy | Others,Microscopy,https://github.com/VEDAs-Lab/Inverse-Inference,https://github.com/VEDAs-Lab/Inverse-Inference,code_url_field,repository_host_link,Published_papers/Microscopy/papers_links.csv,21,accessible,200,https://github.com/VEDAs-Lab/Inverse-Inference,2026-10-01T15:34:43+00:00,
https://papers.miccai.org/miccai-2026/0513-Paper2919.html,Inversion from ECG Foundation Model,Physio-signals,Physio-signals,,,none,no_listed_link,Published_papers/Physio-signals/papers_links.csv,16,no_listed_link,,,,
https://papers.miccai.org/miccai-2026/0514-Paper6442.html,IOSVLM: A 3D Vision-Language Model for Unified Dental Diagnosis from Intraoral Scans,Others,Others,,,none,no_listed_link,Published_papers/Others/papers_links.csv,27,no_listed_link,,,,
https://papers.miccai.org/miccai-2026/0515-Paper5330.html,IRIS: An Intelligent Vision-Language System for Ocular Surface Diseases via Topic Tree and Scene-Driven VQA Generation,Photo_video,Photo_video,https://github.com/hwei-hw/IRIS,https://github.com/hwei-hw/IRIS,code_url_field,repository_host_link,Published_papers/Photo_video/papers_links.csv,32,accessible,200,https://github.com/hwei-hw/IRIS,2026-10-01T15:34:43+00:00,
https://papers.miccai.org/miccai-2026/0516-Paper5443.html,JANUS: Anatomy-Conditioned Gating for Robust CT Triage Under Distribution Shift,CT-XRay,CT-XRay,https://github.com/lavsendahal/janus,https://github.com/lavsendahal/janus,code_url_field,repository_host_link,Published_papers/CT-XRay/papers_links.csv,153,accessible,200,https://github.com/lavsendahal/janus,2026-10-01T15:34:43+00:00,
https://papers.miccai.org/miccai-2026/0517-Paper1567.html,Joint Biomarker and Survival Prediction via Concept-Conditioned Multimodal Slot Factorization,Histology,Histology,https://github.com/jtneuron/PathoSlot,https://github.com/jtneuron/PathoSlot,code_url_field,repository_host_link,Published_papers/Histology/papers_links.csv,49,accessible,200,https://github.com/jtneuron/PathoSlot,2026-10-01T15:34:43+00:00,
https://papers.miccai.org/miccai-2026/0518-Paper6039.html,Joint Decomposition and Learned Deformation for Part-to-Whole MRI to Histology Registration,Histology | MRI,Histology,https://github.com/cathalye/histo_mri_INR_registration,https://github.com/cathalye/histo_mri_INR_registration,code_url_field,repository_host_link,Published_papers/Histology/papers_links.csv,50,accessible,200,https://github.com/cathalye/histo_mri_INR_registration,2026-10-01T15:34:43+00:00,
https://papers.miccai.org/miccai-2026/0519-Paper6144.html,Joint Imaging–ROI Representation Learning via Cross-View Contrastive Alignment for Brain Disorder Classification,MRI,MRI,https://github.com/vveii14/circa-brain,https://github.com/vveii14/circa-brain,code_url_field,repository_host_link,Published_papers/MRI/papers_links.csv,82,accessible,200,https://github.com/vveii14/circa-brain,2026-10-01T15:34:43+00:00,
https://papers.miccai.org/miccai-2026/0520-Paper6218.html,Joint Multi-modal Learning for Susceptibility-Induced Distortion Correction in Diffusion MRI,Diffusion-MRI,Diffusion-MRI,,,none,no_listed_link,Published_papers/Diffusion-MRI/papers_links.csv,16,no_listed_link,,,,
https://papers.miccai.org/miccai-2026/0521-Paper4240.html,Joint Segmentation and Graph-Based Skeletal Representation Learning with Geometric Priors,MRI,MRI,,,none,no_listed_link,Published_papers/MRI/papers_links.csv,83,no_listed_link,,,,
https://papers.miccai.org/miccai-2026/0522-Paper5943.html,Joint-Level Motor Imagery Decoding in fNIRS via a Unified Pairwise Machine Learning Framework,Physio-signals,Physio-signals,,,none,no_listed_link,Published_papers/Physio-signals/papers_links.csv,17,no_listed_link,,,,
https://papers.miccai.org/miccai-2026/0523-Paper1432.html,Just 32 Tokens: Medical Referring Image Segmentation via Next-Token Mask Prediction,CT-XRay,CT-XRay,,,none,no_listed_link,Published_papers/CT-XRay/papers_links.csv,154,no_listed_link,,,,
https://papers.miccai.org/miccai-2026/0524-Paper5427.html,KAN-AINet: Kolmogorov-Arnold Network with Adaptive Illumination Modulation for Generalizable Polyp Segmentation,Endoscopy,Endoscopy,https://github.com/biodatlab/kanainet,https://github.com/biodatlab/kanainet,code_url_field,repository_host_link,Published_papers/Endoscopy/papers_links.csv,33,accessible,200,https://github.com/biodatlab/kanainet,2026-10-01T15:34:43+00:00,
https://papers.miccai.org/miccai-2026/0525-Paper4330.html,KANEx: Translating Kolmogorov-Arnold Networks’ Interpretability to Medical Explainability,CT-XRay | EHR,CT-XRay,https://github.com/cerai-iitm/KANEx,https://github.com/cerai-iitm/KANEx,code_url_field,repository_host_link,Published_papers/CT-XRay/papers_links.csv,156,accessible,200,https://github.com/cerai-iitm/KANEx,2026-10-01T15:34:43+00:00,
https://papers.miccai.org/miccai-2026/0526-Paper0621.html,KANResDiff: Learning Local Residual Diffusion via Kolmogorov-Arnold Network for Ambiguous Medical Image Segmentation,CT-XRay,CT-XRay,https://github.com/PerceptionComputingLab/KANResDiff,https://github.com/PerceptionComputingLab/KANResDiff,code_url_field,repository_host_link,Published_papers/CT-XRay/papers_links.csv,157,accessible,200,https://github.com/PerceptionComputingLab/KANResDiff,2026-10-01T15:34:43+00:00,
https://papers.miccai.org/miccai-2026/0527-Paper1810.html,KEPIL: Knowledge-Enhanced Prompt-Image Learning for Prompt-Robust Disease Detection,CT-XRay,CT-XRay,https://github.com/Roypic/KEPIL,https://github.com/Roypic/KEPIL,code_url_field,repository_host_link,Published_papers/CT-XRay/papers_links.csv,158,accessible,200,https://github.com/Roypic/KEPIL,2026-10-01T15:34:43+00:00,
https://papers.miccai.org/miccai-2026/0528-Paper5399.html,Keypoint Correspondence Learning for CBCT–IOS Registration,CT-XRay | Others,CT-XRay,,,none,no_listed_link,Published_papers/CT-XRay/papers_links.csv,159,no_listed_link,,,,
https://papers.miccai.org/miccai-2026/0529-Paper2403.html,KGT-Reg: Knowledge-Guided Multimodal Framework for Medical Image Registration,MRI,MRI,https://github.com/Dduuoo621/KGT-Reg,https://github.com/Dduuoo621/KGT-Reg,code_url_field,repository_host_link,Published_papers/MRI/papers_links.csv,84,accessible,200,https://github.com/Dduuoo621/KGT-Reg,2026-10-01T15:34:43+00:00,
https://papers.miccai.org/miccai-2026/0530-Paper3626.html,KIDA: Kinematic-Intent Dual-path Alignment for Surgical Error Detection,Photo_video,Photo_video,https://github.com/yxluo8/KIDA.,https://github.com/yxluo8/KIDA.,code_url_field,repository_host_link,Published_papers/Photo_video/papers_links.csv,33,not_publicly_accessible,404,https://github.com/yxluo8/KIDA.,2026-10-01T15:34:43+00:00,HTTP Error 404: Not Found
https://papers.miccai.org/miccai-2026/0531-Paper2415.html,KiD-Seg: Kinetic-Disentangled Contrastive Learning with Anchor Guidance for Incomplete Multi-Modal Liver Tumor Segmentation,MRI,MRI,https://github.com/AQ-MedAI/KiD_Seg,https://github.com/AQ-MedAI/KiD_Seg,code_url_field,repository_host_link,Published_papers/MRI/papers_links.csv,85,accessible,200,https://github.com/AQ-MedAI/KiD_Seg,2026-10-01T15:34:44+00:00,
https://papers.miccai.org/miccai-2026/0532-Paper4105.html,KiMoCo-Net: Dual-Domain Learning for MRI Motion Artifact Correction,MRI,MRI,https://github.com/marina513/Prior-Mixer-KiMoCoNet,https://github.com/marina513/Prior-Mixer-KiMoCoNet,code_url_field,repository_host_link,Published_papers/MRI/papers_links.csv,86,accessible,200,https://github.com/marina513/Prior-Mixer-KiMoCoNet,2026-10-01T15:34:44+00:00,
https://papers.miccai.org/miccai-2026/0533-Paper1699.html,Kinetics-Informed Neural Representation for Dual-Tracer Dynamic PET Separation,PET_SPECT,PET_SPECT,,,none,no_listed_link,Published_papers/PET_SPECT/papers_links.csv,4,no_listed_link,,,,
https://papers.miccai.org/miccai-2026/0534-Paper0576.html,KJD-25K: A 3D Multi-modal Dataset and Benchmark for Knee Joint Diagnosis,MRI,MRI,,,none,no_listed_link,Published_papers/MRI/papers_links.csv,87,no_listed_link,,,,
https://papers.miccai.org/miccai-2026/0535-Paper5065.html,K-MaT: Knowledge-Anchored Manifold Transport for Cross-Modal Prompt Learning in Medical Imaging,CT-XRay | Others | ultrasounds,CT-XRay,,,none,no_listed_link,Published_papers/CT-XRay/papers_links.csv,155,no_listed_link,,,,
https://papers.miccai.org/miccai-2026/0537-Paper2528.html,Knowledge Distillation-Driven Quality Transfer with Importance-Guided Supervision for Fundus Image Enhancement,Photo_video,Photo_video,https://github.com/HouQingshan/Knowledge-Distillation-Driven-Quality-Transfer-for-Fundus-Image-Enhancement,https://github.com/HouQingshan/Knowledge-Distillation-Driven-Quality-Transfer-for-Fundus-Image-Enhancement,code_url_field,repository_host_link,Published_papers/Photo_video/papers_links.csv,34,accessible,200,https://github.com/HouQingshan/Knowledge-Distillation-Driven-Quality-Transfer-for-Fundus-Image-Enhancement,2026-10-01T15:34:44+00:00,
https://papers.miccai.org/miccai-2026/0538-Paper1405.html,Knowledge-Enhanced Representation Learning with Retrieval-Augmented Multimodal Fusion for Survival Prediction,Histology,Histology,https://github.com/AIMLab-UBC/KERA,https://github.com/AIMLab-UBC/KERA,code_url_field,repository_host_link,Published_papers/Histology/papers_links.csv,51,accessible,200,https://github.com/AIMLab-UBC/KERA,2026-10-01T15:34:44+00:00,
https://papers.miccai.org/miccai-2026/0539-Paper1084.html,KOAL: Knowledge-Driven Prostate Cancer Grading with Ordinal-Aware Learning,MRI,MRI,https://github.com/Gother-GZ/KOAL,https://github.com/Gother-GZ/KOAL,code_url_field,repository_host_link,Published_papers/MRI/papers_links.csv,88,accessible,200,https://github.com/Gother-GZ/KOAL,2026-10-01T15:34:44+00:00,
https://papers.miccai.org/miccai-2026/0540-Paper1258.html,KS-SAM: Kolmogorov-Arnold-driven Shape Alignment for Single-Domain Generalization in 3D Medical Image Segmentation,CT-XRay,CT-XRay,,,none,no_listed_link,Published_papers/CT-XRay/papers_links.csv,160,no_listed_link,,,,
https://papers.miccai.org/miccai-2026/0541-Paper0291.html,LAD: Learnable Anisotropic Deformation for 3D Medical Image Analysis,CT-XRay | MRI,CT-XRay,https://github.com/chengcailiu/LAD,https://github.com/chengcailiu/LAD,code_url_field,repository_host_link,Published_papers/CT-XRay/papers_links.csv,161,accessible,200,https://github.com/chengcailiu/LAD,2026-10-01T15:34:44+00:00,
https://papers.miccai.org/miccai-2026/0542-Paper6364.html,LaGuadia: Language-Guided Adaptive Distillation from Pathology Foundation Models,Histology,Histology,https://github.com/hvcl/LaGuadia,https://github.com/hvcl/LaGuadia,code_url_field,repository_host_link,Published_papers/Histology/papers_links.csv,52,accessible,200,https://github.com/hvcl/LaGuadia,2026-10-01T15:34:45+00:00,
https://papers.miccai.org/miccai-2026/0543-Paper5630.html,Landmark-Free Assessment of Lower-Limb Alignment with Implicit Neural Shape Functions from Knee Radiographs,CT-XRay,CT-XRay,,,none,no_listed_link,Published_papers/CT-XRay/papers_links.csv,162,no_listed_link,,,,
https://papers.miccai.org/miccai-2026/0544-Paper1007.html,LangOR: 3D Language Field Reconstruction for Operating Room,Photo_video,Photo_video,https://github.com/Selena1105/LangOR,https://github.com/Selena1105/LangOR,code_url_field,repository_host_link,Published_papers/Photo_video/papers_links.csv,35,accessible,200,https://github.com/Selena1105/LangOR,2026-10-01T15:34:45+00:00,
https://papers.miccai.org/miccai-2026/0545-Paper2047.html,Large-Scale Distributed GPU-Accelerated Respiratory Motion-Resolved Reconstruction of 3D Non-cartesian mGRE MRI,MRI,MRI,,,none,no_listed_link,Published_papers/MRI/papers_links.csv,90,no_listed_link,,,,
https://papers.miccai.org/miccai-2026/0546-Paper1153.html,Large-Small Model Collaboration for Zero-Shot Surgical Phase Recognition,Endoscopy,Endoscopy,https://github.com/YIYIZH/LaST,https://github.com/YIYIZH/LaST,code_url_field,repository_host_link,Published_papers/Endoscopy/papers_links.csv,34,accessible,200,https://github.com/YIYIZH/LaST,2026-10-01T15:34:45+00:00,
https://papers.miccai.org/miccai-2026/0547-Paper5738.html,Latent Lessons from Histopathology: A Registration-Free Cross-Modal Supervision Framework for mpMRI-Based ISUP Grading,Histology | MRI,Histology,https://github.com/DIAGNijmegen/crossmodal-supervision,https://github.com/DIAGNijmegen/crossmodal-supervision,code_url_field,repository_host_link,Published_papers/Histology/papers_links.csv,53,accessible,200,https://github.com/DIAGNijmegen/crossmodal-supervision,2026-10-01T15:34:45+00:00,
https://papers.miccai.org/miccai-2026/0548-Paper0959.html,Latent Motion Spectral Regularity for Congenital Heart Defect Screening in Fetal Echocardiography,ultrasounds,ultrasounds,,,none,no_listed_link,Published_papers/ultrasounds/papers_links.csv,49,no_listed_link,,,,
https://papers.miccai.org/miccai-2026/0549-Paper1376.html,Latent Pathology–Age Decoupling in Functional Connectivity Graphs for Multi-task Schizophrenia Assessment,Func_MRI,Func_MRI,https://github.com/SCSE-Biomedical-Computing-Group/LPAD,https://github.com/SCSE-Biomedical-Computing-Group/LPAD,code_url_field,repository_host_link,Published_papers/Func_MRI/papers_links.csv,21,accessible,200,https://github.com/SCSE-Biomedical-Computing-Group/LPAD,2026-10-01T15:34:45+00:00,
https://papers.miccai.org/miccai-2026/0550-Paper0748.html,Latent-CURE: Interpretable Breast Cancer Diagnosis via Dual-Asymmetric Chain-of-Thought,ultrasounds,ultrasounds,,,none,no_listed_link,Published_papers/ultrasounds/papers_links.csv,50,no_listed_link,,,,
https://papers.miccai.org/miccai-2026/0551-Paper3260.html,Latent-to-Latent Flow for Volumetric Stochastic Segmentation,CT-XRay,CT-XRay,https://github.com/biomedia-mira/L2L-Flow,https://github.com/biomedia-mira/L2L-Flow,code_url_field,repository_host_link,Published_papers/CT-XRay/papers_links.csv,163,accessible,200,https://github.com/biomedia-mira/L2L-Flow,2026-10-01T15:34:45+00:00,
https://papers.miccai.org/miccai-2026/0552-Paper2562.html,Learnable Gaussian Prototype Guided Ordinal Learning for Fine-Grained WSI Grading,Histology,Histology,,,none,no_listed_link,Published_papers/Histology/papers_links.csv,54,no_listed_link,,,,
https://papers.miccai.org/miccai-2026/0553-Paper4183.html,Learnable In-Context Templates for Medical Image Segmentation via In-Context Learning,Endoscopy | Microscopy | ultrasounds,Endoscopy,https://github.com/MembrAI/In-Context-Templates,https://github.com/MembrAI/In-Context-Templates,code_url_field,repository_host_link,Published_papers/Endoscopy/papers_links.csv,35,accessible,200,https://github.com/MembrAI/In-Context-Templates,2026-10-01T15:34:45+00:00,
https://papers.miccai.org/miccai-2026/0554-Paper3226.html,Learning Beyond Pixels: Structured Knowledge Topology Consistency for Semi-supervised 2D/3D Medical Image Segmentation,MRI,MRI,https://github.com/SSonnyboy/STKC-Net,https://github.com/SSonnyboy/STKC-Net,code_url_field,repository_host_link,Published_papers/MRI/papers_links.csv,91,accessible,200,https://github.com/SSonnyboy/STKC-Net,2026-10-01T15:34:45+00:00,
https://papers.miccai.org/miccai-2026/0555-Paper6050.html,Learning Class Difficulty via Dynamic Focal Attention for Histopathology Segmentation,Histology,Histology,https://github.com/lakmali240/DFA-Imbalance,https://github.com/lakmali240/DFA-Imbalance,code_url_field,repository_host_link,Published_papers/Histology/papers_links.csv,55,accessible,200,https://github.com/lakmali240/DFA-Imbalance,2026-10-01T15:34:45+00:00,
https://papers.miccai.org/miccai-2026/0556-Paper3762.html,Learning Directional Semantic Transitions for Longitudinal Chest X-Ray Analysis,CT-XRay,CT-XRay,https://github.com/RPIDIAL/ProTrans,https://github.com/RPIDIAL/ProTrans,code_url_field,repository_host_link,Published_papers/CT-XRay/papers_links.csv,164,accessible,200,https://github.com/RPIDIAL/ProTrans,2026-10-01T15:34:45+00:00,
https://papers.miccai.org/miccai-2026/0557-Paper4818.html,Learning Diverse and Realistic Polyp Data via Style-Fused Diffusion Models,Endoscopy,Endoscopy,https://github.com/zhaiying0925/SFD-polyp,https://github.com/zhaiying0925/SFD-polyp,code_url_field,repository_host_link,Published_papers/Endoscopy/papers_links.csv,36,accessible,200,https://github.com/zhaiying0925/SFD-polyp,2026-10-01T15:34:45+00:00,
https://papers.miccai.org/miccai-2026/0558-Paper2314.html,Learning Dual Prior Presentation for Opportunistic Screening of Visceral Artery Aneurysms on Non-Contrast CT,CT-XRay,CT-XRay,,,none,no_listed_link,Published_papers/CT-XRay/papers_links.csv,165,no_listed_link,,,,
https://papers.miccai.org/miccai-2026/0559-Paper0206.html,Learning from Good Neighbors: Slice-wise Quality-aware CT-to-Diffusion MRI Synthesis,CT-XRay | Diffusion-MRI,CT-XRay,https://github.com/YouKyoung-Na/LGN,https://github.com/YouKyoung-Na/LGN,code_url_field,repository_host_link,Published_papers/CT-XRay/papers_links.csv,166,accessible,200,https://github.com/YouKyoung-Na/LGN,2026-10-01T15:34:45+00:00,
https://papers.miccai.org/miccai-2026/0560-Paper5462.html,Learning Geometry-Aware Bundles with Spectral Heat Kernel Diffusion for fMRI-based Brain Disease Diagnosis,Func_MRI,Func_MRI,https://github.com/CodeMedYY/VB-GCL,https://github.com/CodeMedYY/VB-GCL,code_url_field,repository_host_link,Published_papers/Func_MRI/papers_links.csv,22,not_publicly_accessible,404,https://github.com/CodeMedYY/VB-GCL,2026-10-01T15:34:46+00:00,HTTP Error 404: Not Found
https://papers.miccai.org/miccai-2026/0561-Paper0927.html,Learning Hierarchical Anatomy-Grounded Representation for Cross-Modal Registration,CT-XRay | MRI,CT-XRay,https://github.com/jiaem1/HAGR,https://github.com/jiaem1/HAGR,code_url_field,repository_host_link,Published_papers/CT-XRay/papers_links.csv,167,accessible,200,https://github.com/jiaem1/HAGR,2026-10-01T15:34:46+00:00,
https://papers.miccai.org/miccai-2026/0562-Paper2265.html,Learning Invariant Anatomical Representations from Multi-Sequence MRI for Brain Segmentation,MRI,MRI,https://github.com/liangjianwen01/MICCAI2026_TeInL,https://github.com/liangjianwen01/MICCAI2026_TeInL,code_url_field,repository_host_link,Published_papers/MRI/papers_links.csv,92,accessible,200,https://github.com/liangjianwen01/MICCAI2026_TeInL,2026-10-01T15:34:46+00:00,
https://papers.miccai.org/miccai-2026/0563-Paper2472.html,Learning Modality-Invariant Structure and Distribution Alignment for Multimodal Medical Image Registration,CT-XRay | MRI,CT-XRay,https://github.com/47-XIAO/MMreg,https://github.com/47-XIAO/MMreg,code_url_field,repository_host_link,Published_papers/CT-XRay/papers_links.csv,168,accessible,200,https://github.com/47-XIAO/MMreg,2026-10-01T15:34:46+00:00,
https://papers.miccai.org/miccai-2026/0564-Paper3218.html,Learning Prototypes for Unsupervised Joint Generation of Conditional Templates and Atlases,MRI,MRI,https://github.com/LSYLAB/LatentAtlas,https://github.com/LSYLAB/LatentAtlas,code_url_field,repository_host_link,Published_papers/MRI/papers_links.csv,93,accessible,200,https://github.com/LSYLAB/LatentAtlas,2026-10-01T15:34:46+00:00,
https://papers.miccai.org/miccai-2026/0565-Paper5051.html,Learning Quantitative Calibration of Computed Tomography for Bone Mineral Density Estimation Using Multi-Center Data,CT-XRay,CT-XRay,https://github.com/Jobs27/QCT-translation,https://github.com/Jobs27/QCT-translation,code_url_field,repository_host_link,Published_papers/CT-XRay/papers_links.csv,169,accessible,200,https://github.com/Jobs27/QCT-translation,2026-10-01T15:34:46+00:00,
https://papers.miccai.org/miccai-2026/0566-Paper2250.html,Learning Robust Medical Image Segmentation Under Mixed-Quality Annotations,Endoscopy | Photo_video,Endoscopy,,,none,no_listed_link,Published_papers/Endoscopy/papers_links.csv,37,no_listed_link,,,,
https://papers.miccai.org/miccai-2026/0567-Paper2035.html,Learning Role-Conditioned Alignment for Medical Image Referring Segmentation,CT-XRay,CT-XRay,https://github.com/lik1996/RCA,https://github.com/lik1996/RCA,code_url_field,repository_host_link,Published_papers/CT-XRay/papers_links.csv,170,accessible,200,https://github.com/lik1996/RCA,2026-10-01T15:34:46+00:00,
https://papers.miccai.org/miccai-2026/0568-Paper3064.html,Learning Task-Specific Anatomical Priors via Context Distillation for In-Context Medical Image Segmentation,Others,Others,,,none,no_listed_link,Published_papers/Others/papers_links.csv,28,no_listed_link,,,,
https://papers.miccai.org/miccai-2026/0569-Paper2916.html,Learning the Hierarchical Organization in Brain Network for Brain Disorder Diagnosis,Func_MRI,Func_MRI,https://github.com/Jingfeng-Tang/BrainHO,https://github.com/Jingfeng-Tang/BrainHO,code_url_field,repository_host_link,Published_papers/Func_MRI/papers_links.csv,23,accessible,200,https://github.com/Jingfeng-Tang/BrainHO,2026-10-01T15:34:46+00:00,
https://papers.miccai.org/miccai-2026/0570-Paper4009.html,Learning to Distort: Weakly-Supervised Image Quality Transfer for Prostate DWI Correction,Computational_imagings | Diffusion-MRI | MRI,Computational_imagings,https://github.com/yucheng722/ProtoFM-IQT,https://github.com/yucheng722/ProtoFM-IQT,code_url_field,repository_host_link,Published_papers/Computational_imagings/papers_links.csv,10,accessible,200,https://github.com/yucheng722/ProtoFM-IQT,2026-10-01T15:34:47+00:00,
https://papers.miccai.org/miccai-2026/0571-Paper3613.html,Learning to Optimize Radiotherapy Plans via Fluence Maps Diffusion Model Generation and LSTM-Based Optimization,CT-XRay | Others,CT-XRay,,,none,no_listed_link,Published_papers/CT-XRay/papers_links.csv,171,no_listed_link,,,,
https://papers.miccai.org/miccai-2026/0572-Paper3986.html,Learning to Read Where to Look: Disease-Aware Vision–Language Pretraining for 3D CT,CT-XRay,CT-XRay,https://github.com/lmb-freiburg/radfinder,https://github.com/lmb-freiburg/radfinder,code_url_field,repository_host_link,Published_papers/CT-XRay/papers_links.csv,172,accessible,200,https://github.com/lmb-freiburg/radfinder,2026-10-01T15:34:47+00:00,
https://papers.miccai.org/miccai-2026/0573-Paper5539.html,Learning to Segment Burns with Limited Labels: A Dual-Path Cascaded Network with Uncertainty-Guided Teacher Diffusion Exposure,Photo_video,Photo_video,,,none,no_listed_link,Published_papers/Photo_video/papers_links.csv,36,no_listed_link,,,,
https://papers.miccai.org/miccai-2026/0574-Paper0307.html,Learning to Trim: End-to-End Causal Graph Pruning with Dynamic Anatomical Feature Banks for Medical VQA,CT-XRay | MRI,CT-XRay,,,none,no_listed_link,Published_papers/CT-XRay/papers_links.csv,173,no_listed_link,,,,
https://papers.miccai.org/miccai-2026/0575-Paper6046.html,Learning to Unify Deformable Shape and Texture Representations for Cardiac Video Classification,MRI,MRI,https://github.com/tonmoy-hossain/ShapeFuse,https://github.com/tonmoy-hossain/ShapeFuse,code_url_field,repository_host_link,Published_papers/MRI/papers_links.csv,94,accessible,200,https://github.com/tonmoy-hossain/ShapeFuse,2026-10-01T15:34:47+00:00,
https://papers.miccai.org/miccai-2026/0576-Paper1989.html,Learning What Can Move: Patient-Specific Motion Subspaces from a Single Scan,CT-XRay,CT-XRay,,,none,no_listed_link,Published_papers/CT-XRay/papers_links.csv,174,no_listed_link,,,,
https://papers.miccai.org/miccai-2026/0577-Paper6168.html,Learning Where to Look: A Reinforcement Learning Framework for Robust Micro-ultrasound Prostate Cancer Detection,ultrasounds,ultrasounds,https://github.com/DeepRCL/Prost-RL,https://github.com/DeepRCL/Prost-RL,code_url_field,repository_host_link,Published_papers/ultrasounds/papers_links.csv,51,accessible,200,https://github.com/DeepRCL/Prost-RL,2026-10-01T15:34:47+00:00,
https://papers.miccai.org/miccai-2026/0578-Paper4161.html,Learning Where to Look: Pathologist-Inspired Multi-field-of-View Evidence Retrieval for Cell Type Classification in H&E,Histology,Histology,https://github.com/yrzzz/TRACE,https://github.com/yrzzz/TRACE,code_url_field,repository_host_link,Published_papers/Histology/papers_links.csv,56,accessible,200,https://github.com/yrzzz/TRACE,2026-10-01T15:34:47+00:00,
https://papers.miccai.org/miccai-2026/0579-Paper3568.html,LEGEND: A Language-Aligned EEG Foundation Model with Flow Matching Latent Denoising,Physio-signals,Physio-signals,https://github.com/5GYYYYY/LEGEND,https://github.com/5GYYYYY/LEGEND,code_url_field,repository_host_link,Published_papers/Physio-signals/papers_links.csv,18,accessible,200,https://github.com/5GYYYYY/LEGEND,2026-10-01T15:34:47+00:00,
https://papers.miccai.org/miccai-2026/0580-Paper3214.html,LeGend: Lesion-Guided Longitudinal CXR Generation via Gaussian-Biased Causal Attention,CT-XRay,CT-XRay,,,none,no_listed_link,Published_papers/CT-XRay/papers_links.csv,175,no_listed_link,,,,
https://papers.miccai.org/miccai-2026/0581-Paper1990.html,Lesion-Centric Structured Report Generation for 3D CT with Multimodal Large Language Models via Hierarchical Evidence Tokens,CT-XRay,CT-XRay,,,none,no_listed_link,Published_papers/CT-XRay/papers_links.csv,176,no_listed_link,,,,
https://papers.miccai.org/miccai-2026/0582-Paper5194.html,"Leuko, I Am Your Prototype: A Prototypical Detection Framework for Fine-Grained Laryngeal Lesion Stratification",Endoscopy,Endoscopy,https://github.com/lorenzo-federici/Prototypical-YOLO,https://github.com/lorenzo-federici/Prototypical-YOLO,code_url_field,repository_host_link,Published_papers/Endoscopy/papers_links.csv,38,accessible,200,https://github.com/lorenzo-federici/Prototypical-YOLO,2026-10-01T15:34:47+00:00,
https://papers.miccai.org/miccai-2026/0583-Paper4786.html,Leveraging Pathology Co-occurrence for Test-Time Adaptation in Chest X-Ray Diagnosis,CT-XRay,CT-XRay,https://github.com/woojin716/CoWA,https://github.com/woojin716/CoWA,code_url_field,repository_host_link,Published_papers/CT-XRay/papers_links.csv,177,accessible,200,https://github.com/woojin716/CoWA,2026-10-01T15:34:47+00:00,
https://papers.miccai.org/miccai-2026/0584-Paper3584.html,LinGuinE: Longitudinal Guidance Estimation for Volumetric Tumour Segmentation,CT-XRay,CT-XRay,https://github.com/n-e-garibli/LinGuinE,https://github.com/n-e-garibli/LinGuinE,code_url_field,repository_host_link,Published_papers/CT-XRay/papers_links.csv,178,accessible,200,https://github.com/n-e-garibli/LinGuinE,2026-10-01T15:34:47+00:00,
https://papers.miccai.org/miccai-2026/0585-Paper5026.html,LiSAD: A Label-Efficient Implicit Model with Spatially Adaptive Directional Total Variation for Spatial Transcriptomics,Histology,Histology,https://github.com/BioMedIA-repo/LiSAD,https://github.com/BioMedIA-repo/LiSAD,code_url_field,repository_host_link,Published_papers/Histology/papers_links.csv,57,accessible,200,https://github.com/BioMedIA-repo/LiSAD,2026-10-01T15:34:47+00:00,
https://papers.miccai.org/miccai-2026/0586-Paper1671.html,LLM-Bootstrapped Targeted Finding Guidance for Factual MLLM-based Medical Report Generation,CT-XRay | Photo_video,CT-XRay,https://github.com/UCPRER/Fact-Flow,https://github.com/UCPRER/Fact-Flow,code_url_field,repository_host_link,Published_papers/CT-XRay/papers_links.csv,179,accessible,200,https://github.com/UCPRER/Fact-Flow,2026-10-01T15:34:48+00:00,
https://papers.miccai.org/miccai-2026/0587-Paper4195.html,LLM-Steered Clinical Knowledge Discovery for CVD Outcome Modeling,CT-XRay,CT-XRay,https://github.com/liangyuxuan1/EGL,https://github.com/liangyuxuan1/EGL,code_url_field,repository_host_link,Published_papers/CT-XRay/papers_links.csv,180,accessible,200,https://github.com/liangyuxuan1/EGL,2026-10-01T15:34:48+00:00,
https://papers.miccai.org/miccai-2026/0588-Paper3411.html,Localization-Grounded Supervision: Revisiting Vanilla SFT of Large Vision-Language Models for Medical Image Analysis,CT-XRay | MRI,CT-XRay,https://github.com/MSIIP/LGS,https://github.com/MSIIP/LGS,code_url_field,repository_host_link,Published_papers/CT-XRay/papers_links.csv,181,accessible,200,https://github.com/MSIIP/LGS,2026-10-01T15:34:48+00:00,
https://papers.miccai.org/miccai-2026/0589-Paper2716.html,LoFi: Location-Aware Fine-Grained Representation Learning for Chest X-Ray,CT-XRay | EHR,CT-XRay,https://github.com/myeongkyunkang/lofi,https://github.com/myeongkyunkang/lofi,code_url_field,repository_host_link,Published_papers/CT-XRay/papers_links.csv,182,accessible,200,https://github.com/myeongkyunkang/lofi,2026-10-01T15:34:48+00:00,
https://papers.miccai.org/miccai-2026/0590-Paper0650.html,LoHi-Net: A Low-to-High Hierarchical Wavelet Network for Laparoscopic Surgical Smoke Removal,Endoscopy,Endoscopy,https://github.com/ShiweiWu98/LoHi-Net,https://github.com/ShiweiWu98/LoHi-Net,code_url_field,repository_host_link,Published_papers/Endoscopy/papers_links.csv,39,accessible,200,https://github.com/ShiweiWu98/LoHi-Net,2026-10-01T15:34:48+00:00,
https://papers.miccai.org/miccai-2026/0591-Paper2399.html,Longitudinal Multi-view Modeling for Breast Cancer Risk Prediction,CT-XRay,CT-XRay,https://github.com/sot176/LMV-Net,https://github.com/sot176/LMV-Net,code_url_field,repository_host_link,Published_papers/CT-XRay/papers_links.csv,183,accessible,200,https://github.com/sot176/LMV-Net,2026-10-01T15:34:48+00:00,
https://papers.miccai.org/miccai-2026/0592-Paper3319.html,Longitudinal Reliability of Cross-Sectional Normative Models Under Measurement Error,MRI,MRI,,,none,no_listed_link,Published_papers/MRI/papers_links.csv,95,no_listed_link,,,,
https://papers.miccai.org/miccai-2026/0593-Paper4292.html,LongMedBench: Benchmarking Medical Agents for Long-Horizon Clinical Decision-Making,EHR,EHR,https://github.com/Yanzhen-CN/LongMedBench,https://github.com/Yanzhen-CN/LongMedBench,code_url_field,repository_host_link,Published_papers/EHR/papers_links.csv,11,accessible,200,https://github.com/Yanzhen-CN/LongMedBench,2026-10-01T15:34:49+00:00,
https://papers.miccai.org/miccai-2026/0594-Paper2355.html,Lost in the Folds: When Cross-Validation Is Not a Deep Ensemble for Uncertainty Estimation,CT-XRay | MRI,CT-XRay,https://github.com/Kirscher/LostInFolds,https://github.com/Kirscher/LostInFolds,code_url_field,repository_host_link,Published_papers/CT-XRay/papers_links.csv,184,accessible,200,https://github.com/Kirscher/LostInFolds,2026-10-01T15:34:49+00:00,
https://papers.miccai.org/miccai-2026/0595-Paper4615.html,Lost in Volume: The CT-SpatialVQA Benchmark for Evaluating Semantic-Spatial Understanding of 3D Medical Vision–Language Models,CT-XRay,CT-XRay,https://github.com/BioMedIA-MBZUAI/CT-SpatialVQA,https://github.com/BioMedIA-MBZUAI/CT-SpatialVQA,code_url_field,repository_host_link,Published_papers/CT-XRay/papers_links.csv,185,accessible,200,https://github.com/BioMedIA-MBZUAI/CT-SpatialVQA,2026-10-01T15:34:49+00:00,
https://papers.miccai.org/miccai-2026/0596-Paper1071.html,LOT-Bridge: A Latent Optimal Transport Bridge Based on Signed Distance Fields for Automatic Skull Defect Reconstruction,CT-XRay,CT-XRay,https://github.com/yanaynghui1998/LOT-Bridge,https://github.com/yanaynghui1998/LOT-Bridge,code_url_field,repository_host_link,Published_papers/CT-XRay/papers_links.csv,186,accessible,200,https://github.com/yanaynghui1998/LOT-Bridge,2026-10-01T15:34:49+00:00,
https://papers.miccai.org/miccai-2026/0597-Paper4532.html,Low-Rank Text-Guided Spectral Learning for Semi-supervised MHSI Segmentation,Microscopy,Microscopy,https://github.com/ECNU-MultiDimLab/LoTS-Net,https://github.com/ECNU-MultiDimLab/LoTS-Net,code_url_field,repository_host_link,Published_papers/Microscopy/papers_links.csv,22,accessible,200,https://github.com/ECNU-MultiDimLab/LoTS-Net,2026-10-01T15:34:49+00:00,
https://papers.miccai.org/miccai-2026/0598-Paper0472.html,Low-Rank Velocity Fields as a Structural Prior for Unsupervised 4D Medical Image Interpolation,CT-XRay | MRI,CT-XRay,https://github.com/JingHuaMan/LRVF,https://github.com/JingHuaMan/LRVF,code_url_field,repository_host_link,Published_papers/CT-XRay/papers_links.csv,187,accessible,200,https://github.com/JingHuaMan/LRVF,2026-10-01T15:34:49+00:00,
https://papers.miccai.org/miccai-2026/0599-Paper1186.html,Low-Rank-Modulated Functa: Exploring the Latent Space of Implicit Neural Representations for Interpretable Ultrasound Video Analysis,ultrasounds,ultrasounds,https://github.com/JuliaWolleb/LRM_Functa,https://github.com/JuliaWolleb/LRM_Functa,code_url_field,repository_host_link,Published_papers/ultrasounds/papers_links.csv,52,accessible,200,https://github.com/JuliaWolleb/LRM_Functa,2026-10-01T15:34:50+00:00,
https://papers.miccai.org/miccai-2026/0600-Paper1395.html,Low-Resource Cross-Modality Nucleus Detection via One-Sided Domain Adaptation,Microscopy,Microscopy,,,none,no_listed_link,Published_papers/Microscopy/papers_links.csv,23,no_listed_link,,,,
https://papers.miccai.org/miccai-2026/0601-Paper6341.html,LRMIL: Efficient Low-Resolution Multiple Instance Learning via High-Resolution Knowledge Distillation for Whole Slide Image Classification,Histology,Histology,,,none,no_listed_link,Published_papers/Histology/papers_links.csv,58,no_listed_link,,,,
https://papers.miccai.org/miccai-2026/0602-Paper2497.html,L-TGVN: Leveraging Longitudinal Priors for Personalized Rapid MRI,MRI,MRI,https://github.com/sodicksonlab/L-TGVN,https://github.com/sodicksonlab/L-TGVN,code_url_field,repository_host_link,Published_papers/MRI/papers_links.csv,89,accessible,200,https://github.com/sodicksonlab/L-TGVN,2026-10-01T15:34:50+00:00,
https://papers.miccai.org/miccai-2026/0603-Paper2271.html,LumiState: Retinex-inspired Illumination Decoupling in 4D Gaussian Splatting for Endoscopic Reconstruction,Endoscopy,Endoscopy,https://github.com/oDaiSuno/LumiState,https://github.com/oDaiSuno/LumiState,code_url_field,repository_host_link,Published_papers/Endoscopy/papers_links.csv,40,accessible,200,https://github.com/oDaiSuno/LumiState,2026-10-01T15:34:50+00:00,
https://papers.miccai.org/miccai-2026/0604-Paper1643.html,M3D-QAdapter: 3D Medical VQA with Lesion-Level Finding-Segmentation Alignment and Query-Driven Adaptive Token Reduction,CT-XRay,CT-XRay,https://github.com/ccarliu/M3D-QAdapter,https://github.com/ccarliu/M3D-QAdapter,code_url_field,repository_host_link,Published_papers/CT-XRay/papers_links.csv,188,accessible,200,https://github.com/ccarliu/M3D-QAdapter,2026-10-01T15:34:50+00:00,
https://papers.miccai.org/miccai-2026/0605-Paper4527.html,MAGE: Color-Invariant and Spatial Knowledge Distillation for Gastric Neoplasm Classification,Endoscopy,Endoscopy,,,none,no_listed_link,Published_papers/Endoscopy/papers_links.csv,41,no_listed_link,,,,
https://papers.miccai.org/miccai-2026/0606-Paper3539.html,MAGEFormer: Learning Metric-Consistent Representations for Anisotropic CT Segmentation,CT-XRay,CT-XRay,,,none,no_listed_link,Published_papers/CT-XRay/papers_links.csv,189,no_listed_link,,,,
https://papers.miccai.org/miccai-2026/0607-Paper5285.html,Making HE Histopathological Images More Colorful by Conditional Flow Matching,Histology,Histology,https://github.com/MedSalimBenOmrane/CFM-HES,https://github.com/MedSalimBenOmrane/CFM-HES,code_url_field,repository_host_link,Published_papers/Histology/papers_links.csv,59,accessible,200,https://github.com/MedSalimBenOmrane/CFM-HES,2026-10-01T15:34:50+00:00,
https://papers.miccai.org/miccai-2026/0608-Paper3605.html,MamaDino: Mammography-Aware Multi-view Attentional DINO for 3-Year Breast Cancer Risk Prediction,CT-XRay,CT-XRay,,,none,no_listed_link,Published_papers/CT-XRay/papers_links.csv,190,no_listed_link,,,,
https://papers.miccai.org/miccai-2026/0609-Paper5381.html,Mamba Based Anisotropic Diffusion Model for Speckle Noise Reduction in Ultrasound Images,ultrasounds,ultrasounds,https://github.com/duypham01/Mamba-Diff-US,https://github.com/duypham01/Mamba-Diff-US,code_url_field,repository_host_link,Published_papers/ultrasounds/papers_links.csv,53,accessible,200,https://github.com/duypham01/Mamba-Diff-US,2026-10-01T15:34:50+00:00,
https://papers.miccai.org/miccai-2026/0610-Paper3745.html,MammoFlow: Multiview Mammogram Synthesis with Anatomically Consistent Flow Matching,CT-XRay,CT-XRay,https://github.com/XYPB/MammoFlow,https://github.com/XYPB/MammoFlow,code_url_field,repository_host_link,Published_papers/CT-XRay/papers_links.csv,191,accessible,200,https://github.com/XYPB/MammoFlow,2026-10-01T15:34:50+00:00,
https://papers.miccai.org/miccai-2026/0611-Paper2041.html,MAP-Diff: Multi-anchor Guided Diffusion for Progressive 3D Whole-Body Low-Dose PET Denoising,PET_SPECT,PET_SPECT,,,none,no_listed_link,Published_papers/PET_SPECT/papers_links.csv,5,no_listed_link,,,,
https://papers.miccai.org/miccai-2026/0612-Paper4437.html,MARBLE: Lightweight EEG-to-fMRI Translation via Mamba-Attention and ROI-Conditioned Decoding,Func_MRI | Physio-signals,Func_MRI,https://github.com/emeelkaa/marble,https://github.com/emeelkaa/marble,code_url_field,repository_host_link,Published_papers/Func_MRI/papers_links.csv,24,accessible,200,https://github.com/emeelkaa/marble,2026-10-01T15:34:50+00:00,
https://papers.miccai.org/miccai-2026/0613-Paper6616.html,Marginal Constrained Morphological Prototype Learning for Patch Search in Whole Slide Images,Histology,Histology,https://github.com/dmis-lab/MMPL,https://github.com/dmis-lab/MMPL,code_url_field,repository_host_link,Published_papers/Histology/papers_links.csv,60,accessible,200,https://github.com/dmis-lab/MMPL,2026-10-01T15:34:50+00:00,
https://papers.miccai.org/miccai-2026/0614-Paper0289.html,MaRS: Robust Out-of-Distribution Detection via Mahalanobis Residual Scoring,CT-XRay | Histology | Others,CT-XRay,https://github.com/francescodisalvo05/mars,https://github.com/francescodisalvo05/mars,code_url_field,repository_host_link,Published_papers/CT-XRay/papers_links.csv,192,accessible,200,https://github.com/francescodisalvo05/mars,2026-10-01T15:34:50+00:00,
https://papers.miccai.org/miccai-2026/0615-Paper1221.html,Mask to Concept: Auto-Promptable SAM3 via Efficient Test-Time Concept Embedding Search for Few-Shot Annotation,Endoscopy | Photo_video,Endoscopy,https://github.com/Huster-Hq/M2C,https://github.com/Huster-Hq/M2C,code_url_field,repository_host_link,Published_papers/Endoscopy/papers_links.csv,42,accessible,200,https://github.com/Huster-Hq/M2C,2026-10-01T15:34:50+00:00,
https://papers.miccai.org/miccai-2026/0616-Paper5497.html,Mask-Guided Attention Regulation for Anatomically Consistent Counterfactual CXR Synthesis,CT-XRay,CT-XRay,,,none,no_listed_link,Published_papers/CT-XRay/papers_links.csv,193,no_listed_link,,,,
https://papers.miccai.org/miccai-2026/0617-Paper4000.html,MASurv: Risk-Conditional Martingale Adversarial Training for Calibrated Multi-slide Survival Prediction in Whole-Slide Histopathology Images,Histology,Histology,,,none,no_listed_link,Published_papers/Histology/papers_links.csv,61,no_listed_link,,,,
https://papers.miccai.org/miccai-2026/0618-Paper0246.html,Maximizing Domain Generalization in Automated Fetal Brain Biometry,MRI,MRI,https://github.com/birthlab/BioTTA,https://github.com/birthlab/BioTTA,code_url_field,repository_host_link,Published_papers/MRI/papers_links.csv,96,accessible,200,https://github.com/birthlab/BioTTA,2026-10-01T15:34:50+00:00,
https://papers.miccai.org/miccai-2026/0619-Paper5325.html,MBFAD: Benchmarking Balance Function Assessment with Environmental Perturbation and Synergistic Tasks,Multimodals | Sensors,Multimodals,https://github.com/huaingyingqin/MBFAD,https://github.com/huaingyingqin/MBFAD,code_url_field,repository_host_link,Published_papers/Multimodals/papers_links.csv,10,accessible,200,https://github.com/huaingyingqin/MBFAD,2026-10-01T15:34:51+00:00,
https://papers.miccai.org/miccai-2026/0620-Paper3690.html,MDL-DA Track: Self-supervised Sperm Motility Direction Learning and Density-Adaptive Association for Sperm Tracking,Photo_video,Photo_video,https://github.com/hjhxy/MICCAI_MDL-DATrack,https://github.com/hjhxy/MICCAI_MDL-DATrack,code_url_field,repository_host_link,Published_papers/Photo_video/papers_links.csv,37,accessible,200,https://github.com/hjhxy/MICCAI_MDL-DATrack,2026-10-01T15:34:51+00:00,
https://papers.miccai.org/miccai-2026/0621-Paper4123.html,MDPNet: A Multi-Scale Deformable Prototype Network for Accurate and Interpretable Medical Image Classification,CT-XRay | Physio-signals,CT-XRay,,,none,no_listed_link,Published_papers/CT-XRay/papers_links.csv,194,no_listed_link,,,,
https://papers.miccai.org/miccai-2026/0622-Paper4530.html,MEASURE: Multi-Task Slice Selection and Regression for Neonatal Brain Biometry,Func_MRI | MRI,Func_MRI,,,none,no_listed_link,Published_papers/Func_MRI/papers_links.csv,25,no_listed_link,,,,
https://papers.miccai.org/miccai-2026/0623-Paper3943.html,Measuring Prediction Uncertainty in Neural Cellular Automata,Microscopy,Microscopy,https://github.com/marrlab/resilience,https://github.com/marrlab/resilience,code_url_field,repository_host_link,Published_papers/Microscopy/papers_links.csv,24,accessible,200,https://github.com/marrlab/resilience,2026-10-01T15:34:51+00:00,
https://papers.miccai.org/miccai-2026/0624-Paper2453.html,Measuring What VLMs Don’t Say: Validation Metrics Hide Clinical Terminology Erasure in Radiology Report Generation,CT-XRay,CT-XRay,https://pypi.org/project/clinical-cad/,https://pypi.org/project/clinical-cad/,code_url_field,package_index,Published_papers/CT-XRay/papers_links.csv,195,accessible,200,https://pypi.org/project/clinical-cad/,2026-10-01T15:34:51+00:00,
https://papers.miccai.org/miccai-2026/0625-Paper1547.html,MEC: A Multi-expert Consultation Framework for Synergizing Frozen Foundation Models in Whole Slide Image Analysis,Histology,Histology,https://github.com/JoeyFe/MEC,https://github.com/JoeyFe/MEC,code_url_field,repository_host_link,Published_papers/Histology/papers_links.csv,62,accessible,200,https://github.com/JoeyFe/MEC,2026-10-01T15:34:51+00:00,
https://papers.miccai.org/miccai-2026/0626-Paper2354.html,MEC: Medical Evidence Capsules for Retrieval-Augmented Generation in Medical Multimodal Question Answering,CT-XRay | Photo_video,CT-XRay,https://github.com/fruitbitlab/MEC,https://github.com/fruitbitlab/MEC,code_url_field,repository_host_link,Published_papers/CT-XRay/papers_links.csv,196,accessible,200,https://github.com/fruitbitlab/MEC,2026-10-01T15:34:51+00:00,
https://papers.miccai.org/miccai-2026/0627-Paper0550.html,Med3D-R1: Mitigating Narrative Bias and Enhancing Reasoning Consistency in 3D Medical Vision-Language Models,CT-XRay,CT-XRay,https://github.com/laihaoran/Med3D-R1,https://github.com/laihaoran/Med3D-R1,code_url_field,repository_host_link,Published_papers/CT-XRay/papers_links.csv,198,accessible,200,https://github.com/laihaoran/Med3D-R1,2026-10-01T15:34:52+00:00,
https://papers.miccai.org/miccai-2026/0628-Paper3867.html,Med-CAP: Counterfactual Evidence and Adaptive Prior Suppression for Robust Medical Visual Question Answering,CT-XRay | MRI,CT-XRay,https://github.com/ZaiqiangHuang/Med-CAP,https://github.com/ZaiqiangHuang/Med-CAP,code_url_field,repository_host_link,Published_papers/CT-XRay/papers_links.csv,197,accessible,200,https://github.com/ZaiqiangHuang/Med-CAP,2026-10-01T15:34:52+00:00,
https://papers.miccai.org/miccai-2026/0629-Paper0759.html,MedCenterDet: A Center-Based Object Detection Framework for 3D Medical Image,CT-XRay | MRI,CT-XRay,https://github.com/WiDayn/MedCenterDet,https://github.com/WiDayn/MedCenterDet,code_url_field,repository_host_link,Published_papers/CT-XRay/papers_links.csv,199,accessible,200,https://github.com/WiDayn/MedCenterDet,2026-10-01T15:34:52+00:00,
https://papers.miccai.org/miccai-2026/0630-Paper5647.html,MedConcept: Unsupervised Concept Discovery for Interpretability in Medical VLMs,CT-XRay,CT-XRay,https://github.com/RakibulHaqueSajal/MedConcept,https://github.com/RakibulHaqueSajal/MedConcept,code_url_field,repository_host_link,Published_papers/CT-XRay/papers_links.csv,200,accessible,200,https://github.com/RakibulHaqueSajal/MedConcept,2026-10-01T15:34:52+00:00,
https://papers.miccai.org/miccai-2026/0631-Paper5084.html,MedEnv: Scaling Multimodal Virtual Medical Environments for Long-Horizon Diagnosis,EHR,EHR,,,none,no_listed_link,Published_papers/EHR/papers_links.csv,12,no_listed_link,,,,
https://papers.miccai.org/miccai-2026/0632-Paper4886.html,MedExpMem: Adapting Experience Memory for Differential Diagnosis,CT-XRay | EHR | MRI | ultrasounds,CT-XRay,,,none,no_listed_link,Published_papers/CT-XRay/papers_links.csv,201,no_listed_link,,,,
https://papers.miccai.org/miccai-2026/0633-Paper2490.html,MedFM-Robust: Benchmarking Robustness of Medical Foundation Models,CT-XRay | MRI | ultrasounds,CT-XRay,https://github.com/AbnerAI/MedFM-Robust,https://github.com/AbnerAI/MedFM-Robust,code_url_field,repository_host_link,Published_papers/CT-XRay/papers_links.csv,202,accessible,200,https://github.com/AbnerAI/MedFM-Robust,2026-10-01T15:34:52+00:00,
https://papers.miccai.org/miccai-2026/0634-Paper2934.html,MedFuse-Seg: Multi-level Visual and Semantic Context Fusion for Segmentation-Based Medical Reasoning,CT-XRay | MRI | Photo_video,CT-XRay,https://github.com/biodatlab/medfuse-seg,https://github.com/biodatlab/medfuse-seg,code_url_field,repository_host_link,Published_papers/CT-XRay/papers_links.csv,203,accessible,200,https://github.com/biodatlab/medfuse-seg,2026-10-01T15:34:52+00:00,
https://papers.miccai.org/miccai-2026/0635-Paper2003.html,Medical Image Spatial Grounding with Semantic Sampling,CT-XRay | MRI,CT-XRay,https://github.com/asy51/mis-ground,https://github.com/asy51/mis-ground,code_url_field,repository_host_link,Published_papers/CT-XRay/papers_links.csv,204,accessible,200,https://github.com/asy51/mis-ground,2026-10-01T15:34:52+00:00,
https://papers.miccai.org/miccai-2026/0636-Paper0988.html,Medical Knowledge-Guided Fusion of Holistic Hospital Data for Tumor Survival Analysis,EHR | Histology | Microscopy | Others,EHR,,https://github.com/guanjinquan/MKGSurv,abstract,repository_host_link,Published_papers/EHR/papers_links.csv,13,accessible,200,https://github.com/guanjinquan/MKGSurv,2026-10-01T15:34:52+00:00,
https://papers.miccai.org/miccai-2026/0637-Paper4379.html,MedObvious: Exposing the Medical Moravec’s Paradox in VLMs via Clinical Triage,CT-XRay | MRI | ultrasounds,CT-XRay,https://github.com/Ufaqkhan/MedObvious,https://github.com/Ufaqkhan/MedObvious,code_url_field,repository_host_link,Published_papers/CT-XRay/papers_links.csv,205,accessible,200,https://github.com/Ufaqkhan/MedObvious,2026-10-01T15:34:52+00:00,
https://papers.miccai.org/miccai-2026/0638-Paper1552.html,MedPro: Dual-View Propagation and Prototypical Assessment for Training-Free Few-Shot Medical Segmentation,CT-XRay | MRI,CT-XRay,https://github.com/CVL-hub/MedPro,https://github.com/CVL-hub/MedPro,code_url_field,repository_host_link,Published_papers/CT-XRay/papers_links.csv,206,accessible,200,https://github.com/CVL-hub/MedPro,2026-10-01T15:34:53+00:00,
https://papers.miccai.org/miccai-2026/0639-Paper3756.html,MedPruner: Training-Free Hierarchical Token Pruning for Efficient 3D Medical Image Understanding in Vision-Language Models,CT-XRay | Diffusion-MRI,CT-XRay,https://github.com/CUHK-AIM-Group/MedPruner,https://github.com/CUHK-AIM-Group/MedPruner,code_url_field,repository_host_link,Published_papers/CT-XRay/papers_links.csv,207,accessible,200,https://github.com/CUHK-AIM-Group/MedPruner,2026-10-01T15:34:53+00:00,
https://papers.miccai.org/miccai-2026/0641-Paper3774.html,MedRAG-SCA: A Retrieval-Augmented Self-correcting Agent for Clinically Compliant Cross-Modality MRI Synthesis,MRI,MRI,,https://github.com/exsinger-hub/MedRAD-SCA,abstract,repository_host_link,Published_papers/MRI/papers_links.csv,97,accessible,200,https://github.com/exsinger-hub/MedRAD-SCA,2026-10-01T15:34:53+00:00,
https://papers.miccai.org/miccai-2026/0642-Paper0601.html,MedTri: Structured Medical Report Normalization for Enhanced Vision–Language Pretraining,CT-XRay,CT-XRay,https://github.com/Arturia-Pendragon-Iris/MedTri,https://github.com/Arturia-Pendragon-Iris/MedTri,code_url_field,repository_host_link,Published_papers/CT-XRay/papers_links.csv,208,accessible,200,https://github.com/Arturia-Pendragon-Iris/MedTri,2026-10-01T15:34:53+00:00,
https://papers.miccai.org/miccai-2026/0643-Paper1929.html,MedTriage-LM: Anatomically Grounded Visual Phenotype Synthesis for Interpretable ED Triage,EHR,EHR,https://github.com/Leo1998-Lu/MedTriage-LM,https://github.com/Leo1998-Lu/MedTriage-LM,code_url_field,repository_host_link,Published_papers/EHR/papers_links.csv,14,accessible,200,https://github.com/Leo1998-Lu/MedTriage-LM,2026-10-01T15:34:53+00:00,
https://papers.miccai.org/miccai-2026/0644-Paper0683.html,MedTriFlow: Efficient Resolution-Agnostic 3D Medical Image Generation with Implicit Triplane Representation,CT-XRay | MRI,CT-XRay,https://github.com/ShanghaiTech-IMPACT/MedTriFlow,https://github.com/ShanghaiTech-IMPACT/MedTriFlow,code_url_field,repository_host_link,Published_papers/CT-XRay/papers_links.csv,209,accessible,200,https://github.com/ShanghaiTech-IMPACT/MedTriFlow,2026-10-01T15:34:53+00:00,
https://papers.miccai.org/miccai-2026/0645-Paper0644.html,MedTSC-Net: Bridging Semantic and Scale Gaps in Text-Guided Medical Image Segmentation,CT-XRay,CT-XRay,https://github.com/DYcheng-tech/MedTSCNet,https://github.com/DYcheng-tech/MedTSCNet,code_url_field,repository_host_link,Published_papers/CT-XRay/papers_links.csv,210,accessible,200,https://github.com/DYcheng-tech/MedTSCNet,2026-10-01T15:34:53+00:00,
https://papers.miccai.org/miccai-2026/0646-Paper5029.html,MedTS-TTT: Test-Time Training for Medical Time Series Classification,Physio-signals,Physio-signals,https://github.com/mingzhi-c/MedTS-TTT,https://github.com/mingzhi-c/MedTS-TTT,code_url_field,repository_host_link,Published_papers/Physio-signals/papers_links.csv,19,accessible,200,https://github.com/mingzhi-c/MedTS-TTT,2026-10-01T15:34:53+00:00,
https://papers.miccai.org/miccai-2026/0647-Paper2593.html,MedVol-R1: Reward-Driven Evidence Grounding for Volumetric Reasoning Segmentation,CT-XRay,CT-XRay,https://github.com/AdvancingEther/MedVol-R1,https://github.com/AdvancingEther/MedVol-R1,code_url_field,repository_host_link,Published_papers/CT-XRay/papers_links.csv,211,accessible,200,https://github.com/AdvancingEther/MedVol-R1,2026-10-01T15:34:54+00:00,
https://papers.miccai.org/miccai-2026/0648-Paper0241.html,MedXEdit-GRPO: Reasoning-Aware Online RL for Counterfactual Medical Image Generation,CT-XRay,CT-XRay,https://github.com/MedXEdit-GRPO/MedXEdit-GRPO,https://github.com/MedXEdit-GRPO/MedXEdit-GRPO,code_url_field,repository_host_link,Published_papers/CT-XRay/papers_links.csv,212,accessible,200,https://github.com/MedXEdit-GRPO/MedXEdit-GRPO,2026-10-01T15:34:54+00:00,
https://papers.miccai.org/miccai-2026/0649-Paper0347.html,Memory-Guided Random-Direction Feature Disentanglement Model for Multi-phase MRI Translation,MRI,MRI,https://github.com/QianMuXiao/MG-RDFD,https://github.com/QianMuXiao/MG-RDFD,code_url_field,repository_host_link,Published_papers/MRI/papers_links.csv,98,accessible,200,https://github.com/QianMuXiao/MG-RDFD,2026-10-01T15:34:54+00:00,
https://papers.miccai.org/miccai-2026/0650-Paper4795.html,MERIT: Multi-scale Mamba with Enhanced Information Retention for Treatment Response Prediction from Whole Slide Images,Histology,Histology,https://github.com/hutaiyuan/MERIT,https://github.com/hutaiyuan/MERIT,code_url_field,repository_host_link,Published_papers/Histology/papers_links.csv,63,accessible,200,https://github.com/hutaiyuan/MERIT,2026-10-01T15:34:54+00:00,
https://papers.miccai.org/miccai-2026/0651-Paper4063.html,"Merlin Plus: A Large-Scale, Multi-cancer, Image-Mask-Report Dataset",CT-XRay,CT-XRay,https://github.com/MrGiovanni/MerlinPlus,https://github.com/MrGiovanni/MerlinPlus,code_url_field,repository_host_link,Published_papers/CT-XRay/papers_links.csv,213,accessible,200,https://github.com/MrGiovanni/MerlinPlus,2026-10-01T15:34:54+00:00,
https://papers.miccai.org/miccai-2026/0652-Paper1866.html,MetaFormer: Efficient Metadata-Guided Transformer for Patient-Aware 12-Lead Electrocardiogram Reconstruction,Sensors,Sensors,https://github.com/xych3/MetaFormer,https://github.com/xych3/MetaFormer,code_url_field,repository_host_link,Published_papers/Sensors/papers_links.csv,4,accessible,200,https://github.com/xych3/MetaFormer,2026-10-01T15:34:54+00:00,
https://papers.miccai.org/miccai-2026/0653-Paper4389.html,MetaVFM: Meta-Learned Efficient Adaptation of Vision Foundation Models for Medical Imaging,PET_SPECT,PET_SPECT,https://github.com/meclotfi/Meta-VFM.git,https://github.com/meclotfi/Meta-VFM.git,code_url_field,repository_host_link,Published_papers/PET_SPECT/papers_links.csv,6,accessible,200,https://github.com/meclotfi/Meta-VFM,2026-10-01T15:34:54+00:00,
https://papers.miccai.org/miccai-2026/0654-Paper5949.html,Microglia-RTS: Instance Segmentation of Microglia in Hypoxic Ischemic Fetal Sheep Brain Histology,Microscopy,Microscopy,,,none,no_listed_link,Published_papers/Microscopy/papers_links.csv,25,no_listed_link,,,,
https://papers.miccai.org/miccai-2026/0655-Paper1753.html,MicroscopyCLIP: A Domain-Specific Vision-Language Model for Optical Microscopy,Microscopy,Microscopy,,https://github.com/SeriYann/MicroscopyCLIP,abstract,repository_host_link,Published_papers/Microscopy/papers_links.csv,26,accessible,200,https://github.com/SeriYann/MicroscopyCLIP,2026-10-01T15:34:54+00:00,
https://papers.miccai.org/miccai-2026/0656-Paper3393.html,MiGAD: Gut Microbiota-informed Genetic Surrogates for Multimodal Alzheimer’s Disease Diagnosis,MRI,MRI,,,none,no_listed_link,Published_papers/MRI/papers_links.csv,99,no_listed_link,,,,
https://papers.miccai.org/miccai-2026/0657-Paper0943.html,MIL-PF: Multiple Instance Learning on Precomputed Features for Mammography Classification,CT-XRay,CT-XRay,https://github.com/nikolaJovisic/mil-pf-research,https://github.com/nikolaJovisic/mil-pf-research,code_url_field,repository_host_link,Published_papers/CT-XRay/papers_links.csv,214,accessible,200,https://github.com/nikolaJovisic/mil-pf-research,2026-10-01T15:34:54+00:00,
https://papers.miccai.org/miccai-2026/0658-Paper5167.html,MINT: Molecularly Informed Training with Spatial Transcriptomics Supervision for Pathology Foundation Models,Histology,Histology,,,none,no_listed_link,Published_papers/Histology/papers_links.csv,64,no_listed_link,,,,
https://papers.miccai.org/miccai-2026/0659-Paper1236.html,Missing Modality-Aware Calibration for Trustworthy Brain Tumor Segmentation,MRI,MRI,,,none,no_listed_link,Published_papers/MRI/papers_links.csv,100,no_listed_link,,,,
https://papers.miccai.org/miccai-2026/0660-Paper1243.html,Missingness-Aware Multimodal Learning for Four-Class Adrenal Tumor Classification,CT-XRay | EHR | Multimodals,CT-XRay,https://github.com/fj-sunny/AMAF-Net,https://github.com/fj-sunny/AMAF-Net,code_url_field,repository_host_link,Published_papers/CT-XRay/papers_links.csv,215,accessible,200,https://github.com/fj-sunny/AMAF-Net,2026-10-01T15:34:55+00:00,
https://papers.miccai.org/miccai-2026/0661-Paper1642.html,Mitigating Grade Boundary Conflicts for Disease Severity Grading with Ambiguous Labels,CT-XRay,CT-XRay,,,none,no_listed_link,Published_papers/CT-XRay/papers_links.csv,216,no_listed_link,,,,
https://papers.miccai.org/miccai-2026/0662-Paper0903.html,MLLM-Enhanced Region-Aware Bidirectional Evidence-Based Model for Tongue Diagnosis,Photo_video,Photo_video,https://github.com/NJU-MedAI-Lab/CycleTCM,https://github.com/NJU-MedAI-Lab/CycleTCM,code_url_field,repository_host_link,Published_papers/Photo_video/papers_links.csv,38,accessible,200,https://github.com/NJU-MedAI-Lab/CycleTCM,2026-10-01T15:34:55+00:00,
https://papers.miccai.org/miccai-2026/0663-Paper3564.html,MMIC-EndoDepth: Self-Supervised Endoscopic Depth Estimation with Multi-Mechanism Illumination Correction,Endoscopy,Endoscopy,,https://github.com/endoloc/endoloc,abstract,repository_host_link,Published_papers/Endoscopy/papers_links.csv,43,accessible,200,https://github.com/endoloc/endoloc,2026-10-01T15:34:55+00:00,
https://papers.miccai.org/miccai-2026/0664-Paper6340.html,MM-UNet: Meta Mamba UNet for Volumetric Medical Image Segmentation,CT-XRay,CT-XRay,https://github.com/bxie9/MM-UNet,https://github.com/bxie9/MM-UNet,code_url_field,repository_host_link,Published_papers/CT-XRay/papers_links.csv,217,accessible,200,https://github.com/bxie9/MM-UNet,2026-10-01T15:34:55+00:00,
https://papers.miccai.org/miccai-2026/0665-Paper3091.html,MoCaf-Mamba: Modality Completion and Alignment in Feature Space for Missing-Modality Segmentation,CT-XRay,CT-XRay,https://github.com/wekiqs/MoCaf-Mamba,https://github.com/wekiqs/MoCaf-Mamba,code_url_field,repository_host_link,Published_papers/CT-XRay/papers_links.csv,218,accessible,200,https://github.com/wekiqs/MoCaf-Mamba,2026-10-01T15:34:55+00:00,
https://papers.miccai.org/miccai-2026/0666-Paper1055.html,Modality-Agnostic Domain Generalizable Medical Image Segmentation via Self-Coordinated Focusing,CT-XRay | Endoscopy | ultrasounds,CT-XRay,,,none,no_listed_link,Published_papers/CT-XRay/papers_links.csv,219,no_listed_link,,,,
https://papers.miccai.org/miccai-2026/0667-Paper5426.html,Modeling Clinical Workflow for SYNTAX Scoring from Coronary Angiography Videos,CT-XRay,CT-XRay,https://github.com/VersaceSu7/SYNTAX_score_777,https://github.com/VersaceSu7/SYNTAX_score_777,code_url_field,repository_host_link,Published_papers/CT-XRay/papers_links.csv,220,accessible,200,https://github.com/VersaceSu7/SYNTAX_score_777,2026-10-01T15:34:55+00:00,
https://papers.miccai.org/miccai-2026/0668-Paper3815.html,MORI-Seg: Learning Morphological Geometry for Instance Segmentation Without Instance Annotations,Histology,Histology,https://github.com/ddrrnn123/MORI-Seg,https://github.com/ddrrnn123/MORI-Seg,code_url_field,repository_host_link,Published_papers/Histology/papers_links.csv,65,accessible,200,https://github.com/ddrrnn123/MORI-Seg,2026-10-01T15:34:55+00:00,
https://papers.miccai.org/miccai-2026/0669-Paper1425.html,MoSE: Mixture-of-Scale-Experts for Medical Image Restoration,CT-XRay | Endoscopy | MRI | PET_SPECT,CT-XRay,https://github.com/xli839/MoSE,https://github.com/xli839/MoSE,code_url_field,repository_host_link,Published_papers/CT-XRay/papers_links.csv,221,accessible,200,https://github.com/xli839/MoSE,2026-10-01T15:34:55+00:00,
https://papers.miccai.org/miccai-2026/0670-Paper3435.html,Motion-Conditioned Multi-view Fusion for Myocardial Infarction Localization from Echocardiography,ultrasounds,ultrasounds,https://github.com/GYang1619/MCF-Net-MICCAI2026,https://github.com/GYang1619/MCF-Net-MICCAI2026,code_url_field,repository_host_link,Published_papers/ultrasounds/papers_links.csv,54,accessible,200,https://github.com/GYang1619/MCF-Net-MICCAI2026,2026-10-01T15:34:56+00:00,
https://papers.miccai.org/miccai-2026/0671-Paper2812.html,MPFlow: Multi-modal Posterior-Guided Flow Matching for Zero-Shot MRI Reconstruction,MRI,MRI,https://github.com/edshkim98/MPFlow,https://github.com/edshkim98/MPFlow,code_url_field,repository_host_link,Published_papers/MRI/papers_links.csv,101,accessible,200,https://github.com/edshkim98/MPFlow,2026-10-01T15:34:56+00:00,
https://papers.miccai.org/miccai-2026/0672-Paper2760.html,MRI2Rep: Autoregressive Structured Report Generation for 3D Liver MRI,MRI,MRI,https://github.com/Alena-Xinran/MRI2Rep,https://github.com/Alena-Xinran/MRI2Rep,code_url_field,repository_host_link,Published_papers/MRI/papers_links.csv,102,accessible,200,https://github.com/Alena-Xinran/MRI2Rep,2026-10-01T15:34:56+00:00,
https://papers.miccai.org/miccai-2026/0673-Paper0767.html,MRSeg3D: A Perturbation-Resilient Model for 3D Medical Reasoning Segmentation,CT-XRay,CT-XRay,,https://github.com/lihaoqin168/MRSeg3D,abstract,repository_host_link,Published_papers/CT-XRay/papers_links.csv,222,not_publicly_accessible,404,https://github.com/lihaoqin168/MRSeg3D,2026-10-01T15:34:56+00:00,HTTP Error 404: Not Found
https://papers.miccai.org/miccai-2026/0674-Paper1669.html,MS-GDUN: Multi-scale Graph Deep Unfolding Network with Gradient-Threshold Learning for FMT Reconstruction,Computational_imagings,Computational_imagings,https://github.com/LeTeddy/MS-GDUN,https://github.com/LeTeddy/MS-GDUN,code_url_field,repository_host_link,Published_papers/Computational_imagings/papers_links.csv,11,accessible,200,https://github.com/LeTeddy/MS-GDUN,2026-10-01T15:34:56+00:00,
https://papers.miccai.org/miccai-2026/0675-Paper2496.html,MSHF-Net: Multimodal Breast Cancer Molecular Subtype Prediction via Segmentation-Guided Hierarchical Fusion Network,CT-XRay | Multimodals | ultrasounds,CT-XRay,https://github.com/knot41/MSHF-Net,https://github.com/knot41/MSHF-Net,code_url_field,repository_host_link,Published_papers/CT-XRay/papers_links.csv,223,accessible,200,https://github.com/knot41/MSHF-Net,2026-10-01T15:34:56+00:00,
https://papers.miccai.org/miccai-2026/0676-Paper4806.html,mSpecFusion-Net: Intelligent Multimodal Smartphone Imaging for Mobile Differential Diagnosis of Psoriasis and Dermatitis and Deep Learning,Multimodals | Sensors,Multimodals,https://github.com/Seong-Hyun-0224/mSpecFusion-Net,https://github.com/Seong-Hyun-0224/mSpecFusion-Net,code_url_field,repository_host_link,Published_papers/Multimodals/papers_links.csv,11,accessible,200,https://github.com/Seong-Hyun-0224/mSpecFusion-Net,2026-10-01T15:34:57+00:00,
https://papers.miccai.org/miccai-2026/0677-Paper2113.html,MSQG-3DNet: Multi-scale Token Selection with Query-Decoder and Gated Fusion for 3D Breast Tumor Classification,ultrasounds,ultrasounds,https://github.com/Ferry-Rain-Way/MSQG-3DNet,https://github.com/Ferry-Rain-Way/MSQG-3DNet,code_url_field,repository_host_link,Published_papers/ultrasounds/papers_links.csv,55,accessible,200,https://github.com/Ferry-Rain-Way/MSQG-3DNet,2026-10-01T15:34:57+00:00,
https://papers.miccai.org/miccai-2026/0678-Paper4140.html,MSS-Net: Learning Hierarchical Multi-scale and Multimodal Representations for Complex Cardiac Disease Classification,Physio-signals,Physio-signals,https://github.com/origami-one/MSS-Net,https://github.com/origami-one/MSS-Net,code_url_field,repository_host_link,Published_papers/Physio-signals/papers_links.csv,20,accessible,200,https://github.com/origami-one/MSS-Net,2026-10-01T15:34:57+00:00,
https://papers.miccai.org/miccai-2026/0679-Paper2771.html,MuellerPT: Decomposition Driven Pre-training for Dense Learning in Mueller Polarimetry,Others,Others,https://github.com/adamt222/MuellerPT,https://github.com/adamt222/MuellerPT,code_url_field,repository_host_link,Published_papers/Others/papers_links.csv,29,accessible,200,https://github.com/adamt222/MuellerPT,2026-10-01T15:34:57+00:00,
https://papers.miccai.org/miccai-2026/0680-Paper2376.html,Multi-agent Test-Time Adaptation for Robust Medical Image-to-Image Translation,CT-XRay | MRI,CT-XRay,https://github.com/arco-group/Multi-Agent-TTA,https://github.com/arco-group/Multi-Agent-TTA,code_url_field,repository_host_link,Published_papers/CT-XRay/papers_links.csv,224,accessible,200,https://github.com/arco-group/Multi-Agent-TTA,2026-10-01T15:34:57+00:00,
https://papers.miccai.org/miccai-2026/0681-Paper2169.html,Multi-Annotation Adaption: A Label-Informed Dynamic Framework for Medical Segmentation and Localization,Endoscopy | MRI,Endoscopy,https://github.com/fiy2W/MALFOY,https://github.com/fiy2W/MALFOY,code_url_field,repository_host_link,Published_papers/Endoscopy/papers_links.csv,44,accessible,200,https://github.com/fiy2W/MALFOY,2026-10-01T15:34:57+00:00,
https://papers.miccai.org/miccai-2026/0682-Paper0941.html,Multi-camera AR Guidance System for Surgical Instrument Handling and Assembly: Investigating Workload and Efficiency,Photo_video,Photo_video,,,none,no_listed_link,Published_papers/Photo_video/papers_links.csv,39,no_listed_link,,,,
https://papers.miccai.org/miccai-2026/0683-Paper5371.html,Multi-depth Rubidium PET Graph Neural Network for Major Adverse Cardiac Event Prediction,PET_SPECT,PET_SPECT,,,none,no_listed_link,Published_papers/PET_SPECT/papers_links.csv,7,no_listed_link,,,,
https://papers.miccai.org/miccai-2026/0684-Paper0417.html,Multi-Disease Diagnosis in Retinal Images via Patch-Level Reasoning and Selective Aggregation,Photo_video,Photo_video,https://github.com/davelailai/Multi-Disease-Diagnosis-in-Retinal-Images-via-Patch-Level-Reasoning-and-Selective-Aggregation.git,https://github.com/davelailai/Multi-Disease-Diagnosis-in-Retinal-Images-via-Patch-Level-Reasoning-and-Selective-Aggregation.git,code_url_field,repository_host_link,Published_papers/Photo_video/papers_links.csv,40,accessible,200,https://github.com/davelailai/Multi-Disease-Diagnosis-in-Retinal-Images-via-Patch-Level-Reasoning-and-Selective-Aggregation,2026-10-01T15:34:57+00:00,
https://papers.miccai.org/miccai-2026/0685-Paper4241.html,Multi-Expert Representation Learning with Dynamic Routing for Brain Captioning,Func_MRI,Func_MRI,,,none,no_listed_link,Published_papers/Func_MRI/papers_links.csv,26,no_listed_link,,,,
https://papers.miccai.org/miccai-2026/0686-Paper4278.html,Multi-frame Restoration for 10 Hz Lissajous Confocal Laser Endomicroscopy,Endoscopy | Microscopy,Endoscopy,,,none,no_listed_link,Published_papers/Endoscopy/papers_links.csv,45,no_listed_link,,,,
https://papers.miccai.org/miccai-2026/0687-Paper4058.html,Multi-Kernel Gated Decoder Adapters for Robust Multi-Task Thyroid Ultrasound under Cross-Center Shift,ultrasounds,ultrasounds,https://github.com/MaziarSabouri/MKGA,https://github.com/MaziarSabouri/MKGA,code_url_field,repository_host_link,Published_papers/ultrasounds/papers_links.csv,56,accessible,200,https://github.com/MaziarSabouri/MKGA,2026-10-01T15:34:57+00:00,
https://papers.miccai.org/miccai-2026/0688-Paper3586.html,Multilayer Modularity-Aware Graph Autoencoder for Detecting Subpopulation Community Structure in Dynamic Brain Networks,Func_MRI,Func_MRI,https://github.com/KaiJunSee/MMGAE,https://github.com/KaiJunSee/MMGAE,code_url_field,repository_host_link,Published_papers/Func_MRI/papers_links.csv,27,accessible,200,https://github.com/KaiJunSee/MMGAE,2026-10-01T15:34:57+00:00,
https://papers.miccai.org/miccai-2026/0689-Paper3491.html,Multimodal Contrastive Regression for Organ-Resolved Biological Age Prediction,EHR | MRI,EHR,https://github.com/lab-midas/multimodal-age,https://github.com/lab-midas/multimodal-age,code_url_field,repository_host_link,Published_papers/EHR/papers_links.csv,15,accessible,200,https://github.com/lab-midas/multimodal-age,2026-10-01T15:34:57+00:00,
https://papers.miccai.org/miccai-2026/0690-Paper1577.html,Multimodal Large Language Model-Driven Self-Verification Reasoning for Interpretable Diagnosis of Diffuse Cystic Lung Diseases,CT-XRay,CT-XRay,https://github.com/JQW2006/dcld-gsp-msvr,https://github.com/JQW2006/dcld-gsp-msvr,code_url_field,repository_host_link,Published_papers/CT-XRay/papers_links.csv,227,accessible,200,https://github.com/JQW2006/dcld-gsp-msvr,2026-10-01T15:34:58+00:00,
https://papers.miccai.org/miccai-2026/0691-Paper2543.html,Multimodal-Conditioned Flow Matching for Pathology Nuclei Data Augmentation,Histology,Histology,https://github.com/zhangyn1415/MMCFM-PNDA,https://github.com/zhangyn1415/MMCFM-PNDA,code_url_field,repository_host_link,Published_papers/Histology/papers_links.csv,66,accessible,200,https://github.com/zhangyn1415/MMCFM-PNDA,2026-10-01T15:34:58+00:00,
https://papers.miccai.org/miccai-2026/0692-Paper1983.html,Multi-parametric MRI for Contrast Agent Free Breast DCE-MRI Synthesis,MRI,MRI,https://github.com/minnelab/DCE-MRI-Syn,https://github.com/minnelab/DCE-MRI-Syn,code_url_field,repository_host_link,Published_papers/MRI/papers_links.csv,103,accessible,200,https://github.com/minnelab/DCE-MRI-Syn,2026-10-01T15:34:58+00:00,
https://papers.miccai.org/miccai-2026/0693-Paper3286.html,Multi-probe Trait–State Latent Modeling for Cross-Context Clinical Motor Assessment,Photo_video,Photo_video,,,none,no_listed_link,Published_papers/Photo_video/papers_links.csv,41,no_listed_link,,,,
https://papers.miccai.org/miccai-2026/0694-Paper1327.html,Multi-regional CT Radiomics Fusion to Quantify Pathology-Derived Pollutant Burden in Lung Cancer,CT-XRay | Histology,CT-XRay,,,none,no_listed_link,Published_papers/CT-XRay/papers_links.csv,225,no_listed_link,,,,
https://papers.miccai.org/miccai-2026/0695-Paper1557.html,Multi-scale Dual-domain Fusion-Based Spatio-Temporal Graph Learning for fNIRS Signal Classification,Physio-signals,Physio-signals,,https://github.com/astro1109/MsDFSTGL,abstract,repository_host_link,Published_papers/Physio-signals/papers_links.csv,21,accessible,200,https://github.com/astro1109/MsDFSTGL,2026-10-01T15:34:58+00:00,
https://papers.miccai.org/miccai-2026/0696-Paper2862.html,Multi-Stage Dilated Convolution-Mamba Network for Surgical Action Triplet Recognition,Endoscopy,Endoscopy,https://github.com/qikuo10/DCM-Net,https://github.com/qikuo10/DCM-Net,code_url_field,repository_host_link,Published_papers/Endoscopy/papers_links.csv,46,accessible,200,https://github.com/qikuo10/DCM-Net,2026-10-01T15:34:58+00:00,
https://papers.miccai.org/miccai-2026/0697-Paper5185.html,Multi-stage NeRF for Efficient 3D Coronary Artery Reconstruction from Two Narrow-Angle Angiographic Projections,CT-XRay,CT-XRay,https://github.com/MultiMeDIA-Oxford/NeCAPP,https://github.com/MultiMeDIA-Oxford/NeCAPP,code_url_field,repository_host_link,Published_papers/CT-XRay/papers_links.csv,226,accessible,200,https://github.com/MultiMeDIA-Oxford/NeCAPP,2026-10-01T15:34:58+00:00,
https://papers.miccai.org/miccai-2026/0698-Paper1627.html,Multi-view Consistency-Based Adaptation of SAM2 for 3D ABUS Tumor Segmentation,ultrasounds,ultrasounds,,,none,no_listed_link,Published_papers/ultrasounds/papers_links.csv,57,no_listed_link,,,,
https://papers.miccai.org/miccai-2026/0699-Paper0353.html,Mutual Distillation of Dual-Foundation Models for Semi-supervised PET/CT Segmentation,CT-XRay | PET_SPECT,CT-XRay,https://github.com/Wubeining/MuDuo,https://github.com/Wubeining/MuDuo,code_url_field,repository_host_link,Published_papers/CT-XRay/papers_links.csv,228,invalid_url,,https://github.com/Wubeining/MuDuo,2026-10-01T15:34:58+00:00,URL can't contain control characters. '/Wu\x02beining/MuDuo' (found at least '\x02')
https://papers.miccai.org/miccai-2026/0700-Paper5545.html,Mutually Promoted Medical Image Segmentation and Classification via Prompt-Driven Interaction,Others,Others,,,none,no_listed_link,Published_papers/Others/papers_links.csv,30,no_listed_link,,,,
https://papers.miccai.org/miccai-2026/0701-Paper5332.html,MUX-USCT: A Noise-Robust Neural Network for Ultrasound Computed Tomography,ultrasounds,ultrasounds,https://github.com/TheYuchen/mux-usct-miccai2026,https://github.com/TheYuchen/mux-usct-miccai2026,code_url_field,repository_host_link,Published_papers/ultrasounds/papers_links.csv,58,accessible,200,https://github.com/TheYuchen/mux-usct-miccai2026,2026-10-01T15:34:58+00:00,
https://papers.miccai.org/miccai-2026/0702-Paper1321.html,MVDA-Net: Multi-View Dual-Alignment Network for 3D Carotid Artery Segmentation,CT-XRay | MRI,CT-XRay,https://github.com/Vi-cai/MVDA-Net,https://github.com/Vi-cai/MVDA-Net,code_url_field,repository_host_link,Published_papers/CT-XRay/papers_links.csv,229,accessible,200,https://github.com/Vi-cai/MVDA-Net,2026-10-01T15:34:58+00:00,
https://papers.miccai.org/miccai-2026/0703-Paper0441.html,N6-TreeMamba: Radiology Knowledge-Guided 6-Neighborhood Tree Scanning for 3D MRI-Based Stroke Complication Prediction,MRI,MRI,https://anonymous.4open.science/r/N6Treemamba-925,https://anonymous.4open.science/r/N6Treemamba-925,code_url_field,anonymous_repository_link,Published_papers/MRI/papers_links.csv,104,accessible,200,https://anonymous.4open.science/r/N6Treemamba-925,2026-10-01T15:34:59+00:00,
https://papers.miccai.org/miccai-2026/0704-Paper0935.html,NASD-Diff: A Noise-Assisted Structural Difference Diffusion Model for CT Angiography Generation from NCCT,CT-XRay,CT-XRay,,,none,no_listed_link,Published_papers/CT-XRay/papers_links.csv,230,no_listed_link,,,,
https://papers.miccai.org/miccai-2026/0705-Paper0040.html,NEARL: Interacted Query Adaptation with Orthogonal Regularization for Medical Vision-Language Understanding,CT-XRay,CT-XRay,,,none,no_listed_link,Published_papers/CT-XRay/papers_links.csv,231,no_listed_link,,,,
https://papers.miccai.org/miccai-2026/0706-Paper2430.html,NeRD: Neuro-Symbolic Rule Distillation for Efficient Ontology-Grounded Chain-of-Thought in Medical Image Diagnosis,Microscopy,Microscopy,https://github.com/HongxiY/NeRD,https://github.com/HongxiY/NeRD,code_url_field,repository_host_link,Published_papers/Microscopy/papers_links.csv,27,accessible,200,https://github.com/HongxiY/NeRD,2026-10-01T15:34:59+00:00,
https://papers.miccai.org/miccai-2026/0707-Paper5888.html,NetCorr: A Resection-Induced Network Perturbation Framework for Predicting Seizure Freedom in Drug-Resistant Epilepsy,Physio-signals,Physio-signals,,,none,no_listed_link,Published_papers/Physio-signals/papers_links.csv,22,no_listed_link,,,,
https://papers.miccai.org/miccai-2026/0708-Paper3895.html,Network-Aware Bilinear Tokenization for Brain Functional Connectivity Representation Learning,Func_MRI,Func_MRI,https://github.com/leomlck/NERVE,https://github.com/leomlck/NERVE,code_url_field,repository_host_link,Published_papers/Func_MRI/papers_links.csv,28,accessible,200,https://github.com/leomlck/NERVE,2026-10-01T15:34:59+00:00,
https://papers.miccai.org/miccai-2026/0709-Paper1211.html,NeuroAlign: A Unified Plug-and-Play Enhancer for Visual and Linguistic Brain Decoding,Func_MRI,Func_MRI,https://github.com/LIJK20/NeuroAlign,https://github.com/LIJK20/NeuroAlign,code_url_field,repository_host_link,Published_papers/Func_MRI/papers_links.csv,29,accessible,200,https://github.com/LIJK20/NeuroAlign,2026-10-01T15:34:59+00:00,
https://papers.miccai.org/miccai-2026/0710-Paper0221.html,NeuroFlow: Manifold-Aware Topological Flow Matching for EEG Decoding,Physio-signals,Physio-signals,https://github.com/happyeverymoment/NeuroFlow,https://github.com/happyeverymoment/NeuroFlow,code_url_field,repository_host_link,Published_papers/Physio-signals/papers_links.csv,23,accessible,200,https://github.com/happyeverymoment/NeuroFlow,2026-10-01T15:34:59+00:00,
https://papers.miccai.org/miccai-2026/0711-Paper4295.html,NeuroSonic: Conditional Flow Matching for EEG-to-Speech Reconstruction,Physio-signals,Physio-signals,https://github.com/Y-Research-SBU/NeuroSonic,https://github.com/Y-Research-SBU/NeuroSonic,code_url_field,repository_host_link,Published_papers/Physio-signals/papers_links.csv,24,accessible,200,https://github.com/Y-Research-SBU/NeuroSonic,2026-10-01T15:34:59+00:00,
https://papers.miccai.org/miccai-2026/0712-Paper6461.html,NeuroSymb-MRG: Differentiable Abductive Reasoning with Active Uncertainty Minimization for Radiology Report Generation,CT-XRay,CT-XRay,,,none,no_listed_link,Published_papers/CT-XRay/papers_links.csv,232,no_listed_link,,,,
https://papers.miccai.org/miccai-2026/0713-Paper1665.html,NoiBox: Safeguard Frontier via Reverse Adversarial Diffusion for Noisy-Box-Supervised 3D Tumor Segmentation,CT-XRay,CT-XRay,,https://anonymous.4open.science/r/Noibox-0xAEE499A7,abstract,anonymous_repository_link,Published_papers/CT-XRay/papers_links.csv,233,accessible,200,https://anonymous.4open.science/r/Noibox-0xAEE499A7,2026-10-01T15:34:59+00:00,
https://papers.miccai.org/miccai-2026/0714-Paper2148.html,Noise-Aware Importance–Uncertainty Disentangled Multimodal Learning for Robust Cancer Survival Prediction,Histology,Histology,https://github.com/imicjs/NADMSurv,https://github.com/imicjs/NADMSurv,code_url_field,repository_host_link,Published_papers/Histology/papers_links.csv,67,accessible,200,https://github.com/imicjs/NADMSurv,2026-10-01T15:34:59+00:00,
https://papers.miccai.org/miccai-2026/0715-Paper5425.html,Non-intrusive Body Composition Assessment from Full-Body mmWave Scans,Others,Others,,,none,no_listed_link,Published_papers/Others/papers_links.csv,31,no_listed_link,,,,
https://papers.miccai.org/miccai-2026/0716-Paper5263.html,Non-linear INR-Based Motion Modeling for 4D Radiotherapy,CT-XRay,CT-XRay,https://github.com/IPMI-ICNS-UKE/INR-Motion-Modeling,https://github.com/IPMI-ICNS-UKE/INR-Motion-Modeling,code_url_field,repository_host_link,Published_papers/CT-XRay/papers_links.csv,234,accessible,200,https://github.com/IPMI-ICNS-UKE/INR-Motion-Modeling,2026-10-01T15:35:00+00:00,
https://papers.miccai.org/miccai-2026/0717-Paper2839.html,Non-parametric Prototypes Enable Semantic Graph Learning for Whole-Slide Pathology,Microscopy,Microscopy,,https://github.com/ECNU-MultiDimLab/ProtoSG-Net,abstract,repository_host_link,Published_papers/Microscopy/papers_links.csv,28,accessible,200,https://github.com/ECNU-MultiDimLab/ProtoSG-Net,2026-10-01T15:35:00+00:00,
https://papers.miccai.org/miccai-2026/0718-Paper6038.html,Non-Stationary Spectral State-Space Networks with Region-Wise Frequency Routing for Robust Fundus Vessel Segmentation,Spectroscopy,Spectroscopy,https://github.com/Thanaporn09/NS3Net.git,https://github.com/Thanaporn09/NS3Net.git,code_url_field,repository_host_link,Published_papers/Spectroscopy/papers_links.csv,3,accessible,200,https://github.com/Thanaporn09/NS3Net,2026-10-01T15:35:00+00:00,
https://papers.miccai.org/miccai-2026/0719-Paper3825.html,NR-Align: Non-rigid Alignment for Non-simultaneous Two-View 3D Coronary Reconstruction in Complex Cardiac Interventions,CT-XRay,CT-XRay,https://github.com/wpbzs/NR-Align,https://github.com/wpbzs/NR-Align,code_url_field,repository_host_link,Published_papers/CT-XRay/papers_links.csv,235,accessible,200,https://github.com/wpbzs/NR-Align,2026-10-01T15:35:00+00:00,
https://papers.miccai.org/miccai-2026/0720-Paper4999.html,NutriDiff: Phenotype-Consistent Diffusion Augmentation for Malnutrition Screening,Photo_video,Photo_video,,,none,no_listed_link,Published_papers/Photo_video/papers_links.csv,42,no_listed_link,,,,
https://papers.miccai.org/miccai-2026/0721-Paper4567.html,Occlusion-aware Disparity Estimation via Depth Prior Embedded Cost Volume for Stereo Endoscopic Images,Endoscopy,Endoscopy,,,none,no_listed_link,Published_papers/Endoscopy/papers_links.csv,47,no_listed_link,,,,
https://papers.miccai.org/miccai-2026/0722-Paper2089.html,"OCS-MAMBA: Object-Centric, Logic-Guided Approach for Surgical Action Understanding",Photo_video,Photo_video,https://anonymous.4open.science/r/OCS_MAMBA-D3AE,https://anonymous.4open.science/r/OCS_MAMBA-D3AE,code_url_field,anonymous_repository_link,Published_papers/Photo_video/papers_links.csv,43,accessible,200,https://anonymous.4open.science/r/OCS_MAMBA-D3AE,2026-10-01T15:35:00+00:00,
https://papers.miccai.org/miccai-2026/0723-Paper3020.html,Oculo: A Multilabel Dataset for the Identification of Ocular Abnormalities from Ultrasound Images,ultrasounds,ultrasounds,https://github.com/Sri-Kanchi-Kamakoti-Medical-Trust/Oculo,https://github.com/Sri-Kanchi-Kamakoti-Medical-Trust/Oculo,code_url_field,repository_host_link,Published_papers/ultrasounds/papers_links.csv,59,accessible,200,https://github.com/Sri-Kanchi-Kamakoti-Medical-Trust/Oculo,2026-10-01T15:35:00+00:00,
https://papers.miccai.org/miccai-2026/0724-Paper2428.html,Omni-Sleep: A Sleep Foundation Model via Hierarchical Contrastive Learning of CNS–ANS Dynamics,Physio-signals,Physio-signals,https://github.com/AutoBrain-sleep/OmniSleep,https://github.com/AutoBrain-sleep/OmniSleep,code_url_field,repository_host_link,Published_papers/Physio-signals/papers_links.csv,25,accessible,200,https://github.com/AutoBrain-sleep/OmniSleep,2026-10-01T15:35:00+00:00,
https://papers.miccai.org/miccai-2026/0725-Paper4416.html,On the Behavior of Calibration Error Under Rater Disagreement,CT-XRay,CT-XRay,https://github.com/whiterabbit-ai/calibration-under-rater-disagreement,https://github.com/whiterabbit-ai/calibration-under-rater-disagreement,code_url_field,repository_host_link,Published_papers/CT-XRay/papers_links.csv,236,accessible,200,https://github.com/whiterabbit-ai/calibration-under-rater-disagreement,2026-10-01T15:35:00+00:00,
https://papers.miccai.org/miccai-2026/0726-Paper4661.html,On the Robustness of Temporal Vision-Language Models for Surgical Endoscopy Videos,Endoscopy,Endoscopy,https://github.com/DarakshanRashid/RobustEndoCLIP,https://github.com/DarakshanRashid/RobustEndoCLIP,code_url_field,repository_host_link,Published_papers/Endoscopy/papers_links.csv,48,accessible,200,https://github.com/DarakshanRashid/RobustEndoCLIP,2026-10-01T15:35:01+00:00,
https://papers.miccai.org/miccai-2026/0727-Paper1360.html,One Sequence to Segment Them All: Efficient Data Augmentation for CT and MRI Cross-Domain 3D Spine Segmentation,CT-XRay | MRI,CT-XRay,https://github.com/neuropoly/AugLab,https://github.com/neuropoly/AugLab,code_url_field,repository_host_link,Published_papers/CT-XRay/papers_links.csv,237,accessible,200,https://github.com/neuropoly/SmaugLab,2026-10-01T15:35:01+00:00,
https://papers.miccai.org/miccai-2026/0728-Paper2859.html,Oneclass4ASD: Autism Spectrum Disorder Screening via One-class Classifier,Others,Others,https://github.com/chenf0613/OneClassForASD,https://github.com/chenf0613/OneClassForASD,code_url_field,repository_host_link,Published_papers/Others/papers_links.csv,32,accessible,200,https://github.com/chenf0613/OneClassForASD,2026-10-01T15:35:01+00:00,
https://papers.miccai.org/miccai-2026/0729-Paper3438.html,One-Shot Data Selection for Medical Image Classification via Graph Coverage,CT-XRay | Histology | Microscopy,CT-XRay,https://github.com/zahiriddin-rustamov/graph-coverage-selection,https://github.com/zahiriddin-rustamov/graph-coverage-selection,code_url_field,repository_host_link,Published_papers/CT-XRay/papers_links.csv,238,accessible,200,https://github.com/zahiriddin-rustamov/graph-coverage-selection,2026-10-01T15:35:01+00:00,
https://papers.miccai.org/miccai-2026/0730-Paper4033.html,On-Manifold Variational Learning with Heat-Kernel Priors,Computational_imagings | MRI,Computational_imagings,https://github.com/jr-xing/On-Manifold-Variational-Learning-with-Heat-Kernel-Priors,https://github.com/jr-xing/On-Manifold-Variational-Learning-with-Heat-Kernel-Priors,code_url_field,repository_host_link,Published_papers/Computational_imagings/papers_links.csv,12,accessible,200,https://github.com/jr-xing/On-Manifold-Variational-Learning-with-Heat-Kernel-Priors,2026-10-01T15:35:01+00:00,
https://papers.miccai.org/miccai-2026/0731-Paper0618.html,Ontology-Grounded Structured Prediction for Dental CBCT Reporting,CT-XRay,CT-XRay,https://github.com/AImageLab-zip/CBCT-Report,https://github.com/AImageLab-zip/CBCT-Report,code_url_field,repository_host_link,Published_papers/CT-XRay/papers_links.csv,239,accessible,200,https://github.com/AImageLab-zip/CBCT-Report,2026-10-01T15:35:01+00:00,
https://papers.miccai.org/miccai-2026/0732-Paper0763.html,Open World MRI Reconstruction with Bias-Calibrated Adaptation,MRI,MRI,,,none,no_listed_link,Published_papers/MRI/papers_links.csv,105,no_listed_link,,,,
https://papers.miccai.org/miccai-2026/0733-Paper2639.html,Open-PMC-18M: A High-Fidelity Large Scale Medical Dataset for Multimodal Representation Learning,CT-XRay | Histology | Microscopy | ultrasounds,CT-XRay,https://github.com/vectorInstitute/pmc-data-extraction,https://github.com/vectorInstitute/pmc-data-extraction,code_url_field,repository_host_link,Published_papers/CT-XRay/papers_links.csv,240,accessible,200,https://github.com/vectorInstitute/pmc-data-extraction,2026-10-01T15:35:01+00:00,
https://papers.miccai.org/miccai-2026/0734-Paper5978.html,OpenRC: An Open-Source Robotic Colonoscopy Framework for Multimodal Data Acquisition and Autonomy Research,Endoscopy | Multimodals | Robotics,Endoscopy,https://github.com/artslab2019/openrc-robotic-colonoscopy,https://github.com/artslab2019/openrc-robotic-colonoscopy,code_url_field,repository_host_link,Published_papers/Endoscopy/papers_links.csv,49,accessible,200,https://github.com/artslab2019/openrc-robotic-colonoscopy,2026-10-01T15:35:02+00:00,
https://papers.miccai.org/miccai-2026/0735-Paper0308.html,OPGAgent: An Agent for Auditable Dental Panoramic X-ray Interpretation,CT-XRay,CT-XRay,https://github.com/Zhaolin-Yu/OPGAgent,https://github.com/Zhaolin-Yu/OPGAgent,code_url_field,repository_host_link,Published_papers/CT-XRay/papers_links.csv,241,accessible,200,https://github.com/Zhaolin-Yu/OPGAgent,2026-10-01T15:35:02+00:00,
https://papers.miccai.org/miccai-2026/0737-Paper3631.html,Opportunistic Cardiac Health Assessment: Estimating Phenotypes from Localizer MRI Through Multi-modal Representations,MRI | Physio-signals,MRI,https://github.com/basrazey/C-TRIP,https://github.com/basrazey/C-TRIP,code_url_field,repository_host_link,Published_papers/MRI/papers_links.csv,106,accessible,200,https://github.com/basrazey/C-TRIP,2026-10-01T15:35:02+00:00,
https://papers.miccai.org/miccai-2026/0738-Paper0160.html,OPS: One-Shot Point Prompted Semantics-Aware Learning for Medical Image Registration,CT-XRay | MRI,CT-XRay,https://github.com/xiehousheng/OPS,https://github.com/xiehousheng/OPS,code_url_field,repository_host_link,Published_papers/CT-XRay/papers_links.csv,242,accessible,200,https://github.com/xiehousheng/OPS,2026-10-01T15:35:02+00:00,
https://papers.miccai.org/miccai-2026/0739-Paper3666.html,Optimal Steps for Fast Diffeomorphic Shape Registration,CT-XRay,CT-XRay,,,none,no_listed_link,Published_papers/CT-XRay/papers_links.csv,243,no_listed_link,,,,
https://papers.miccai.org/miccai-2026/0740-Paper3650.html,OPVD: On-Policy Chain-of-Visual-Thought Distillation for Medical Reasoning,Photo_video,Photo_video,,,none,no_listed_link,Published_papers/Photo_video/papers_links.csv,44,no_listed_link,,,,
https://papers.miccai.org/miccai-2026/0741-Paper4727.html,OR-Action: Multi-Role Video Understanding with Fine-Grained Actions,Photo_video,Photo_video,,,none,no_listed_link,Published_papers/Photo_video/papers_links.csv,45,no_listed_link,,,,
https://papers.miccai.org/miccai-2026/0742-Paper3874.html,Ordinal Diffusion Models for Color Fundus Images,Photo_video,Photo_video,https://github.com/berenslab/OrdinalDiffusionModels,https://github.com/berenslab/OrdinalDiffusionModels,code_url_field,repository_host_link,Published_papers/Photo_video/papers_links.csv,46,accessible,200,https://github.com/berenslab/OrdinalDiffusionModels,2026-10-01T15:35:02+00:00,
https://papers.miccai.org/miccai-2026/0743-Paper3291.html,Ordinal Priors for Colonoscopy Temporal Segmentation,Endoscopy,Endoscopy,https://github.com/jangbi1/OColT,https://github.com/jangbi1/OColT,code_url_field,repository_host_link,Published_papers/Endoscopy/papers_links.csv,50,accessible,200,https://github.com/jangbi1/OColT,2026-10-01T15:35:02+00:00,
https://papers.miccai.org/miccai-2026/0744-Paper2499.html,Organ-Invariant Tumor Representation Learning via Disentangled Adversarial MAE for Multi-organ Ultrasound Imaging,ultrasounds,ultrasounds,https://github.com/yXiangXiong/DA-MAE,https://github.com/yXiangXiong/DA-MAE,code_url_field,repository_host_link,Published_papers/ultrasounds/papers_links.csv,60,accessible,200,https://github.com/yXiangXiong/DA-MAE,2026-10-01T15:35:03+00:00,
https://papers.miccai.org/miccai-2026/0745-Paper2224.html,OrthoFlow: Decoupled Landmark Prediction and Image Synthesis for Orthodontic Treatment Outcome Visualization,CT-XRay,CT-XRay,https://github.com/ShanghaiTech-IMPACT/OrthoFlow,https://github.com/ShanghaiTech-IMPACT/OrthoFlow,code_url_field,repository_host_link,Published_papers/CT-XRay/papers_links.csv,244,accessible,200,https://github.com/ShanghaiTech-IMPACT/OrthoFlow,2026-10-01T15:35:03+00:00,
https://papers.miccai.org/miccai-2026/0746-Paper1814.html,OrthoMorphNet: Alignment-Guided Hierarchical Morphological Synthesis of Post-orthodontic Dentition and Gingiva,Others,Others,,,none,no_listed_link,Published_papers/Others/papers_links.csv,33,no_listed_link,,,,
https://papers.miccai.org/miccai-2026/0747-Paper2736.html,OSCAR: Occupancy-Based Shape Completion via Acoustic Neural Implicit Representations,ultrasounds,ultrasounds,https://github.com/magdalena-wysocki/Oscar,https://github.com/magdalena-wysocki/Oscar,code_url_field,repository_host_link,Published_papers/ultrasounds/papers_links.csv,61,accessible,200,https://github.com/magdalena-wysocki/Oscar,2026-10-01T15:35:03+00:00,
https://papers.miccai.org/miccai-2026/0748-Paper5704.html,OsteoFlow: Lyapunov-Guided Flow Distillation for Predicting Bone Remodeling after Mandibular Reconstruction,CT-XRay,CT-XRay,https://github.com/hamidreza-aftabi/OsteoFlow,https://github.com/hamidreza-aftabi/OsteoFlow,code_url_field,repository_host_link,Published_papers/CT-XRay/papers_links.csv,245,accessible,200,https://github.com/hamidreza-aftabi/OsteoFlow,2026-10-01T15:35:03+00:00,
https://papers.miccai.org/miccai-2026/0749-Paper4914.html,OTCHA: Optimal Transport-Driven Confidence-Aware Latent Hub Alignment for Multi-view Medical Image Classification,CT-XRay,CT-XRay,https://github.com/labhai/OTCHA,https://github.com/labhai/OTCHA,code_url_field,repository_host_link,Published_papers/CT-XRay/papers_links.csv,246,accessible,200,https://github.com/labhai/OTCHA,2026-10-01T15:35:03+00:00,
https://papers.miccai.org/miccai-2026/0750-Paper0555.html,OT-Coupled Flow: Towards Realistic TEE Simulation via Unpaired Cross-Modality Translation with Anatomical Consistency,Computational_imagings | Others | Robotics | ultrasounds,Computational_imagings,https://github.com/yunhaoli24/OTC-Flow,https://github.com/yunhaoli24/OTC-Flow,code_url_field,repository_host_link,Published_papers/Computational_imagings/papers_links.csv,13,accessible,200,https://github.com/yunhaoli24/OTC-Flow,2026-10-01T15:35:03+00:00,
https://papers.miccai.org/miccai-2026/0751-Paper2836.html,OTFusion: Optimal Transport-Driven 3D Multi-modal Medical Image Fusion for Enhanced Cross-Modality Representation,CT-XRay | Computational_imagings | MRI | Multimodals,CT-XRay,,,none,no_listed_link,Published_papers/CT-XRay/papers_links.csv,247,no_listed_link,,,,
https://papers.miccai.org/miccai-2026/0752-Paper1881.html,P2R-Net: Physics-to-Reality SM Calibration Network with Sparse Measurement Guidance for High-Precision MPI Reconstruction,Computational_imagings,Computational_imagings,https://github.com/lzclz/P2Rnet.git,https://github.com/lzclz/P2Rnet.git,code_url_field,repository_host_link,Published_papers/Computational_imagings/papers_links.csv,14,accessible,200,https://github.com/lzclz/P2Rnet,2026-10-01T15:35:04+00:00,
https://papers.miccai.org/miccai-2026/0753-Paper1582.html,PALETTE: Pathology-Aware Latent Embedding for Targeted Tissue Expression,Histology,Histology,,,none,no_listed_link,Published_papers/Histology/papers_links.csv,68,no_listed_link,,,,
https://papers.miccai.org/miccai-2026/0754-Paper1096.html,PancCADx: A Multimodal Framework for Pancreatic Cancer Diagnosis,Endoscopy | ultrasounds,Endoscopy,,,none,no_listed_link,Published_papers/Endoscopy/papers_links.csv,51,no_listed_link,,,,
https://papers.miccai.org/miccai-2026/0755-Paper1654.html,PANet: Probability-Anchored Network for Ultrasound Bone Segmentation,ultrasounds,ultrasounds,https://github.com/lihaowei1999/PANet-Probability-Anchored-Network-for-Ultrasound-Bone-Segmentation.git,https://github.com/lihaowei1999/PANet-Probability-Anchored-Network-for-Ultrasound-Bone-Segmentation.git,code_url_field,repository_host_link,Published_papers/ultrasounds/papers_links.csv,62,accessible,200,https://github.com/lihaowei1999/PANet-Probability-Anchored-Network-for-Ultrasound-Bone-Segmentation,2026-10-01T15:35:04+00:00,
https://papers.miccai.org/miccai-2026/0756-Paper4755.html,Parameter-Efficient Self-Supervised Adaptation for EEG-FM under Fixed Computational Budgets,Physio-signals,Physio-signals,https://github.com/c3n-group/efficient-eeg-adapt,https://github.com/c3n-group/efficient-eeg-adapt,code_url_field,repository_host_link,Published_papers/Physio-signals/papers_links.csv,26,accessible,200,https://github.com/c3n-group/efficient-eeg-adapt,2026-10-01T15:35:04+00:00,
https://papers.miccai.org/miccai-2026/0757-Paper6076.html,Patch-to-Global: Random Patch Diffusion for Globally Consistent Megapixel Artifact Inpainting in Whole Slide Images,Histology,Histology,https://github.com/PathfinderLab/RestorePath,https://github.com/PathfinderLab/RestorePath,code_url_field,repository_host_link,Published_papers/Histology/papers_links.csv,69,accessible,200,https://github.com/PathfinderLab/RestorePath,2026-10-01T15:35:04+00:00,
https://papers.miccai.org/miccai-2026/0758-Paper4588.html,Pathologist Attention–Aligned Report Generation for Prostate Histopathology,Histology,Histology,https://github.com/cvlab-stonybrook/Pathologist-Attention-Aligned-Report-Generation,https://github.com/cvlab-stonybrook/Pathologist-Attention-Aligned-Report-Generation,code_url_field,repository_host_link,Published_papers/Histology/papers_links.csv,70,accessible,200,https://github.com/cvlab-stonybrook/Pathologist-Attention-Aligned-Report-Generation,2026-10-01T15:35:04+00:00,
https://papers.miccai.org/miccai-2026/0759-Paper5198.html,PathoMamba: Piecewise-Diffeomorphic Registration via Stiffness-Modulated State Space Dynamics,MRI,MRI,,,none,no_listed_link,Published_papers/MRI/papers_links.csv,107,no_listed_link,,,,
https://papers.miccai.org/miccai-2026/0760-Paper5805.html,Patient-Conditioned Vision–Language Priors with Stable Mixture-of-Experts for Label-Efficient Alzheimer’s MRI Staging,MRI,MRI,https://github.com/dmlucky/Label-efficient-MoE,https://github.com/dmlucky/Label-efficient-MoE,code_url_field,repository_host_link,Published_papers/MRI/papers_links.csv,108,accessible,200,https://github.com/dmlucky/Label-efficient-MoE,2026-10-01T15:35:04+00:00,
https://papers.miccai.org/miccai-2026/0761-Paper0625.html,PAVL: Enhancing Feature Prototype Alignment with Vision–Language Model for Semi-supervised Medical Image Segmentation,CT-XRay,CT-XRay,,,none,no_listed_link,Published_papers/CT-XRay/papers_links.csv,248,no_listed_link,,,,
https://papers.miccai.org/miccai-2026/0762-Paper4084.html,PCRP: Progressive Coarse-to-Fine Refinement for Pathology Grounding,Histology,Histology,https://github.com/wuhengliangliang/PCRP,https://github.com/wuhengliangliang/PCRP,code_url_field,repository_host_link,Published_papers/Histology/papers_links.csv,71,not_publicly_accessible,404,https://github.com/wuhengliangliang/PCRP,2026-10-01T15:35:04+00:00,HTTP Error 404: Not Found
https://papers.miccai.org/miccai-2026/0763-Paper6555.html,PC-Seg: Progressive Cross-View Consistency for 3D OCT Segmentation from Sparse 2D Annotations,Others,Others,https://github.com/gsisaoki/pc-seg-official,https://github.com/gsisaoki/pc-seg-official,code_url_field,repository_host_link,Published_papers/Others/papers_links.csv,34,accessible,200,https://github.com/gsisaoki/pc-seg-official,2026-10-01T15:35:04+00:00,
https://papers.miccai.org/miccai-2026/0764-Paper6229.html,PC-VLG: Position-Correlated Vision–Language Graph Alignment for Semi-supervised Medical Image Segmentation,MRI,MRI,https://github.com/QLYCode/PC_VLG,https://github.com/QLYCode/PC_VLG,code_url_field,repository_host_link,Published_papers/MRI/papers_links.csv,109,accessible,200,https://github.com/QLYCode/PC_VLG,2026-10-01T15:35:04+00:00,
https://papers.miccai.org/miccai-2026/0765-Paper0989.html,Peeling an Onion: Layer-Wise Doppler-Backprojected Ultrasound Microvascular Vector Flow Imaging,ultrasounds,ultrasounds,,,none,no_listed_link,Published_papers/ultrasounds/papers_links.csv,63,no_listed_link,,,,
https://papers.miccai.org/miccai-2026/0766-Paper3855.html,Percept-Aware Surgical Planning for Visual Cortical Prostheses with Vascular Avoidance,Others | Robotics,Others,,,none,no_listed_link,Published_papers/Others/papers_links.csv,35,no_listed_link,,,,
https://papers.miccai.org/miccai-2026/0767-Paper1122.html,Perfusion Aware Infarct Core and Penumbra Segmentation on NCCT with Region Constraints,CT-XRay,CT-XRay,https://github.com/Zzz0251/COMPASS-Net,https://github.com/Zzz0251/COMPASS-Net,code_url_field,repository_host_link,Published_papers/CT-XRay/papers_links.csv,249,accessible,200,https://github.com/Zzz0251/COMPASS-Net,2026-10-01T15:35:04+00:00,
https://papers.miccai.org/miccai-2026/0768-Paper1581.html,PET-Adapter: Test-Time Domain Adaptation for Full and Limited-Angle PET Image Reconstruction,PET_SPECT,PET_SPECT,https://github.com/ruveydayilmaz0/PetAdapter,https://github.com/ruveydayilmaz0/PetAdapter,code_url_field,repository_host_link,Published_papers/PET_SPECT/papers_links.csv,8,accessible,200,https://github.com/ruveydayilmaz0/PetAdapter,2026-10-01T15:35:04+00:00,
https://papers.miccai.org/miccai-2026/0769-Paper0655.html,PETFlux: Taming Natural Foundation Models for Accurate MRI-to-PET Synthesis,MRI | PET_SPECT,MRI,https://github.com/qawozeixructyv/PETFlux-Taming-Natural-Foundation-Models-for-Accurate-MRI-to-PET-Synthesis,https://github.com/qawozeixructyv/PETFlux-Taming-Natural-Foundation-Models-for-Accurate-MRI-to-PET-Synthesis,code_url_field,repository_host_link,Published_papers/MRI/papers_links.csv,110,accessible,200,https://github.com/qawozeixructyv/PETFlux-Taming-Natural-Foundation-Models-for-Accurate-MRI-to-PET-Synthesis,2026-10-01T15:35:04+00:00,
https://papers.miccai.org/miccai-2026/0770-Paper3917.html,PhaseAT: Fourier Phase Adversarial Training for Medical Image Domain Generalization,Histology,Histology,https://github.com/ahmed-sharshar/PhaseAT,https://github.com/ahmed-sharshar/PhaseAT,code_url_field,repository_host_link,Published_papers/Histology/papers_links.csv,72,accessible,200,https://github.com/ahmed-sharshar/PhaseAT,2026-10-01T15:35:04+00:00,
https://papers.miccai.org/miccai-2026/0771-Paper4662.html,PhaseGen: A Diffusion-Based Approach for Complex-Valued MRI Data Generation,MRI,MRI,https://github.com/TIO-IKIM/PhaseGen,https://github.com/TIO-IKIM/PhaseGen,code_url_field,repository_host_link,Published_papers/MRI/papers_links.csv,111,accessible,200,https://github.com/TIO-IKIM/PhaseGen,2026-10-01T15:35:04+00:00,
https://papers.miccai.org/miccai-2026/0772-Paper1619.html,PhaseMamba: Two-Stage Learning from Short Clips to Full Procedures for Online Surgical Phase Recognition,Endoscopy,Endoscopy,,,none,no_listed_link,Published_papers/Endoscopy/papers_links.csv,52,no_listed_link,,,,
https://papers.miccai.org/miccai-2026/0773-Paper1942.html,PhyDiCT: Plug-and-Play CT Reconstruction from Sparse X-Rays via Differentiable Rendering and Strong Priors,CT-XRay | Computational_imagings,CT-XRay,https://github.com/batmanlab/PhyDiCT,https://github.com/batmanlab/PhyDiCT,code_url_field,repository_host_link,Published_papers/CT-XRay/papers_links.csv,250,accessible,200,https://github.com/batmanlab/PhyDiCT,2026-10-01T15:35:04+00:00,
https://papers.miccai.org/miccai-2026/0774-Paper0017.html,PhyRadGS: Physics-Aware Radiative Gaussian Splatting for Fly-Scanning CBCT Reconstruction,CT-XRay | Computational_imagings,CT-XRay,https://github.com/liaw05/PhyRadGS,https://github.com/liaw05/PhyRadGS,code_url_field,repository_host_link,Published_papers/CT-XRay/papers_links.csv,251,accessible,200,https://github.com/liaw05/PhyRadGS,2026-10-01T15:35:05+00:00,
https://papers.miccai.org/miccai-2026/0775-Paper0756.html,Physical-Driven Unified Implicit Regularization Network with Scan Parameter Prompts for Accelerated Multi-parametric MR Imaging,MRI,MRI,https://github.com/xjtuMIMILAB/PDUIR-Net,https://github.com/xjtuMIMILAB/PDUIR-Net,code_url_field,repository_host_link,Published_papers/MRI/papers_links.csv,112,accessible,200,https://github.com/xjtuMIMILAB/PDUIR-Net,2026-10-01T15:35:05+00:00,
https://papers.miccai.org/miccai-2026/0776-Paper2423.html,Physics-Based iOCT Sonification for Real-Time Interaction Awareness in Subretinal Injection,Others,Others,https://github.com/luisdavid64/ioct-subretinal-sonification,https://github.com/luisdavid64/ioct-subretinal-sonification,code_url_field,repository_host_link,Published_papers/Others/papers_links.csv,36,accessible,200,https://github.com/luisdavid64/ioct-subretinal-sonification,2026-10-01T15:35:05+00:00,
https://papers.miccai.org/miccai-2026/0777-Paper3538.html,Physics-Driven Cold Diffusion with Severity-Aware Sampling and Adaptive Degradation Estimation for MRI Motion Artifact Removal,MRI,MRI,,,none,no_listed_link,Published_papers/MRI/papers_links.csv,113,no_listed_link,,,,
https://papers.miccai.org/miccai-2026/0778-Paper1322.html,Physics-Grounded Weakly Supervised Histopathological Tissue Segmentation via Frozen Tri-Domain Prototypes,Histology,Histology,https://github.com/zsyUp/PhysPro,https://github.com/zsyUp/PhysPro,code_url_field,repository_host_link,Published_papers/Histology/papers_links.csv,73,accessible,200,https://github.com/zsyUp/PhysPro,2026-10-01T15:35:05+00:00,
https://papers.miccai.org/miccai-2026/0779-Paper4252.html,Physics-Informed Surrogate Model Using Graph Neural Network for Cardiac Electrophysiology,Physio-signals,Physio-signals,,,none,no_listed_link,Published_papers/Physio-signals/papers_links.csv,27,no_listed_link,,,,
https://papers.miccai.org/miccai-2026/0780-Paper2583.html,Physics-Inspired Continuous Transformer for Fast QDSA Reconstruction,CT-XRay,CT-XRay,https://github.com/LY-SUSTech/PIC-Former.git,https://github.com/LY-SUSTech/PIC-Former.git,code_url_field,repository_host_link,Published_papers/CT-XRay/papers_links.csv,252,accessible,200,https://github.com/LY-SUSTech/PIC-Former,2026-10-01T15:35:05+00:00,
https://papers.miccai.org/miccai-2026/0781-Paper1526.html,Physio-Anatomical Prior-Guided Probabilistic Field Learning for Ultrasound-Based Neuro-Fascial Interface Landmark Localization,ultrasounds,ultrasounds,,,none,no_listed_link,Published_papers/ultrasounds/papers_links.csv,64,no_listed_link,,,,
https://papers.miccai.org/miccai-2026/0782-Paper0977.html,Physiologically Consistent Missing Channel Reconstruction and Cascaded MoE for Impairment Categorization from Visual Electrophysiological Signals,Physio-signals,Physio-signals,,,none,no_listed_link,Published_papers/Physio-signals/papers_links.csv,28,no_listed_link,,,,
https://papers.miccai.org/miccai-2026/0783-Paper0066.html,Physiology and Anatomy Aware Inverse Inference of Myocardial Infarction for Cardiac Digital Twin,MRI | Physio-signals,MRI,https://github.com/WangMengxiao319/PAA-Net-Cardiac-Digital-Twin,https://github.com/WangMengxiao319/PAA-Net-Cardiac-Digital-Twin,code_url_field,repository_host_link,Published_papers/MRI/papers_links.csv,114,accessible,200,https://github.com/WangMengxiao319/PAA-Net-Cardiac-Digital-Twin,2026-10-01T15:35:05+00:00,
https://papers.miccai.org/miccai-2026/0784-Paper1443.html,Physiology-Aligned Hierarchical Network for Heart Murmur Detection,Physio-signals,Physio-signals,,,none,no_listed_link,Published_papers/Physio-signals/papers_links.csv,29,no_listed_link,,,,
https://papers.miccai.org/miccai-2026/0785-Paper2264.html,Physiology-Guided Cross-View Spatial-Temporal Aligning for Early Prediction of pCR in Breast Cancer from Longitudinal Multimodal MRI,MRI,MRI,https://github.com/Anchor-Li/CALM,https://github.com/Anchor-Li/CALM,code_url_field,repository_host_link,Published_papers/MRI/papers_links.csv,115,accessible,200,https://github.com/Anchor-Li/CALM,2026-10-01T15:35:05+00:00,
https://papers.miccai.org/miccai-2026/0786-Paper2002.html,PhysioSplat: Physics-Informed Dynamic Gaussian Splatting for Surgical Scene Reconstruction,Endoscopy,Endoscopy,https://github.com/hritam-98/physiosplat,https://github.com/hritam-98/physiosplat,code_url_field,repository_host_link,Published_papers/Endoscopy/papers_links.csv,53,accessible,200,https://github.com/hritam-98/physiosplat,2026-10-01T15:35:06+00:00,
https://papers.miccai.org/miccai-2026/0787-Paper1750.html,PhysOCT: Physics-Guided Retinal Modeling for OCT Image Synthesis,Others,Others,https://github.com/Terrific0723/PhysOCT,https://github.com/Terrific0723/PhysOCT,code_url_field,repository_host_link,Published_papers/Others/papers_links.csv,37,accessible,200,https://github.com/Terrific0723/PhysOCT,2026-10-01T15:35:06+00:00,
https://papers.miccai.org/miccai-2026/0788-Paper6349.html,PICA: Physics-Guided Implicit Neural Fields with Boundary Conditioning for Intracranial Aneurysm Hemodynamics,CT-XRay,CT-XRay,,,none,no_listed_link,Published_papers/CT-XRay/papers_links.csv,253,no_listed_link,,,,
https://papers.miccai.org/miccai-2026/0789-Paper1880.html,Piecewise Dynamic Diffusion Regularization for Reconstruction of Cardiac Cine MRI,MRI,MRI,https://github.com/MLI-lab/pddr,https://github.com/MLI-lab/pddr,code_url_field,repository_host_link,Published_papers/MRI/papers_links.csv,116,accessible,200,https://github.com/MLI-lab/pddr,2026-10-01T15:35:06+00:00,
https://papers.miccai.org/miccai-2026/0790-Paper4108.html,PiMoE: Physics-Informed Mixture-of-Experts for Accelerated MRI Reconstruction,MRI,MRI,,,none,no_listed_link,Published_papers/MRI/papers_links.csv,117,no_listed_link,,,,
https://papers.miccai.org/miccai-2026/0791-Paper1824.html,PINet: A Multimodal Network for Pontine Infarction Segmentation and Early Neurological Deterioration Prediction,Func_MRI | MRI | Photo_video,Func_MRI,https://github.com/LDS151/PINet,https://github.com/LDS151/PINet,code_url_field,repository_host_link,Published_papers/Func_MRI/papers_links.csv,30,not_publicly_accessible,404,https://github.com/LDS151/PINet,2026-10-01T15:35:06+00:00,HTTP Error 404: Not Found
https://papers.miccai.org/miccai-2026/0792-Paper1982.html,PINNOCHIO: Physics-Informed Neural Network for Coupled Hyperelastic Interface-Volume Simulation in Orthognathic Surgery,CT-XRay | Photo_video,CT-XRay,https://github.com/RPIDIAL/PINNOCHIO,https://github.com/RPIDIAL/PINNOCHIO,code_url_field,repository_host_link,Published_papers/CT-XRay/papers_links.csv,254,accessible,200,https://github.com/RPIDIAL/PINNOCHIO,2026-10-01T15:35:06+00:00,
https://papers.miccai.org/miccai-2026/0793-Paper0971.html,Pix2Rep-v2: Data-Efficient Representation Learning for Dense Medical Imaging Applications,MRI,MRI,https://github.com/BioMedTP/pix2rep-v2,https://github.com/BioMedTP/pix2rep-v2,code_url_field,repository_host_link,Published_papers/MRI/papers_links.csv,118,accessible,200,https://github.com/BioMedTP/pix2rep-v2,2026-10-01T15:35:06+00:00,
https://papers.miccai.org/miccai-2026/0794-Paper0966.html,PlaneCycle: Training-Free 2D-to-3D Lifting of Foundation Models Without Adapters,CT-XRay | MRI | Microscopy,CT-XRay,https://github.com/HINTLab/PlaneCycle,https://github.com/HINTLab/PlaneCycle,code_url_field,repository_host_link,Published_papers/CT-XRay/papers_links.csv,255,accessible,200,https://github.com/HINTLab/PlaneCycle,2026-10-01T15:35:07+00:00,
https://papers.miccai.org/miccai-2026/0795-Paper2220.html,Plane-Wise Retrieval Memory and Structural Evidence Fusion for Tetralogy of Fallot Video Diagnosis,ultrasounds,ultrasounds,,,none,no_listed_link,Published_papers/ultrasounds/papers_links.csv,65,no_listed_link,,,,
https://papers.miccai.org/miccai-2026/0796-Paper5166.html,Planning the Perfect Burn: Multi-objective PSO for Multi-needle Thermal Ablation,CT-XRay,CT-XRay,,,none,no_listed_link,Published_papers/CT-XRay/papers_links.csv,256,no_listed_link,,,,
https://papers.miccai.org/miccai-2026/0797-Paper3172.html,PoCoLT: Position-Aware Cross-Modal Learning with LLM-Decoupled Hierarchical Reports for TMD Diagnosis,MRI,MRI,,,none,no_listed_link,Published_papers/MRI/papers_links.csv,119,no_listed_link,,,,
https://papers.miccai.org/miccai-2026/0798-Paper4342.html,PolypSteer: Counterfactual Endoscopic Synthesis via Training-Free Activation Steering,Endoscopy,Endoscopy,https://github.com/UARK-AICV/PolypSteer,https://github.com/UARK-AICV/PolypSteer,code_url_field,repository_host_link,Published_papers/Endoscopy/papers_links.csv,54,accessible,200,https://github.com/UARK-AICV/PolypSteer,2026-10-01T15:35:07+00:00,
https://papers.miccai.org/miccai-2026/0799-Paper2461.html,PoseBridgeNet: Learning a Pose-Evolving Schrödinger Bridge for Multi-Organs Segmentation in Prenatal Volumetric Ultrasound,ultrasounds,ultrasounds,https://github.com/GanSusan/PoseBridgeNet.git.,https://github.com/GanSusan/PoseBridgeNet.git.,code_url_field,repository_host_link,Published_papers/ultrasounds/papers_links.csv,66,not_publicly_accessible,404,https://github.com/GanSusan/PoseBridgeNet.git.,2026-10-01T15:35:07+00:00,HTTP Error 404: Not Found
https://papers.miccai.org/miccai-2026/0800-Paper0366.html,Positive Semi-definite Group-Aware Instance Disentangled Learning for WSI Representation,Histology,Histology,https://github.com/Prince-Lee-PathAI/PG-CIDL,https://github.com/Prince-Lee-PathAI/PG-CIDL,code_url_field,repository_host_link,Published_papers/Histology/papers_links.csv,74,accessible,200,https://github.com/Prince-Lee-PathAI/PG-CIDL,2026-10-01T15:35:07+00:00,
https://papers.miccai.org/miccai-2026/0801-Paper4053.html,Posterior-Aware Motor Phenotyping with Multimodal Imaging Validation in Parkinson’s Disease,EHR | Multimodals,EHR,https://github.com/CVC-Lab/posterior-aware-pd-phenotyping,https://github.com/CVC-Lab/posterior-aware-pd-phenotyping,code_url_field,repository_host_link,Published_papers/EHR/papers_links.csv,16,accessible,200,https://github.com/CVC-Lab/posterior-aware-pd-phenotyping,2026-10-01T15:35:07+00:00,
https://papers.miccai.org/miccai-2026/0802-Paper0801.html,POT-SAM3: Prompt-Only Tuning for One-Shot Electron Microscopy Segmentation,Microscopy,Microscopy,https://github.com/AI4MyBUPT/POT-SAM3,https://github.com/AI4MyBUPT/POT-SAM3,code_url_field,repository_host_link,Published_papers/Microscopy/papers_links.csv,29,accessible,200,https://github.com/AI4MyBUPT/POT-SAM3,2026-10-01T15:35:07+00:00,
https://papers.miccai.org/miccai-2026/0803-Paper0712.html,PRA-PoE: Robust Multimodal Alzheimer’s Disease Classification under Arbitrary Modality Missingness,MRI | PET_SPECT,MRI,https://github.com/SDH-Lab/PRA-PoE,https://github.com/SDH-Lab/PRA-PoE,code_url_field,repository_host_link,Published_papers/MRI/papers_links.csv,120,accessible,200,https://github.com/SDH-Lab/PRA-PoE,2026-10-01T15:35:07+00:00,
https://papers.miccai.org/miccai-2026/0804-Paper4076.html,Precision Recall Controllable Radiology Report Generation via Hybrid Natural Language and Clinical Reward Learning,CT-XRay,CT-XRay,https://github.com/98lingchen/MICCAI2026/,https://github.com/98lingchen/MICCAI2026/,code_url_field,repository_host_link,Published_papers/CT-XRay/papers_links.csv,257,accessible,200,https://github.com/98lingchen/MICCAI2026/,2026-10-01T15:35:07+00:00,
https://papers.miccai.org/miccai-2026/0805-Paper1535.html,Predicting Radiologist Expertise from 3D Gaze Patterns During CT Interpretation,CT-XRay,CT-XRay,https://github.com/leiluk1/GazeToSkill,https://github.com/leiluk1/GazeToSkill,code_url_field,repository_host_link,Published_papers/CT-XRay/papers_links.csv,258,accessible,200,https://github.com/leiluk1/GazeToSkill,2026-10-01T15:35:07+00:00,
https://papers.miccai.org/miccai-2026/0806-Paper4830.html,Preoperative Simulation of Personalized Breast Reconstruction via Implant Prior Controllable Diffusion,CT-XRay,CT-XRay,https://github.com/wangyz0915/DiffuBreast/,https://github.com/wangyz0915/DiffuBreast/,code_url_field,repository_host_link,Published_papers/CT-XRay/papers_links.csv,259,accessible,200,https://github.com/wangyz0915/DiffuBreast/,2026-10-01T15:35:08+00:00,
https://papers.miccai.org/miccai-2026/0807-Paper4746.html,Pressure-Tuned Auditor for Sycophancy-Resistant Breast Ultrasound VLM Diagnosis,ultrasounds,ultrasounds,,,none,no_listed_link,Published_papers/ultrasounds/papers_links.csv,67,no_listed_link,,,,
https://papers.miccai.org/miccai-2026/0808-Paper5999.html,PriLoRA: Prior-Conditioned Low-Rank Adapters for Medical Vision Models,CT-XRay,CT-XRay,https://github.com/xmindflow/PriLoRA,https://github.com/xmindflow/PriLoRA,code_url_field,repository_host_link,Published_papers/CT-XRay/papers_links.csv,260,accessible,200,https://github.com/xmindflow/PriLoRA,2026-10-01T15:35:08+00:00,
https://papers.miccai.org/miccai-2026/0809-Paper2990.html,Prior-Anchored Debiasing for Long-Tailed Multi-Organ Pathology Report Generation,Histology,Histology,,,none,no_listed_link,Published_papers/Histology/papers_links.csv,75,no_listed_link,,,,
https://papers.miccai.org/miccai-2026/0810-Paper1534.html,Prior-Guided Hierarchical Vector Quantized-VAE for Digital Subtraction Angiography Generation,CT-XRay,CT-XRay,,,none,no_listed_link,Published_papers/CT-XRay/papers_links.csv,261,no_listed_link,,,,
https://papers.miccai.org/miccai-2026/0811-Paper5506.html,PRISM: Differentiable Analysis-by-Synthesis for Fixel Recovery in Diffusion MRI,Diffusion-MRI,Diffusion-MRI,https://github.com/m-agour/Prism,https://github.com/m-agour/Prism,code_url_field,repository_host_link,Published_papers/Diffusion-MRI/papers_links.csv,17,accessible,200,https://github.com/m-agour/Prism,2026-10-01T15:35:08+00:00,
https://papers.miccai.org/miccai-2026/0812-Paper2957.html,Privacy-Preserving Video-Based Facial Palsy Recognition via Dynamic Facial Action Modeling,Photo_video,Photo_video,https://github.com/ChangYuance/DP-Face,https://github.com/ChangYuance/DP-Face,code_url_field,repository_host_link,Published_papers/Photo_video/papers_links.csv,47,accessible,200,https://github.com/ChangYuance/DP-Face,2026-10-01T15:35:08+00:00,
https://papers.miccai.org/miccai-2026/0813-Paper3642.html,Proactive Domain Unification for Robust Echocardiography Segmentation,ultrasounds,ultrasounds,https://github.com/PXinTao/PDU,https://github.com/PXinTao/PDU,code_url_field,repository_host_link,Published_papers/ultrasounds/papers_links.csv,68,accessible,200,https://github.com/PXinTao/PDU,2026-10-01T15:35:08+00:00,
https://papers.miccai.org/miccai-2026/0814-Paper5829.html,Probabilistic Multi-rater Segmentation via Style-Aware Boundary Conditioning,CT-XRay | Endoscopy,CT-XRay,https://github.com/sanazkarimi/style-aware,https://github.com/sanazkarimi/style-aware,code_url_field,repository_host_link,Published_papers/CT-XRay/papers_links.csv,262,accessible,200,https://github.com/sanazkarimi/style-aware,2026-10-01T15:35:09+00:00,
https://papers.miccai.org/miccai-2026/0815-Paper3535.html,Probe-EM: Targeted Neuron Tracing via Training-Free Semantic Verification,Microscopy,Microscopy,https://github.com/HeadLiuYun/Probe-EM,https://github.com/HeadLiuYun/Probe-EM,code_url_field,repository_host_link,Published_papers/Microscopy/papers_links.csv,30,accessible,200,https://github.com/HeadLiuYun/Probe-EM,2026-10-01T15:35:09+00:00,
https://papers.miccai.org/miccai-2026/0816-Paper3365.html,Progressive Self-supervised Learning with Individualized Community Assignment for Brain Network Analysis,Func_MRI,Func_MRI,https://github.com/Hrychen7/BrainPICM,https://github.com/Hrychen7/BrainPICM,code_url_field,repository_host_link,Published_papers/Func_MRI/papers_links.csv,31,accessible,200,https://github.com/Hrychen7/BrainPICM,2026-10-01T15:35:09+00:00,
https://papers.miccai.org/miccai-2026/0817-Paper1724.html,ProMoE-FL: Prototype-conditioned Mixture of Experts for Multimodal Federated Learning with Missing Modalities,CT-XRay,CT-XRay,https://github.com/bhattarailab/ProMoE-FL,https://github.com/bhattarailab/ProMoE-FL,code_url_field,repository_host_link,Published_papers/CT-XRay/papers_links.csv,263,accessible,200,https://github.com/bhattarailab/ProMoE-FL,2026-10-01T15:35:09+00:00,
https://papers.miccai.org/miccai-2026/0818-Paper5623.html,Prompt and Probe: Data-Efficient Adaptation of Black-Box Foundation Models via Unified Active Visual Prompting,Others,Others,,,none,no_listed_link,Published_papers/Others/papers_links.csv,38,no_listed_link,,,,
https://papers.miccai.org/miccai-2026/0819-Paper5066.html,Prompt Group-Aware Training for Robust Text-Guided Nuclei Segmentation,Histology,Histology,https://github.com/yonghongwu/sam3po,https://github.com/yonghongwu/sam3po,code_url_field,repository_host_link,Published_papers/Histology/papers_links.csv,76,accessible,200,https://github.com/yonghongwu/sam3po,2026-10-01T15:35:09+00:00,
https://papers.miccai.org/miccai-2026/0820-Paper5058.html,PromptGate: Client-Adaptive Vision–Language Gating for Open-Set Federated Active Learning,CT-XRay | Others | Sensors,CT-XRay,https://github.com/albarqounilab/promptgate,https://github.com/albarqounilab/promptgate,code_url_field,repository_host_link,Published_papers/CT-XRay/papers_links.csv,264,accessible,200,https://github.com/albarqounilab/promptgate,2026-10-01T15:35:09+00:00,
https://papers.miccai.org/miccai-2026/0821-Paper4691.html,PromptMedCT: A Training-Free LLM-Guided Framework for Volumetric CT Data Realization with Quantifiable Disease Manifestations and Multi-Tier Annotations,CT-XRay,CT-XRay,https://github.com/Owais-CodeHub/PromptMedCT,https://github.com/Owais-CodeHub/PromptMedCT,code_url_field,repository_host_link,Published_papers/CT-XRay/papers_links.csv,265,not_publicly_accessible,404,https://github.com/Owais-CodeHub/PromptMedCT,2026-10-01T15:35:09+00:00,HTTP Error 404: Not Found
https://papers.miccai.org/miccai-2026/0822-Paper1951.html,Propagating Structural Guidance: Synthesizing Fluorescein Angiography from Fundus Images and Sparse OCT Scans,Multimodals,Multimodals,https://github.com/while-plus/OCT-guide-FFA-Syn,https://github.com/while-plus/OCT-guide-FFA-Syn,code_url_field,repository_host_link,Published_papers/Multimodals/papers_links.csv,12,accessible,200,https://github.com/while-plus/OCT-guide-FFA-Syn,2026-10-01T15:35:09+00:00,
https://papers.miccai.org/miccai-2026/0823-Paper5245.html,ProSMA-UNet: Decoder Conditioning for Proximal-Sparse Skip Feature Selection,CT-XRay | ultrasounds,CT-XRay,,,none,no_listed_link,Published_papers/CT-XRay/papers_links.csv,266,no_listed_link,,,,
https://papers.miccai.org/miccai-2026/0824-Paper4942.html,ProSyn-Net: A Reliable Prototypical Synergy Network for Imbalanced Dermatologic Multimodal Ultrasound Diagnosis,ultrasounds,ultrasounds,https://github.com/EdualcLin/ProSyn-Net,https://github.com/EdualcLin/ProSyn-Net,code_url_field,repository_host_link,Published_papers/ultrasounds/papers_links.csv,69,accessible,200,https://github.com/EdualcLin/ProSyn-Net,2026-10-01T15:35:09+00:00,
https://papers.miccai.org/miccai-2026/0825-Paper3429.html,Proto-CAP: Prototype Memory Fusion and Curriculum-Adaptive Loss for Pediatric Myopia Visual Question Answering,Others,Others,https://github.com/PixelOptic-Dev/Proto-CAP,https://github.com/PixelOptic-Dev/Proto-CAP,code_url_field,repository_host_link,Published_papers/Others/papers_links.csv,39,accessible,200,https://github.com/PixelOptic-Dev/Proto-CAP,2026-10-01T15:35:10+00:00,
https://papers.miccai.org/miccai-2026/0826-Paper4796.html,Protocol-Manifold Coverage Learning (PMCL): Source-Free Active Adaptation for Multi-Center Nasopharyngeal Carcinoma MRI Segmentation,MRI,MRI,https://github.com/seatrees104/PMCL2026,https://github.com/seatrees104/PMCL2026,code_url_field,repository_host_link,Published_papers/MRI/papers_links.csv,121,accessible,200,https://github.com/seatrees104/PMCL2026,2026-10-01T15:35:10+00:00,
https://papers.miccai.org/miccai-2026/0827-Paper4773.html,PROTON: Prototype-Based Test-Time Online OOD Detection for Medical VLMs,Multimodals,Multimodals,,,none,no_listed_link,Published_papers/Multimodals/papers_links.csv,13,no_listed_link,,,,
https://papers.miccai.org/miccai-2026/0828-Paper0875.html,ProtoReg: Prototype Guidance and Dual-Level Uncertainty-Weighted Consistency for Semi-supervised Pulmonary Perfusion Regression,CT-XRay | PET_SPECT,CT-XRay,https://github.com/johnhamtom/ProtoReg_main,https://github.com/johnhamtom/ProtoReg_main,code_url_field,repository_host_link,Published_papers/CT-XRay/papers_links.csv,267,accessible,200,https://github.com/johnhamtom/ProtoReg_main,2026-10-01T15:35:10+00:00,
https://papers.miccai.org/miccai-2026/0829-Paper0426.html,Prototype Instance-Semantic Disentanglement with Low-Rank Regularized Subspace Clustering for WSIs Explainable Recognition,Histology,Histology,https://github.com/Prince-Lee-PathAI/PID-LRSC,https://github.com/Prince-Lee-PathAI/PID-LRSC,code_url_field,repository_host_link,Published_papers/Histology/papers_links.csv,77,accessible,200,https://github.com/Prince-Lee-PathAI/PID-LRSC,2026-10-01T15:35:10+00:00,
https://papers.miccai.org/miccai-2026/0830-Paper1688.html,Prototype Learning for Visual Field Estimation from Fundus Photography in High Myopia,Others,Others,https://github.com/OptometryAI/ProtoVF,https://github.com/OptometryAI/ProtoVF,code_url_field,repository_host_link,Published_papers/Others/papers_links.csv,40,accessible,200,https://github.com/OptometryAI/ProtoVF,2026-10-01T15:35:10+00:00,
https://papers.miccai.org/miccai-2026/0831-Paper1851.html,Prototype Memory-Guided Training-Free Anomaly Classification and Localization in Prenatal Ultrasound,ultrasounds,ultrasounds,https://github.com/LL-AC/TFF,https://github.com/LL-AC/TFF,code_url_field,repository_host_link,Published_papers/ultrasounds/papers_links.csv,70,accessible,200,https://github.com/LL-AC/TFF,2026-10-01T15:35:10+00:00,
https://papers.miccai.org/miccai-2026/0832-Paper1889.html,Prototype-based Physiological Transfer Enables NCCT-only Hyperacute Stroke Tissue-Window Segmentation Under Missing Perfusion,CT-XRay,CT-XRay,https://github.com/CUHK-BMEAI/ProPhyT,https://github.com/CUHK-BMEAI/ProPhyT,code_url_field,repository_host_link,Published_papers/CT-XRay/papers_links.csv,268,accessible,200,https://github.com/CUHK-BMEAI/ProPhyT,2026-10-01T15:35:10+00:00,
https://papers.miccai.org/miccai-2026/0833-Paper0275.html,Prototype-Driven Robust Domain Generalization in Corneal Endothelial Cell Segmentation,Microscopy,Microscopy,,,none,no_listed_link,Published_papers/Microscopy/papers_links.csv,31,no_listed_link,,,,
https://papers.miccai.org/miccai-2026/0834-Paper4314.html,Proxy-CAC: Learning Coronary Calcium Segmentation from Volume-Level Scores,CT-XRay,CT-XRay,,,none,no_listed_link,Published_papers/CT-XRay/papers_links.csv,269,no_listed_link,,,,
https://papers.miccai.org/miccai-2026/0835-Paper0846.html,PseudoRET: A General Retinal Segmentation Framework with Multi-target Pseudo Embeddings,Photo_video,Photo_video,https://github.com/Wzhjerry/PseudoRET,https://github.com/Wzhjerry/PseudoRET,code_url_field,repository_host_link,Published_papers/Photo_video/papers_links.csv,48,accessible,200,https://github.com/Wzhjerry/PseudoRET,2026-10-01T15:35:11+00:00,
https://papers.miccai.org/miccai-2026/0836-Paper1456.html,PSP: Harnessing Position and Shape Priors for Cross-Domain Few-Shot Medical Image Segmentation,CT-XRay | MRI,CT-XRay,https://github.com/xubin471/PSP,https://github.com/xubin471/PSP,code_url_field,repository_host_link,Published_papers/CT-XRay/papers_links.csv,270,accessible,200,https://github.com/xubin471/PSP,2026-10-01T15:35:11+00:00,
https://papers.miccai.org/miccai-2026/0837-Paper5113.html,Pulmonary Embolism Risk Stratification from CTPA and Medical Records: Vascular Graphs Are Not All You Need,CT-XRay | EHR,CT-XRay,https://github.com/creatis-myriad/GENESIS,https://github.com/creatis-myriad/GENESIS,code_url_field,repository_host_link,Published_papers/CT-XRay/papers_links.csv,271,accessible,200,https://github.com/creatis-myriad/GENESIS,2026-10-01T15:35:11+00:00,
https://papers.miccai.org/miccai-2026/0838-Paper1286.html,QCAgent: An Agentic Framework for Quality-Controllable Pathology Report Generation from Whole Slide Image,Histology,Histology,https://github.com/cs-w0r1d/qcagent,https://github.com/cs-w0r1d/qcagent,code_url_field,repository_host_link,Published_papers/Histology/papers_links.csv,78,accessible,200,https://github.com/cs-w0r1d/qcagent,2026-10-01T15:35:11+00:00,
https://papers.miccai.org/miccai-2026/0839-Paper3611.html,QG-MIL: A Gated Transformer Aggregator for Domain-Agnostic Multiple Instance Learning in Medical Imaging,Histology,Histology,https://github.com/unica-visual-intelligence-lab/QG-MIL,https://github.com/unica-visual-intelligence-lab/QG-MIL,code_url_field,repository_host_link,Published_papers/Histology/papers_links.csv,79,accessible,200,https://github.com/unica-visual-intelligence-lab/QG-MIL,2026-10-01T15:35:11+00:00,
https://papers.miccai.org/miccai-2026/0840-Paper4232.html,Quality-Guided Semi-supervised Learning for Medical Image Segmentation,Photo_video,Photo_video,https://github.com/sfu-mial/QG-SSL,https://github.com/sfu-mial/QG-SSL,code_url_field,repository_host_link,Published_papers/Photo_video/papers_links.csv,49,accessible,200,https://github.com/sfu-mial/QG-SSL,2026-10-01T15:35:11+00:00,
https://papers.miccai.org/miccai-2026/0841-Paper6617.html,Quantification of 3D Musculoskeletal CT Image-Based Biomarkers in the Lumbar Spine: Application in Metastatic Prostate Cancer,CT-XRay,CT-XRay,,,none,no_listed_link,Published_papers/CT-XRay/papers_links.csv,272,no_listed_link,,,,
https://papers.miccai.org/miccai-2026/0842-Paper3376.html,Quantification of Uncertainty with Adversarial Models in Medical Image Segmentation,MRI | Photo_video,MRI,https://github.com/HanaJebril/quam_sm,https://github.com/HanaJebril/quam_sm,code_url_field,repository_host_link,Published_papers/MRI/papers_links.csv,122,accessible,200,https://github.com/HanaJebril/quam_sm,2026-10-01T15:35:11+00:00,
https://papers.miccai.org/miccai-2026/0843-Paper4233.html,"Quantify, Collect, and Correct: Evidence-Driven Multi-agent Framework for Critical Evidence Refinement in Emergency Rooms",EHR | Others,EHR,https://github.com/HaoyuCao/QCC_MAS,https://github.com/HaoyuCao/QCC_MAS,code_url_field,repository_host_link,Published_papers/EHR/papers_links.csv,17,accessible,200,https://github.com/HaoyuCao/QCC_MAS,2026-10-01T15:35:11+00:00,
https://papers.miccai.org/miccai-2026/0844-Paper1813.html,Question-Driven Decision Tree via Knowledge Distillation for Interpretable Prediction,Photo_video,Photo_video,,,none,no_listed_link,Published_papers/Photo_video/papers_links.csv,50,no_listed_link,,,,
https://papers.miccai.org/miccai-2026/0845-Paper2360.html,R2P-SAM: Root-to-Prompt Hair Instance Segmentation with Geometric Priors under Point Supervision,Microscopy,Microscopy,https://github.com/YYleafsheep/R2P-SAM,https://github.com/YYleafsheep/R2P-SAM,code_url_field,repository_host_link,Published_papers/Microscopy/papers_links.csv,32,accessible,200,https://github.com/YYleafsheep/R2P-SAM,2026-10-01T15:35:12+00:00,
https://papers.miccai.org/miccai-2026/0846-Paper2740.html,RACA: Rule-Aligned Collaborative Agents for Evidence-Grounded Breast Ultrasound Classification,ultrasounds,ultrasounds,https://github.com/Swecamellia/RACA,https://github.com/Swecamellia/RACA,code_url_field,repository_host_link,Published_papers/ultrasounds/papers_links.csv,71,accessible,200,https://github.com/Swecamellia/RACA,2026-10-01T15:35:12+00:00,
https://papers.miccai.org/miccai-2026/0847-Paper5740.html,RADAR: A Multimodal Benchmark for 3D Image-Based Radiology Report Review,CT-XRay,CT-XRay,https://github.com/GeraldSun/RADAR,https://github.com/GeraldSun/RADAR,code_url_field,repository_host_link,Published_papers/CT-XRay/papers_links.csv,273,accessible,200,https://github.com/GeraldSun/RADAR,2026-10-01T15:35:12+00:00,
https://papers.miccai.org/miccai-2026/0848-Paper1791.html,RadHiera: Semantic Hierarchical Reinforcement Learning for Medical Report Generation,CT-XRay,CT-XRay,https://github.com/xmed-lab/RadHiera,https://github.com/xmed-lab/RadHiera,code_url_field,repository_host_link,Published_papers/CT-XRay/papers_links.csv,274,accessible,200,https://github.com/xmed-lab/RadHiera,2026-10-01T15:35:12+00:00,
https://papers.miccai.org/miccai-2026/0849-Paper2094.html,RADIANT-PET: Reasoning-Augmented PET/CT Lesion Segmentation with Large Language Models and Reinforcement Learning,PET_SPECT,PET_SPECT,https://github.com/jwang-580/RADIANT-PET,https://github.com/jwang-580/RADIANT-PET,code_url_field,repository_host_link,Published_papers/PET_SPECT/papers_links.csv,9,accessible,200,https://github.com/jwang-580/RADIANT-PET,2026-10-01T15:35:12+00:00,
https://papers.miccai.org/miccai-2026/0850-Paper4714.html,Radiogenomics-Driven Hierarchical Multimodal Stacking for Non-invasive Triage of High-Risk PKD1-Truncating Genotypes in ADPKD,MRI,MRI,,,none,no_listed_link,Published_papers/MRI/papers_links.csv,124,no_listed_link,,,,
https://papers.miccai.org/miccai-2026/0851-Paper2420.html,RaD-Seg: Region-Aware Disentangled Learning for Plan-Guided Longitudinal Tumor Segmentation in Head-and-Neck Adaptive Radiotherapy,MRI,MRI,,,none,no_listed_link,Published_papers/MRI/papers_links.csv,123,no_listed_link,,,,
https://papers.miccai.org/miccai-2026/0852-Paper3168.html,RadSLDP: Selective Local Differential Privacy for Radiology Vision-Language Models,CT-XRay,CT-XRay,https://github.com/Epiphany625/RadSLDP,https://github.com/Epiphany625/RadSLDP,code_url_field,repository_host_link,Published_papers/CT-XRay/papers_links.csv,275,accessible,200,https://github.com/Epiphany625/RadSLDP,2026-10-01T15:35:12+00:00,
https://papers.miccai.org/miccai-2026/0853-Paper1120.html,RaLMPH: Reliability-Aware Learning for Multi-Pathologist Harmonization in Whole-Slide Image Classification,Histology,Histology,,,none,no_listed_link,Published_papers/Histology/papers_links.csv,80,no_listed_link,,,,
https://papers.miccai.org/miccai-2026/0854-Paper5091.html,RAM-Missing: Retrieval-Augmented Missing-Aware Fusion for Robust Lung Cancer Subtyping,CT-XRay | Histology | Multimodals,CT-XRay,https://github.com/Flliin/RAMMissing,https://github.com/Flliin/RAMMissing,code_url_field,repository_host_link,Published_papers/CT-XRay/papers_links.csv,276,accessible,200,https://github.com/Flliin/RAMMissing,2026-10-01T15:35:12+00:00,
https://papers.miccai.org/miccai-2026/0855-Paper1391.html,RAPO: Risk-Aware Anatomical Prior Optimization via Reinforcement Learning for CAC Detection in Rheumatoid Arthritis,CT-XRay,CT-XRay,https://github.com/Jiashu-Xu/RAPO,https://github.com/Jiashu-Xu/RAPO,code_url_field,repository_host_link,Published_papers/CT-XRay/papers_links.csv,277,accessible,200,https://github.com/Jiashu-Xu/RAPO,2026-10-01T15:35:12+00:00,
https://papers.miccai.org/miccai-2026/0856-Paper1264.html,RareGCD: Toward Rare Disease Discovery via Generalized Category Discovery,CT-XRay | Histology,CT-XRay,https://github.com/myyy777/RareGCD,https://github.com/myyy777/RareGCD,code_url_field,repository_host_link,Published_papers/CT-XRay/papers_links.csv,278,accessible,200,https://github.com/myyy777/RareGCD,2026-10-01T15:35:13+00:00,
https://papers.miccai.org/miccai-2026/0857-Paper4703.html,RASP: Bridging the Long-Tail Gap in Surgical Video Understanding via Retrieval-Augmented Perception,Endoscopy,Endoscopy,https://github.com/yuxiangluo-ops/RASP,https://github.com/yuxiangluo-ops/RASP,code_url_field,repository_host_link,Published_papers/Endoscopy/papers_links.csv,55,accessible,200,https://github.com/yuxiangluo-ops/RASP,2026-10-01T15:35:13+00:00,
https://papers.miccai.org/miccai-2026/0858-Paper0427.html,RatSeizure: A Benchmark and Saliency-Context Transformer for Rat Seizure Localization,Photo_video,Photo_video,https://github.com/UA-CVML/RatSeizure,https://github.com/UA-CVML/RatSeizure,code_url_field,repository_host_link,Published_papers/Photo_video/papers_links.csv,52,accessible,200,https://github.com/UA-CVML/RatSeizure,2026-10-01T15:35:13+00:00,
https://papers.miccai.org/miccai-2026/0859-Paper2147.html,RDE-Seg: Role-Disentangled Experts with Residual Routing and Anatomy Constraints for DSA Guidewire Segmentation,CT-XRay,CT-XRay,https://github.com/singer502/RDE-Seg,https://github.com/singer502/RDE-Seg,code_url_field,repository_host_link,Published_papers/CT-XRay/papers_links.csv,279,accessible,200,https://github.com/singer502/RDE-Seg,2026-10-01T15:35:13+00:00,
https://papers.miccai.org/miccai-2026/0860-Paper5386.html,Really Need Recursion? Revisiting One-Pass Registration with Multi-Level Multi-Space Contextual Guidance,MRI,MRI,,,none,no_listed_link,Published_papers/MRI/papers_links.csv,125,no_listed_link,,,,
https://papers.miccai.org/miccai-2026/0861-Paper6213.html,Real-Time 6D Ultrasound Probe Pose Tracking in Freehand Scanning,ultrasounds,ultrasounds,,,none,no_listed_link,Published_papers/ultrasounds/papers_links.csv,72,no_listed_link,,,,
https://papers.miccai.org/miccai-2026/0862-Paper2888.html,Real-Time Hardware-Free HIFU Interference Suppression via Teacher-Student Diffusion Framework,ultrasounds,ultrasounds,https://github.com/caidejia/HIFU-mHC-Diff,https://github.com/caidejia/HIFU-mHC-Diff,code_url_field,repository_host_link,Published_papers/ultrasounds/papers_links.csv,73,accessible,200,https://github.com/caidejia/HIFU-mHC-Diff,2026-10-01T15:35:13+00:00,
https://papers.miccai.org/miccai-2026/0863-Paper6181.html,Real-Time Prediction of Impending Severe Fetal Distress Using Deep Learning on Fetal Heart Rate Monitoring,Physio-signals,Physio-signals,,,none,no_listed_link,Published_papers/Physio-signals/papers_links.csv,30,no_listed_link,,,,
https://papers.miccai.org/miccai-2026/0864-Paper3993.html,Reasoning Text-to-Video Retrieval for Operating Room Clips via Action-Driven Digital Twins,Others,Others,,https://anonymous.4open.science/r/OR3-FAEC/,abstract,anonymous_repository_link,Published_papers/Others/papers_links.csv,41,accessible,200,https://anonymous.4open.science/r/OR3-FAEC/,2026-10-01T15:35:13+00:00,
https://papers.miccai.org/miccai-2026/0865-Paper6450.html,Reasoning Trace Divergence: An Empirical Signal for Trustworthy Black-Box MLLMs in Histopathology Classification,Histology,Histology,https://github.com/anastlibr99/reasoning-trace-divergence-blackbox-mllms-histopath,https://github.com/anastlibr99/reasoning-trace-divergence-blackbox-mllms-histopath,code_url_field,repository_host_link,Published_papers/Histology/papers_links.csv,81,accessible,200,https://github.com/anastlibr99/reasoning-trace-divergence-blackbox-mllms-histopath,2026-10-01T15:35:13+00:00,
https://papers.miccai.org/miccai-2026/0866-Paper1142.html,Reconstructing Isotropic 3D Cervical MRI from Anisotropic Clinical Scans via Anatomy-Style Decoupled INRs,MRI,MRI,https://github.com/zhibaishouheilab/JointSR,https://github.com/zhibaishouheilab/JointSR,code_url_field,repository_host_link,Published_papers/MRI/papers_links.csv,126,accessible,200,https://github.com/zhibaishouheilab/JointSR,2026-10-01T15:35:14+00:00,
https://papers.miccai.org/miccai-2026/0867-Paper2677.html,"Recover Semantics First, Generate Better: Improved Latent Modeling for 3D MRI Reconstruction and Cross-Contrast Synthesis",MRI,MRI,https://github.com/script-Yang/RSF,https://github.com/script-Yang/RSF,code_url_field,repository_host_link,Published_papers/MRI/papers_links.csv,127,accessible,200,https://github.com/script-Yang/RSF,2026-10-01T15:35:14+00:00,
https://papers.miccai.org/miccai-2026/0868-Paper5257.html,ReDIVE: A Two-Stage Hybrid Network for Keratitis Diagnosis via Retinex-based Enhancement and Depth-Informed Vertical Embedding,Microscopy,Microscopy,,,none,no_listed_link,Published_papers/Microscopy/papers_links.csv,33,no_listed_link,,,,
https://papers.miccai.org/miccai-2026/0869-Paper5035.html,Reducing Expert Annotation Effort for CTA Vessel Delineation with Synthetic Pretraining,CT-XRay,CT-XRay,,,none,no_listed_link,Published_papers/CT-XRay/papers_links.csv,280,no_listed_link,,,,
https://papers.miccai.org/miccai-2026/0870-Paper0566.html,Reference-Guided Gradient Balancing Loss for Long-Tailed Multi-label Medical Image Classification,CT-XRay,CT-XRay,https://github.com/xup6YJ/RGB-Loss,https://github.com/xup6YJ/RGB-Loss,code_url_field,repository_host_link,Published_papers/CT-XRay/papers_links.csv,281,accessible,200,https://github.com/xup6YJ/RGB-Loss,2026-10-01T15:35:14+00:00,
https://papers.miccai.org/miccai-2026/0871-Paper0740.html,Refining 3D Medical Segmentation with Verbal Instruction,MRI | Others,MRI,https://github.com/HINTLab/CowTalk,https://github.com/HINTLab/CowTalk,code_url_field,repository_host_link,Published_papers/MRI/papers_links.csv,128,accessible,200,https://github.com/HINTLab/CowTalk,2026-10-01T15:35:14+00:00,
https://papers.miccai.org/miccai-2026/0872-Paper1715.html,Reformulating Chest X-Ray Report Generation as Fine-Grained Visual Question Answering with Structured Clinical Report Templates,CT-XRay,CT-XRay,,,none,no_listed_link,Published_papers/CT-XRay/papers_links.csv,282,no_listed_link,,,,
https://papers.miccai.org/miccai-2026/0873-Paper1612.html,RefTr: Recurrent Refinement of Confluent Trajectories for 3D Tubular Tree Centerlines,CT-XRay,CT-XRay,https://github.com/RomStriker/RefTr,https://github.com/RomStriker/RefTr,code_url_field,repository_host_link,Published_papers/CT-XRay/papers_links.csv,283,accessible,200,https://github.com/RomStriker/RefTr,2026-10-01T15:35:14+00:00,
https://papers.miccai.org/miccai-2026/0874-Paper1506.html,Reliability-Aware Cross-Prompt Aggregation for Propagation-Based Segmentation of Arbitrary 3D Medical Objects,CT-XRay,CT-XRay,,,none,no_listed_link,Published_papers/CT-XRay/papers_links.csv,284,no_listed_link,,,,
https://papers.miccai.org/miccai-2026/0875-Paper1855.html,ReLiF-3D: Prior-Guided Semi-supervised 3D MRI Segmentation via Robust Bias-Consistent Paired Views,MRI,MRI,https://github.com/kunaljangid01/ReLiF_3D,https://github.com/kunaljangid01/ReLiF_3D,code_url_field,repository_host_link,Published_papers/MRI/papers_links.csv,129,accessible,200,https://github.com/kunaljangid01/ReLiF_3D,2026-10-01T15:35:14+00:00,
https://papers.miccai.org/miccai-2026/0876-Paper5016.html,ReMeDI: Refined Memory for Disambiguation of Identities with SAM3 in Surgical Segmentation,Endoscopy,Endoscopy,https://github.com/cgtuebingen/remedi-sam3,https://github.com/cgtuebingen/remedi-sam3,code_url_field,repository_host_link,Published_papers/Endoscopy/papers_links.csv,56,accessible,200,https://github.com/cgtuebingen/remedi-sam3,2026-10-01T15:35:14+00:00,
https://papers.miccai.org/miccai-2026/0877-Paper3998.html,Remixing Embeddings for Patient Augmentation in Data Scarce Multiple Instance Learning,Histology | Others,Histology,https://github.com/marrlab/RECIPE,https://github.com/marrlab/RECIPE,code_url_field,repository_host_link,Published_papers/Histology/papers_links.csv,82,accessible,200,https://github.com/marrlab/RECIPE,2026-10-01T15:35:14+00:00,
https://papers.miccai.org/miccai-2026/0878-Paper2915.html,ReMiX-Seg: Latent Modality Completion Meets Expert Routing for Robust Glioma Segmentation,MRI,MRI,https://github.com/highquanglity/ReMiX-Seg,https://github.com/highquanglity/ReMiX-Seg,code_url_field,repository_host_link,Published_papers/MRI/papers_links.csv,130,accessible,200,https://github.com/highquanglity/ReMiX-Seg,2026-10-01T15:35:14+00:00,
https://papers.miccai.org/miccai-2026/0879-Paper2090.html,RePCM: Region-Specific and Phenotype-Adaptive Bi-ventricular Cardiac Motion Synthesis,MRI,MRI,https://github.com/yangxuan-nus/RePCM,https://github.com/yangxuan-nus/RePCM,code_url_field,repository_host_link,Published_papers/MRI/papers_links.csv,131,accessible,200,https://github.com/yangxuan-nus/RePCM,2026-10-01T15:35:15+00:00,
https://papers.miccai.org/miccai-2026/0880-Paper0852.html,ReportX: The BraTS Clinical Report Dataset,MRI,MRI,https://github.com/AImageLab-zip/ReportX,https://github.com/AImageLab-zip/ReportX,code_url_field,repository_host_link,Published_papers/MRI/papers_links.csv,132,accessible,200,https://github.com/AImageLab-zip/ReportX,2026-10-01T15:35:15+00:00,
https://papers.miccai.org/miccai-2026/0881-Paper0399.html,Representation Learning with Distance-Residualized Functional Connectivity for Cortical Parcellation from rs-fMRI,Func_MRI,Func_MRI,,,none,no_listed_link,Published_papers/Func_MRI/papers_links.csv,32,no_listed_link,,,,
https://papers.miccai.org/miccai-2026/0882-Paper5128.html,ReScan-IA: A Spatially-Adaptive Diffusion Framework for Controllable 3D Intracranial Aneurysm Inpainting,CT-XRay,CT-XRay,https://github.com/9xEzreaL/ReScan-IA,https://github.com/9xEzreaL/ReScan-IA,code_url_field,repository_host_link,Published_papers/CT-XRay/papers_links.csv,285,accessible,200,https://github.com/9xEzreaL/ReScan-IA,2026-10-01T15:35:15+00:00,
https://papers.miccai.org/miccai-2026/0883-Paper6182.html,Research Design Considerations for Empirical User Studies in MICCAI,Others,Others,,,none,no_listed_link,Published_papers/Others/papers_links.csv,42,no_listed_link,,,,
https://papers.miccai.org/miccai-2026/0884-Paper3942.html,Residual Diffusion Bridge in Wavelet Space for Medical Image Translation,MRI,MRI,https://github.com/xiao9672/RDBWS.git,https://github.com/xiao9672/RDBWS.git,code_url_field,repository_host_link,Published_papers/MRI/papers_links.csv,133,accessible,200,https://github.com/xiao9672/RDBWS,2026-10-01T15:35:15+00:00,
https://papers.miccai.org/miccai-2026/0885-Paper1766.html,Residual-Aware Structured Pruning with Dual-Stream Alignment for Adapter-Tuned SAM,MRI,MRI,,,none,no_listed_link,Published_papers/MRI/papers_links.csv,134,no_listed_link,,,,
https://papers.miccai.org/miccai-2026/0886-Paper1434.html,Resolution-Conditioned Representation Learning for Unified Brain MRI Modeling,MRI,MRI,,,none,no_listed_link,Published_papers/MRI/papers_links.csv,135,no_listed_link,,,,
https://papers.miccai.org/miccai-2026/0887-Paper1583.html,Response-Aware Multimodal Learning for Post-treatment Visual Acuity Forecasting,EHR | Photo_video,EHR,https://github.com/nguyenpbui/ReVA,https://github.com/nguyenpbui/ReVA,code_url_field,repository_host_link,Published_papers/EHR/papers_links.csv,18,accessible,200,https://github.com/nguyenpbui/ReVA,2026-10-01T15:35:15+00:00,
https://papers.miccai.org/miccai-2026/0888-Paper2424.html,Rest2Visual: Predicting Visually Evoked fMRI from Resting-State Scans,Computational_imagings | Func_MRI,Computational_imagings,,,none,no_listed_link,Published_papers/Computational_imagings/papers_links.csv,15,no_listed_link,,,,
https://papers.miccai.org/miccai-2026/0889-Paper3169.html,Rethinking RAG: Mitigating Text-Driven Hallucinations via Feature-Level Retrieval Integration in Medical LVLMs,CT-XRay,CT-XRay,,,none,no_listed_link,Published_papers/CT-XRay/papers_links.csv,286,no_listed_link,,,,
https://papers.miccai.org/miccai-2026/0890-Paper0247.html,Rethinking the Adaptation of Vision Foundation Models for Efficient Cell Segmentation,Microscopy,Microscopy,https://github.com/xq141839/EffiCell-Seg,https://github.com/xq141839/EffiCell-Seg,code_url_field,repository_host_link,Published_papers/Microscopy/papers_links.csv,34,accessible,200,https://github.com/xq141839/EffiCell-Seg,2026-10-01T15:35:15+00:00,
https://papers.miccai.org/miccai-2026/0891-Paper2826.html,Retinopathy of Prematurity Staging via Prototype-Evidential Learning,Photo_video,Photo_video,,,none,no_listed_link,Published_papers/Photo_video/papers_links.csv,53,no_listed_link,,,,
https://papers.miccai.org/miccai-2026/0892-Paper1917.html,Retrieval-Augmented Anatomical Guidance for Text-to-CT Generation,CT-XRay,CT-XRay,https://github.com/arco-group/RAGText2CT,https://github.com/arco-group/RAGText2CT,code_url_field,repository_host_link,Published_papers/CT-XRay/papers_links.csv,287,accessible,200,https://github.com/arco-group/RAGText2CT,2026-10-01T15:35:15+00:00,
https://papers.miccai.org/miccai-2026/0893-Paper2015.html,Retrieval-Based Mixture-of-Experts for Patient-Specific Cancer Survival Prediction with Incomplete Multimodal Data,Histology | Others,Histology,,,none,no_listed_link,Published_papers/Histology/papers_links.csv,83,no_listed_link,,,,
https://papers.miccai.org/miccai-2026/0894-Paper1631.html,Retrieval-Guided Semi-supervised Federated Learning for Medical Image Segmentation,Endoscopy,Endoscopy,,,none,no_listed_link,Published_papers/Endoscopy/papers_links.csv,57,no_listed_link,,,,
https://papers.miccai.org/miccai-2026/0895-Paper2649.html,REVEAL++: Differentiable Phenotypic Grouping for Vision–Language Retinal Modeling of Alzheimer’s Disease Risk,Others | Photo_video,Others,https://github.com/lab-smile/REVEALPP,https://github.com/lab-smile/REVEALPP,code_url_field,repository_host_link,Published_papers/Others/papers_links.csv,43,accessible,200,https://github.com/lab-smile/REVEALPP,2026-10-01T15:35:16+00:00,
https://papers.miccai.org/miccai-2026/0896-Paper3515.html,Revisiting Integration of Image and Metadata for DICOM Series Classification: Cross-Attention and Dictionary Learning,MRI,MRI,https://github.com/MatthiasLen/img-meta-cls,https://github.com/MatthiasLen/img-meta-cls,code_url_field,repository_host_link,Published_papers/MRI/papers_links.csv,136,accessible,200,https://github.com/MatthiasLen/img-meta-cls,2026-10-01T15:35:16+00:00,
https://papers.miccai.org/miccai-2026/0897-Paper1020.html,Reward-Guided Distillation: A Progressive Pseudo-Bag Purification Framework for WSI Multiple Instance Learning,Histology,Histology,https://github.com/PS-zhang/RGSM,https://github.com/PS-zhang/RGSM,code_url_field,repository_host_link,Published_papers/Histology/papers_links.csv,84,accessible,200,https://github.com/PS-zhang/RGSM,2026-10-01T15:35:19+00:00,
https://papers.miccai.org/miccai-2026/0898-Paper1392.html,Riemannian Batch Normalization on Correlation Manifolds for EEG Decoding,Physio-signals,Physio-signals,https://github.com/JiaruiYang-AI/CorBN,https://github.com/JiaruiYang-AI/CorBN,code_url_field,repository_host_link,Published_papers/Physio-signals/papers_links.csv,31,accessible,200,https://github.com/JiaruiYang-AI/CorBN,2026-10-01T15:35:20+00:00,
https://papers.miccai.org/miccai-2026/0899-Paper3813.html,"Right Answer, Wrong Evidence: Revealing Visual Confabulation in Multi-Image Medical VLMs with the Evidence Attribution Score",CT-XRay | MRI | Photo_video,CT-XRay,https://github.com/chidwipak/eas-medical-vlm,https://github.com/chidwipak/eas-medical-vlm,code_url_field,repository_host_link,Published_papers/CT-XRay/papers_links.csv,288,accessible,200,https://github.com/chidwipak/eas-medical-vlm,2026-10-01T15:35:20+00:00,
https://papers.miccai.org/miccai-2026/0900-Paper2933.html,R-MSA: Rhythm-Conditioned Surgical Video Skill Assessment via Morphology Synchronization and Uncertainty Calibration,Photo_video | Robotics,Photo_video,https://github.com/DeDe5333/R-MSA,https://github.com/DeDe5333/R-MSA,code_url_field,repository_host_link,Published_papers/Photo_video/papers_links.csv,51,accessible,200,https://github.com/DeDe5333/R-MSA,2026-10-01T15:35:20+00:00,
https://papers.miccai.org/miccai-2026/0901-Paper5031.html,Robotic Ultrasound Makes CBCT Alive,Robotics | ultrasounds,Robotics,https://github.com/ziyuan-li/robotic-us-cbct-updating,https://github.com/ziyuan-li/robotic-us-cbct-updating,code_url_field,repository_host_link,Published_papers/Robotics/papers_links.csv,4,accessible,200,https://github.com/ziyuan-li/robotic-us-cbct-updating,2026-10-01T15:35:20+00:00,
https://papers.miccai.org/miccai-2026/0902-Paper1486.html,Robust automatic brain vessel segmentation in 3D CTA scans using dynamic 4D-CTA data,CT-XRay,CT-XRay,https://github.com/alceballosa/robust-vessel-segmentation,https://github.com/alceballosa/robust-vessel-segmentation,code_url_field,repository_host_link,Published_papers/CT-XRay/papers_links.csv,289,accessible,200,https://github.com/alceballosa/robust-vessel-segmentation,2026-10-01T15:35:20+00:00,
https://papers.miccai.org/miccai-2026/0903-Paper2213.html,Robust Colonoscopy Video Polyp Segmentation via Quality-Aware Memory and Prototype Alignment,Endoscopy | Photo_video,Endoscopy,,,none,no_listed_link,Published_papers/Endoscopy/papers_links.csv,58,no_listed_link,,,,
https://papers.miccai.org/miccai-2026/0904-Paper2145.html,Robust Mitigation of Age-Dependent Confounding Effects via Sample-Difficulty Decorrelation,CT-XRay,CT-XRay,,,none,no_listed_link,Published_papers/CT-XRay/papers_links.csv,290,no_listed_link,,,,
https://papers.miccai.org/miccai-2026/0905-Paper4686.html,Robust Tooth Segmentation Under Orthodontic CBCT: A Metal Artifact-Aware Approach,CT-XRay,CT-XRay,https://github.com/joosk3R/MAM,https://github.com/joosk3R/MAM,code_url_field,repository_host_link,Published_papers/CT-XRay/papers_links.csv,291,accessible,200,https://github.com/joosk3R/MAM,2026-10-01T15:35:20+00:00,
https://papers.miccai.org/miccai-2026/0906-Paper0705.html,ROTE: Routing–Timescale Framework for Balanced Expert Allocation in MoE-Based Continual Segmentation,Others,Others,https://github.com/PerceptionComputingLab/ROTE,https://github.com/PerceptionComputingLab/ROTE,code_url_field,repository_host_link,Published_papers/Others/papers_links.csv,44,accessible,200,https://github.com/PerceptionComputingLab/ROTE,2026-10-01T15:35:20+00:00,
https://papers.miccai.org/miccai-2026/0907-Paper2529.html,RPG-SAM: Reliability-Weighted Prototypes and Geometric Adaptive Threshold Selection for Training-Free One-Shot Polyp Segmentation,Endoscopy,Endoscopy,https://github.com/AlwaysHF/RPG-SAM,https://github.com/AlwaysHF/RPG-SAM,code_url_field,repository_host_link,Published_papers/Endoscopy/papers_links.csv,59,accessible,200,https://github.com/AlwaysHF/RPG-SAM,2026-10-01T15:35:21+00:00,
https://papers.miccai.org/miccai-2026/0908-Paper4075.html,RT-Super: Learning Tumor Segmentation from Longitudinal Images and Reports,CT-XRay,CT-XRay,https://github.com/MrGiovanni/RT-Super,https://github.com/MrGiovanni/RT-Super,code_url_field,repository_host_link,Published_papers/CT-XRay/papers_links.csv,292,accessible,200,https://github.com/MrGiovanni/RT-Super,2026-10-01T15:35:21+00:00,
https://papers.miccai.org/miccai-2026/0909-Paper2353.html,S2DLight: Single Step Diffusion Network via Degradation-Aware Adaptation for Surgical Endoscopic Image Low-Light Enhancement,Endoscopy,Endoscopy,https://github.com/FeiSong123/S2DLight,https://github.com/FeiSong123/S2DLight,code_url_field,repository_host_link,Published_papers/Endoscopy/papers_links.csv,60,accessible,200,https://github.com/FeiSong123/S2DLight,2026-10-01T15:35:21+00:00,
https://papers.miccai.org/miccai-2026/0910-Paper5203.html,S2GAIN: Spatio-Spectral Guided Affinity Imputation Network for Alzheimer’s Disease Diagnosis with Incomplete Modality,MRI | PET_SPECT,MRI,,,none,no_listed_link,Published_papers/MRI/papers_links.csv,138,no_listed_link,,,,
https://papers.miccai.org/miccai-2026/0911-Paper2653.html,S3H-Net: Injecting Hybrid Semantic-Spatial Guidance via Superpixel Hypergraphs for Medical Image Segmentation,Endoscopy | Microscopy | ultrasounds,Endoscopy,https://github.com/Saury997/S3H-Net,https://github.com/Saury997/S3H-Net,code_url_field,repository_host_link,Published_papers/Endoscopy/papers_links.csv,61,accessible,200,https://github.com/Saury997/S3H-Net,2026-10-01T15:35:21+00:00,
https://papers.miccai.org/miccai-2026/0912-Paper2408.html,SA-CFM: Structure-Aware Continuous Flow Matching for Normative Modeling of EEG Microstate,Physio-signals,Physio-signals,https://github.com/gjyradl/SA-CFM,https://github.com/gjyradl/SA-CFM,code_url_field,repository_host_link,Published_papers/Physio-signals/papers_links.csv,33,accessible,200,https://github.com/gjyradl/SA-CFM,2026-10-01T15:35:21+00:00,
https://papers.miccai.org/miccai-2026/0913-Paper3480.html,SAFE-Diff: Scale-Aware Attention and Feature-Dispersive Diffusion with Uncertainty Estimation for Contrast-Enhanced Breast MRI Synthesis,MRI,MRI,https://github.com/Netherlands-Cancer-Institute/SAFE-Diff,https://github.com/Netherlands-Cancer-Institute/SAFE-Diff,code_url_field,repository_host_link,Published_papers/MRI/papers_links.csv,139,not_publicly_accessible,404,https://github.com/Netherlands-Cancer-Institute/SAFE-Diff,2026-10-01T15:35:21+00:00,HTTP Error 404: Not Found
https://papers.miccai.org/miccai-2026/0914-Paper1196.html,SAFE-Diff: Structurally Anchored Diffusion for Anatomically Faithful CT Image Super-Resolution,CT-XRay,CT-XRay,https://github.com/nature0012300/SAFE-Diff.git,https://github.com/nature0012300/SAFE-Diff.git,code_url_field,repository_host_link,Published_papers/CT-XRay/papers_links.csv,293,accessible,200,https://github.com/nature0012300/SAFE-Diff,2026-10-01T15:35:22+00:00,
https://papers.miccai.org/miccai-2026/0915-Paper0802.html,SAGEAgent: A Self-evolving Agent for Cost-Aware Modality Acquisition in Multimodal Survival Prediction,MRI,MRI,https://github.com/Chongyu1117/SAGEAgent,https://github.com/Chongyu1117/SAGEAgent,code_url_field,repository_host_link,Published_papers/MRI/papers_links.csv,140,accessible,200,https://github.com/Chongyu1117/SAGEAgent,2026-10-01T15:35:22+00:00,
https://papers.miccai.org/miccai-2026/0916-Paper3034.html,SAM2 as a Key Bridge Between 2D Slices and 3D Volumes for Sparsely-supervised Medical Image Segmentation,CT-XRay,CT-XRay,https://github.com/DeepMedLab-ECNU/SAM2-bridge,https://github.com/DeepMedLab-ECNU/SAM2-bridge,code_url_field,repository_host_link,Published_papers/CT-XRay/papers_links.csv,294,not_publicly_accessible,404,https://github.com/DeepMedLab-ECNU/SAM2-bridge,2026-10-01T15:35:22+00:00,HTTP Error 404: Not Found
https://papers.miccai.org/miccai-2026/0917-Paper4643.html,SAM-Cluster and SAM-LP: Structure-Aware Evaluation Metrics for Selecting WSI Feature Extractors Without MIL Training,Histology,Histology,https://github.com/juhyeon-ai/WSI-FE-Selection.git,https://github.com/juhyeon-ai/WSI-FE-Selection.git,code_url_field,repository_host_link,Published_papers/Histology/papers_links.csv,85,accessible,200,https://github.com/juhyeon-ai/WSI-FE-Selection,2026-10-01T15:35:22+00:00,
https://papers.miccai.org/miccai-2026/0918-Paper3249.html,SAMoCo: A Learning-Initialized and Physics-Refined Framework for Sampling-Agnostic Motion Correction in MRI,MRI,MRI,,,none,no_listed_link,Published_papers/MRI/papers_links.csv,141,no_listed_link,,,,
https://papers.miccai.org/miccai-2026/0919-Paper4448.html,SANT-CBM: Structurally-Aware and Noise-Tolerant Semi-supervised Concept Bottleneck Models,Photo_video,Photo_video,,,none,no_listed_link,Published_papers/Photo_video/papers_links.csv,54,no_listed_link,,,,
https://papers.miccai.org/miccai-2026/0920-Paper1730.html,SAR-Net: Sample-Agnostic Retrieval Network for Robust Brain Tumor Segmentation with Missing Modalities,MRI,MRI,https://github.com/CoCodeRepo/FS2R,https://github.com/CoCodeRepo/FS2R,code_url_field,repository_host_link,Published_papers/MRI/papers_links.csv,142,accessible,200,https://github.com/CoCodeRepo/FS2R,2026-10-01T15:35:22+00:00,
https://papers.miccai.org/miccai-2026/0921-Paper5513.html,SAVer: Structure-Aware Validation of Standard Fetal Head Planes via Clinically Grounded Anatomical Completeness,ultrasounds,ultrasounds,https://github.com/Anushaww26/SAVer,https://github.com/Anushaww26/SAVer,code_url_field,repository_host_link,Published_papers/ultrasounds/papers_links.csv,74,accessible,200,https://github.com/Anushaww26/SAVer,2026-10-01T15:35:22+00:00,
https://papers.miccai.org/miccai-2026/0922-Paper2781.html,SAW: Toward a Surgical Action World Model via Controllable and Scalable Video Generation,Robotics,Robotics,,,none,no_listed_link,Published_papers/Robotics/papers_links.csv,5,no_listed_link,,,,
https://papers.miccai.org/miccai-2026/0923-Paper4764.html,Scalable Training of Spatially Grounded 2D Vision–Language Models for Radiology,CT-XRay | MRI,CT-XRay,https://github.com/lmb-freiburg/radgrounder,https://github.com/lmb-freiburg/radgrounder,code_url_field,repository_host_link,Published_papers/CT-XRay/papers_links.csv,295,accessible,200,https://github.com/lmb-freiburg/radgrounder,2026-10-01T15:35:23+00:00,
https://papers.miccai.org/miccai-2026/0924-Paper6624.html,S-CEReBrO: Breaking the Memory Barrier in Continuous EEG Monitoring,Physio-signals,Physio-signals,https://github.com/pulp-bio/biofoundation,https://github.com/pulp-bio/biofoundation,code_url_field,repository_host_link,Published_papers/Physio-signals/papers_links.csv,32,accessible,200,https://github.com/pulp-bio/biofoundation,2026-10-01T15:35:23+00:00,
https://papers.miccai.org/miccai-2026/0925-Paper5377.html,SCISSR: Scribble-Conditioned Interactive Surgical Segmentation and Refinement,Endoscopy,Endoscopy,https://github.com/ping-haonan/SCISSR,https://github.com/ping-haonan/SCISSR,code_url_field,repository_host_link,Published_papers/Endoscopy/papers_links.csv,62,accessible,200,https://github.com/ping-haonan/SCISSR,2026-10-01T15:35:23+00:00,
https://papers.miccai.org/miccai-2026/0926-Paper0226.html,SCKAN: Structural Consensus-Based KAN Prototype Learning for Semi-supervised Pancreas Segmentation,CT-XRay,CT-XRay,https://github.com/rhodaliu17/SCKAN,https://github.com/rhodaliu17/SCKAN,code_url_field,repository_host_link,Published_papers/CT-XRay/papers_links.csv,296,accessible,200,https://github.com/rhodaliu17/SCKAN,2026-10-01T15:35:23+00:00,
https://papers.miccai.org/miccai-2026/0927-Paper1119.html,ScribbleDose: Scribble-Guided Dose Prediction in Radiotherapy,CT-XRay,CT-XRay,https://github.com/iCherishxixixi/ScribbleDose,https://github.com/iCherishxixixi/ScribbleDose,code_url_field,repository_host_link,Published_papers/CT-XRay/papers_links.csv,297,accessible,200,https://github.com/iCherishxixixi/ScribbleDose,2026-10-01T15:35:23+00:00,
https://papers.miccai.org/miccai-2026/0928-Paper1385.html,SD-SAM: Synergizing SAM and DINOv3 for Parameter-Efficient Polyp Segmentation and a Challenging Benchmark Dataset,Endoscopy,Endoscopy,https://github.com/xxxy0523/SD-SAM,https://github.com/xxxy0523/SD-SAM,code_url_field,repository_host_link,Published_papers/Endoscopy/papers_links.csv,63,accessible,200,https://github.com/xxxy0523/SD-SAM,2026-10-01T15:35:23+00:00,
https://papers.miccai.org/miccai-2026/0929-Paper4124.html,Seamless Whole Slide Label-Free Virtual Staining,Computational_imagings | Histology | Microscopy,Computational_imagings,https://github.com/dou0000/COMB,https://github.com/dou0000/COMB,code_url_field,repository_host_link,Published_papers/Computational_imagings/papers_links.csv,16,accessible,200,https://github.com/dou0000/COMB,2026-10-01T15:35:24+00:00,
https://papers.miccai.org/miccai-2026/0930-Paper3635.html,SeedPro: Place Brachytherapy Seeds Like Expert Clinicians via Hierarchical Reinforcement Agents,CT-XRay,CT-XRay,https://github.com/Haitao-Lee/SeedPro.git,https://github.com/Haitao-Lee/SeedPro.git,code_url_field,repository_host_link,Published_papers/CT-XRay/papers_links.csv,298,accessible,200,https://github.com/Haitao-Lee/SeedPro,2026-10-01T15:35:24+00:00,
https://papers.miccai.org/miccai-2026/0931-Paper1298.html,Seeing Through Multiple Views: Parameter-Efficient Fine-Tuning via Selective Neurons for Consistent Radiology Report Generation,CT-XRay,CT-XRay,,,none,no_listed_link,Published_papers/CT-XRay/papers_links.csv,299,no_listed_link,,,,
https://papers.miccai.org/miccai-2026/0932-Paper4094.html,Seeing Through Smoke: Surgical Desmoking for Improved Visual Perception,Endoscopy | Robotics,Endoscopy,,,none,no_listed_link,Published_papers/Endoscopy/papers_links.csv,64,no_listed_link,,,,
https://papers.miccai.org/miccai-2026/0933-Paper0067.html,SegDINO: Introducing Multi-Scale Structure into DINO for Efficient Medical Image Segmentation,CT-XRay | Endoscopy | Photo_video | ultrasounds,CT-XRay,https://github.com/script-Yang/segdino_v2,https://github.com/script-Yang/segdino_v2,code_url_field,repository_host_link,Published_papers/CT-XRay/papers_links.csv,300,accessible,200,https://github.com/script-Yang/segdino_v2,2026-10-01T15:35:24+00:00,
https://papers.miccai.org/miccai-2026/0934-Paper4696.html,Segment Anything Model with Symmetric Spectral Uncertainty Gating for Generalizable Medical Image Segmentation,MRI | Photo_video,MRI,https://github.com/HiLab-git/SSUG,https://github.com/HiLab-git/SSUG,code_url_field,repository_host_link,Published_papers/MRI/papers_links.csv,143,accessible,200,https://github.com/HiLab-git/SSUG,2026-10-01T15:35:24+00:00,
https://papers.miccai.org/miccai-2026/0935-Paper3264.html,Selective Confidence Fusion for Specular Highlight Detection in Medical Images,Endoscopy,Endoscopy,,,none,no_listed_link,Published_papers/Endoscopy/papers_links.csv,65,no_listed_link,,,,
https://papers.miccai.org/miccai-2026/0936-Paper1135.html,Selective Rank-1 Orthogonality Regularization: Rethinking Stability-Plasticity Balance in Continual Medical Image Classification,Histology | Microscopy | Photo_video,Histology,https://github.com/jingyzhang/SR1OR/,https://github.com/jingyzhang/SR1OR/,code_url_field,repository_host_link,Published_papers/Histology/papers_links.csv,86,accessible,200,https://github.com/jingyzhang/SR1OR/,2026-10-01T15:35:24+00:00,
https://papers.miccai.org/miccai-2026/0937-Paper3785.html,Self-auditing Parameter-Efficient Fine-Tuning for Few-Shot 3D Medical Image Segmentation,CT-XRay,CT-XRay,https://github.com/tsly123/SEA_PEFT,https://github.com/tsly123/SEA_PEFT,code_url_field,repository_host_link,Published_papers/CT-XRay/papers_links.csv,301,accessible,200,https://github.com/tsly123/SEA_PEFT,2026-10-01T15:35:25+00:00,
https://papers.miccai.org/miccai-2026/0938-Paper1033.html,Self-Supervised Implicit CEST Reconstruction via Physics-Informed Lorentz Encoding,MRI,MRI,https://github.com/ldxFAIRYTAIL/Lorentz-Encoding.git,https://github.com/ldxFAIRYTAIL/Lorentz-Encoding.git,code_url_field,repository_host_link,Published_papers/MRI/papers_links.csv,144,accessible,200,https://github.com/ldxFAIRYTAIL/Lorentz-Encoding,2026-10-01T15:35:25+00:00,
https://papers.miccai.org/miccai-2026/0939-Paper3947.html,Self-supervised Learning on Lingual Ultrasound Video Encodes Clinically Meaningful Articulatory Structure of Rhotic Production in Residual Speech Sound Disorder,ultrasounds,ultrasounds,https://github.com/kimtae55/BYOL-VS,https://github.com/kimtae55/BYOL-VS,code_url_field,repository_host_link,Published_papers/ultrasounds/papers_links.csv,75,accessible,200,https://github.com/kimtae55/BYOL-VS,2026-10-01T15:35:25+00:00,
https://papers.miccai.org/miccai-2026/0940-Paper0985.html,Self-supervised Longitudinal Neuroimaging Augmentation for Continuous Staging of Alzheimer’s Disease,PET_SPECT,PET_SPECT,https://github.com/StochasticAgCl/GAN_SLOPE,https://github.com/StochasticAgCl/GAN_SLOPE,code_url_field,repository_host_link,Published_papers/PET_SPECT/papers_links.csv,10,accessible,200,https://github.com/StochasticAgCl/GAN_SLOPE,2026-10-01T15:35:25+00:00,
https://papers.miccai.org/miccai-2026/0941-Paper1703.html,Self-supervised Spline Autoencoder for Smooth Latent Dynamics in Echocardiography,ultrasounds,ultrasounds,https://github.com/LCJKwan/SplineAE-Cardiac,https://github.com/LCJKwan/SplineAE-Cardiac,code_url_field,repository_host_link,Published_papers/ultrasounds/papers_links.csv,76,accessible,200,https://github.com/LCJKwan/SplineAE-Cardiac,2026-10-01T15:35:26+00:00,
https://papers.miccai.org/miccai-2026/0942-Paper5651.html,Self-supervised Temporal Regularization for Landmark-Based Cardiac Segmentation with Automatic AHA Regional Mapping,ultrasounds,ultrasounds,https://github.com/david-montalvoo/MaskHybridGNet-TempReg,https://github.com/david-montalvoo/MaskHybridGNet-TempReg,code_url_field,repository_host_link,Published_papers/ultrasounds/papers_links.csv,77,accessible,200,https://github.com/david-montalvoo/MaskHybridGNet-TempReg,2026-10-01T15:35:26+00:00,
https://papers.miccai.org/miccai-2026/0943-Paper1039.html,Semantic Feature Modulation for Mammographic Lesion Classification,CT-XRay,CT-XRay,,https://github.com/shahrma/semantic-mammo,abstract,repository_host_link,Published_papers/CT-XRay/papers_links.csv,302,accessible,200,https://github.com/shahrma/semantic-mammo,2026-10-01T15:35:26+00:00,
https://papers.miccai.org/miccai-2026/0944-Paper0238.html,Semantically Consistent Whole-Body PET/CT Report Generation with Local Lesion-Level Guidance,PET_SPECT,PET_SPECT,,,none,no_listed_link,Published_papers/PET_SPECT/papers_links.csv,11,no_listed_link,,,,
https://papers.miccai.org/miccai-2026/0945-Paper2223.html,Semantic-Aware Organ-Level Esophageal Tumor Synthesis via Latent Rectified Flow,CT-XRay,CT-XRay,,,none,no_listed_link,Published_papers/CT-XRay/papers_links.csv,303,no_listed_link,,,,
https://papers.miccai.org/miccai-2026/0946-Paper5633.html,Semantic-Consistent Dual-Image Vision-Language Alignment via Modality Routing for 3D PET/CT,CT-XRay,CT-XRay,https://github.com/Linn60/PETCT-DiVLA,https://github.com/Linn60/PETCT-DiVLA,code_url_field,repository_host_link,Published_papers/CT-XRay/papers_links.csv,304,accessible,200,https://github.com/Linn60/PETCT-DiVLA,2026-10-01T15:35:26+00:00,
https://papers.miccai.org/miccai-2026/0947-Paper2599.html,Sequence-Conditioned Flow-Based Models for Digital Phantom Generation in MRI,MRI,MRI,https://github.com/KseniyaMD/flow_based_phantoms,https://github.com/KseniyaMD/flow_based_phantoms,code_url_field,repository_host_link,Published_papers/MRI/papers_links.csv,145,accessible,200,https://github.com/KseniyaMD/flow_based_phantoms,2026-10-01T15:35:26+00:00,
https://papers.miccai.org/miccai-2026/0948-Paper0220.html,"Set-Based Groupwise Registration for Variable-Length, Variable-Contrast Cardiac MRI",Computational_imagings | MRI,Computational_imagings,https://github.com/YiZhang025/Any2Reg,https://github.com/YiZhang025/Any2Reg,code_url_field,repository_host_link,Published_papers/Computational_imagings/papers_links.csv,17,accessible,200,https://github.com/YiZhang025/Any2Reg,2026-10-01T15:35:26+00:00,
https://papers.miccai.org/miccai-2026/0949-Paper1877.html,Set-Inclusive Uncertainty Modeling for Robust Brain Tumor Segmentation,MRI | Multimodals,MRI,https://github.com/atlas-sky/SIUM,https://github.com/atlas-sky/SIUM,code_url_field,repository_host_link,Published_papers/MRI/papers_links.csv,146,accessible,200,https://github.com/atlas-sky/SIUM,2026-10-01T15:35:26+00:00,
https://papers.miccai.org/miccai-2026/0950-Paper0787.html,SF-DINO: Spatial-Frequency Adapted Foundation Model for Multiple Myeloma Diagnosis,Microscopy,Microscopy,https://github.com/yzygit1230/SF-DINO,https://github.com/yzygit1230/SF-DINO,code_url_field,repository_host_link,Published_papers/Microscopy/papers_links.csv,35,accessible,200,https://github.com/yzygit1230/SF-DINO,2026-10-01T15:35:26+00:00,
https://papers.miccai.org/miccai-2026/0951-Paper1756.html,S-GRPO: Structural Group Relative Policy Optimization for Medical Image Segmentation,MRI | Others,MRI,https://github.com/Duan-yiru/S-GRPO-main.,https://github.com/Duan-yiru/S-GRPO-main.,code_url_field,repository_host_link,Published_papers/MRI/papers_links.csv,137,not_publicly_accessible,404,https://github.com/Duan-yiru/S-GRPO-main.,2026-10-01T15:35:26+00:00,HTTP Error 404: Not Found
https://papers.miccai.org/miccai-2026/0952-Paper3242.html,Shape-Adaptive Guidance Signal for Interactive Cortical Sulcal Labeling,MRI,MRI,https://github.com/Shape-Lab/ISUS,https://github.com/Shape-Lab/ISUS,code_url_field,repository_host_link,Published_papers/MRI/papers_links.csv,147,accessible,200,https://github.com/Shape-Lab/ISUS,2026-10-01T15:35:27+00:00,
https://papers.miccai.org/miccai-2026/0953-Paper3358.html,Shape-Aware Registration Without Pretraining: CT-Ultrasound Bone Surface Alignment via Instance-Level Shape Completion,ultrasounds,ultrasounds,https://comreg-page.github.io/,https://comreg-page.github.io/,code_url_field,project_page,Published_papers/ultrasounds/papers_links.csv,78,accessible,200,https://comreg-page.github.io/,2026-10-01T15:35:27+00:00,
https://papers.miccai.org/miccai-2026/0954-Paper2861.html,ShapeEFM: A Shape-Based Pretrained Foundation Model on ECG Morphology Comprehension,Physio-signals,Physio-signals,https://github.com/AQ-MedAI/ShapeEFM,https://github.com/AQ-MedAI/ShapeEFM,code_url_field,repository_host_link,Published_papers/Physio-signals/papers_links.csv,34,accessible,200,https://github.com/AQ-MedAI/ShapeEFM,2026-10-01T15:35:27+00:00,
https://papers.miccai.org/miccai-2026/0955-Paper1676.html,Shape-Scale Aware Diffusion Models for Weakly Supervised Medical Image Anomaly Detection,MRI,MRI,https://github.com/guyxlouspg/AnoSSPD,https://github.com/guyxlouspg/AnoSSPD,code_url_field,repository_host_link,Published_papers/MRI/papers_links.csv,148,accessible,200,https://github.com/guyxlouspg/AnoSSPD,2026-10-01T15:35:27+00:00,
https://papers.miccai.org/miccai-2026/0956-Paper3767.html,ShapKO: Shapley-Adaptive Modality Knockout for Robust Multimodal Learning,CT-XRay | EHR | Histology | MRI,CT-XRay,https://github.com/sumona00/ShapKO,https://github.com/sumona00/ShapKO,code_url_field,repository_host_link,Published_papers/CT-XRay/papers_links.csv,305,accessible,200,https://github.com/sumona00/ShapKO,2026-10-01T15:35:27+00:00,
https://papers.miccai.org/miccai-2026/0957-Paper2065.html,Shared Gaussian Geometry for Brain MRI Spatial Resolution Harmonization Without External Training,MRI,MRI,https://github.com/yfgao76/AtlasGS,https://github.com/yfgao76/AtlasGS,code_url_field,repository_host_link,Published_papers/MRI/papers_links.csv,149,accessible,200,https://github.com/yfgao76/AtlasGS,2026-10-01T15:35:27+00:00,
https://papers.miccai.org/miccai-2026/0958-Paper4741.html,SHINE: An Entropy-Guided Digital Twin Framework for 3D Myocardial Scar Reconstruction from Sparse CMR,MRI,MRI,https://github.com/FluxVisionAI/SHINE,https://github.com/FluxVisionAI/SHINE,code_url_field,repository_host_link,Published_papers/MRI/papers_links.csv,150,accessible,200,https://github.com/FluxVisionAI/SHINE,2026-10-01T15:35:27+00:00,
https://papers.miccai.org/miccai-2026/0959-Paper4889.html,SHOT-CCR: Biologically Guided Adversarial Training for Test-Time Adaptation in Cellular Morphology,Microscopy,Microscopy,https://github.com/williamdee1/shot-ccr,https://github.com/williamdee1/shot-ccr,code_url_field,repository_host_link,Published_papers/Microscopy/papers_links.csv,36,accessible,200,https://github.com/williamdee1/shot-ccr,2026-10-01T15:35:28+00:00,
https://papers.miccai.org/miccai-2026/0960-Paper3072.html,SIGMA-VAE: Sketched Isotropic Gaussian Multi-View Autoencoder for Normative Modeling,MRI,MRI,https://github.com/mariam186/SIGMA-VAE,https://github.com/mariam186/SIGMA-VAE,code_url_field,repository_host_link,Published_papers/MRI/papers_links.csv,151,accessible,200,https://github.com/mariam186/SIGMA-VAE,2026-10-01T15:35:28+00:00,
https://papers.miccai.org/miccai-2026/0961-Paper3170.html,Single-Stage Hierarchical Rectification for Weakly Supervised Histopathology Segmentation,Histology,Histology,https://github.com/trongduc-nguyen/SSHR,https://github.com/trongduc-nguyen/SSHR,code_url_field,repository_host_link,Published_papers/Histology/papers_links.csv,87,accessible,200,https://github.com/trongduc-nguyen/SSHR,2026-10-01T15:35:28+00:00,
https://papers.miccai.org/miccai-2026/0962-Paper6049.html,Single-Subject Multi-view MRI Super-Resolution via Implicit Neural Representations,MRI,MRI,https://github.com/abhshkt/SIMS-MRI,https://github.com/abhshkt/SIMS-MRI,code_url_field,repository_host_link,Published_papers/MRI/papers_links.csv,152,accessible,200,https://github.com/abhshkt/SIMS-MRI,2026-10-01T15:35:28+00:00,
https://papers.miccai.org/miccai-2026/0963-Paper1772.html,SIRA: Reasoning-Aware Surgical Instrument Segmentation via Query-Anchored Alignment,Endoscopy | Photo_video,Endoscopy,https://github.com/linxir226/SIRA,https://github.com/linxir226/SIRA,code_url_field,repository_host_link,Published_papers/Endoscopy/papers_links.csv,66,accessible,200,https://github.com/linxir226/SIRA,2026-10-01T15:35:28+00:00,
https://papers.miccai.org/miccai-2026/0964-Paper2608.html,Situational context embedding and knowledge-based grounding for LLMs in surgical training assistance,Others,Others,https://github.com/ali-b-m/surgical-llm-tutor-tha,https://github.com/ali-b-m/surgical-llm-tutor-tha,code_url_field,repository_host_link,Published_papers/Others/papers_links.csv,45,accessible,200,https://github.com/ali-b-m/surgical-llm-tutor-tha,2026-10-01T15:35:28+00:00,
https://papers.miccai.org/miccai-2026/0965-Paper2357.html,SkepticalNet: A Safety-Aware Interactive Segmentation Framework for Neuro-Oncology,MRI,MRI,https://github.com/stathisky-repo/SkepticalNet,https://github.com/stathisky-repo/SkepticalNet,code_url_field,repository_host_link,Published_papers/MRI/papers_links.csv,153,accessible,200,https://github.com/stathisky-repo/SkepticalNet,2026-10-01T15:35:28+00:00,
https://papers.miccai.org/miccai-2026/0966-Paper3761.html,Skill-Evolving Grounded Reasoning for Free-Text Promptable 3D Medical Image Segmentation,CT-XRay | MRI,CT-XRay,https://seer-medseg.github.io/,https://seer-medseg.github.io/,code_url_field,project_page,Published_papers/CT-XRay/papers_links.csv,306,accessible,200,https://seer-medseg.github.io/,2026-10-01T15:35:29+00:00,
https://papers.miccai.org/miccai-2026/0967-Paper0579.html,Skin2Mind: A Multimodal Framework for Mental Health Risk Screening via Facial Images and Structured Skin Reports,Photo_video,Photo_video,https://github.com/skin2mind/miccai-2026,https://github.com/skin2mind/miccai-2026,code_url_field,repository_host_link,Published_papers/Photo_video/papers_links.csv,55,accessible,200,https://github.com/skin2mind/miccai-2026,2026-10-01T15:35:29+00:00,
https://papers.miccai.org/miccai-2026/0968-Paper2557.html,SLICE-MIL: Counterfactual Semantic Anchoring of Disentangled Evidence for Child-Pugh Grading,CT-XRay,CT-XRay,https://github.com/cutecattutu/SLICE-MIL,https://github.com/cutecattutu/SLICE-MIL,code_url_field,repository_host_link,Published_papers/CT-XRay/papers_links.csv,307,accessible,200,https://github.com/cutecattutu/SLICE-MIL,2026-10-01T15:35:29+00:00,
https://papers.miccai.org/miccai-2026/0969-Paper3442.html,SlideGuard: WSI Artifact Detection Benchmark,Histology,Histology,https://www.codabench.org/competitions/16457/,https://www.codabench.org/competitions/16457/,code_url_field,benchmark_platform,Published_papers/Histology/papers_links.csv,88,accessible,200,https://www.codabench.org/competitions/16457/,2026-10-01T15:35:29+00:00,
https://papers.miccai.org/miccai-2026/0970-Paper4849.html,Slim nnU-Net: Revisiting nnU-Net Self Configuration from an Optimization Angle,MRI,MRI,,,none,no_listed_link,Published_papers/MRI/papers_links.csv,154,no_listed_link,,,,
https://papers.miccai.org/miccai-2026/0971-Paper6533.html,SMART-KNEE: Sparse-Morphology Based Anatomical Reconstruction Using Topology-Aware Networks for Imageless Total Knee Arthroplasty,Robotics,Robotics,https://github.com/IGRS-Imaging/SMART_KNEE,https://github.com/IGRS-Imaging/SMART_KNEE,code_url_field,repository_host_link,Published_papers/Robotics/papers_links.csv,6,accessible,200,https://github.com/IGRS-Imaging/SMART_KNEE,2026-10-01T15:35:29+00:00,
https://papers.miccai.org/miccai-2026/0972-Paper2449.html,Smartphone-Based ASD Screening via Instance-Adaptive Cross-Modal Fusion and Contrastive Learning,Sensors,Sensors,https://github.com/JIESunshine/AMF-Net,https://github.com/JIESunshine/AMF-Net,code_url_field,repository_host_link,Published_papers/Sensors/papers_links.csv,5,accessible,200,https://github.com/JIESunshine/AMF-Net,2026-10-01T15:35:29+00:00,
https://papers.miccai.org/miccai-2026/0973-Paper2137.html,SONIC: Sonographer-Inspired Conceptual Explanation for Neural Networks,ultrasounds,ultrasounds,,,none,no_listed_link,Published_papers/ultrasounds/papers_links.csv,79,no_listed_link,,,,
https://papers.miccai.org/miccai-2026/0974-Paper5124.html,SonoCLIP: Mask-Guided Region-Aware Vision–Language Pretraining for Fetal Ultrasound Analysis,Multimodals | ultrasounds,Multimodals,https://github.com/Harrison-one/SonoCLIP,https://github.com/Harrison-one/SonoCLIP,code_url_field,repository_host_link,Published_papers/Multimodals/papers_links.csv,14,accessible,200,https://github.com/Harrison-one/SonoCLIP,2026-10-01T15:35:30+00:00,
https://papers.miccai.org/miccai-2026/0975-Paper4948.html,Source-Free Domain Adaptation for Medical Image Segmentation via LLM-Agent Collaboration,MRI,MRI,https://github.com/TianyuZhang-hdu/RaMA,https://github.com/TianyuZhang-hdu/RaMA,code_url_field,repository_host_link,Published_papers/MRI/papers_links.csv,155,accessible,200,https://github.com/TianyuZhang-hdu/RaMA,2026-10-01T15:35:30+00:00,
https://papers.miccai.org/miccai-2026/0976-Paper4497.html,Sparse Autoencoders for Interpretable Medical Image Representation Learning,CT-XRay | MRI,CT-XRay,https://github.com/pwesp/sail,https://github.com/pwesp/sail,code_url_field,repository_host_link,Published_papers/CT-XRay/papers_links.csv,308,accessible,200,https://github.com/pwesp/sail,2026-10-01T15:35:30+00:00,
https://papers.miccai.org/miccai-2026/0977-Paper1037.html,Sparse Local Latents for Explainable Zero-Shot Reasoning in Medical Vision-Language Models,CT-XRay,CT-XRay,https://github.com/martingoe/sparse_local_latents,https://github.com/martingoe/sparse_local_latents,code_url_field,repository_host_link,Published_papers/CT-XRay/papers_links.csv,309,accessible,200,https://github.com/martingoe/sparse_local_latents,2026-10-01T15:35:30+00:00,
https://papers.miccai.org/miccai-2026/0978-Paper5645.html,Sparsely Supervised Surgical Video Segmentation with Reliable Asymmetric Dual Memory,Photo_video,Photo_video,https://github.com/nsapkota417/D-GEM,https://github.com/nsapkota417/D-GEM,code_url_field,repository_host_link,Published_papers/Photo_video/papers_links.csv,56,accessible,200,https://github.com/nsapkota417/D-GEM,2026-10-01T15:35:30+00:00,
https://papers.miccai.org/miccai-2026/0979-Paper6009.html,Spatially-Aware Graph Geometric Representation for Lung Nodules Detection,CT-XRay,CT-XRay,https://gitlab.com/luis.guayacan1/miccai_2026-nodulesdetection,https://gitlab.com/luis.guayacan1/miccai_2026-nodulesdetection,code_url_field,repository_host_link,Published_papers/CT-XRay/papers_links.csv,310,accessible,200,https://gitlab.com/luis.guayacan1/miccai_2026-nodulesdetection,2026-10-01T15:35:30+00:00,
https://papers.miccai.org/miccai-2026/0980-Paper0448.html,Spatiotemporal Modeling of Longitudinal MRI with Causal Graph Reasoning for Breast Cancer pCR Prediction,MRI,MRI,,,none,no_listed_link,Published_papers/MRI/papers_links.csv,156,no_listed_link,,,,
https://papers.miccai.org/miccai-2026/0981-Paper5716.html,Spatiotemporal Modeling of Tumor Dynamics via Optimal Transport for Enhanced Longitudinal Analysis,CT-XRay,CT-XRay,,,none,no_listed_link,Published_papers/CT-XRay/papers_links.csv,311,no_listed_link,,,,
https://papers.miccai.org/miccai-2026/0982-Paper4287.html,SPEAR: Error-Guided Sparse Refinement for Scalable Deformable Medical Image Registration,MRI,MRI,,https://github.com/ZedKing12138/SPEAR-registration,abstract,repository_host_link,Published_papers/MRI/papers_links.csv,157,accessible,200,https://github.com/ZedKing12138/SPEAR-registration,2026-10-01T15:35:30+00:00,
https://papers.miccai.org/miccai-2026/0983-Paper1928.html,SpecF2M: A Spectral-Aware Multi-task Network Estimating Axial Length and Refractive Error from Pediatric Fundus Photographs,Photo_video,Photo_video,,,none,no_listed_link,Published_papers/Photo_video/papers_links.csv,57,no_listed_link,,,,
https://papers.miccai.org/miccai-2026/0984-Paper4444.html,Spectral-Semantic Consensus for Few-Shot Whole Slide Image Classification,Histology,Histology,https://github.com/Hanyu1124/ssc,https://github.com/Hanyu1124/ssc,code_url_field,repository_host_link,Published_papers/Histology/papers_links.csv,89,accessible,200,https://github.com/Hanyu1124/ssc,2026-10-01T15:35:30+00:00,
https://papers.miccai.org/miccai-2026/0985-Paper0830.html,Spectral-Temporal State Space Modeling on Functional Brain Networks,Func_MRI,Func_MRI,,,none,no_listed_link,Published_papers/Func_MRI/papers_links.csv,33,no_listed_link,,,,
https://papers.miccai.org/miccai-2026/0986-Paper1811.html,Speech-Guided Multimodal Learning for Vocal Tract Segmentation in Real-Time MRI,MRI,MRI,https://github.com/daiqi76/SGVocSegMRI,https://github.com/daiqi76/SGVocSegMRI,code_url_field,repository_host_link,Published_papers/MRI/papers_links.csv,158,accessible,200,https://github.com/daiqi76/SGVocSegMRI,2026-10-01T15:35:31+00:00,
https://papers.miccai.org/miccai-2026/0987-Paper3058.html,SPHARM-Mamba: Rotation-Invariant Multiscale Modeling for Brain Age Prediction,MRI,MRI,https://github.com/Shape-Lab/SPHARM-Mamba,https://github.com/Shape-Lab/SPHARM-Mamba,code_url_field,repository_host_link,Published_papers/MRI/papers_links.csv,159,accessible,200,https://github.com/Shape-Lab/SPHARM-Mamba,2026-10-01T15:35:31+00:00,
https://papers.miccai.org/miccai-2026/0988-Paper3622.html,Spherical Clinical Embedding with Adaptive Multi-expert Fusion for AAA Rupture Classification,CT-XRay,CT-XRay,https://github.com/anmspro/xmoe-miccai,https://github.com/anmspro/xmoe-miccai,code_url_field,repository_host_link,Published_papers/CT-XRay/papers_links.csv,312,accessible,200,https://github.com/anmspro/xmoe-miccai,2026-10-01T15:35:31+00:00,
https://papers.miccai.org/miccai-2026/0989-Paper2498.html,SpikeEEGformer: A Spike-Driven Transformer for Generalized EEG Recognition,Physio-signals,Physio-signals,,,none,no_listed_link,Published_papers/Physio-signals/papers_links.csv,35,no_listed_link,,,,
https://papers.miccai.org/miccai-2026/0990-Paper4698.html,SpikeMamba: Spike-Driven State Space Models for Energy-Efficient Biomedical Sequence Modeling,Physio-signals | Sensors,Physio-signals,https://github.com/Brain-Inspired-Computing-Lab/SpikeMamba,https://github.com/Brain-Inspired-Computing-Lab/SpikeMamba,code_url_field,repository_host_link,Published_papers/Physio-signals/papers_links.csv,36,accessible,200,https://github.com/Brain-Inspired-Computing-Lab/SpikeMamba,2026-10-01T15:35:31+00:00,
https://papers.miccai.org/miccai-2026/0991-Paper6164.html,Spinverse: Differentiable Physics for Permeability-Aware Microstructure Reconstruction from Diffusion MRI,Diffusion-MRI,Diffusion-MRI,https://github.com/BioMedAI-UCSC/spinverse,https://github.com/BioMedAI-UCSC/spinverse,code_url_field,repository_host_link,Published_papers/Diffusion-MRI/papers_links.csv,18,accessible,200,https://github.com/BioMedAI-UCSC/spinverse,2026-10-01T15:35:31+00:00,
https://papers.miccai.org/miccai-2026/0992-Paper5682.html,SRMA-Mamba: Spatial Reverse Mamba Attention Network for Pathological Liver Segmentation in MRI Volumes,MRI,MRI,https://github.com/JunZengz/SRMA-Mamba,https://github.com/JunZengz/SRMA-Mamba,code_url_field,repository_host_link,Published_papers/MRI/papers_links.csv,160,accessible,200,https://github.com/JunZengz/SRMA-Mamba,2026-10-01T15:35:31+00:00,
https://papers.miccai.org/miccai-2026/0993-Paper1735.html,SRPAN: Implicit Neural Slice-to-Volume Reconstruction for Super-Resolution Pancreatic MRI,MRI,MRI,https://github.com/OlofssonFredrik/SRPAN_MICCAI,https://github.com/OlofssonFredrik/SRPAN_MICCAI,code_url_field,repository_host_link,Published_papers/MRI/papers_links.csv,161,accessible,200,https://github.com/OlofssonFredrik/SRPAN_MICCAI,2026-10-01T15:35:32+00:00,
https://papers.miccai.org/miccai-2026/0994-Paper5293.html,SS-IoSR: Self-supervised Intraoral Scans Repair,Others,Others,https://github.com/crns-smartvision/iosr,https://github.com/crns-smartvision/iosr,code_url_field,repository_host_link,Published_papers/Others/papers_links.csv,46,accessible,200,https://github.com/crns-smartvision/iosr,2026-10-01T15:35:32+00:00,
https://papers.miccai.org/miccai-2026/0995-Paper2435.html,SSPT: Spiking Serialized Point Transformer for Couinaud Segmentation in 3D Medical Data,CT-XRay | Others,CT-XRay,https://github.com/Yan0918/SSPT,https://github.com/Yan0918/SSPT,code_url_field,repository_host_link,Published_papers/CT-XRay/papers_links.csv,313,accessible,200,https://github.com/Yan0918/SSPT,2026-10-01T15:35:32+00:00,
https://papers.miccai.org/miccai-2026/0996-Paper0190.html,Stabilizing Temporal Inference Dynamics for Online Surgical Phase Recognition,Photo_video,Photo_video,https://github.com/MRUIL/StableSPR,https://github.com/MRUIL/StableSPR,code_url_field,repository_host_link,Published_papers/Photo_video/papers_links.csv,58,accessible,200,https://github.com/MRUIL/StableSPR,2026-10-01T15:35:32+00:00,
https://papers.miccai.org/miccai-2026/0997-Paper3827.html,Stage-Aware Adaptive Reaction–Diffusion Framework for Modeling Alzheimer’s Disease Progression with Tau and Amyloid-β PET Scans,PET_SPECT,PET_SPECT,https://github.com/Hongyi311/pet-progression-moe,https://github.com/Hongyi311/pet-progression-moe,code_url_field,repository_host_link,Published_papers/PET_SPECT/papers_links.csv,12,accessible,200,https://github.com/Hongyi311/pet-progression-moe,2026-10-01T15:35:32+00:00,
https://papers.miccai.org/miccai-2026/0998-Paper3598.html,STAMP: Subtype-Aware Spatio-Temporal Atlases for Personalized Prediction of Longitudinal Alzheimer’s Disease Progression,MRI,MRI,https://gitlab.inria.fr/jkalkhof/stamp,https://gitlab.inria.fr/jkalkhof/stamp,code_url_field,repository_host_link,Published_papers/MRI/papers_links.csv,162,accessible,200,https://gitlab.inria.fr/jkalkhof/stamp,2026-10-01T15:35:32+00:00,
https://papers.miccai.org/miccai-2026/0999-Paper2940.html,"Steer the Sampling, Not the Kernel Grid: Geometry-Guided Sampling Operator for Volumetric Segmentation",CT-XRay | MRI | ultrasounds,CT-XRay,https://github.com/AndyWanng/GeoSample,https://github.com/AndyWanng/GeoSample,code_url_field,repository_host_link,Published_papers/CT-XRay/papers_links.csv,314,accessible,200,https://github.com/AndyWanng/GeoSample,2026-10-01T15:35:32+00:00,
https://papers.miccai.org/miccai-2026/1000-Paper0549.html,StrokeTimer: Robust Representation Learning for Ischemic Stroke Onset-Time Estimation from Non-Contrast CT,CT-XRay,CT-XRay,https://github.com/BrainVas/StrokeTimer.git,https://github.com/BrainVas/StrokeTimer.git,code_url_field,repository_host_link,Published_papers/CT-XRay/papers_links.csv,315,accessible,200,https://github.com/BrainVas/StrokeTimer,2026-10-01T15:35:32+00:00,
https://papers.miccai.org/miccai-2026/1001-Paper2313.html,Structural Congruence Matters: Biological Pretraining for Vascular Graph Extraction,CT-XRay | MRI | Microscopy,CT-XRay,https://github.com/erc-caravel/Vascular-Graph-Extraction.git,https://github.com/erc-caravel/Vascular-Graph-Extraction.git,code_url_field,repository_host_link,Published_papers/CT-XRay/papers_links.csv,316,accessible,200,https://github.com/erc-caravel/Vascular-Graph-Extraction,2026-10-01T15:35:32+00:00,
https://papers.miccai.org/miccai-2026/1002-Paper1769.html,Structural-Semantic Aware Information Reduction for Asymmetric EEG-Visual Alignment,Physio-signals,Physio-signals,https://github.com/ThomasHC5/SAIR,https://github.com/ThomasHC5/SAIR,code_url_field,repository_host_link,Published_papers/Physio-signals/papers_links.csv,37,accessible,200,https://github.com/ThomasHC5/SAIR,2026-10-01T15:35:33+00:00,
https://papers.miccai.org/miccai-2026/1003-Paper5369.html,Structure-Adaptive Sparse Diffusion in Voxel Space for 3D Medical Image Enhancement,CT-XRay | MRI,CT-XRay,https://github.com/mirthAI/sparse-3d-diffusion,https://github.com/mirthAI/sparse-3d-diffusion,code_url_field,repository_host_link,Published_papers/CT-XRay/papers_links.csv,317,accessible,200,https://github.com/mirthAI/sparse-3d-diffusion,2026-10-01T15:35:33+00:00,
https://papers.miccai.org/miccai-2026/1004-Paper0978.html,Structure-Aware Sensorless 3D Ultrasound and Photoacoustic Reconstruction,ultrasounds,ultrasounds,,,none,no_listed_link,Published_papers/ultrasounds/papers_links.csv,80,no_listed_link,,,,
https://papers.miccai.org/miccai-2026/1005-Paper0094.html,Structure-Contrast Disentangled INRs for Accelerated Multi-contrast MRI Reconstruction,MRI,MRI,https://github.com/chiew-group/DISINR,https://github.com/chiew-group/DISINR,code_url_field,repository_host_link,Published_papers/MRI/papers_links.csv,163,accessible,200,https://github.com/chiew-group/DISINR,2026-10-01T15:35:33+00:00,
https://papers.miccai.org/miccai-2026/1006-Paper2756.html,Subject- and Task-Aware EEG Foundation Model,Physio-signals,Physio-signals,https://github.com/SionAn/MICCAI2026STEM,https://github.com/SionAn/MICCAI2026STEM,code_url_field,repository_host_link,Published_papers/Physio-signals/papers_links.csv,38,accessible,200,https://github.com/SionAn/MICCAI2026STEM,2026-10-01T15:35:33+00:00,
https://papers.miccai.org/miccai-2026/1007-Paper0707.html,Subject-Specific Low-Field MRI Synthesis via a Neural Operator,MRI,MRI,,,none,no_listed_link,Published_papers/MRI/papers_links.csv,165,no_listed_link,,,,
https://papers.miccai.org/miccai-2026/1008-Paper2334.html,Sub-Resolution Monocyte Detection in Time-Lapse MRI: A Benchmark,MRI,MRI,https://zivgitlab.uni-muenster.de/ag-pria/sub-resolution-experiments,https://zivgitlab.uni-muenster.de/ag-pria/sub-resolution-experiments,code_url_field,repository_host_link,Published_papers/MRI/papers_links.csv,164,accessible,200,https://zivgitlab.uni-muenster.de/ag-pria/sub-resolution-experiments,2026-10-01T15:35:33+00:00,
https://papers.miccai.org/miccai-2026/1009-Paper1315.html,Sulcus-Aware Hippocampal Surface Modeling with Training-Time Sulcus-Guided Learning,MRI,MRI,https://github.com/Shape-Lab/Sulcus-Aware-Hippo-Surface,https://github.com/Shape-Lab/Sulcus-Aware-Hippo-Surface,code_url_field,repository_host_link,Published_papers/MRI/papers_links.csv,166,accessible,200,https://github.com/Shape-Lab/Sulcus-Aware-Hippo-Surface,2026-10-01T15:35:34+00:00,
https://papers.miccai.org/miccai-2026/1010-Paper3125.html,SuRe-Flow: Surface-to-CT Synthesis via Retrieval-Augmented Rectified Flow for CT-Free Superficial Radiotherapy,CT-XRay,CT-XRay,,,none,no_listed_link,Published_papers/CT-XRay/papers_links.csv,318,no_listed_link,,,,
https://papers.miccai.org/miccai-2026/1011-Paper6540.html,SurfMark3D: Surface-Based Graph Convolution Framework for Distal Femoral Landmark Localisation in Total Knee Arthroplasty,CT-XRay | MRI | Others,CT-XRay,https://github.com/IGRS-Imaging/SurfMark3D,https://github.com/IGRS-Imaging/SurfMark3D,code_url_field,repository_host_link,Published_papers/CT-XRay/papers_links.csv,319,accessible,200,https://github.com/IGRS-Imaging/SurfMark3D,2026-10-01T15:35:34+00:00,
https://papers.miccai.org/miccai-2026/1012-Paper3502.html,Surgical Anatomy Recognition with Context Learning using Foundation Representations,Robotics,Robotics,https://github.com/TimJaspers0801/ATLAS,https://github.com/TimJaspers0801/ATLAS,code_url_field,repository_host_link,Published_papers/Robotics/papers_links.csv,7,accessible,200,https://github.com/TimJaspers0801/ATLAS,2026-10-01T15:35:34+00:00,
https://papers.miccai.org/miccai-2026/1013-Paper4572.html,Surgical Video Temporal Grounding,Endoscopy,Endoscopy,https://github.com/Mr-Kill/SurgicalVideoTemporalGrounding,https://github.com/Mr-Kill/SurgicalVideoTemporalGrounding,code_url_field,repository_host_link,Published_papers/Endoscopy/papers_links.csv,67,accessible,200,https://github.com/Mr-Kill/SurgicalVideoTemporalGrounding,2026-10-01T15:35:34+00:00,
https://papers.miccai.org/miccai-2026/1014-Paper0680.html,SurgLQA: Scalable Long-Horizon Surgical Video Question Answering,Endoscopy | Photo_video,Endoscopy,,https://github.com/RascalGdd/SurgLQA,abstract,repository_host_link,Published_papers/Endoscopy/papers_links.csv,68,accessible,200,https://github.com/RascalGdd/SurgLQA,2026-10-01T15:35:34+00:00,
https://papers.miccai.org/miccai-2026/1015-Paper2259.html,SurgMark: Structure-Aware Watermarking for 4D Gaussian Splatting in Surgical Scenes,Endoscopy,Endoscopy,,,none,no_listed_link,Published_papers/Endoscopy/papers_links.csv,69,no_listed_link,,,,
https://papers.miccai.org/miccai-2026/1016-Paper1882.html,SurgOnAir: Hierarchy-Aware Real-Time Surgical Video Commentary,Endoscopy,Endoscopy,https://github.com/KarolineZhy/SurgOnAir,https://github.com/KarolineZhy/SurgOnAir,code_url_field,repository_host_link,Published_papers/Endoscopy/papers_links.csv,70,accessible,200,https://github.com/KarolineZhy/SurgOnAir,2026-10-01T15:35:34+00:00,
https://papers.miccai.org/miccai-2026/1017-Paper1483.html,SurgRFO: Foundation Model Based Compositional Synthesis of Critical Retained Foreign Objects in Intraoperative Chest X-Rays,CT-XRay,CT-XRay,https://github.com/Yuanyun936/SurgRFO,https://github.com/Yuanyun936/SurgRFO,code_url_field,repository_host_link,Published_papers/CT-XRay/papers_links.csv,320,accessible,200,https://github.com/Yuanyun936/SurgRFO,2026-10-01T15:35:35+00:00,
https://papers.miccai.org/miccai-2026/1018-Paper1457.html,SurgVLA-Bench: Towards Evaluating Vision-Language-Action Models for Laparoscopic Surgical Robotics,Endoscopy,Endoscopy,https://github.com/VCL-HNU/SurgVLA,https://github.com/VCL-HNU/SurgVLA,code_url_field,repository_host_link,Published_papers/Endoscopy/papers_links.csv,71,accessible,200,https://github.com/VCL-HNU/SurgVLA,2026-10-01T15:35:35+00:00,
https://papers.miccai.org/miccai-2026/1019-Paper3187.html,SurgZSD: Zero-Shot Surgical Action Triplet Detection via Attribute Composition and Clinical Feasibility Inference,Endoscopy | Photo_video,Endoscopy,https://github.com/DengNova/SurgZSD,https://github.com/DengNova/SurgZSD,code_url_field,repository_host_link,Published_papers/Endoscopy/papers_links.csv,72,not_publicly_accessible,404,https://github.com/DengNova/SurgZSD,2026-10-01T15:35:35+00:00,HTTP Error 404: Not Found
https://papers.miccai.org/miccai-2026/1020-Paper1250.html,SurvTTA: Order-Aware Test-Time Adaptation for Heterogeneous Domain Shifts in Multi-modal Survival Analysis,CT-XRay | PET_SPECT,CT-XRay,,,none,no_listed_link,Published_papers/CT-XRay/papers_links.csv,321,no_listed_link,,,,
https://papers.miccai.org/miccai-2026/1021-Paper2703.html,SutureFormer: Learning Surgical Trajectories via Goal-Conditioned Offline RL in Pixel Space,Photo_video | Robotics,Photo_video,https://github.com/HaroldHuanrongLIU/MICCAI2026_SutureFormer,https://github.com/HaroldHuanrongLIU/MICCAI2026_SutureFormer,code_url_field,repository_host_link,Published_papers/Photo_video/papers_links.csv,59,accessible,200,https://github.com/HaroldHuanrongLIU/MICCAI2026_SutureFormer,2026-10-01T15:35:35+00:00,
https://papers.miccai.org/miccai-2026/1022-Paper2405.html,SwallowReg: SAM-Assisted Deformable Registration with Adaptive Global-Local Features for Cine-MRI Swallowing Function Quantification,Func_MRI | MRI | Photo_video,Func_MRI,https://github.com/FFigo/SwallowReg,https://github.com/FFigo/SwallowReg,code_url_field,repository_host_link,Published_papers/Func_MRI/papers_links.csv,34,accessible,200,https://github.com/FFigo/SwallowReg,2026-10-01T15:35:35+00:00,
https://papers.miccai.org/miccai-2026/1023-Paper2681.html,SWoMo: Neuro-Symbolic World Model for Cataract Surgery Simulation,Computational_imagings | Photo_video,Computational_imagings,https://ssharvienkumar.github.io/SWoMo/,https://ssharvienkumar.github.io/SWoMo/,code_url_field,project_page,Published_papers/Computational_imagings/papers_links.csv,18,accessible,200,https://ssharvienkumar.github.io/SWoMo/,2026-10-01T15:35:35+00:00,
https://papers.miccai.org/miccai-2026/1024-Paper4114.html,SymmDiff: Symmetry-Guided Diffusion for Fracture Localization in Pelvic Radiographs,CT-XRay,CT-XRay,https://itsabdulrahman.github.io/symmdiff/,https://itsabdulrahman.github.io/symmdiff/,code_url_field,project_page,Published_papers/CT-XRay/papers_links.csv,322,accessible,200,https://itsabdulrahman.github.io/symmdiff/,2026-10-01T15:35:35+00:00,
https://papers.miccai.org/miccai-2026/1025-Paper0048.html,Synergistic Information Disentanglement for Omni-Modal Slide Representation Learning in Computational Pathology,Histology,Histology,https://github.com/imicjs/PhiOmni,https://github.com/imicjs/PhiOmni,code_url_field,repository_host_link,Published_papers/Histology/papers_links.csv,90,not_publicly_accessible,404,https://github.com/imicjs/PhiOmni,2026-10-01T15:35:36+00:00,HTTP Error 404: Not Found
https://papers.miccai.org/miccai-2026/1026-Paper0077.html,Synergistic Perception-Reasoning Governance: Grounding Medical MLLMs with Verifiable Anatomical Evidence,CT-XRay | MRI,CT-XRay,https://github.com/Henry991115/SPRG,https://github.com/Henry991115/SPRG,code_url_field,repository_host_link,Published_papers/CT-XRay/papers_links.csv,323,accessible,200,https://github.com/Henry991115/SPRG,2026-10-01T15:35:36+00:00,
https://papers.miccai.org/miccai-2026/1027-Paper1217.html,"SynHydro: Biomechanics-Driven Domain Randomization for Hydrocephalus-Agnostic, Generalizable Tissue-Ventricle Segmentation Across Age, Modality, and Resolution",MRI,MRI,,,none,no_listed_link,Published_papers/MRI/papers_links.csv,167,no_listed_link,,,,
https://papers.miccai.org/miccai-2026/1028-Paper3043.html,SynMamba: Synergizing Visual Mamba with Synthesized Clinical Semantics for Boundary-Aware Segmentation,CT-XRay,CT-XRay,,,none,no_listed_link,Published_papers/CT-XRay/papers_links.csv,324,no_listed_link,,,,
https://papers.miccai.org/miccai-2026/1029-Paper2011.html,SYNPRED: A Synergistic Approach to Multimodal Learning for Clinical Prediction,MRI,MRI,https://github.com/cirmuw/SYNPRED,https://github.com/cirmuw/SYNPRED,code_url_field,repository_host_link,Published_papers/MRI/papers_links.csv,168,not_publicly_accessible,404,https://github.com/cirmuw/SYNPRED,2026-10-01T15:35:36+00:00,HTTP Error 404: Not Found
https://papers.miccai.org/miccai-2026/1030-Paper1045.html,TAIR: Text-Guided Adaptive Prompt Refinement for Coarse-to-Fine all-in-One Medical Image Restoration,CT-XRay | MRI | PET_SPECT,CT-XRay,https://github.com/gluucose/TAIR,https://github.com/gluucose/TAIR,code_url_field,repository_host_link,Published_papers/CT-XRay/papers_links.csv,325,not_publicly_accessible,404,https://github.com/gluucose/TAIR,2026-10-01T15:35:36+00:00,HTTP Error 404: Not Found
https://papers.miccai.org/miccai-2026/1031-Paper0973.html,Task-Performance Routing for Multi-teacher Distillation in CT Medical Image Segmentation,CT-XRay,CT-XRay,https://github.com/EdvinCecilia/TPR_MultiTeacher,https://github.com/EdvinCecilia/TPR_MultiTeacher,code_url_field,repository_host_link,Published_papers/CT-XRay/papers_links.csv,326,accessible,200,https://github.com/EdvinCecilia/TPR_MultiTeacher,2026-10-01T15:35:36+00:00,
https://papers.miccai.org/miccai-2026/1032-Paper2099.html,TAVR-VLM: Risk-Conditioned Causal Grounding for Hallucination-Resistant Report Generation,CT-XRay,CT-XRay,https://github.com/Leo1998-Lu/TAVR-VLM,https://github.com/Leo1998-Lu/TAVR-VLM,code_url_field,repository_host_link,Published_papers/CT-XRay/papers_links.csv,327,accessible,200,https://github.com/Leo1998-Lu/TAVR-VLM,2026-10-01T15:35:35+00:00,
https://papers.miccai.org/miccai-2026/1033-Paper3821.html,TCCT: Trajectory-Conditioned CBCT Reconstruction for Sinusoidal Non-circular Orbits with a Fourier Neural Operator,CT-XRay,CT-XRay,https://github.com/ChengzeYe/TCCT,https://github.com/ChengzeYe/TCCT,code_url_field,repository_host_link,Published_papers/CT-XRay/papers_links.csv,328,accessible,200,https://github.com/ChengzeYe/TCCT,2026-10-01T15:35:35+00:00,
https://papers.miccai.org/miccai-2026/1034-Paper3685.html,TCFD-Net: Temporal-Calibrated Feature Disentanglement Network for Dual-Timepoint CT-Based Immunotherapy Response Prediction in Advanced Non-small Cell Lung Cancer,CT-XRay,CT-XRay,https://github.com/YFSoaring/TCFD-Net,https://github.com/YFSoaring/TCFD-Net,code_url_field,repository_host_link,Published_papers/CT-XRay/papers_links.csv,329,accessible,200,https://github.com/YFSoaring/TCFD-Net,2026-10-01T15:35:36+00:00,
https://papers.miccai.org/miccai-2026/1035-Paper2663.html,TC-SSA: Token Compression via Semantic Slot Aggregation for Gigapixel Pathology Reasoning,Histology | Microscopy,Histology,https://github.com/OzzyChen97/TC-SSA.git,https://github.com/OzzyChen97/TC-SSA.git,code_url_field,repository_host_link,Published_papers/Histology/papers_links.csv,91,accessible,200,https://github.com/OzzyChen97/TC-SSA,2026-10-01T15:35:36+00:00,
https://papers.miccai.org/miccai-2026/1036-Paper1672.html,TEDi: Temporal Memory-Enhanced and Denoising Transformer for Surgical Instrument Segmentation,Endoscopy | Robotics,Endoscopy,https://github.com/argon-xixi/TEDi,https://github.com/argon-xixi/TEDi,code_url_field,repository_host_link,Published_papers/Endoscopy/papers_links.csv,73,accessible,200,https://github.com/argon-xixi/TEDi,2026-10-01T15:35:36+00:00,
https://papers.miccai.org/miccai-2026/1037-Paper4449.html,TeDyS: Temporal Dynamics with Spatial Context for Longitudinal Progression Prediction,CT-XRay | MRI,CT-XRay,https://github.com/Ewha-AI/TeDyS,https://github.com/Ewha-AI/TeDyS,code_url_field,repository_host_link,Published_papers/CT-XRay/papers_links.csv,330,not_publicly_accessible,404,https://github.com/Ewha-AI/TeDyS,2026-10-01T15:35:36+00:00,HTTP Error 404: Not Found
https://papers.miccai.org/miccai-2026/1038-Paper1936.html,Temporal Phase-Difference Guided Spatiotemporal Learning for DSA Vessel Segmentation,CT-XRay,CT-XRay,https://github.com/kkk123lll/FPD-SegDSA,https://github.com/kkk123lll/FPD-SegDSA,code_url_field,repository_host_link,Published_papers/CT-XRay/papers_links.csv,331,accessible,200,https://github.com/kkk123lll/FPD-SegDSA,2026-10-01T15:35:36+00:00,
https://papers.miccai.org/miccai-2026/1039-Paper4538.html,Testable Concept Bottlenecks for Pretreatment pCR Prediction in Breast DCE-MRI: Faithfulness and Reliability,MRI,MRI,https://github.com/dairoTJY/breast-mri-cbm,https://github.com/dairoTJY/breast-mri-cbm,code_url_field,repository_host_link,Published_papers/MRI/papers_links.csv,169,accessible,200,https://github.com/dairoTJY/breast-mri-cbm,2026-10-01T15:35:36+00:00,
https://papers.miccai.org/miccai-2026/1040-Paper2304.html,Test-Time Adaptation for ECG Classification via SQI-Gated Self-training and Beat-Rhythm Consistency,Physio-signals,Physio-signals,https://github.com/Vincent-Wenhan/BeatRhythm-TTA,https://github.com/Vincent-Wenhan/BeatRhythm-TTA,code_url_field,repository_host_link,Published_papers/Physio-signals/papers_links.csv,39,accessible,200,https://github.com/Vincent-Wenhan/BeatRhythm-TTA,2026-10-01T15:35:36+00:00,
https://papers.miccai.org/miccai-2026/1041-Paper6471.html,Test-Time Adaptation for Rare Surgical Phase Recognition: Bridging the Coverage-Gap Paradox,Endoscopy,Endoscopy,https://github.com/powersimmani/tta-rare-surgical,https://github.com/powersimmani/tta-rare-surgical,code_url_field,repository_host_link,Published_papers/Endoscopy/papers_links.csv,74,accessible,200,https://github.com/powersimmani/tta-rare-surgical,2026-10-01T15:35:37+00:00,
https://papers.miccai.org/miccai-2026/1042-Paper1314.html,Test-Time Adaptation in Optical Coherence Tomography Using Trajectory-Aligned Time-Independent Flow,CT-XRay,CT-XRay,https://github.com/Veit21/tta-flow,https://github.com/Veit21/tta-flow,code_url_field,repository_host_link,Published_papers/CT-XRay/papers_links.csv,332,accessible,200,https://github.com/Veit21/tta-flow,2026-10-01T15:35:37+00:00,
https://papers.miccai.org/miccai-2026/1043-Paper1573.html,Test-time Adaptation of Pelvic Bone Segmentation Models via Dynamic Reliability-Guided,CT-XRay,CT-XRay,https://github.com/Ren-ling/ReGA,https://github.com/Ren-ling/ReGA,code_url_field,repository_host_link,Published_papers/CT-XRay/papers_links.csv,333,accessible,200,https://github.com/Ren-ling/ReGA,2026-10-01T15:35:37+00:00,
https://papers.miccai.org/miccai-2026/1044-Paper4518.html,Text as a Compass: Semantic-Navigated 3D Bone Collapse Prediction via Orthogonal Micro-volume Primitives,CT-XRay | EHR,CT-XRay,https://github.com/HKUSTGZ-ML4Health-Lab/COMPASS,https://github.com/HKUSTGZ-ML4Health-Lab/COMPASS,code_url_field,repository_host_link,Published_papers/CT-XRay/papers_links.csv,334,accessible,200,https://github.com/HKUSTGZ-ML4Health-Lab/COMPASS,2026-10-01T15:35:37+00:00,
https://papers.miccai.org/miccai-2026/1045-Paper1662.html,Text as Illumination: Spatial Contrastive Retinex Learning for Language-Guided Medical Image Segmentation,CT-XRay | MRI,CT-XRay,https://github.com/anaanaa/TIRNet,https://github.com/anaanaa/TIRNet,code_url_field,repository_host_link,Published_papers/CT-XRay/papers_links.csv,335,accessible,200,https://github.com/anaanaa/TIRNet,2026-10-01T15:35:37+00:00,
https://papers.miccai.org/miccai-2026/1046-Paper0685.html,Text as the Sieve: Information Bottleneck Guided Prototype Sieving for Text-Guided Medical Image Segmentation,CT-XRay,CT-XRay,,,none,no_listed_link,Published_papers/CT-XRay/papers_links.csv,336,no_listed_link,,,,
https://papers.miccai.org/miccai-2026/1047-Paper5707.html,Text Guidance and Distance Gating Improve Detection and Segmentation of Focal Cortical Dysplasia,MRI,MRI,https://github.com/Wektor607/FCD-TextGuide,https://github.com/Wektor607/FCD-TextGuide,code_url_field,repository_host_link,Published_papers/MRI/papers_links.csv,170,accessible,200,https://github.com/Wektor607/FCD-TextGuide,2026-10-01T15:35:37+00:00,
https://papers.miccai.org/miccai-2026/1048-Paper6416.html,Text-Deficient Multimodal Stroke Segmentation with Lesion-Grounded Self-Retrieval-Augmented Generation,Diffusion-MRI,Diffusion-MRI,https://github.com/HeeseongEom/LeG-RAG,https://github.com/HeeseongEom/LeG-RAG,code_url_field,repository_host_link,Published_papers/Diffusion-MRI/papers_links.csv,19,accessible,200,https://github.com/HeeseongEom/LeG-RAG,2026-10-01T15:35:37+00:00,
https://papers.miccai.org/miccai-2026/1049-Paper2061.html,Text-Guided Multi-frequency Latent Diffusion for Medical Image Segmentation,CT-XRay | Endoscopy,CT-XRay,https://github.com/qczggaoqiang/TMF-Seg,https://github.com/qczggaoqiang/TMF-Seg,code_url_field,repository_host_link,Published_papers/CT-XRay/papers_links.csv,337,accessible,200,https://github.com/qczggaoqiang/TMF-Seg,2026-10-01T15:35:38+00:00,
https://papers.miccai.org/miccai-2026/1050-Paper0569.html,TGBD-Net: Tumor-Guided Bridging Distillation for Joint EGFR Mutation and Survival Prediction in Lung Cancer from CT Imaging,CT-XRay,CT-XRay,https://github.com/MenchYoung/TGBD-Net.git,https://github.com/MenchYoung/TGBD-Net.git,code_url_field,repository_host_link,Published_papers/CT-XRay/papers_links.csv,339,accessible,200,https://github.com/MenchYoung/TGBD-Net,2026-10-01T15:35:38+00:00,
https://papers.miccai.org/miccai-2026/1051-Paper0673.html,TGH-DB: Template-Guided Heteroscedastic Diffusion Bridge for Brain MRI-to-PET Synthesis,MRI | PET_SPECT,MRI,https://github.com/PangHaowen-hub/TGH-DB,https://github.com/PangHaowen-hub/TGH-DB,code_url_field,repository_host_link,Published_papers/MRI/papers_links.csv,171,accessible,200,https://github.com/PangHaowen-hub/TGH-DB,2026-10-01T15:35:38+00:00,
https://papers.miccai.org/miccai-2026/1052-Paper1931.html,TG-OT: Topology-Guided CCTA-IVUS Registration via Optimal Transport Matching,CT-XRay | ultrasounds,CT-XRay,https://github.com/RoelvH97/TG_OT,https://github.com/RoelvH97/TG_OT,code_url_field,repository_host_link,Published_papers/CT-XRay/papers_links.csv,338,accessible,200,https://github.com/RoelvH97/TG_OT,2026-10-01T15:35:38+00:00,
https://papers.miccai.org/miccai-2026/1053-Paper3049.html,The Learnability Gap in Medical Latent Diffusion,CT-XRay | Photo_video | ultrasounds,CT-XRay,https://github.com/MischaD/LearnabilityGap,https://github.com/MischaD/LearnabilityGap,code_url_field,repository_host_link,Published_papers/CT-XRay/papers_links.csv,340,accessible,200,https://github.com/MischaD/LearnabilityGap,2026-10-01T15:35:38+00:00,
https://papers.miccai.org/miccai-2026/1054-Paper1965.html,The Neuro-Developing Engine: a Surrogate Longitudinal Model for Infant Brain Dynamics Via Causal Distillation,Func_MRI,Func_MRI,,,none,no_listed_link,Published_papers/Func_MRI/papers_links.csv,35,no_listed_link,,,,
https://papers.miccai.org/miccai-2026/1055-Paper0729.html,"The Paper Has a GitHub, the GitHub Has a README, the README Has Nothing: Reproducibility Signals for Review Support",Others,Others,https://github.com/AImageLab-zip/paper-snitch,https://github.com/AImageLab-zip/paper-snitch,code_url_field,repository_host_link,Published_papers/Others/papers_links.csv,47,accessible,200,https://github.com/AImageLab-zip/paper-snitch,2026-10-01T15:35:38+00:00,
https://papers.miccai.org/miccai-2026/1056-Paper4899.html,"Think Global, Look Focal: Dual-Stream Retrieval-Augmented Pathology Report Generation for Whole Slide Images",Histology,Histology,https://github.com/jasonlightx/DR-Gen,https://github.com/jasonlightx/DR-Gen,code_url_field,repository_host_link,Published_papers/Histology/papers_links.csv,92,accessible,200,https://github.com/jasonlightx/DR-Gen,2026-10-01T15:35:39+00:00,
https://papers.miccai.org/miccai-2026/1057-Paper0259.html,Through the Schrödinger Bridge: Benchmarking Antemortem Image Restoration from Postmortem Autolysis to Enhance Forensic Diagnostics,Histology,Histology,https://github.com/fengluo233/AutolysisBench,https://github.com/fengluo233/AutolysisBench,code_url_field,repository_host_link,Published_papers/Histology/papers_links.csv,93,accessible,200,https://github.com/fengluo233/AutolysisBench,2026-10-01T15:35:39+00:00,
https://papers.miccai.org/miccai-2026/1058-Paper5469.html,Through-Plane Attention for Anisotropic CT Super-Resolution Improves Quantitative Lung Cancer Analysis,CT-XRay,CT-XRay,,,none,no_listed_link,Published_papers/CT-XRay/papers_links.csv,341,no_listed_link,,,,
https://papers.miccai.org/miccai-2026/1059-Paper0293.html,Time Matters: Rethinking Diffusion and Flow Models in One-Step Medical Image Translation,Computational_imagings | MRI | PET_SPECT,Computational_imagings,https://github.com/siyuan-mei/JiR,https://github.com/siyuan-mei/JiR,code_url_field,repository_host_link,Published_papers/Computational_imagings/papers_links.csv,19,accessible,200,https://github.com/siyuan-mei/JiR,2026-10-01T15:35:39+00:00,
https://papers.miccai.org/miccai-2026/1060-Paper4415.html,Time-Grounded Clinical Prediction from Longitudinal Multimodal Patient Histories,CT-XRay | EHR,CT-XRay,https://huggingface.co/datasets/wanqi16/MIMIC-MTE,https://huggingface.co/datasets/wanqi16/MIMIC-MTE,code_url_field,model_or_dataset_hub,Published_papers/CT-XRay/papers_links.csv,342,accessible,200,https://huggingface.co/datasets/wanqi16/MIMIC-MTE,2026-10-01T15:35:39+00:00,
https://papers.miccai.org/miccai-2026/1061-Paper5521.html,TinyH2GNet: Exploring Lightweight Models for Gene Expression Prediction from H&E Images,Histology | Microscopy,Histology,https://github.com/AI4Med-Lab/TinyH2GNet,https://github.com/AI4Med-Lab/TinyH2GNet,code_url_field,repository_host_link,Published_papers/Histology/papers_links.csv,94,accessible,200,https://github.com/AI4Med-Lab/TinyH2GNet,2026-10-01T15:35:39+00:00,
https://papers.miccai.org/miccai-2026/1062-Paper1741.html,TissueCodePilot: A Code-Action Agent for AI-Assisted Spatial Tissue Analysis,Microscopy,Microscopy,https://github.com/hula-ai/TissueCodePilot,https://github.com/hula-ai/TissueCodePilot,code_url_field,repository_host_link,Published_papers/Microscopy/papers_links.csv,37,accessible,200,https://github.com/hula-ai/TissueCodePilot,2026-10-01T15:35:40+00:00,
https://papers.miccai.org/miccai-2026/1063-Paper4528.html,TOF-GR: Unsupervised PET Reconstruction via Time-of-Flight Gaussian Representation and Kernel-Based Prior Modeling,PET_SPECT,PET_SPECT,,,none,no_listed_link,Published_papers/PET_SPECT/papers_links.csv,13,no_listed_link,,,,
https://papers.miccai.org/miccai-2026/1064-Paper2261.html,TOFlow: Learning-Based Isotropic Reconstruction and Flow Mapping from Multi-orientation TOF-MRA,MRI,MRI,,,none,no_listed_link,Published_papers/MRI/papers_links.csv,172,no_listed_link,,,,
https://papers.miccai.org/miccai-2026/1065-Paper5316.html,Tooth Alignment via Virtual Trajectories with Clinical Constraints,Others,Others,https://github.com/moontaijin/ProMoT-Tooth-Alignment,https://github.com/moontaijin/ProMoT-Tooth-Alignment,code_url_field,repository_host_link,Published_papers/Others/papers_links.csv,48,accessible,200,https://github.com/moontaijin/ProMoT-Tooth-Alignment,2026-10-01T15:35:40+00:00,
https://papers.miccai.org/miccai-2026/1066-Paper0853.html,ToothFairy3: Scaling CBCT Maxillofacial Segmentation to 77 Classes with U-Mamba2,CT-XRay,CT-XRay,https://github.com/zhiqin1998/U-Mamba2,https://github.com/zhiqin1998/U-Mamba2,code_url_field,repository_host_link,Published_papers/CT-XRay/papers_links.csv,343,accessible,200,https://github.com/zhiqin1998/U-Mamba2,2026-10-01T15:35:40+00:00,
https://papers.miccai.org/miccai-2026/1067-Paper2193.html,Topology-Driven Transferability Estimation of Medical Foundation Models for Segmentation,MRI,MRI,https://github.com/SPIresearch/TopoTE,https://github.com/SPIresearch/TopoTE,code_url_field,repository_host_link,Published_papers/MRI/papers_links.csv,173,accessible,200,https://github.com/SPIresearch/TopoTE,2026-10-01T15:35:40+00:00,
https://papers.miccai.org/miccai-2026/1068-Paper2412.html,TopoOR: A Unified Topological Scene Representation for the Operating Room,Photo_video,Photo_video,https://github.com/wngTn/TopoOR,https://github.com/wngTn/TopoOR,code_url_field,repository_host_link,Published_papers/Photo_video/papers_links.csv,60,accessible,200,https://github.com/wngTn/TopoOR,2026-10-01T15:35:40+00:00,
https://papers.miccai.org/miccai-2026/1069-Paper0127.html,TotalFM: An Organ-Separated 3D-CT Foundation Model Leveraging Large-Scale Routine Clinical Radiology Data,CT-XRay,CT-XRay,https://github.com/jichi-labo/TotalFM,https://github.com/jichi-labo/TotalFM,code_url_field,repository_host_link,Published_papers/CT-XRay/papers_links.csv,344,accessible,200,https://github.com/jichi-labo/TotalFM,2026-10-01T15:35:40+00:00,
https://papers.miccai.org/miccai-2026/1070-Paper0587.html,Toward Markerless Video-Based Tremor Analysis: Objective Quantification of Pathological Tremor in Mouse Preclinical Models,Photo_video,Photo_video,https://github.com/hotatetabetai/Markerless-Video-based-Tremor-Analysis,https://github.com/hotatetabetai/Markerless-Video-based-Tremor-Analysis,code_url_field,repository_host_link,Published_papers/Photo_video/papers_links.csv,61,accessible,200,https://github.com/hotatetabetai/Markerless-Video-based-Tremor-Analysis,2026-10-01T15:35:41+00:00,
https://papers.miccai.org/miccai-2026/1071-Paper1418.html,Toward Synergistic Learning for Liver Vessel and Couinaud Segmentations,CT-XRay,CT-XRay,https://github.com/YueQiu0911/VSA-Liver,https://github.com/YueQiu0911/VSA-Liver,code_url_field,repository_host_link,Published_papers/CT-XRay/papers_links.csv,345,accessible,200,https://github.com/YueQiu0911/VSA-Liver,2026-10-01T15:35:41+00:00,
https://papers.miccai.org/miccai-2026/1072-Paper2492.html,Toward Thyroid Cancer BRAF V600E Mutation Prediction via Multimodal Large Language Model: Dataset and Model Development,ultrasounds,ultrasounds,https://github.com/FiFi-HAO467/BRAF-MLLM,https://github.com/FiFi-HAO467/BRAF-MLLM,code_url_field,repository_host_link,Published_papers/ultrasounds/papers_links.csv,81,accessible,200,https://github.com/FiFi-HAO467/BRAF-MLLM,2026-10-01T15:35:41+00:00,
https://papers.miccai.org/miccai-2026/1073-Paper1452.html,Towards Class-Aware Semantic Decoupling in Multi-modal Disease Diagnosis with Missing Modalities,CT-XRay | EHR,CT-XRay,,,none,no_listed_link,Published_papers/CT-XRay/papers_links.csv,346,no_listed_link,,,,
https://papers.miccai.org/miccai-2026/1074-Paper1575.html,Towards Direction-Equilibrated Segmentation in 3D Medical Images,CT-XRay | MRI,CT-XRay,https://github.com/pky888/DEM-Mamba,https://github.com/pky888/DEM-Mamba,code_url_field,repository_host_link,Published_papers/CT-XRay/papers_links.csv,347,accessible,200,https://github.com/pky888/DEM-Mamba,2026-10-01T15:35:41+00:00,
https://papers.miccai.org/miccai-2026/1075-Paper0251.html,Towards the Digital Dental Models: High-Fidelity CBCT-to-IOS Fusion via Anatomy-Aware Geometric Transformers,CT-XRay | Sensors,CT-XRay,https://github.com/AI4MyBUPT/DIgital-dental,https://github.com/AI4MyBUPT/DIgital-dental,code_url_field,repository_host_link,Published_papers/CT-XRay/papers_links.csv,348,accessible,200,https://github.com/AI4MyBUPT/DIgital-dental,2026-10-01T15:35:41+00:00,
https://papers.miccai.org/miccai-2026/1076-Paper1246.html,Towards Unified Image–Video Modeling Across B-Mode and Contrast-Enhanced Ultrasound for Multi-task Analysis,ultrasounds,ultrasounds,,,none,no_listed_link,Published_papers/ultrasounds/papers_links.csv,82,no_listed_link,,,,
https://papers.miccai.org/miccai-2026/1077-Paper2568.html,Towards Unified Surgical Scene Understanding: Bridging Reasoning and Grounding via MLLMs,Endoscopy,Endoscopy,https://github.com/Su-Llo/SurgMLLM,https://github.com/Su-Llo/SurgMLLM,code_url_field,repository_host_link,Published_papers/Endoscopy/papers_links.csv,75,accessible,200,https://github.com/Su-Llo/SurgMLLM,2026-10-01T15:35:41+00:00,
https://papers.miccai.org/miccai-2026/1078-Paper2621.html,Towards Versatile and Safe Multi-electrode Path Planning for SEEG Implantation,MRI,MRI,https://github.com/Joe-Galaxy/safe-seeg-multielectrode-planning,https://github.com/Joe-Galaxy/safe-seeg-multielectrode-planning,code_url_field,repository_host_link,Published_papers/MRI/papers_links.csv,174,accessible,200,https://github.com/Joe-Galaxy/safe-seeg-multielectrode-planning,2026-10-01T15:35:41+00:00,
https://papers.miccai.org/miccai-2026/1079-Paper3018.html,TraceCXR: Verifiable Chest X-ray Reports via Evidence-Addressable Graph Prompting,CT-XRay,CT-XRay,https://github.com/Blaise-H02/TraceCXR,https://github.com/Blaise-H02/TraceCXR,code_url_field,repository_host_link,Published_papers/CT-XRay/papers_links.csv,349,accessible,200,https://github.com/Blaise-H02/TraceCXR,2026-10-01T15:35:41+00:00,
https://papers.miccai.org/miccai-2026/1080-Paper5410.html,TRACE-PSG: Traceable Sleep Diagnosis Support with Pointer-Grounded Evidence,Photo_video,Photo_video,,,none,no_listed_link,Published_papers/Photo_video/papers_links.csv,62,no_listed_link,,,,
https://papers.miccai.org/miccai-2026/1081-Paper3396.html,TracerAD: Training-Free Few-Shot 3D Anomaly Detection for Novel PET Tracers,PET_SPECT,PET_SPECT,,https://github.com/MedAIerHHL/TracerAD,abstract,repository_host_link,Published_papers/PET_SPECT/papers_links.csv,15,accessible,200,https://github.com/MedAIerHHL/TracerAD,2026-10-01T15:35:41+00:00,
https://papers.miccai.org/miccai-2026/1082-Paper0325.html,Tracer-Adaptive Expert Learning for Generalizable PET Lesion Segmentation,PET_SPECT,PET_SPECT,https://github.com/CMYXing/ProMoE,https://github.com/CMYXing/ProMoE,code_url_field,repository_host_link,Published_papers/PET_SPECT/papers_links.csv,14,accessible,200,https://github.com/CMYXing/ProMoE,2026-10-01T15:35:42+00:00,
https://papers.miccai.org/miccai-2026/1083-Paper2834.html,Track2Map: Online Deformable SLAM with Motion-Aware Pose Optimization in Robotic Surgery,Endoscopy | Robotics,Endoscopy,https://track2map.github.io/,https://track2map.github.io/,code_url_field,project_page,Published_papers/Endoscopy/papers_links.csv,76,accessible,200,https://track2map.github.io/,2026-10-01T15:35:42+00:00,
https://papers.miccai.org/miccai-2026/1084-Paper6350.html,Trackerless Ultrasound Pose Estimation via Correspondence-Aware Tokenization and Flow-Matching Transformers,ultrasounds,ultrasounds,,,none,no_listed_link,Published_papers/ultrasounds/papers_links.csv,83,no_listed_link,,,,
https://papers.miccai.org/miccai-2026/1085-Paper4001.html,Tractography-Driven Synthetic Data Generation for Fiber Bundle Segmentation in Tracer Histology,Computational_imagings | MRI | Microscopy,Computational_imagings,https://github.com/lincbrain/synthetic-tracer-histology-segmentation,https://github.com/lincbrain/synthetic-tracer-histology-segmentation,code_url_field,repository_host_link,Published_papers/Computational_imagings/papers_links.csv,20,accessible,200,https://github.com/lincbrain/synthetic-tracer-histology-segmentation,2026-10-01T15:35:42+00:00,
https://papers.miccai.org/miccai-2026/1086-Paper2694.html,Training LLMs with Reinforcement Learning over Digital Twin Representations for Reasoning-Intensive Surgical VideoQA,Endoscopy,Endoscopy,,https://anonymous.4open.science/r/surgical_videoqa_dt/,abstract,anonymous_repository_link,Published_papers/Endoscopy/papers_links.csv,77,accessible,200,https://anonymous.4open.science/r/surgical_videoqa_dt/,2026-10-01T15:35:42+00:00,
https://papers.miccai.org/miccai-2026/1087-Paper1912.html,Trajectory-Aware Cross-Paradigm Transformers for Efficient System Matrix Calibration in Magnetic Particle Imaging,Robotics,Robotics,,https://github.com/learning-TL/TACPTnet,abstract,repository_host_link,Published_papers/Robotics/papers_links.csv,8,accessible,200,https://github.com/learning-TL/TACPTnet,2026-10-01T15:35:42+00:00,
https://papers.miccai.org/miccai-2026/1088-Paper4151.html,TRIAGE-MIL: Multi-axis Instance Selection and Semantic Hypergraph Modeling for Survival Prediction from Whole-Slide Images,Histology,Histology,https://github.com/barathi-1993/TRIAGE-MIL,https://github.com/barathi-1993/TRIAGE-MIL,code_url_field,repository_host_link,Published_papers/Histology/papers_links.csv,95,accessible,200,https://github.com/barathi-1993/TRIAGE-MIL,2026-10-01T15:35:43+00:00,
https://papers.miccai.org/miccai-2026/1089-Paper1927.html,TriFlow: Triplane Latent Conditional Flow Matching for Efficient 3D Skull Shape Completion,Computational_imagings,Computational_imagings,,,none,no_listed_link,Published_papers/Computational_imagings/papers_links.csv,21,no_listed_link,,,,
https://papers.miccai.org/miccai-2026/1090-Paper4192.html,Tri-KA: Tri-level knowledge anchoring test-time adaptation for source-free cross-site MRI rectal cancer segmentation,MRI,MRI,https://github.com/WayneBo98/Tri-KA,https://github.com/WayneBo98/Tri-KA,code_url_field,repository_host_link,Published_papers/MRI/papers_links.csv,175,accessible,200,https://github.com/WayneBo98/Tri-KA,2026-10-01T15:35:43+00:00,
https://papers.miccai.org/miccai-2026/1091-Paper0922.html,TRUST: Efficient Abdominal Trauma Recognition via Image-to-Ultrasound-Video Transfer Learning,ultrasounds,ultrasounds,,,none,no_listed_link,Published_papers/ultrasounds/papers_links.csv,84,no_listed_link,,,,
https://papers.miccai.org/miccai-2026/1092-Paper0870.html,TrustSyn: Reliable and Divergent Synergy for Mixed-Domain Fundus Segmentation,Photo_video,Photo_video,https://github.com/wwwangxinhui/TrustSyn,https://github.com/wwwangxinhui/TrustSyn,code_url_field,repository_host_link,Published_papers/Photo_video/papers_links.csv,63,accessible,200,https://github.com/wwwangxinhui/TrustSyn,2026-10-01T15:35:43+00:00,
https://papers.miccai.org/miccai-2026/1093-Paper3256.html,Trustworthy Endoscopic Super-Resolution,Endoscopy,Endoscopy,https://github.com/jusiro/Endoscopic-CFM,https://github.com/jusiro/Endoscopic-CFM,code_url_field,repository_host_link,Published_papers/Endoscopy/papers_links.csv,78,accessible,200,https://github.com/jusiro/Endoscopic-CFM,2026-10-01T15:35:44+00:00,
https://papers.miccai.org/miccai-2026/1094-Paper0737.html,TSegAgent: Zero-Shot Tooth Segmentation via Geometry-Aware Vision-Language Agents,Photo_video,Photo_video,https://github.com/znshje/TSegAgent,https://github.com/znshje/TSegAgent,code_url_field,repository_host_link,Published_papers/Photo_video/papers_links.csv,64,accessible,200,https://github.com/znshje/TSegAgent,2026-10-01T15:35:44+00:00,
https://papers.miccai.org/miccai-2026/1095-Paper2027.html,Tumor-Aware Direct Preference Optimization for Longitudinal Post-operative MRI Generation,MRI,MRI,,,none,no_listed_link,Published_papers/MRI/papers_links.csv,176,no_listed_link,,,,
https://papers.miccai.org/miccai-2026/1096-Paper4612.html,TumorFlow: Physics-Guided Longitudinal MRI Synthesis of Glioblastoma Growth,MRI,MRI,https://github.com/valentin-biller/lgm.git,https://github.com/valentin-biller/lgm.git,code_url_field,repository_host_link,Published_papers/MRI/papers_links.csv,177,accessible,200,https://github.com/valentin-biller/lgm,2026-10-01T15:35:44+00:00,
https://papers.miccai.org/miccai-2026/1097-Paper2238.html,Two-Stage Cross-Domain Cervical Abnormality Screening with Cytopathological Image Synthesis and Knowledge Distillation,Histology,Histology,https://github.com/ZhanYiHui06/MICCAI2026,https://github.com/ZhanYiHui06/MICCAI2026,code_url_field,repository_host_link,Published_papers/Histology/papers_links.csv,96,accessible,200,https://github.com/ZhanYiHui06/MICCAI2026,2026-10-01T15:35:44+00:00,
https://papers.miccai.org/miccai-2026/1098-Paper0123.html,Ultrafast Echocardiography Based on Dynamic Subspace-Guided and Temporal Adaptive Diffusion,ultrasounds,ultrasounds,,,none,no_listed_link,Published_papers/ultrasounds/papers_links.csv,85,no_listed_link,,,,
https://papers.miccai.org/miccai-2026/1099-Paper1157.html,UltraStar: Semantic-Aware Star Graph Modeling for Echocardiography Navigation,ultrasounds,ultrasounds,https://github.com/LeapLabTHU/UltraStar,https://github.com/LeapLabTHU/UltraStar,code_url_field,repository_host_link,Published_papers/ultrasounds/papers_links.csv,86,accessible,200,https://github.com/LeapLabTHU/UltraStar,2026-10-01T15:35:44+00:00,
https://papers.miccai.org/miccai-2026/1100-Paper6571.html,Uncertainty-Aware Bayesian Prompt Adaptation for Robust Cross-Modality Medical Segmentation,CT-XRay | MRI,CT-XRay,https://github.com/Macs-Laboratory/bayesprompt,https://github.com/Macs-Laboratory/bayesprompt,code_url_field,repository_host_link,Published_papers/CT-XRay/papers_links.csv,351,accessible,200,https://github.com/Macs-Laboratory/bayesprompt,2026-10-01T15:35:44+00:00,
https://papers.miccai.org/miccai-2026/1101-Paper4517.html,Uncertainty-Aware Hypergraph Consistency Learning for Semi-supervised Medical Image Segmentation,Endoscopy | Func_MRI,Endoscopy,https://github.com/BaoyaoGroup/UAHC,https://github.com/BaoyaoGroup/UAHC,code_url_field,repository_host_link,Published_papers/Endoscopy/papers_links.csv,79,not_publicly_accessible,404,https://github.com/BaoyaoGroup/UAHC,2026-10-01T15:35:45+00:00,HTTP Error 404: Not Found
https://papers.miccai.org/miccai-2026/1102-Paper0892.html,Uncertainty-Aware Spatio-Semantic Contextual Prompts for Multimodal Medical Segmentation,CT-XRay | MRI,CT-XRay,,https://github.com/ucsdbiag/spatio-semantic-in-context-segmentation,abstract,repository_host_link,Published_papers/CT-XRay/papers_links.csv,352,accessible,200,https://github.com/ucsdbiag/SpatioSemanticMedMICS,2026-10-01T15:35:45+00:00,
https://papers.miccai.org/miccai-2026/1103-Paper5310.html,Uncertainty-Aware Spatiotemporal Graph Learning for Individualized Cortical Parcellation and Somato-Cognitive Integration in the Developing Brain,Diffusion-MRI | Func_MRI | MRI,Diffusion-MRI,,,none,no_listed_link,Published_papers/Diffusion-MRI/papers_links.csv,20,no_listed_link,,,,
https://papers.miccai.org/miccai-2026/1104-Paper3907.html,Uncertainty-Guided Conservative Propagation for Coronary Artery Segmentation,CT-XRay,CT-XRay,https://github.com/chenzhao2023/UGCP,https://github.com/chenzhao2023/UGCP,code_url_field,repository_host_link,Published_papers/CT-XRay/papers_links.csv,353,accessible,200,https://github.com/chenzhao2023/UGCP,2026-10-01T15:35:45+00:00,
https://papers.miccai.org/miccai-2026/1105-Paper5323.html,Uncovering Interpretable Point-Wise Image Correspondences from Deep Segmentation Features,CT-XRay | MRI,CT-XRay,,,none,no_listed_link,Published_papers/CT-XRay/papers_links.csv,354,no_listed_link,,,,
https://papers.miccai.org/miccai-2026/1106-Paper5951.html,Understanding Model Behavior in Monocular Polyp Sizing,Endoscopy,Endoscopy,https://github.com/anaxqx/polyp-sizing-audit,https://github.com/anaxqx/polyp-sizing-audit,code_url_field,repository_host_link,Published_papers/Endoscopy/papers_links.csv,80,accessible,200,https://github.com/anaxqx/polyp-sizing-audit,2026-10-01T15:35:45+00:00,
https://papers.miccai.org/miccai-2026/1107-Paper1396.html,Uni-Brain: Anatomy-Informed Diffusion for Multi-Tracer Synthesis and Counterfactual Prognosis from Cross-Sectional Data,MRI | PET_SPECT,MRI,https://github.com/hjYu-711/UniBrain,https://github.com/hjYu-711/UniBrain,code_url_field,repository_host_link,Published_papers/MRI/papers_links.csv,178,accessible,200,https://github.com/hjYu-711/UniBrain,2026-10-01T15:35:45+00:00,
https://papers.miccai.org/miccai-2026/1108-Paper1178.html,UniCT: A Unified Joint Multi-Task Framework for 3D Chest CT Abnormality Analysis,CT-XRay,CT-XRay,https://theodpzz.github.io/projects/unict/,https://theodpzz.github.io/projects/unict/,code_url_field,project_page,Published_papers/CT-XRay/papers_links.csv,355,accessible,200,https://theodpzz.github.io/projects/unict/,2026-10-01T15:35:45+00:00,
https://papers.miccai.org/miccai-2026/1109-Paper1169.html,UniFCHarm: Unified Prompt-Guided Harmonization of fMRI Functional Connectivity Across Scanners and Atlases,Func_MRI,Func_MRI,,https://github.com/yizhixiaolinya/Code-MICCAI2026_fMRI-Harm.git,abstract,repository_host_link,Published_papers/Func_MRI/papers_links.csv,36,accessible,200,https://github.com/yizhixiaolinya/Code-MICCAI2026_fMRI-Harm,2026-10-01T15:35:45+00:00,
https://papers.miccai.org/miccai-2026/1110-Paper2626.html,Unified Multimodal Model for Brain MRI Imputation and Understanding,MRI,MRI,https://github.com/zhiyuns/UniBrain,https://github.com/zhiyuns/UniBrain,code_url_field,repository_host_link,Published_papers/MRI/papers_links.csv,179,accessible,200,https://github.com/zhiyuns/UniBrain,2026-10-01T15:35:46+00:00,
https://papers.miccai.org/miccai-2026/1111-Paper3466.html,UniField: A Unified Field-Aware MRI Enhancement Framework,MRI,MRI,https://github.com/linyiyang98/UniField,https://github.com/linyiyang98/UniField,code_url_field,repository_host_link,Published_papers/MRI/papers_links.csv,180,accessible,200,https://github.com/linyiyang98/UniField,2026-10-01T15:35:46+00:00,
https://papers.miccai.org/miccai-2026/1112-Paper1416.html,UniLiver: Gradient-Conditioned Unified Model for Multi-target Hepatic Segmentation,CT-XRay,CT-XRay,,https://github.com/YueQiu0911/UniLiver,abstract,repository_host_link,Published_papers/CT-XRay/papers_links.csv,356,accessible,200,https://github.com/YueQiu0911/UniLiver,2026-10-01T15:35:46+00:00,
https://papers.miccai.org/miccai-2026/1113-Paper5041.html,UniSpine-GS: An Efficient Physics-Aware Gaussian Framework for Cross-Modality Multi-view Spine Image Synthesis,CT-XRay | ultrasounds,CT-XRay,https://github.com/orangeisland66/UniSpine-GS,https://github.com/orangeisland66/UniSpine-GS,code_url_field,repository_host_link,Published_papers/CT-XRay/papers_links.csv,357,accessible,200,https://github.com/orangeisland66/UniSpine-GS,2026-10-01T15:35:46+00:00,
https://papers.miccai.org/miccai-2026/1114-Paper2789.html,Unleashing Video Language Models for Fine-grained HRCT Report Generation,CT-XRay,CT-XRay,https://github.com/ayanglab/CTRG_VideoLMs,https://github.com/ayanglab/CTRG_VideoLMs,code_url_field,repository_host_link,Published_papers/CT-XRay/papers_links.csv,358,accessible,200,https://github.com/ayanglab/CTRG_VideoLMs,2026-10-01T15:35:47+00:00,
https://papers.miccai.org/miccai-2026/1115-Paper0019.html,Unlocking the Power of Medical Tabular Data via Semantic-Aware Multimodal Pre-training,Photo_video,Photo_video,https://github.com/Ethan-ysliu/AID,https://github.com/Ethan-ysliu/AID,code_url_field,repository_host_link,Published_papers/Photo_video/papers_links.csv,65,accessible,200,https://github.com/Ethan-ysliu/AID,2026-10-01T15:35:47+00:00,
https://papers.miccai.org/miccai-2026/1116-Paper1536.html,Unsupervised and Segmentation-Free Phase Unwrapping for 4D Flow MRI Using Deep Image Prior,MRI,MRI,https://github.com/AssociatedPrimeIdeal/PUDIP-Flow,https://github.com/AssociatedPrimeIdeal/PUDIP-Flow,code_url_field,repository_host_link,Published_papers/MRI/papers_links.csv,181,accessible,200,https://github.com/AssociatedPrimeIdeal/PUDIP-Flow,2026-10-01T15:35:47+00:00,
https://papers.miccai.org/miccai-2026/1117-Paper4982.html,Unsupervised Brain Anomaly Detection as a Bayesian Inverse Problem with Diffusion Prior,MRI | PET_SPECT,MRI,https://github.com/HuguesRoy/UAD_DAPS,https://github.com/HuguesRoy/UAD_DAPS,code_url_field,repository_host_link,Published_papers/MRI/papers_links.csv,182,accessible,200,https://github.com/HuguesRoy/UAD_DAPS,2026-10-01T15:35:47+00:00,
https://papers.miccai.org/miccai-2026/1118-Paper2218.html,Unsupervised Domain Adaptation for Pelvic Landmark Localization in CT and MR Using Landmark-Conditioned Synthesis,CT-XRay | MRI,CT-XRay,https://github.com/KangqingYe/LCS-UDA,https://github.com/KangqingYe/LCS-UDA,code_url_field,repository_host_link,Published_papers/CT-XRay/papers_links.csv,359,accessible,200,https://github.com/KangqingYe/LCS-UDA,2026-10-01T15:35:47+00:00,
https://papers.miccai.org/miccai-2026/1119-Paper0603.html,Unveiling Brain-Body Axis Interactions in Psychiatric-Endocrine Disorder with Deep Graph Causal Neural Network,Diffusion-MRI,Diffusion-MRI,https://github.com/NIMGroup/UKBCausal,https://github.com/NIMGroup/UKBCausal,code_url_field,repository_host_link,Published_papers/Diffusion-MRI/papers_links.csv,21,accessible,200,https://github.com/NIMGroup/UKBCausal,2026-10-01T15:35:47+00:00,
https://papers.miccai.org/miccai-2026/1120-Paper0632.html,U-ReLSE: Voxel-Wise Evidential Uncertainty-Regularized MIL for Vertebral Metastasis Detection with Hybrid Supervision,CT-XRay,CT-XRay,,,none,no_listed_link,Published_papers/CT-XRay/papers_links.csv,350,no_listed_link,,,,
https://papers.miccai.org/miccai-2026/1121-Paper2881.html,URLCF: Universal Representation Learning for Cross-Domain Few-Shot Autism Spectrum Disorder Detection,Func_MRI,Func_MRI,https://github.com/dwd111/URLCF,https://github.com/dwd111/URLCF,code_url_field,repository_host_link,Published_papers/Func_MRI/papers_links.csv,37,accessible,200,https://github.com/dwd111/URLCF,2026-10-01T15:35:47+00:00,
https://papers.miccai.org/miccai-2026/1122-Paper4829.html,UT-MIL: Uncertainty-Rectified and TME-Decoupling Dual-Stream Aggregation for Robust WSI Survival Prediction,Histology,Histology,https://github.com/hutaiyuan/UTMIL,https://github.com/hutaiyuan/UTMIL,code_url_field,repository_host_link,Published_papers/Histology/papers_links.csv,97,accessible,200,https://github.com/hutaiyuan/UTMIL,2026-10-01T15:35:48+00:00,
https://papers.miccai.org/miccai-2026/1123-Paper0575.html,VA-Adapter: Adapting Ultrasound Foundation Model to Echocardiography Probe Guidance,ultrasounds,ultrasounds,https://github.com/LeapLabTHU/VA-Adapter,https://github.com/LeapLabTHU/VA-Adapter,code_url_field,repository_host_link,Published_papers/ultrasounds/papers_links.csv,87,accessible,200,https://github.com/LeapLabTHU/VA-Adapter,2026-10-01T15:35:48+00:00,
https://papers.miccai.org/miccai-2026/1124-Paper5527.html,Validation of simulation-based evaluation by inclusion of unlabeled data and meta-ablation,Computational_imagings | Others,Computational_imagings,,,none,no_listed_link,Published_papers/Computational_imagings/papers_links.csv,22,no_listed_link,,,,
https://papers.miccai.org/miccai-2026/1125-Paper4912.html,VarDeFlow: Variational Deformation Learning with Flow Matching for Multi-organ Cross-Modality Medical Image Synthesis,CT-XRay | MRI,CT-XRay,https://github.com/pks716/MICCAI_2026,https://github.com/pks716/MICCAI_2026,code_url_field,repository_host_link,Published_papers/CT-XRay/papers_links.csv,360,accessible,200,https://github.com/pks716/MICCAI_2026,2026-10-01T15:35:48+00:00,
https://papers.miccai.org/miccai-2026/1126-Paper3526.html,VCDA-Net: Graph-Guided Voxel-Cluster Density Attention for Global-Regional Brain Age Gap Estimation,MRI,MRI,https://github.com/quoctienchonnam25-collab/Voxel-Cluster_Density_Attention_Network,https://github.com/quoctienchonnam25-collab/Voxel-Cluster_Density_Attention_Network,code_url_field,repository_host_link,Published_papers/MRI/papers_links.csv,183,accessible,200,https://github.com/quoctienchonnam25-collab/Voxel-Cluster_Density_Attention_Network,2026-10-01T15:35:48+00:00,
https://papers.miccai.org/miccai-2026/1127-Paper2982.html,VDSB-GWSyn: Diffusion Schrödinger Bridge for Controllable and Anatomically Feasible Guidewire Synthesis in Coronary Angiography,CT-XRay | Computational_imagings,CT-XRay,,,none,no_listed_link,Published_papers/CT-XRay/papers_links.csv,361,no_listed_link,,,,
https://papers.miccai.org/miccai-2026/1128-Paper0081.html,VecHeart: Holistic Four-Chamber Cardiac Anatomy Modeling via Hybrid VecSets,MRI,MRI,https://github.com/Scalsol/VecHeart,https://github.com/Scalsol/VecHeart,code_url_field,repository_host_link,Published_papers/MRI/papers_links.csv,184,accessible,200,https://github.com/Scalsol/VecHeart,2026-10-01T15:35:48+00:00,
https://papers.miccai.org/miccai-2026/1129-Paper1818.html,VEGA: Vision Enhanced Generative Augmentation for Cross-Subject Electrocardiogram Generalization,Physio-signals,Physio-signals,https://github.com/Yuyun1011/VEGA-release,https://github.com/Yuyun1011/VEGA-release,code_url_field,repository_host_link,Published_papers/Physio-signals/papers_links.csv,40,accessible,200,https://github.com/Yuyun1011/VEGA-release,2026-10-01T15:35:48+00:00,
https://papers.miccai.org/miccai-2026/1130-Paper3913.html,VesselSim: learning 3D blood vessel segmentation without expert annotations,CT-XRay | Computational_imagings | MRI,CT-XRay,https://healthx-lab.github.io/VesselSim,https://healthx-lab.github.io/VesselSim,code_url_field,project_page,Published_papers/CT-XRay/papers_links.csv,362,accessible,200,https://healthx-lab.github.io/VesselSim/,2026-10-01T15:35:48+00:00,
https://papers.miccai.org/miccai-2026/1131-Paper1296.html,VigilSAM3: Reinforcement-Optimized Memory Gating for Ultra-Long Surgical Video Segmentation,Robotics,Robotics,,,none,no_listed_link,Published_papers/Robotics/papers_links.csv,9,no_listed_link,,,,
https://papers.miccai.org/miccai-2026/1132-Paper4543.html,VIHD: Visual Intervention-Based Hallucination Detection for Medical Visual Question Answering,CT-XRay | MRI,CT-XRay,https://github.com/Jiayi-Chen-AU/VIHD,https://github.com/Jiayi-Chen-AU/VIHD,code_url_field,repository_host_link,Published_papers/CT-XRay/papers_links.csv,363,accessible,200,https://github.com/Jiayi-Chen-AU/VIHD,2026-10-01T15:35:49+00:00,
https://papers.miccai.org/miccai-2026/1133-Paper3107.html,ViPSAM: Visual Prompting Medical Image Segmentation Using Segment Anything Model,CT-XRay,CT-XRay,https://github.com/torchViPSAM/ViPSAM,https://github.com/torchViPSAM/ViPSAM,code_url_field,repository_host_link,Published_papers/CT-XRay/papers_links.csv,364,accessible,200,https://github.com/torchViPSAM/ViPSAM,2026-10-01T15:35:49+00:00,
https://papers.miccai.org/miccai-2026/1134-Paper4026.html,Virtual 3D H&E Staining from Phase-Contrast Back-Illumination Interference Tomography,Histology | Microscopy,Histology,https://github.com/aasong113/HistoBIT3D_VirtualStaining,https://github.com/aasong113/HistoBIT3D_VirtualStaining,code_url_field,repository_host_link,Published_papers/Histology/papers_links.csv,98,accessible,200,https://github.com/aasong113/HistoBIT3D_VirtualStaining,2026-10-01T15:35:49+00:00,
https://papers.miccai.org/miccai-2026/1135-Paper5305.html,Vis2Reg: Visibility-Aware Landmark-Free Geometric 3D–2D Registration for Liver Laparoscopy,Endoscopy,Endoscopy,https://github.com/aimsgroup-Leeds/Vis2Reg.git,https://github.com/aimsgroup-Leeds/Vis2Reg.git,code_url_field,repository_host_link,Published_papers/Endoscopy/papers_links.csv,81,accessible,200,https://github.com/aimsgroup-Leeds/Vis2Reg,2026-10-01T15:35:49+00:00,
https://papers.miccai.org/miccai-2026/1136-Paper0828.html,VisiFAT: Estimating Visceral Fat from Dual-View DXA Scans Using Cross-View Attention,Others,Others,https://github.com/arroobamaqsood/VisiFAT-Estimating-Visceral-Fat-from-Dual-View-DXA-scans-using-Cross-View-Attention,https://github.com/arroobamaqsood/VisiFAT-Estimating-Visceral-Fat-from-Dual-View-DXA-scans-using-Cross-View-Attention,code_url_field,repository_host_link,Published_papers/Others/papers_links.csv,49,accessible,200,https://github.com/arroobamaqsood/VisiFAT-Estimating-Visceral-Fat-from-Dual-View-DXA-scans-using-Cross-View-Attention,2026-10-01T15:35:49+00:00,
https://papers.miccai.org/miccai-2026/1137-Paper6080.html,Vision-Based Force Estimation Using Brain Surface Deformation Models,Endoscopy,Endoscopy,https://github.com/D3MIA/D2FNet,https://github.com/D3MIA/D2FNet,code_url_field,repository_host_link,Published_papers/Endoscopy/papers_links.csv,82,accessible,200,https://github.com/D3MIA/D2FNet,2026-10-01T15:35:49+00:00,
https://papers.miccai.org/miccai-2026/1138-Paper4097.html,Visual-Query Curriculum Learning for Rare Fetal Biometry Plane Detection in Blind-Sweep Ultrasound Video,ultrasounds,ultrasounds,https://github.com/kwon-j/vqcl,https://github.com/kwon-j/vqcl,code_url_field,repository_host_link,Published_papers/ultrasounds/papers_links.csv,88,accessible,200,https://github.com/kwon-j/vqcl,2026-10-01T15:35:49+00:00,
https://papers.miccai.org/miccai-2026/1139-Paper4336.html,VL-RewardGen: Vision–Language Reward Driven Skin Lesion Image Generation,Others,Others,https://github.com/wormschu/VL-RewardGen-Vision-Language-Reward-Driven-Skin-Lesion-Image-Generation.,https://github.com/wormschu/VL-RewardGen-Vision-Language-Reward-Driven-Skin-Lesion-Image-Generation.,code_url_field,repository_host_link,Published_papers/Others/papers_links.csv,50,not_publicly_accessible,404,https://github.com/wormschu/VL-RewardGen-Vision-Language-Reward-Driven-Skin-Lesion-Image-Generation.,2026-10-01T15:35:50+00:00,HTTP Error 404: Not Found
https://papers.miccai.org/miccai-2026/1140-Paper4748.html,VM-NeXT UNet: Synergizing ConvNeXT and Visual Mamba for Robust Medical Image Segmentation,CT-XRay | MRI,CT-XRay,,,none,no_listed_link,Published_papers/CT-XRay/papers_links.csv,365,no_listed_link,,,,
https://papers.miccai.org/miccai-2026/1141-Paper3731.html,"VOGeo-Gaze: Calibration-Free, Geometry-Aware Deep Learning for Real-Time Gaze Tracking in Clinical Video-Oculography",Photo_video,Photo_video,https://github.com/DSGZ-MotionLab/VOGeo-Gaze,https://github.com/DSGZ-MotionLab/VOGeo-Gaze,code_url_field,repository_host_link,Published_papers/Photo_video/papers_links.csv,66,accessible,200,https://github.com/DSGZ-MotionLab/VOGeo-Gaze,2026-10-01T15:35:50+00:00,
https://papers.miccai.org/miccai-2026/1142-Paper5961.html,VolDiT: Controllable Volumetric Medical Image Synthesis with Diffusion Transformers,CT-XRay,CT-XRay,https://github.com/Cardio-AI/voldit,https://github.com/Cardio-AI/voldit,code_url_field,repository_host_link,Published_papers/CT-XRay/papers_links.csv,366,accessible,200,https://github.com/Cardio-AI/voldit,2026-10-01T15:35:50+00:00,
https://papers.miccai.org/miccai-2026/1143-Paper4007.html,Volume-Fused Super-Resolution OCT Reveals Cellular-Level Structures in the Outer Segment Across Wider Fields Without Adaptive Optics,Others,Others,,,none,no_listed_link,Published_papers/Others/papers_links.csv,51,no_listed_link,,,,
https://papers.miccai.org/miccai-2026/1144-Paper3104.html,VoxShield: Protecting 3D Medical Datasets from Unauthorized Training via Frequency-Aware Inter-Slice Disruption,CT-XRay | MRI,CT-XRay,https://github.com/KK266299/VoxShield,https://github.com/KK266299/VoxShield,code_url_field,repository_host_link,Published_papers/CT-XRay/papers_links.csv,367,accessible,200,https://github.com/KK266299/VoxShield,2026-10-01T15:35:50+00:00,
https://papers.miccai.org/miccai-2026/1145-Paper3198.html,VRUGA: Visual and Reasoning Uncertainty Guided Active Learning for Medical MLLM Post-training,CT-XRay | Histology | MRI,CT-XRay,,,none,no_listed_link,Published_papers/CT-XRay/papers_links.csv,368,no_listed_link,,,,
https://papers.miccai.org/miccai-2026/1146-Paper6356.html,"WaCT-US: Cyclic-Alignment Scaled Contour Tubes for Efficient, Calibrated Uncertainty in Echocardiography",ultrasounds,ultrasounds,https://github.com/MohammadMahdiKazemi/WaCT-US,https://github.com/MohammadMahdiKazemi/WaCT-US,code_url_field,repository_host_link,Published_papers/ultrasounds/papers_links.csv,89,not_publicly_accessible,404,https://github.com/MohammadMahdiKazemi/WaCT-US,2026-10-01T15:35:50+00:00,HTTP Error 404: Not Found
https://papers.miccai.org/miccai-2026/1147-Paper0474.html,Wasserstein-Aligned Localisation for VLM-Based Distributional OOD Detection in Medical Imaging,CT-XRay | MRI,CT-XRay,https://github.com/bkainz/WALDO_MICCAI26_demo,https://github.com/bkainz/WALDO_MICCAI26_demo,code_url_field,repository_host_link,Published_papers/CT-XRay/papers_links.csv,369,accessible,200,https://github.com/bkainz/WALDO_MICCAI26_demo,2026-10-01T15:35:50+00:00,
https://papers.miccai.org/miccai-2026/1148-Paper6370.html,WaveDE: Wavelet-Routed Dual-Expert Network for Fundus Photograph Enhancement,Photo_video,Photo_video,https://github.com/CowboyH/WaveDE,https://github.com/CowboyH/WaveDE,code_url_field,repository_host_link,Published_papers/Photo_video/papers_links.csv,67,accessible,200,https://github.com/CowboyH/WaveDE,2026-10-01T15:35:50+00:00,
https://papers.miccai.org/miccai-2026/1149-Paper4757.html,WaveDiT: Distribution-Aware Wavelet Flow Matching for Efficient 3D Brain MRI Synthesis,MRI,MRI,https://github.com/sisinflab/WaveDiT,https://github.com/sisinflab/WaveDiT,code_url_field,repository_host_link,Published_papers/MRI/papers_links.csv,185,accessible,200,https://github.com/sisinflab/WaveDiT,2026-10-01T15:35:51+00:00,
https://papers.miccai.org/miccai-2026/1150-Paper1545.html,Wavelet-Enhanced Coarse-to-Fine Radiology Report Generation with Large Language Models,CT-XRay,CT-XRay,https://github.com/CodeCQ789/WERG,https://github.com/CodeCQ789/WERG,code_url_field,repository_host_link,Published_papers/CT-XRay/papers_links.csv,370,accessible,200,https://github.com/CodeCQ789/WERG,2026-10-01T15:35:51+00:00,
https://papers.miccai.org/miccai-2026/1151-Paper5158.html,Wavelet-Guided Spectral–Spatial Learning for Medical Hyperspectral Image Segmentation,Microscopy | Spectroscopy,Microscopy,https://github.com/Junya99/Wavelet-Guided-MHSI,https://github.com/Junya99/Wavelet-Guided-MHSI,code_url_field,repository_host_link,Published_papers/Microscopy/papers_links.csv,38,accessible,200,https://github.com/Junya99/Wavelet-Guided-MHSI,2026-10-01T15:35:51+00:00,
https://papers.miccai.org/miccai-2026/1152-Paper3737.html,wBCAM: Windowed Bi-directional Cross-Attention with Mamba for Enhanced 3D Vascular Reconstruction in Free-Hand Photoacoustic and Ultrasound Imaging,ultrasounds,ultrasounds,https://github.com/pnu-amilab/wBCAM,https://github.com/pnu-amilab/wBCAM,code_url_field,repository_host_link,Published_papers/ultrasounds/papers_links.csv,90,accessible,200,https://github.com/pnu-amilab/wBCAM,2026-10-01T15:35:51+00:00,
https://papers.miccai.org/miccai-2026/1153-Paper0033.html,Weakly-Supervised Coronary Artery Segmentation from DSA Sequence via Motion-Aware Modeling,CT-XRay | Others | Photo_video,CT-XRay,https://github.com/Fitz-Fitz/MACOS,https://github.com/Fitz-Fitz/MACOS,code_url_field,repository_host_link,Published_papers/CT-XRay/papers_links.csv,371,accessible,200,https://github.com/Fitz-Fitz/MACOS,2026-10-01T15:35:51+00:00,
https://papers.miccai.org/miccai-2026/1154-Paper0926.html,Weakly-Supervised Temporal Decomposition with Graph Neural Networks for Parkinsonian Turning Assessment,Photo_video,Photo_video,https://github.com/jieming1113/TempoDecompGCN-PD,https://github.com/jieming1113/TempoDecompGCN-PD,code_url_field,repository_host_link,Published_papers/Photo_video/papers_links.csv,68,accessible,200,https://github.com/jieming1113/TempoDecompGCN-PD,2026-10-01T15:35:52+00:00,
https://papers.miccai.org/miccai-2026/1155-Paper5073.html,When Brains Disagree: Biological Ambiguity Underlies the Challenge of Amyloid PET Synthesis from Structural MRI,MRI | PET_SPECT,MRI,https://github.com/louisebaron/WhenBrainsDisagree,https://github.com/louisebaron/WhenBrainsDisagree,code_url_field,repository_host_link,Published_papers/MRI/papers_links.csv,186,accessible,200,https://github.com/louisebaron/WhenBrainsDisagree,2026-10-01T15:35:52+00:00,
https://papers.miccai.org/miccai-2026/1156-Paper4499.html,When Does Uncertainty Become Meaningful in Medical Vision-Language Models? Alignment Enables Disease-wise Uncertainty and Risk-Aware Prediction,CT-XRay,CT-XRay,https://github.com/Castella99/Bi-EDL,https://github.com/Castella99/Bi-EDL,code_url_field,repository_host_link,Published_papers/CT-XRay/papers_links.csv,372,accessible,200,https://github.com/Castella99/Bi-EDL,2026-10-01T15:35:52+00:00,
https://papers.miccai.org/miccai-2026/1157-Paper2429.html,When Tissue Speaks: Vibroacoustic Monitoring of Tissue Response During Electrosurgery,Others | Sensors,Others,https://gitlab.gwdg.de/cds/va-electrosurgery,https://gitlab.gwdg.de/cds/va-electrosurgery,code_url_field,repository_host_link,Published_papers/Others/papers_links.csv,52,accessible,200,https://gitlab.gwdg.de/cds/va-electrosurgery,2026-10-01T15:35:52+00:00,
https://papers.miccai.org/miccai-2026/1158-Paper2986.html,When Views Disagree: Conflict-Aware Evidential Inference for Multi-view Mammography,ultrasounds,ultrasounds,https://github.com/rayhan-ahmed91/CEI-Net,https://github.com/rayhan-ahmed91/CEI-Net,code_url_field,repository_host_link,Published_papers/ultrasounds/papers_links.csv,91,accessible,200,https://github.com/rayhan-ahmed91/CEI-Net,2026-10-01T15:35:52+00:00,
https://papers.miccai.org/miccai-2026/1159-Paper4808.html,"When, Where, and How: Adaptive Binning for Tabular Self-supervised Learning",EHR | Others,EHR,https://github.com/labhai/Adaptive-Binning,https://github.com/labhai/Adaptive-Binning,code_url_field,repository_host_link,Published_papers/EHR/papers_links.csv,19,accessible,200,https://github.com/labhai/Adaptive-Binning,2026-10-01T15:35:52+00:00,
https://papers.miccai.org/miccai-2026/1160-Paper3144.html,Where Is the Needle Tip? VA Sensing Reveals Hidden Needle-Tissue Transitions During US Guidance,Others | ultrasounds,Others,,,none,no_listed_link,Published_papers/Others/papers_links.csv,53,no_listed_link,,,,
https://papers.miccai.org/miccai-2026/1161-Paper0505.html,WHO-CXRBench: A CXR Benchmark for Diagnostic Rule Retrieval in CLIP-Style MedVLMs,CT-XRay,CT-XRay,https://github.com/LyxDLiI/WHO-CXRBench,https://github.com/LyxDLiI/WHO-CXRBench,code_url_field,repository_host_link,Published_papers/CT-XRay/papers_links.csv,373,accessible,200,https://github.com/LyxDLiI/WHO-CXRBench,2026-10-01T15:35:52+00:00,
https://papers.miccai.org/miccai-2026/1162-Paper3592.html,Wrist Camera Pose-Guided Multi-view Fusion for Occlusion Reconstruction in Robot-Assisted Microsurgical Anastomosis,Robotics,Robotics,,,none,no_listed_link,Published_papers/Robotics/papers_links.csv,10,no_listed_link,,,,
https://papers.miccai.org/miccai-2026/1163-Paper0798.html,X2Bone: Reconstructing 3D Bone Structures from 2D Biplanar X-Rays via Cross-RWKV,CT-XRay,CT-XRay,https://github.com/pzhhhhh2263/X2Bone,https://github.com/pzhhhhh2263/X2Bone,code_url_field,repository_host_link,Published_papers/CT-XRay/papers_links.csv,374,accessible,200,https://github.com/pzhhhhh2263/X2Bone,2026-10-01T15:35:52+00:00,
https://papers.miccai.org/miccai-2026/1164-Paper1503.html,"X-Edit: Exact, Explicit, and Explainable Null-Space Editing for Medical Vision Transformers",Others,Others,https://github.com/HenryLau7/X-Edit,https://github.com/HenryLau7/X-Edit,code_url_field,repository_host_link,Published_papers/Others/papers_links.csv,54,accessible,200,https://github.com/HenryLau7/X-Edit,2026-10-01T15:35:52+00:00,
https://papers.miccai.org/miccai-2026/1165-Paper6032.html,XTinyU-Net: Training-Free U-Net Scaling via Initialization-Time Sensitivity,MRI | ultrasounds,MRI,https://github.com/alvinkimbowa/nntinyunet.git,https://github.com/alvinkimbowa/nntinyunet.git,code_url_field,repository_host_link,Published_papers/MRI/papers_links.csv,187,accessible,200,https://github.com/alvinkimbowa/xtinyunet,2026-10-01T15:35:52+00:00,
https://papers.miccai.org/miccai-2026/1166-Paper6079.html,Zero-Shot CT Super-Resolution Using Diffusion-Based 2D Projection Priors and Signed 3D Gaussians,CT-XRay,CT-XRay,https://github.com/hvcl/3DCT_SR_DDNM_NAB-GS.git,https://github.com/hvcl/3DCT_SR_DDNM_NAB-GS.git,code_url_field,repository_host_link,Published_papers/CT-XRay/papers_links.csv,375,accessible,200,https://github.com/hvcl/3DCT_SR_DDNM_NAB-GS,2026-10-01T15:35:53+00:00,
