title,paper_url,pdf_url,code_url,category,Body,Applications,Machine Learning,authors,abstract,status,error
A Modality-Aware Mixture-of-Experts Framework for Clinical Multimodal Breast Ultrasound Diagnosis,https://papers.miccai.org/miccai-2026/0012-Paper1806.html,https://papers.miccai.org/miccai-2026/paper/1806_paper.pdf,https://github.com/StveHok/MA-MoE,classification,Breast,Multimodal Integration with Clinical / Genomic / Biomarkers,,"Suo, Hao | Zhu, Zhongjun | Chen, Lingyu | Chang, Qing | Liao, Hongen | Jin, Lin | Li, Cheng | Chen, Fang","Current breast ultrasound CADx models are often insufficiently validated under real-world clinical heterogeneity, including spatial variability, long-tailed phenotypes, and multi-vendor acquisition variability. To bridge this gap, we construct a comprehensive multimodal benchmark capturing these complexities across pairwise combinations of B-mode with CDFI, Elastography, and CEUS. Furthermore, we propose MA-MoE (Modality-Aware Mixture-of-Experts) to adaptively integrate anatomical B-mode data with functional supplementary modalities. Our core innovation is a Shared-Specific MoE mechanism with constrained routing, which encourages modality-specific experts to preserve complementary functional cues and shared experts to model cross-modal pathological consensus. Evaluation on our clinical benchmark shows consistent and balanced improvements over representative fusion methods, suggesting that modality-aware routing is beneficial for paired multimodal breast ultrasound diagnosis. The code is available at https://github.com/StveHok/MA-MoE.",ok,
AI-Driven Pulmonary Congestion Assessment for Lung Ultrasound via Segmentation-Guided Transformers,https://papers.miccai.org/miccai-2026/0043-Paper5697.html,https://papers.miccai.org/miccai-2026/paper/5697_paper.pdf,https://github.com/Fahim-F/AI-Driven-B-Line-Detection,classification&segmentation,Lung / Thoracic,Image Segmentation,Deep Learning,"Fooladgar, Fahimeh | Krishnaswamy, Deepa | Ungi, Tamas | Dinh, Viet | Jin, Mike | Alves, Matheus | Schissel, Caroline | Puducheri, Shreyas | Misawa, Shuhei | Duhaime, Erik | Hallisey, Stephen | Duran Mendicuti, Alejandra | Duggan, Nicole | Abolmaesumi, Purang | Harrison, Nicholas | Goldsmith, Andrew | Kapur, Tina","Point-of-care lung ultrasound has emerged as a valuable bedside tool for diagnosing pulmonary congestion, which is often identified by the presence of hyperechoic reverberation artifacts called B-lines. However, manual B-line quantification is limited by substantial inter-operator variability and the requirement for specialized technical expertise. To address these challenges, we propose a two-stage segmentation-guided transformer framework to automate B-line severity scoring. This approach provides a consistent and reproducible assessment of pulmonary pathology directly at the point of care. On a curated clinical dataset, the proposed method significantly outperforms the baseline, improving case-level quadratic weighted kappa from 0.57 to 0.74 (difference = 0.16; 95% CI: 0.04–0.30; p=0.003). The F1 score similarly increases from 0.59 to 0.75 (p=0.003). The segmentation module achieves a pixel-level F1 score of 63.1% and a frame-level B-line counting F1 score of 66.7%. The model improves the accuracy and consistency of automated B-line scoring, an important step towards standardized bedside assessment of pulmonary congestion.",ok,
Anatomy-Anchored Self-Supervision: Distilling Vision Foundation Models for Invariant Ultrasound Representation,https://papers.miccai.org/miccai-2026/0053-Paper1980.html,https://papers.miccai.org/miccai-2026/paper/1980_paper.pdf,https://github.com/zhcz328/ANAUS,classification&segmentation,Whole-body / Multi-organ / Other,Anomaly / Lesion Detection; Computer-Aided Diagnosis; Image Segmentation,Semi- / Weakly- / Self-supervised Learning,"Zhu, Chunzheng | Wang, Yijun | Lin, Jianxin | Wang, Feng | Wang, Hongwei | Zhao, Lei | Li, Shengli | Li, Kenli","Self-supervised pre-training paradigm has gained increasing prominence for learning transferable representations in medical imaging, yet existing methods for ultrasound (US) images operate at the image or frame level, overlooking the anatomical context for clinical-aligned representation learning. In this work, we propose an anatomy-anchored ultrasound Self-Supervision framework (ANAUS) that shifts representation learning from generic visual regions to clinically meaningful anatomical structures. Utilizing a learnable latent prompt engine alongside a one-time domain adaptation on existing public image-mask pairs, we empower the LP-SAM module to achieve annotation-free anatomy delineation at scale. Building upon this anatomical grounding, we propose a dual-policy self-supervised learning paradigm consisting of inter-view semantics-aware anatomy-separating alignment and contextual core-region prediction to enhance representation learning. Specifically, the former enforces feature invariance within identical anatomical regions while promoting discriminability across distinct structures; the latter compels the model to reconstruct corrupted regions, thereby capturing fine-grained structural details. Extensive evaluations on diverse public benchmarks demonstrate that ANAUS consistently outstrips current state-of-the-art methods while maintaining the computational efficiency essential for clinical deployment. Code is available at https://github.com/zhcz328/ANAUS.",ok,
Anatomy-Aware Standard Plane Localization in 3D Ultrasound with Geometric Constraints,https://papers.miccai.org/miccai-2026/0057-Paper2244.html,https://papers.miccai.org/miccai-2026/paper/2244_paper.pdf,,classification,Brain; Fetal / Pediatric; Head & Neck,Image Reconstruction; Other,Deep Learning,"Nie, Jianlong | Ouyang, Xi | Zhou, Yuyu | Wan, Qi | Xue, Zhong | Cao, Xiaohuan | Shen, Dinggang","Standard plane localization is a critical prerequisite in ultrasound scanning for disease diagnosis. Although three-dimensional (3D) ultrasound acquires volumetric data superior to two-dimensional (2D) imaging, manually localizing multiple standard planes simultaneously within 3D volume remains labor-intensive and prone to inter-observer variability. To address this, we propose an anatomy-aware multi-task learning framework with structural prior integration and inter-plane geometric constraints to jointly localize multiple standard planes. To validate the effectiveness and generalizability of our method, we curated a multi-center dataset comprising 800 fetal brain volumes. Our approach outperforms state-of-the-art methods, achieving localization errors of 1.09 mm / 3.85°, 1.11 mm / 3.93° and 1.20 mm / 4.03° on three key standard planes of the fetal brain (i.e., the transventricular plane, the transthalamic plane and the transcerebellar plane, respectively). These findings underscore the method’s potential to enhance clinical ultrasound scanning workflows.",ok,
Anatomy-Texture Aware Safe Gradient Guidance for Source-Free Domain Adaptive Echocardiography Video Segmentation,https://papers.miccai.org/miccai-2026/0062-Paper1509.html,https://papers.miccai.org/miccai-2026/paper/1509_paper.pdf,https://github.com/lvmarch/ATASGG-SFDA,segmentation,Cardiac,Image Segmentation,Deep Learning; Domain Adaptation / Harmonization,"Lv, Jinrong | Gong, Xun | Cheng, Ning | Li, Zhaohuan | Jiang, Weili","Source-Free Domain Adaptation (SFDA) has emerged as a crucial technique for deploying medical image segmentation models across domains, particularly when source data is inaccessible due to privacy regulations. While standard SFDA methods based on entropy minimization self-supervised learning (EMSSL) have shown promise in natural images, they can be unreliable in echocardiography due to the modality’s inherent speckle noise and artifacts. In this work, we observe that blindly minimizing entropy on noisy ultrasound data can induce optimization instability and increase the risk of catastrophic drift, in which the network becomes overconfident in artifacts rather than anatomical structures. To address this, we propose the Anatomy-Texture Aware Safe Gradient Guidance Source-Free Domain Adaptation (ATASGG-SFDA) framework tailored for robust echocardiography video segmentation. Our method incorporates two clinically grounded mechanisms: (1) an Anatomy-Texture Decomposition strategy that leverages the frozen source model as a coarse anatomical anchor while adapting to target-specific textures; and (2) a Safe Gradient Guidance mechanism that acts as a safety gate, dynamically suppressing EMSSL gradients when they conflict with anatomy-texture pseudo-label supervision learning (ATPSL). This encourages adaptation to be guided by structural fidelity rather than noise overfitting. Experiments on three multi-center echocardiography datasets with significant domain shifts (cross-device and cross-population) demonstrate that ATASGG-SFDA reduces this instability and improves over compared SFDA baselines.",ok,
Anomaly Detection in Fetal Echocardiography via Cross-Modal Translation and Region-Discriminated Error Calibration,https://papers.miccai.org/miccai-2026/0065-Paper3455.html,https://papers.miccai.org/miccai-2026/paper/3455_paper.pdf,https://github.com/QianyeYang/XCalibAD,image synthesis,Cardiac; Fetal / Pediatric,Anomaly / Lesion Detection; Image Reconstruction; Image Synthesis / Augmentation / Super-Resolution; Multimodal Integration with Clinical / Genomic / Biomarkers,Deep Learning,"Yang, Qianye | Yang, Yingyu | Wang, Yipei | Hu, Yipeng | Peng, Can | D’Alberti, Elena | Salovic, Bojana | Iriondo-Coysh, Amaya | Tsai-Goodman, Beverly | Carvalho, Julene | da Silva Costa, Fabricio | Savvidou, Makrina | Patey, Olga | Papageorghiou, Aris T. | Noble, J. Alison","Congenital heart disease (CHD) is the most common birth defect. Many CHD phenotypes are individually rare, which limits labeled data and motivates anomaly detection for multi-modal fetal echocardiography screening. Color flow Doppler (CFD) provides critical hemodynamic cues in fetal echocardiography, yet its color overlays are often spatially sparse and temporally intermittent, and vary substantially across scanners and acquisition settings. As a result, reconstruction-error-based anomaly detection can be poorly calibrated because the reconstruction-error may be dominated by acquisition shift rather than pathology. Our key innovation in this paper is to propose a bi-level optimization scheme that couples a video translator (inner model) with an error estimator (outer model). The inner and outer tasks are interdependent: the error estimator predicts clip-wise reconstruction-error estimation to re-weight the cross-modal translation model training, while the translation errors produced in the inner model are used to supervise the outer error estimator. At inference, we derive a region-discriminated anomaly score by standardizing observed translation errors with clip-conditioned predicted error statistics and aggregating in-/out-region deviations into a participant-level score. The framework was validated on a large-scale, multi-site clinical cohort of 440 participants, covering six CHD types. Results show that the proposed method outperforms standard reconstruction-based baselines, achieving AUROC_all=0.723 and Spec@Sens75%=0.497 with all improvements being statistically significant (p < 0.01). Code will be released at [anonymous website].",ok,
AnomExpert: Identifying and Selecting Anatomical Planes for Prenatal Ultrasound Anomaly Diagnosis,https://papers.miccai.org/miccai-2026/0066-Paper1304.html,https://papers.miccai.org/miccai-2026/paper/1304_paper.pdf,https://github.com/TIanCat/AnomExpert,classification,Fetal / Pediatric,Anomaly / Lesion Detection; Computer-Aided Diagnosis,Deep Learning; Semi- / Weakly- / Self-supervised Learning,"Wang, Jian | Yang, Yang | Pan, Ziheng | Zhu, Xiliang | Zhang, Yuhan | Zhou, Yanfeng | Ni, Dong","Life-limiting congenital anomalies require accurate prenatal diagnosis for appropriate clinical decision-making. Prenatal ultrasound (US) examinations involve multiple anatomical planes, and diagnosis depends on identifying anatomical planes and selecting diagnostically relevant planes for each anomaly. Existing automated methods either rely on plane-level annotations or aggregate heterogeneous images without modeling these diagnostic capabilities. We propose AnomExpert, a prototype-driven framework for prenatal US anomaly diagnosis using only case-level supervision. AnomExpert introduces learnable plane prototypes to organize unordered images into latent representations corresponding to anatomical planes without requiring plane annotations. A disease-aware sparse selection mechanism further selects diagnostically relevant planes for each anomaly. Experiments on a multi-center dataset of 3,654 cases show that AnomExpert consistently outperforms nine representative multi-instance learning methods. Using a ViT-small backbone, it achieves 86.9% accuracy and 84.2% F1-score while maintaining parameter efficiency. These findings indicate that modeling anatomical plane identification and disease-specific plane selection improves weakly supervised multi-plane prenatal US anomaly classification. The code is available at https://github.com/TIanCat/AnomExpert.",ok,
Are Foundational Models Less Biased Than Specialized Models? An Ultrasound Study,https://papers.miccai.org/miccai-2026/0069-Paper4565.html,https://papers.miccai.org/miccai-2026/paper/4565_paper.pdf,,classification,Fetal / Pediatric,Outcome Prediction / Prognosis / Longitudinal Modeling,Fairness / Safety / Reliability; Foundation Models,"Fournel, Joris | Ambsdorf, Jakob | Jürgensen, Benjamin Jønch | Boland, Christopher | Elgebaly, Aya | Mikolaj, Kamil | Pegios, Paraskevas | Sejer, Emilie Pi Fogtmann | Tolsgaard, Martin | Christensen, Anders Nymark | Nielsen, Mads | Feragen, Aasa","Foundation models (FMs) pre-trained via self-supervised learning (SSL) on large, diverse datasets are widely expected to offer superior generalization—and, by extension, reduced bias—compared to classically supervised (CS) models. Yet whether this holds in practice, and whether the choice of pretraining data matters, remains largely unresolved. We present a controlled comparison between SSL-pretrained FMs and a CS baseline fine-tuned on identical data across two prenatal ultrasound tasks: spontaneous preterm birth (sPTB) prediction and fetal scan weight estimation. Using visual radar-based bias profiles spanning a comprehensive set of clinical and acquisition subgroups, we show that FMs reproduce the bias profile of their CS counterpart—best- and worst-performing subgroups largely coincide, and mean performance gaps are comparable in magnitude. Pretraining data strategy does influence bias: oversampling cervical images during pretraining outperformed scaling to 13 million images for sPTB in both global performance and subgroup fairness, while naïve oversampling of rare devices degraded overall performance. These results challenge the assumption that large-scale diverse pretraining uniformly reduces bias, and suggest that data alignment with the downstream task matters more than scale.",ok,
AS-TIME: Time-Conditioned Multimodal Modeling of Aortic Stenosis Progression,https://papers.miccai.org/miccai-2026/0074-Paper6082.html,https://papers.miccai.org/miccai-2026/paper/6082_paper.pdf,https://github.com/DeepRCL/AS-TIME,other,Cardiac,Computer-Aided Diagnosis; Outcome Prediction / Prognosis / Longitudinal Modeling,Deep Learning; Multimodal Models / LLMs / VLMs,"Kim, Diane | To, Minh Nguyen Nhat | Wu, Victoria | Tsang, Teresa S. M. | Luong, Christina | Abolmaesumi, Purang","Aortic stenosis (AS) is characterized by highly heterogeneous progression trajectories, making personalized surveillance and timely intervention challenging. We propose AS-TIME, a time-conditioned framework that predicts patient-specific AS progression from a single baseline echocardiogram and follow-up interval ∆t. AS-TIME hierarchically integrates: (i) attention-based multiple instance learning to aggregate video and report representations, (ii) ∆t-conditioned modality gating for adaptive multimodal fusion, and (iii) a ∆t-guided mixture-of-experts head to model heterogeneous progression dynamics. AS-TIME achieves an AUC of 80.4% and balanced accuracy of 73.8%, outperforming all baselines. Temporal ablation demonstrate that explicit ∆t conditioning improves both modality fusion and expert routing. The model provides multi-level explainability through modality fusion weights and expert utilization. Our code is available at: https://github.com/DeepRCL/AS-TIME.",ok,
BDFR-Net: Boundary-Aware Dual-Domain Feature Reconstruction Network for Fetal Ultrasound Image Segmentation,https://papers.miccai.org/miccai-2026/0092-Paper3612.html,https://papers.miccai.org/miccai-2026/paper/3612_paper.pdf,https://github.com/CodeCQ789/BDFR-Net,segmentation,Fetal / Pediatric,Image Segmentation,Deep Learning; Semi- / Weakly- / Self-supervised Learning,"Zhang, Wenfeng | Liu, Nana | Qin, Qibing | Huang, Xin | Tan, Cong | Hu, Wei | Bai, Jieyun","Accurate segmentation of the fetal head and pubic symphysis in ultrasound is critical for quantitative obstetric assessment and delivery decision-making. This task is severely hampered by inherent speckle noise and low signal-to-noise ratio, which obscure anatomical boundaries. Furthermore, semantic gaps in skip connections of existing networks degrade structural fidelity, leading to clinically significant segmentation errors. To overcome these limitations, we propose the Boundary-Aware Dual-Domain Feature Reconstruction Network (BDFR-Net), which synergistically models frequency-spatial complementarity to enhance boundary perception and structural fidelity. Specifically, the Dual-Domain Feature Decoupling and Boundary Enhancement (DDBE) is designed to tackle boundary ambiguity by decomposing features into frequency-decoupled edge responses and spatial contextual cues, which are then consolidated via channel-attentive cross-domain fusion. Furthermore, an Adaptive Context Alignment Module (ACAM) is embedded in skip connections to bridge semantic gaps. ACAM recalibrates cross-layer features through dual attention mechanisms, ensuring hierarchical consistency and mitigating feature drift. Extensive experiments on multiple fetal ultrasound datasets show that BDFR-Net achieves superior segmentation accuracy, attaining 86.83\% mean Dice on the MICCAI IUGC 2024 benchmark and consistent improvements across cross-dataset evaluation, demonstrating strong generalization under distribution shift.",ok,
BIGUS: Beam Integrated Gaussian Scattering for Continuous Ultrasound View Synthesis,https://papers.miccai.org/miccai-2026/0106-Paper5438.html,https://papers.miccai.org/miccai-2026/paper/5438_paper.pdf,https://github.com/YoussifKhaled/BIGUS.,image synthesis,Whole-body / Multi-organ / Other,Digital Twins / Simulation / Synthetic Data; Image Reconstruction; Image Synthesis / Augmentation / Super-Resolution,Deep Learning; Evaluation / Benchmarking / Reproducibility,"Abdelaziz, Youssif | Ismail, Malak | Mourad, Nada | Badran, Mohamed | Torki, Marwan","Ultrasound imaging is widely used clinically due to its real-time capability, non-invasive nature, and low cost. Novel view synthesis in ultrasound allows better anatomical understanding, consistent evaluation across standard planes, and review of regions poorly captured during scanning. However, generating realistic novel views is challenging due to the prevalence of speckle patterns arising from complex wave–tissue interactions. These fine-grained textures often carry diagnostic significance, yet existing rendering methods frequently oversmooth or distort speckle, limiting performance in downstream tasks that rely on accurate speckle preservation. In this paper, we propose BIGUS, a 3D Gaussian Splatting–based framework for ultrasound novel view synthesis. We redesign the Gaussian rendering pipeline with a physics-aware scattering formulation that better captures the characteristics of ultrasound physics. In addition, we introduce a structure-aware initialization strategy that adaptively samples Gaussian primitives from tissue regions, combined with an error-guided densification mechanism to improve reconstruction fidelity. We evaluate BIGUS on three diverse ultrasound datasets, including fetal brain, forearm, and brain imaging, each with distinct speckle patterns and probe geometries. To better assess speckle preservation, we propose the Backscatter Fidelity Score, a speckle-sensitive evaluation metric that complements conventional image quality measures. Our experiments show that BIGUS achieves 67.26 dB PSNR on the fetal brain dataset, establishing state-of-the-art performance with only 140k Gaussians on a single GPU and training in under 15 minutes. Moreover, it outperforms existing methods by up to 9 dB PSNR on speckle-dominant datasets. Code will be released upon acceptance.",ok,
Boosting Ultrasound Image Classification via Attribute-Guided Dual-Branch Framework,https://papers.miccai.org/miccai-2026/0113-Paper3025.html,https://papers.miccai.org/miccai-2026/paper/3025_paper.pdf,https://github.com/zhaobo253-crypto/AttrGuide,classification,Breast; Fetal / Pediatric,Computer-Aided Diagnosis,Deep Learning,"Zhao, Bo | Li, Yapeng | Liu, Juhua | Du, Bo","Ultrasound image classification is essential for computer-aided diagnosis. However, current methods often neglect clinical priors, leading to poor generalization in challenging scenarios and a lack of interpretability that limits clinical adoption. To address these issues, we aim to develop a medical-prior module that can be seamlessly integrated into existing pipelines to enhance both diagnostic performance and interpretability. In this paper, we propose an attribute-guided dual-branch framework for ultrasound classification that introduces domain-agnostic medical attribute priors, improving generalization while offering interpretable evidence. Specifically, a baseline branch follows conventional architectures and predicts image categories via a fully connected classifier. An attribute-guided branch injects domain-agnostic attributes as priors and produces human-interpretable decision cues. Finally, an adaptive decision module fuses the two branches in a data-dependent manner to yield the final prediction. Experiments across diverse ultrasound classification tasks demonstrate that our approach can be integrated into multiple backbones and state-of-the-art methods with low overhead, consistently improving accuracy and interpretability. Code is available at: https://github.com/zhaobo253-crypto/AttrGuide.",ok,
CardiacPULSE: Frequency-Aware Self-supervised Cardiac Phase Detection in Echocardiography,https://papers.miccai.org/miccai-2026/0150-Paper1789.html,https://papers.miccai.org/miccai-2026/paper/1789_paper.pdf,https://github.com/xmed-lab/CardiacPulse,reconstruction,Cardiac,Computational Anatomy & Physiology,Deep Learning; Semi- / Weakly- / Self-supervised Learning,"Guo, Jiarong | Yang, Jiewen | Du, Yao | Qin, Yi | Li, Xiaomeng","In quantitative echocardiography, detecting end-diastole (ED) and end-systole (ES) frames is crucial for downstream clinical tasks. However, ECG synchronization and frame-level annotations are often unavailable in portable ultrasound devices. While recent self-supervised methods extract cardiac phase cues from latent motion trajectories, they suffer from view-specific reconstruction objectives, leading to unstable estimates across different views. To address this, we propose CardiacPULSE, a Cardiac Phase detection framework that achieves Ultralight inference by Localizing Signal Extrema from the inherent periodicity of cardiac motion. Our method constructs a physics-guided spatial prior via per-pixel temporal Fourier analysis to isolate rhythmically active regions. To enable efficient edge deployment, we train a lightweight auxiliary network to predict this Fourier-derived motion mask in a single forward pass under purely self-supervised losses. Our approach achieves a 34.0 ms mean absolute error on the EchoNet-Dynamic dataset, outperforming CardiacPhase by 31%.",ok,
Compass: Prostate Cancer Detection Needs Multi-view Context,https://papers.miccai.org/miccai-2026/0187-Paper5885.html,https://papers.miccai.org/miccai-2026/paper/5885_paper.pdf,https://github.com/mharmanani/Compass,classification,Pelvis / Reproductive System,Anomaly / Lesion Detection; Computer-Aided Diagnosis; Image-Guided Interventions,Deep Learning; Multimodal Models / LLMs / VLMs; Semi- / Weakly- / Self-supervised Learning,"Wilson, Paul F. R. | Harmanani, Mohamed | Guo, Zhuoxin | Dzikunu, Obed K. | Cash, Hannes | Kinnaird, Adam | Wodlinger, Brian | Abolmaesumi, Purang | Mousavi, Parvin","Artificial intelligence (AI) analysis of micro-ultrasound (μUS) has shown promise for prostate cancer (PCa) detection. However, most existing AI methods focus on the analysis of single μUS images in isolation. By contrast, expert μUS readers typically assess a full recorded video study, which provides three-dimensional context, to improve PCa detection compared to single-frame analysis. Inspired by this clinical workflow, we propose Compass, a novel AI methodology which models a μUS study as a stream of 2D images. Compass jointly integrates rotational sweep videos of the prostate with μUS frames acquired at the moment of biopsy, and performs evidence aggregation across the study using a transformer conditioned on the probe’s rotational angle. Finally, a decoder head predicts frame-level and study-level risk scores for the patient. The model is trained and evaluated using a multi-center clinical trial dataset of μUS studies, including continuous rotational scans of the prostate and videos captured during biopsy acquisition. We compare the proposed method to baseline AI methods from the literature and to risk scores provided by clinical experts. Our framework shows strong performance, highlighting the value of multi-view context for μUS PCa detection, and providing a potentially powerful tool to complement human expertise in μUS-based PCa diagnosis. Our code is available at: https://github.com/mharmanani/Compass.",ok,
Defining Robust Ultrasound Quality Metrics via an Ultrasound Foundation Model,https://papers.miccai.org/miccai-2026/0253-Paper2414.html,https://papers.miccai.org/miccai-2026/paper/2414_paper.pdf,https://github.com/sextant-fable/US-Metrics,classification&segmentation,Whole-body / Multi-organ / Other,Image Reconstruction; Image Segmentation; Image Synthesis / Augmentation / Super-Resolution,Deep Learning; Evaluation / Benchmarking / Reproducibility,"Huang, Ziyang | Li, Bingyan | Ma, Chen | Liu, Tianyi | Zhai, Yihui | Xu, Hong | Guo, Yi | Li, Zeju | Wang, Yuanyuan","Clinicians lack a principled framework to quantify diagnostic utility in ultrasound reconstructions. Existing standards like PSNR and VGG-LPIPS are inadequate, failing to account for modality-specific physics or the structural nuances of acoustic imaging. We close this gap with a TinyUSFM-based evaluation framework featuring two distinct metrics: TinyUSFM-uLPIPS, a full-reference perceptual distance based on multi-layer token relations, and TinyUSFM-NRQ, a deployable no-reference quality score utilizing clean-manifold modeling and worst-region aggregation to detect localized harmful artifacts. We demonstrate that the presented metrics have four unique advantages: 1) Task-linked quality, where TinyUSFM-uLPIPS achieves superior calibration with semantic task damage, accurately reflecting Dice-score drops in segmentation where VGG-based metrics fail; 2) Cross-organ comparability, maintaining stable scoring scales and consistent severity rankings across diverse anatomical sites and domain-shifted data; 3) PSNR-consistent sensitivity, with TinyUSFM-NRQ providing a reliable quality score without ground-truth images that remains consistent with traditional fidelity benchmarks (i.e. PSNR); and 4) Clinical utility, improving the prediction of expert preference from 47.2% to 72.8% accuracy and producing super-resolution reconstructions preferred by sonographers. By integrating these advantages into a unified assessment and optimization loop, this work establishes a modality-aligned standard that finally bridges the gap between algorithmic performance and diagnostic utility. Our code is available at https://github.com/sextant-fable/US-Metrics.",ok,
DeformTTA: Morphology-Aware Controllable Deformation for Test-Time Adaptation in Fetal Cardiac Ultrasound Image Segmentation,https://papers.miccai.org/miccai-2026/0254-Paper1543.html,https://papers.miccai.org/miccai-2026/paper/1543_paper.pdf,https://github.com/SplinterLi/DeformTTA,segmentation,Cardiac; Fetal / Pediatric,Image Segmentation,Deep Learning; Synthetic Data / Data-centric AI,"Li, Zhihao | Liu, Zelong | Liu, Juhua | Xu, Yongchao | Du, Bo","Fetal cardiac segmentation frequently suffers from performance degradation under domain shifts induced by heterogeneous scanners and rapid physiological motion. Standard test-time adaptation (TTA) methods typically rely on generic consistency or entropy minimization, which lack explicit anatomical constraints and fail to preserve biological plausibility under complex cardiac deformations. We propose DeformTTA, a physiology-driven TTA framework that bolsters segmentation robustness by explicitly modeling cardiac dynamics. Unlike domain-agnostic augmentations, DeformTTA leverages a deformation network to simulate realistic fetal heart movements, integrated with a generative model for authentic texture synthesis. Furthermore, a morphology-aware shape prior is introduced to regularize the adaptation process, ensuring the structural integrity of the predicted segmentations. By optimizing for motion-conditioned consistency and morphological alignment, DeformTTA effectively generalizes to target domains during inference. Multi-center experiments demonstrate that DeformTTA significantly outperforms state-of-the-art baselines, particularly in segmenting complex pathological cases. Code is available at https://github.com/SplinterLi/DeformTTA.",ok,
Discriminative Directional Projection for Reverse Distillation in Breast Ultrasound Anomaly Detection,https://papers.miccai.org/miccai-2026/0287-Paper6664.html,https://papers.miccai.org/miccai-2026/paper/6664_paper.pdf,,image synthesis,Breast,Anomaly / Lesion Detection,Deep Learning; Semi- / Weakly- / Self-supervised Learning,"Xu, Shicheng | Li, Jincheng | Lin, Junhao | Li, Zuoyong | Lan, Hengrong | Gao, Fei","Breast ultrasound is widely used for screening, yet accurate annotations are costly, motivating anomaly detection methods trained only on normal data. Reverse Distillation (RD) is a popular teacher–student paradigm, but most RD approaches enforce global cosine consistency during training while relying on pixel-wise discrepancies at test time, leading to an objective mismatch. Moreover, directly optimizing cosine similarity is prone to poor local optima, which reduces anomaly sensitivity. To address these issues, we propose the Discriminative Directional Projection Loss (DDP Loss). First, we introduce a directional subspace projection mechanism, where a sampler generates directional bases along the channel dimension to project teacher and student features into a directional subspace. Pixel-wise consistency distillation is then enforced within this subspace to better align the training and testing objectives. Second, we design a Hard-Direction Mining strategy that alternates optimization to actively search for directions with the largest teacher–student discrepancy, thereby strengthening discriminative constraints. Third, we incorporate an orthogonality regularizer to promote directional diversity, mitigating direction collapse and improving subspace representational capacity. Experiments on BUS-UCLM and BUSI-WHU show that DDP Loss consistently improves AUC, F1, and FPR@TPR95 without extra architectures or pseudo anomalies. These results validate the effectiveness of improving the reverse distillation paradigm at the objective level and highlight its potential clinical value.",ok,
Disentangling Clinic-Specific Acquisition Variability from Motion Dynamics in Intrapartum Ultrasound,https://papers.miccai.org/miccai-2026/0290-Paper4921.html,https://papers.miccai.org/miccai-2026/paper/4921_paper.pdf,https://github.com/miccai-intrapartum/miccai_intrapartum,classification&segmentation,Fetal / Pediatric; Pelvis / Reproductive System,Image Segmentation; Outcome Prediction / Prognosis / Longitudinal Modeling,Deep Learning; Domain Adaptation / Harmonization; Evaluation / Benchmarking / Reproducibility,"Aytutuldu, Ilhan | Yassa, Murat | Birol Ilter, Pinar | Ilhan, Sevval | Erdem, Rumeysa Elif | Unlu, Umur Goktug | Akgul, Yusuf Sinan","Intrapartum ultrasound enables objective monitoring of fetal head progression during labor, yet clinical practice relies predominantly on single-frame analysis, which is sensitive to noise and fails to capture continuous anatomical dynamics. Leveraging video clips offers richer information but introduces a critical challenge in multi-clinic settings: acquisition variability arising from differences in probe motion, imaging hardware, and clinical protocols distorts latent temporal representations in ways that static harmonization methods cannot address. We collected a novel intrapartum ultrasound dataset from three clinics with heterogeneous acquisition protocols and propose a self-supervised representation learning framework that explicitly disentangles clinic-specific acquisition distortions from physiologically meaningful motion dynamics. The framework integrates temporal regularization, adversarial disentanglement, and hierarchical cross-attention to effectively separate clinic-invariant and clinic-specific representations. The proposed Hierarchical Cross-Attention encoder achieves 99.70% temporal order prediction accuracy, substantially reduces clinic-induced variability, and generalizes to fetal head segmentation on the HC18 benchmark with a Dice score of 87.23%, outperforming both an in-domain autoencoder baseline and random initialization despite its encoder being pre-trained exclusively on intrapartum video. These results establish temporal disentanglement as a principled strategy for separating acquisition variability from true motion dynamics, enabling robust representation learning across heterogeneous clinical conditions.",ok,
Distilling Temporal Coherence Into 2D Networks for Transrectal Ultrasound Prostate Video Segmentation,https://papers.miccai.org/miccai-2026/0295-Paper0460.html,https://papers.miccai.org/miccai-2026/paper/0460_paper.pdf,https://github.com/DYDevelop/DTC-TRUS,segmentation,Pelvis / Reproductive System,Image Segmentation,Evaluation / Benchmarking / Reproducibility; Semi- / Weakly- / Self-supervised Learning,"Kim, Dong Yeong | Lee, JunGyu | Choi, Jaewon | Seo, June Young | Kim, Myeongseop | Choi, Jinwook | Kim, Taek Min | Kim, Young-Gon","Real-time video segmentation of the prostate in Transrectal Ultrasound (TRUS) is essential for image-guided interventions. While conventional 2D methods suffer from inter-frame inconsistencies by disregarding temporal context, 3D architectures incur prohibitive latency. To resolve this dilemma, we present a Temporally Consistent Learning Framework that distills temporal coherence into a 2D network during training, preserving single-frame inference efficiency. Our design is driven by a key clinical observation: the prostate exhibits geometric stability, whereas the surrounding acoustic environment fluctuates due to physiological motion and transducer pressure. Because conventional temporal constraints propagate erroneous gradients from these unstable regions, we introduce a Confidence-Weighted Temporal Consistency objective derived from optical flow warping residuals, selectively attenuating contributions from unreliable regions. Complementing this pixel-wise constraint, a Dual-scale Prototype Alignment Module enforces semantic coherence through contrastive optimization of local boundary and global semantic features. Furthermore, to eliminate the need for dense per-frame video annotations, we employ geometric equivariance-based pseudo-labeling with knowledge distillation from a pretrained teacher. Extensive experiments on SUN-SEG and our newly introduced TRUS-V benchmark (2,679 frames) demonstrate state-of-the-art accuracy and temporal consistency at real-time speed. Code and dataset are available at https://github.com/DYDevelop/DTC-TRUS.",ok,
DK-Net: Semi-supervised Wavelet-KAN Landmark Localization for Angle of Progression Measurement in Intrapartum Transperineal Ultrasound,https://papers.miccai.org/miccai-2026/0298-Paper4589.html,https://papers.miccai.org/miccai-2026/paper/4589_paper.pdf,https://github.com/db0725/DKNet,classification,Fetal / Pediatric; Pelvis / Reproductive System,Computer-Aided Diagnosis,Deep Learning; Semi- / Weakly- / Self-supervised Learning,"Deng, Bo | Bai, Jieyun | Wang, Huijin | Long, Shun | Li, Shuo","The Angle of Progression (AoP), derived from three anatomical landmarks in intrapartum ultrasound, is a crucial metric for assessing fetal head descent and supporting safe labor management. However, automated AoP measurement is severely impeded by speckle noise, acoustic shadows, heterogeneous acquisition conditions, and scarce expert annotations. To address these challenges, we propose DK-Net, a semi-supervised Wavelet-KAN framework that combines student-teacher self-ensembling with ultrasound-aware spectral-spline modeling. DK-Net introduces two Kolmogorov-Arnold Network (KAN) driven components: (1) a domain-adaptive channel recalibration module that dynamically adjusts feature responses to contrast variations, and (2) a wavelet-domain spectral refiner that learns non-linear gating functions on high-frequency subbands to suppress speckle-like perturbations while preserving landmark-defining structures. The network further enforces prediction consistency between weakly and strongly augmented views using confidence-filtered pseudo-labels to effectively leverage unlabeled data. Experiments on the public Intrapartum Ultrasound Grand Challenge (IUGC) benchmark demonstrate that DK-Net consistently outperforms representative single-model baselines, enabling accurate landmark localization and reliable AoP estimation for clinical labor monitoring. Our code is publicly available at https://github.com/db0725/DKNet, and the datasets can be accessed on Kaggle (https://www.kaggle.com/aspirexxx) and Zenodo (https://zenodo.org/records/18217137).",ok,
DreamReg: Belief-Driven World Model for 2D–3D Ultrasound Registration,https://papers.miccai.org/miccai-2026/0303-Paper0947.html,https://papers.miccai.org/miccai-2026/paper/0947_paper.pdf,https://github.com/kangluoyao/DreamReg,registration,Cardiac; Pelvis / Reproductive System,Image Registration; Image-Guided Interventions,Deep Learning,"Kang, Luoyao | Zhang, Yuelin | Shan, Jiwei | Gong, Haifan | Ding, Qingpeng | Cheng, Shing Shin","Ultrasound (US) is widely used for surgical navigation, yet real‑time registration between intraoperative 2D slices and preoperative 3D volumes remains challenging due to partial observability, speckle noise, and the action‑dependent US acquisition. Existing methods are one‑shot or short‑horizon, making it hard for them to gather evidence over time or capture how surgeons adjust probe motion based on on‑screen feedback. We propose DreamReg, a belief-driven world-model framework that formulates 2D–3D registration as belief updating over rigid transformations. DreamReg maintains a latent belief state that summarizes past observations and poses information, and continuously refines the transformation through learned dynamics as new slices arrive. During training, DreamReg is exposed to probe-motion trajectories that mimic clinical scanning behavior and learns to update its belief by conditioning pose refinement on the current US observation. During inference, DreamReg refines registration via internal imagination: it rolls out the learned world model to simulate candidate probe motions and their predicted observations, and integrates these imagined outcomes to converge to an accurate rigid transformation. Experiments on CAMUS and µ-RegPro datasets demonstrate improved robustness and competitive registration accuracy for real-time guidance compared with state-of-the-art methods.",ok,
Dual Agreement Consistency Learning for Semi-supervised Fetal Ultrasound Segmentation,https://papers.miccai.org/miccai-2026/0307-Paper0556.html,https://papers.miccai.org/miccai-2026/paper/0556_paper.pdf,https://github.com/13204942/DACL-for-Semi-supervised-Ultrasound-Segmentation,classification&segmentation,Fetal / Pediatric,Image Segmentation,Semi- / Weakly- / Self-supervised Learning,"Wang, Fangyijie | Silvestre, Guénolé | Wang, Ziyang | Curran, Kathleen M.","Maternal-fetal US is the primary imaging modality for monitoring fetal development, yet accurate automated segmentation remains challenging due to the scarcity of pixel-level annotations. To address this issue, we propose DACL, a semi-supervised framework for robust fetal US image segmentation. DACL jointly trains a deployment-oriented lightweight convolutional network (1.47M parameters) and a Transformer-based network, leveraging labeled data for supervised learning and unlabeled data via CPS. To enhance prediction stability, we introduce a dual-agreement consistency loss that couples pixel-wise probabilistic divergence with entropy-guided confidence alignment. Unlike conventional CPS methods that enforce agreement only at the prediction level, DACL explicitly regularizes both distributional alignment and uncertainty, thereby suppressing unreliable pseudo-labels and enabling stable cross-architecture pseudo-label learning under extreme annotation scarcity. Furthermore, an interpolation-based consistency strategy using mixup is applied to unlabeled samples to enhance robustness. Under 5% labeled data, DACL improves Dice by up to 2.77% and reduces HD95 by up to 14.69 mm compared with the strongest recent semi-supervised methods, demonstrating significant improvements in boundary accuracy on both fetal head and abdomen datasets. These results demonstrate the effectiveness of agreement-based consistency learning for annotation-efficient fetal US segmentation. Our code is on GitHub.",ok,
Dual-Domain Meta Conditioning Network for Fetal Head and Pubic Symphysis Segmentation in Ultrasound Images Analysis,https://papers.miccai.org/miccai-2026/0311-Paper5136.html,https://papers.miccai.org/miccai-2026/paper/5136_paper.pdf,,segmentation,Fetal / Pediatric,Image Segmentation,,"Hu, Xinglong | Dong, Lan | Zhang, Lu | Ye, Zhaoyi | Wang, Du | Mei, Liye | Lei, Cheng","Accurate segmentation of the fetal head (FH) and pubic symphysis (PS) in intrapartum ultrasound is crucial for Angle of Progression (AoP) estimation. However, speckle noise, weak boundary contrast, and anatomical variability hinder segmentation. We propose DMC-Net, a dual-domain meta-conditioning framework that integrates structural and spectral priors in a stage-specific manner. The encoder uses a Structural Domain Meta Conditioning Module to inject anatomical cues, reducing noise and enhancing boundary coherence. A Frequency-aware Cross-scale Attention Module in deeper layers models spatial-frequency interactions, suppressing noise while maintaining structural continuity. In the decoder, a second DMCM stabilizes reconstruction with refined frequency information. Finally, a Progressive Spectral Reconstruction Decoder restores Fourier domain components for precise boundary recovery. Experiments on the PSFHS2023 dataset show DMC-Net outperforms state-of-the-art methods in segmentation accuracy and AoP estimation, demonstrating its effectiveness in challenging ultrasound scenarios. Our code and data are available at https://github.com/XingLongH/DMC_Net.",ok,
Echo-SCAR: Temporal Feature Learning for Myocardial Scar Detection from Routine Echocardiography,https://papers.miccai.org/miccai-2026/0333-Paper4373.html,https://papers.miccai.org/miccai-2026/paper/4373_paper.pdf,,classification&segmentation,Cardiac,Computer-Aided Diagnosis; Image Segmentation,Radiomics / Radiogenomics,"Shehzad, Mansoor | Yu, Arion | Nayaz, Eman | Alkhaleefah, Mohammad | Al-Kindi, Sadeer | Balakrishnan, Guha | Sabharwal, Ashutosh","Myocardial scar detection is a clinically important task with implications for prognosis, arrhythmic risk, and therapeutic decision making. The noninvasive reference standard for scar identification is cardiac magnetic resonance (CMR) with late gadolinium enhancement, but its use is constrained by cost, limited availability, and logistical barriers. In this study, we develop a CMR-supervised multi-stage automated framework to predict segment-level myocardial scar from routine echocardiography. Using an in-house dataset at a large medical center, we analyzed a dataset of echocardiogram scans from 1,921 patients with paired CMR data within one year. Myocardial regions were segmented from apical two-, three-, and four-chamber views, covering the full 17-segment AHA model, using view-specific nnU-Net architectures trained on manual annotations across the cardiac cycle. We then compared two feature representations for per-segment scar detection: (1) temporal radiomic features extracted from segmented myocardium and (2) features derived from the encoder bottleneck of trained nnU-Net models. Using class-weighted random forest classifiers, encoder features achieved a mean AUC of 0.822 across 18 view–segment combinations, significantly outperforming radiomics (mean AUC 0.793; p < 0.05 in 8 of 18 segments). Combining both feature sets yielded the highest AUC (reaching up to 0.858), although this improvement did not generalize consistently across views. These findings demonstrate that routine echocardiography, enhanced through CMR-supervised feature learning, can serve as a scalable and effective tool for myocardial scar screening.",ok,
Echo4DIR: 4D Implicit Heart Reconstruction from 2D Echocardiography Videos,https://papers.miccai.org/miccai-2026/0329-Paper3704.html,https://papers.miccai.org/miccai-2026/paper/3704_paper.pdf,https://github.com/ryannus2025-ai/Echo4DIR,reconstruction,Cardiac,Digital Twins / Simulation / Synthetic Data,,"Liu, Yanan | Li, Qinya | Zhang, Hao | He, Kangjian | Yang, Xuan | Li, Hao | Xu, Dan | Li, Lei","Reconstructing 4D (3D+t) cardiac geometry from sparse 2D echocardiography is highly desirable yet fundamentally challenged by geometric ambiguity and temporal discontinuity. To tackle these issues, we propose Echo4DIR, a novel test-time 4D implicit reconstruction framework. Specifically, we learn robust 3D shape priors from statistical shape models (SSMs) via a cardiac conditional SDF, constructing an Epipolar Mask Encoder module with epipolar cross attention to effectively fuse multi-view features. To bridge the synthetic-to-real domain gap, we introduce a self-supervised SDF-tailored differentiable rendering strategy for patient-specific 3D shape adaptation using uncalibrated clinical masks without requiring 3D ground truth. Crucially, the inherent continuity of implicit representation overcomes sparse observations, enabling anatomically reliable geometry at arbitrary resolutions. Furthermore, to empower our framework with physically continuous 4D extension, we introduce a Radial SDF Alignment strategy that strictly locks shape evolution to the predicted velocity field, fundamentally eliminating mesh drift. Extensive experiments on synthetic benchmarks and real clinical datasets demonstrate that Echo4DIR achieves state-of-the-art 4D cardiac mesh reconstruction, notably yielding an impressive clinical overlap of up to 98.35\% Dice and 96.75\% IoU. The code will be available in https://github.com/ryannus2025-ai/Echo4DIR.",ok,
EchoFID: A Multi-teacher Distilled Evaluation Network for Cardiac Ultrasound Image Generation,https://papers.miccai.org/miccai-2026/0330-Paper3273.html,https://papers.miccai.org/miccai-2026/paper/3273_paper.pdf,,classification&segmentation,Cardiac,Other,Deep Learning; Foundation Models,"Wu, Junde | Miller, Renee | Šprem, Jurica | Grau, Vicente","Reliable evaluation remains a fundamental bottleneck in cardiac ultrasound image generation. While diffusion and GAN-based models have demonstrated increasingly realistic synthesis of speckle patterns and anatomical structures, existing metrics such as FID, KID, and LPIPS rely on generic natural-image encoders or single-task medical backbones, which fail to capture the multi-faceted clinical information embedded in echocardiography. In this work, we propose EchoFID, a clinically grounded evaluation framework built upon a multi-teacher distilled feature backbone for cardiac ultrasound generation assessment. Our approach distills knowledge from a diverse ensemble of pretrained expert networks spanning segmentation, diagnosis, and functional measurement tasks. Instead of enforcing direct feature matching, we formulate evaluation learning as a bidirectional decodability problem: a student encoder is trained such that its latent representation can be reconstructed into each teacher’s feature space through lightweight converters, with asymmetric gradient routing to resolve conflicting supervision. Extensive controlled experiments across variations in generator training epochs, training data quota, and model capacity demonstrate that EchoFID exhibits smoother monotonic behavior, stronger discriminative power, and improved real-to-real compactness compared to FID, RadFID, IS, KID, LPIPS, and other medical-specific metrics. These results establish EchoFID as a principled and practical benchmark for cardiac ultrasound image generation, enabling more reliable comparison and accelerating progress in medical generative modeling.",ok,
EchoPilot: Training-Free Ultrasound Video Segmentation via Scale-Space Semantic Prompting and Reliability-Gated Memory,https://papers.miccai.org/miccai-2026/0332-Paper1265.html,https://papers.miccai.org/miccai-2026/paper/1265_paper.pdf,https://keeplearning-again.github.io/EchoPilot/,VLM,Breast; Cardiac; Fetal / Pediatric,Image Segmentation,Deep Learning; Foundation Models,"Xiao, Ruiqiang | Xing, Zhaohu | Yang, Yijun | Han, Zhenyan | Wang, Weiming | Wu, Kaishun | Zhu, Lei","Ultrasound video segmentation is clinically valuable yet difficult due to speckle noise, weak boundaries, and rapid anatomical deformation. Recent promptable foundation models enable point-guided segmentation, but their direct deployment in ultrasound remains unreliable: a single point provides insufficient spatial context to resolve scale ambiguity, and greedy memory updates amplify early errors into severe temporal drift. We present EchoPilot, a training-free framework for ultrasound video segmentation under sparse first-frame interaction, requiring only a single point click and an anatomical category name. EchoPilot orchestrates a frozen medical vision-language model (VLM) for semantic localization, a vision foundation model (VFM) for dense geometric feature extraction, and a promptable video segmentor for mask prediction and propagation. To resolve initialization ambiguity, we propose Scale-Space Semantic Prompting, which first selects an optimal contextual view via a parameter-free S.E.E.D. (Semantic Energy-Entropy Density) criterion, and then synthesizes geometrically precise auxiliary point prompts from dense foundation features without additional user interaction. To reduce propagation drift, a Reliability-Gated Memory update is further introduced to selectively freeze the segmentor’s memory bank under uncertain predictions, preventing error accumulation. We also contribute the first dynamic fetal placenta ultrasound video segmentation dataset with 671 annotated frames. Across three ultrasound video datasets, EchoPilot achieves state-of-the-art performance under the sparse-interactive setting, consistently outperforming training-free baselines and finetuned specialists. Project page: https://keeplearning-again.github.io/EchoPilot/.",ok,
EchoTracker2: Enhancing Myocardial Point Tracking by Modeling Local Motion,https://papers.miccai.org/miccai-2026/0334-Paper3869.html,https://papers.miccai.org/miccai-2026/paper/3869_paper.pdf,https://github.com/riponazad/ptecho,dataset/benchmark,Cardiac,Computer-Aided Diagnosis; Image Registration; Outcome Prediction / Prognosis / Longitudinal Modeling,Deep Learning,"Azad, Md Abulkalam | Holmstrøm, Vegard | Nyberg, John | Lovstakken, Lasse | Dalen, Håvard | Grenne, Bjørnar | Østvik, Andreas","Myocardial point tracking (MPT) has recently emerged as a promising direction for motion estimation in echocardiography, driven by advances in general-purpose point tracking methods. However, myocardial motion fundamentally differs from motion encountered in natural videos, as it arises from physiologically constrained deformation that is spatially and temporally continuous throughout the cardiac cycle. Consequently, motion trajectories typically remain locally confined despite substantial tissue deformation. Motivated by these properties, we revisit the architectural design for MPT and find that coarse initialization in commonly used two-stage coarse-to-fine architectures may be unnecessary in this domain. In this work, we propose a fine-stage-only architecture, EchoTracker2, which enriches pixel-precise features with local spatiotemporal context and integrates them with long-range joint temporal reasoning for robust tracking. Experimental results across in-distribution, out-of-distribution (OOD), and public synthetic datasets show that our model improves position accuracy by 6.5% and reduces median trajectory error by 12.2% relative to a domain-specific state-of-the-art (SOTA) model. Compared to the best general-purpose point tracking method, the improvements are 2.0% and 5.3%, respectively. Moreover, EchoTracker2 shows better agreement with expert-derived global longitudinal strain (GLS) and enhances test-rest reproducibility. Source code available at: https://github.com/ / /.",ok,
Expert-like Bone Ultrasound Segmentation through Expert-in-the-loop Mask-conditioned Progressive Learning,https://papers.miccai.org/miccai-2026/0361-Paper6332.html,https://papers.miccai.org/miccai-2026/paper/6332_paper.pdf,,segmentation,Musculoskeletal / Orthopedic,Image Segmentation; Image Synthesis / Augmentation / Super-Resolution; Visualization in Biomedical Imaging,Deep Learning; Semi- / Weakly- / Self-supervised Learning; Synthetic Data / Data-centric AI,"Tavangar, Arash | Chiu, Larissa K. | Khodashenas, Hamidreza | Berry, Gregory K. | Hooshiar, Amir","Manual annotation remains a major bottleneck in ultrasound (US) bone segmentation, where experts typically iteratively refine rough brush masks rather than delineating precise contours in a single pass. We present Expert-in-the-Loop (ExiL), a mask-conditioned progressive learning framework that models annotation as a structured refinement trajectory. ExiL combines a synthetic expert-like brush simulator based on signed distance fields with a lightweight 7.8M-parameter U-Net that learns to complete and refine imperfect masks from US images. During deployment, an expert mode updates the model directly from accepted refinements, enabling continual adaptation to expert behavior. Evaluated on three held-out cadaver datasets, ExiL reduced average annotation time from 60 to 20 seconds per frame (decreased by 66.7%) and improved mean Dice by approximately 0.045 over non-progressive training, while achieving 0.87 Dice and 2.7 px boundary error in the best trajectory-aware setting. With 10 to 50 ms inference, ExiL enables real-time, self-improving annotation for US-guided orthopedic workflows in practical clinical labeling.",ok,
Exploring Efficient Weakly Supervised Ultrasound Video Object Segmentation with VLM-Guided Structure Advantage Learning,https://papers.miccai.org/miccai-2026/0365-Paper1072.html,https://papers.miccai.org/miccai-2026/paper/1072_paper.pdf,,VLM,Breast,Image Segmentation,Semi- / Weakly- / Self-supervised Learning,"Li, Jialu | Liu, Zekai | Wang, Hongqiu | Xu, Huihui | Wang, Qiong | Zhu, Lei","Weakly supervised methods aim to reduce the burden of dense manual labeled annotations by using coarse supervision, yet they still rely on intensive human-provided labels, which remain particularly labor-intensive given the large number of blurred ultrasound frames. Moreover, recent coarse supervisions may further lead to performance degradation, especially for blurred lesion boundaries and motion artifacts. Motivated by the strong semantic understanding of recent vision–language models (VLMs) in medical imaging, we propose a novel weakly supervised method that effectively regards the VLM-embedded prior knowledge as the high-level supervisor to guide the segmentation model in autonomously exploring accurate tumor masks. Specifically, we propose a Guidance Conditional Diffusion Strategy to adaptively integrate multiple lesion cues for learning lesion characteristics. Then, inspired by the relative advantage comparison commonly used in reinforcement learning (RL), we propose an efficient Structure Advantage Learning strategy that encourages the model to actively explore optimal boundary details and overcome the limitations of weak supervision. We further collect a large-scale dataset with 433 annotated breast lesion videos to facilitate research on this topic. Extensive experiments on 3 video datasets demonstrate that our method consistently outperforms recent state-of-the-art methods while substantially reducing the manual annotation workload. Our dataset and code will be released upon this publication.",ok,
FARSIGHT: A Dynamic Multi Modal Medical Image Analysis Framework Powered by a Prior Knowledge Guided Vision Language Model,https://papers.miccai.org/miccai-2026/0373-Paper0806.html,https://papers.miccai.org/miccai-2026/paper/0806_paper.pdf,https://github.com/hanlliumu/Farsight,Agent,,Computer-Aided Diagnosis,Deep Learning; Multimodal Models / LLMs / VLMs; Semi- / Weakly- / Self-supervised Learning,"Yang, Jinghan | Li, Qinghua | Liu, Jingxin | Qiu, Li | Tian, Jie | Zhou, Jiaojiao | Wang, Kun","Long-term retrospective medical imaging archives cannot be directly utilized due to the lack of fine-grained annotations, requiring extensive manual curation by expert physicians in most previous medical imaging studies. Furthermore, the absence of standardized archiving protocols and the heavy reliance on subjective judgment for image retention lead to significant variations in the number of images per patient, while the presence of irrelevant frames introduces substantial noise. We propose FARSIGHT, an end-to-end archive-to-prediction framework designed to overcome these universal bottlenecks, evaluated here on renal transplant chronic allograft injury assessment. FARSIGHT integrates the Modality Aware Governance and Optimization System (MAGOS), an offline vision-language-model-guided curation agent, with hierarchical multi-modal multi-instance learning (HMMIL) for patient-level prediction. On a retrospective cohort of 4,576 patients comprising 41,203 images across four distinct modalities, MAGOS achieves 0.999 routing accuracy with complete parsing success. Using these curated inputs, HMMIL achieves a test AUC of 0.816 and an accuracy of 0.746 for patient-level prediction, while handling variable-length studies and missing modalities. The code is available at: https://github.com/hanlliumu/Farsight.",ok,
FedCHDP: Federated Concept-Guided Dual-Modal Prompting for CHD Diagnosis,https://papers.miccai.org/miccai-2026/0380-Paper1712.html,https://papers.miccai.org/miccai-2026/paper/1712_paper.pdf,,VLM,Cardiac,Computer-Aided Diagnosis; Federated / Privacy-Preserving Analysis,,"Gu, Ruilin | Li, He | Huang, Wenke | Tan, Qingxiong | Ye, Mang | Du, Bo","Early detection of Congenital Heart Disease (CHD) relies heavily on subjective ultrasound interpretation. While AI offers automation, privacy regulations and data fragmentation remain major barriers. Federated Learning (FL) enables privacy-preserving collaboration, yet deploying pre-trained vision-language models like CLIP in non-IID settings is challenged by inter-hospital heterogeneity and semantic overfitting to site-specific biases. To address these issues, we propose FedCHDP, a novel federated concept-guided dual-modal prompting framework. On the textual side, we construct a federated medical concept library that decomposes diagnostic queries into fine-grained clinical descriptors (i.e., chamber numbers, flow numbers and flow patterns), enforcing semantic consensus across clients. An uncertainty-aware gating mechanism further adaptively fuses dynamic concept cues with global priors to rectify ambiguous predictions. On the visual side, we introduce a global-guided contrastive alignment that calibrates visual prompts using disease prototypes, aligning local embeddings with global semantic centers to mitigate distribution shifts. Experiments show that FedCHDP significantly outperforms state-of-the-art methods for multi-center CHD identification.",ok,
FetalAgents: A Multi-Agent System for Fetal Ultrasound Image and Video Analysis,https://papers.miccai.org/miccai-2026/0385-Paper0018.html,https://papers.miccai.org/miccai-2026/paper/0018_paper.pdf,https://github.com/birthlab/FetalAgents,Agent,Fetal / Pediatric,Computer-Aided Diagnosis; Image Segmentation,Deep Learning; Multimodal Models / LLMs / VLMs,"Hu, Xiaotian | Huang, Junwei | Liu, Mingxuan | Anmahapong, Kasidit | Chen, Yifei | Luo, Yitong | Huang, Yiming | Bai, Xuguang | Li, Zihan | Liao, Yi | Qu, Haibo | Tian, Qiyuan","Fetal ultrasound (US) is the primary imaging modality for prenatal screening, yet its interpretation relies heavily on the expertise of the clinician. Despite advances in deep learning and foundation models, existing automated tools for fetal US analysis struggle to balance task-specific accuracy with the whole-process versatility required to support end-to-end clinical workflows. To solve the problem, we propose FetalAgents, the first multi-agent system for comprehensive fetal US analysis. Through a lightweight, agentic coordination framework, FetalAgents dynamically orchestrates specialized vision experts to maximize performance across diagnosis, measurement, and segmentation. Furthermore, FetalAgents advances beyond static image analysis by supporting end-to-end video stream summarization, where keyframes are automatically identified across multiple anatomical planes, analyzed by coordinated experts, and synthesized with patient metadata into a structured clinical report. Extensive multi-center external evaluations across eight clinical tasks demonstrate that FetalAgents consistently delivers the most robust and accurate performance when compared against specialized models and multimodal large language models (MLLMs), ultimately providing an auditable, workflow-aligned solution for fetal ultrasound analysis and reporting. Source code is available at: https://github.com/birthlab/FetalAgents.",ok,
FOCUS: Towards Fetal Obstetric Corrective UltraSound Guidance,https://papers.miccai.org/miccai-2026/0390-Paper1799.html,https://papers.miccai.org/miccai-2026/paper/1799_paper.pdf,https://github.com/hlamdouar/focus-ultrasound-guidance,image synthesis,Fetal / Pediatric,Image-Guided Interventions; Multimodal Integration with Clinical / Genomic / Biomarkers,Deep Learning; Multimodal Models / LLMs / VLMs,"Lamdouar, Hala | Wang, Angela Feixue | Guo, Xiaoqing | Men, Qianhui | Lander, Jayne | Papageorghiou, Aris T. | Noble, J. Alison","Guidance is essential in teaching the required skills for performing highly technical obstetric ultrasound examination. These skills include selecting the appropriate keyboard functions, making correct image adjustments, and positioning the probe effectively to acquire high quality anatomical views. Existing work has largely focused on assessing image quality, without identifying where errors occur within an ultrasound video or how a trainee should correct them. We introduce FOCUS, the Fetal Obstetric Corrective UltraSound instructor, a new multimodal framework designed to learn and deliver corrective guidance for trainee sonographers using both video and text. FOCUS analyses ultrasound video sequences and provides corrective feedback indicating specific actions needed to improve technical performance. To develop this framework, we collect obstetric ultrasound data captured by trainees, annotated with corrective instruction labels, anatomical labels, and accompanying expert textual feedback. Our experiments demonstrate that FOCUS effectively learns to recognise suboptimal imaging technique and generate targeted corrective feedback. We provide the code at \url{https://github.com/hlamdouar/focus-ultrasound-guidance}.",ok,
Foundation Model-Driven Key Anatomy Frame Selection for Blind-Sweep Ultrasound Fetal Birth Weight Estimation,https://papers.miccai.org/miccai-2026/0392-Paper1307.html,https://papers.miccai.org/miccai-2026/paper/1307_paper.pdf,https://github.com/ouleoule/BlindSweep-EBW,VLM,Fetal / Pediatric,Computer-Aided Diagnosis,Deep Learning,"Ou, Le | Zhu, Xiliang | Liang, Huanwen | Pan, Wenxiong | Huang, Yuhao | Deng, Yuxiang | Sheng, Xuan | Yin, Hong | Xiao, Juhua | Zhou, Xin | Ni, Dong","Accurate fetal birth weight (FBW) estimation shortly before delivery is clinically valuable yet challenging due to its reliance on operator expertise, particularly in low-resource settings. To reduce this reliance, we study near-term birth-weight regression from blind-sweep ultrasound (US) videos acquired within 48 hours prior to delivery, with post-delivery weighing as ground truth. Accordingly, we propose a foundation model–driven key anatomy frame selection framework that enables accurate FBW regression despite the absence of plane constraints in blind sweeps. Our highlights are as follows: (1) We believe this is the first work to estimate FBW using blind-sweep US videos, enabling operator-independent assessment. (2) An Anatomy-Guided Frame Selection module equipped with a vision-language foundation model is proposed for keyframe collection in unconstrained sweeps. (3) A Redundancy-Aware Feature Compression module is designed to compress frame features while preserving task-relevant information, alleviating temporal redundancy. Extensively validated on prospectively collected data from 839 patients, our method achieves an MAE of 161.3 g, with 90.23% and 100% of cases falling within 10% and 15% absolute percentage error, outperforming typical Hadlock estimation and strong competitors. Codes are available at https://github.com/ouleoule/BlindSweep-EBW.",ok,
FrameONE: Hierarchical Motion Modeling for Universal Multi-view Echocardiographic Keyframe Detection,https://papers.miccai.org/miccai-2026/0393-Paper3530.html,https://papers.miccai.org/miccai-2026/paper/3530_paper.pdf,https://github.com/szuboy/FrameONE,detection/localization,Cardiac,Computational Anatomy & Physiology; Computer-Aided Diagnosis,Deep Learning,"Chen, Rusi | Huang, Yuhao | Zhang, Hongyuan | Tian, Chao | Ji, Shunan | Zhang, Yuhan | Ni, Dong","Accurate detection of end-systole (ES) and end-diastole (ED) frames is fundamental to echocardiographic assessment. Existing methods are typically developed in a view-specific manner, depend on auxiliary annotations or intensive visual modeling, which limits their generalizability. In multi-view modeling, keyframe detection is driven by shared cardiac motion, yet large appearance differences and motion patterns make unified modeling challenging. To address these issues, we propose FrameONE, a unified end-to-end framework for multi-view echocardiographic keyframe detection. FrameONE introduces a Hierarchical Motion Modeling strategy: an intra-view multi-task learning reduces appearance bias and promotes motion-focused representations within each view; an inter-view general motion learning module further separates view-agnostic dynamics from view-specific patterns, enabling shared yet flexible motion representation learning across views. Extensive experiments on 25,872 videos spanning four standard views demonstrate that FrameONE achieves state-of-the-art keyframe detection accuracy with strong cross-view generalization. Code is available at \url{https://github.com/szuboy/FrameONE}.",ok,
From Point Estimates to Distributions: GMM Pooling for MIL in Preterm Birth Prediction,https://papers.miccai.org/miccai-2026/0405-Paper4491.html,https://papers.miccai.org/miccai-2026/paper/4491_paper.pdf,https://github.com/HussainAlasmawi/GMM_Pooling,classification,Fetal / Pediatric,Outcome Prediction / Prognosis / Longitudinal Modeling,Semi- / Weakly- / Self-supervised Learning,"Alasmawi, Hussain | Saeed, Numan | Said, Soha | Yaqub, Mohammad","Preterm birth (PTB) prediction can enable targeted surveillance and timely intervention, yet most ultrasound-based models use a single selected transvaginal ultrasound (TVUS) frame per patient despite routine exams acquiring multiple cervical images. We formulate PTB prediction as a multiple instance learning (MIL) problem, representing each patient as a variable-sized bag of TVUS images with a single outcome label. To move beyond standard MIL aggregators that collapse a bag into a point estimate, we propose a Gaussian Mixture Model (GMM) pooling, which summarizes all images in a bag into a fixed-length representation by modeling their feature distribution. This design captures intra-patient variability. We evaluate the method on a private clinical cohort and on a public lymph node metastasis benchmark. For PTB prediction, GMM pooling improves over the instance-based model PR-AUC from 0.44 to 0.56. On the lymph node benchmark, it achieves state-of-the-art performance with 0.91 F1-score and 0.89 ROC-AUC for classification and 0.18 MAE for regression. The code is publicly available at https://github.com/HussainAlasmawi/GMM_Pooling.",ok,
From Scanning Guidelines to Action: A Robotic Ultrasound Agent with LLM-Based Reasoning,https://papers.miccai.org/miccai-2026/0406-Paper2814.html,https://papers.miccai.org/miccai-2026/paper/2814_paper.pdf,https://github.com/yuan-12138/RUSSAgent,Agent,Whole-body / Multi-organ / Other,Medical Robotics,,"Bi, Yuan | Zhou, Yiping | Liu, Pei | Li, Feng | Jiang, Zhongliang | Navab, Nassir","Robotic ultrasound offers advantages over free-hand scanning, including improved reproducibility and reduced operator dependency. In clinical practice, US acquisition relies heavily on the sonographer’s experience and situational judgment. When transferring this process to robotic systems, such expertise is often encoded explicitly through fixed procedures and task-specific models, yielding pipelines that can be difficult to adapt to new scanning tasks. In this work, we propose a unified framework for autonomous robotic US scanning that leverages a large language model (LLM)–based agent to interpret US scanning guidelines and execute scans by dynamically invoking a set of provided software tools. Instead of encoding fixed scanning procedures, the LLM agent retrieves and reasons over guideline steps from scanning handbooks and adapts its planning decisions based on observations and the current scanning state. This enables the system to handle variable and decision-dependent workflows, such as adjusting scanning strategies, repeating steps, or selecting the appropriate next tool call in response to image quality or anatomical findings. Because the reasoning underlying tool selection is also critical for transparent and trustworthy planning, we further fine tune the LLM agent using a RL based strategy to improve both its reasoning quality and the correctness of tool selection and parameterization, while maintaining robust generalization to unseen guidelines and related tasks. We first validate the approach via verbal execution on 10 ultrasound scanning guidelines, assessing reasoning as well as tool selection and parameterization, and showing the benefit of RL fine tuning. We then demonstrate real world feasibility on robotic scanning of the gallbladder, spine, and kidney. Overall, the framework follows diverse guidelines and enables reliable autonomous scanning across multiple anatomical targets within a unified system.",ok,
GCM-Net: Anatomy-Aware Gaussian-Contrastive Multi-layer Fusion Network for Abdominal Ultrasound Standard Plane Classification,https://papers.miccai.org/miccai-2026/0414-Paper3367.html,https://papers.miccai.org/miccai-2026/paper/3367_paper.pdf,https://github.com/diligentwaq-spec/GCM-Net,classification,Abdomen,Computer-Aided Diagnosis,Deep Learning; Domain Adaptation / Harmonization,"Wang, Anqi | Li, Zihan | Zhang, Lei | Zhang, Xinye | Wang, Yingni | Yang, Xinshan | Liu, Mingxuan | Wang, Xiuming | Liao, Hongen | Ning, Guochen","Reliable classification of standard abdominal ultrasound planes is essential for sonography and autonomous diagnosis. However, this task remains challenging due to the inherent low contrast and speckle noise in ultrasound imaging, further compounded by subtle inter-plane differences within subjects and substantial anatomical variations across the population. Here, we propose the Gaussian-contrastive multi-layer fusion network (GCM-Net), which comprises a learnable multi-layer feature fusion (LMFF) module to synergistically integrate hierarchical spatial details with high-level semantics, an adaptive anisotropic Gaussian refinement (AAGR) module to spatially focus on critical anatomical structures, and a supervised contrastive learning branch to enhance feature discriminability. Systematic evaluation on the publicly available FPUS23 dataset for fetal ultrasound and the private AbdoSP-9 dataset for abdominal ultrasound demonstrates that GCM-Net outperformed existing methods across key classification metrics. Additionally, GCM-Net demonstrated robust performance in real-time causal processing of clinical ultrasound videos, achieving an expert-validated accuracy of 81.25% through the temporal confidence refinement (TCR) framework. These results underscore GCM-Net’s potential not only to streamline routine clinical diagnosis but also to serve as a high-level controller for autonomous robotic ultrasound.",ok,
GeoCAN: Nonlinear Causal-Geometric Learning for Echocardiography Quality Assessment,https://papers.miccai.org/miccai-2026/0419-Paper0202.html,https://papers.miccai.org/miccai-2026/paper/0202_paper.pdf,https://github.com/Yiran0325/Echo-GeoCAN,image restoration/quality,Cardiac,Computer-Aided Diagnosis,Causal Inference / Counterfactual Reasoning; Deep Learning,"Li, Yiran | Zheng, Kai | Li, Shuo","Causal learning is crucial for echocardiography quality assessment (EQA), demonstrating strong potential for learning fundamental quality representations. However, confounded quality degradations in EQA lead to spurious correlations and feature entanglement, obscuring causal relationships in quality modeling. In this paper, we propose a Geometric Causal Aggregation Network (GeoCAN) that embeds nonlinear causal–geometric learning into EQA to explicitly model relational causality and improve robustness under complex degradations. Specifically, Causal-Geometric Learning (CGL) deconfounds quality factors from visual degradations, thereby enhancing the discriminability of causal representations and suppressing spurious correlations. Nonlinear Relational Aggregation (NRA) disentangles quality representations from relational structures, explicitly separating relational cues from local visual features and alleviating feature entanglement. Extensive experiments on two public datasets and a private clinical dataset demonstrate that GeoCAN consistently achieves state-of-the-art performance, validating nonlinear causal–geometric learning as a principled solution for robust and reliable EQA. The code is available at https://github.com/Yiran0325/Echo-GeoCAN.",ok,
HAR-MoE: Hierarchical Affinity-aware Routing Mixture-of-Experts for Unified Multi-Organ Ultrasound Analysis,https://papers.miccai.org/miccai-2026/0445-Paper0024.html,https://papers.miccai.org/miccai-2026/paper/0024_paper.pdf,https://github.com/kzxl0721/HAR-MoE,classification&segmentation,Whole-body / Multi-organ / Other,Computer-Aided Diagnosis; Image Segmentation,,"Mu, Yajun | Chen, Yong | Yang, Shuhan | Gao, Jun | Lao, Qicheng | Li, Kang | Kang, Qingbo","Developing unified models for multi-organ ultrasound analysis is inherently challenging due to the conflicting optimization dynamics between dense pixel-level segmentation and sparse image-level classification. Existing Mixture-of-Experts (MoE) architectures often fail in this heterogeneous setting, suffering from expert dilution, where purely data-driven routers are dominated by dense segmentation gradients, leading to the collapse of experts intended for sparse tasks. To address this, we propose HAR-MoE (Hierarchical Affinity-aware Routing MoE). Unlike monolithic routers, HAR-MoE introduces a two-stage hierarchy: a task-conditioned coarse stage first screens experts to balance gradient density, followed by an organ-conditioned fine stage for anatomical specialization. We further incorporate learnable affinity priors to explicitly decouple optimization logic from representation learning. Extensive experiments on 18 heterogeneous ultrasound datasets spanning 7 organs demonstrate that HAR-MoE consistently achieves superior performance across both segmentation and classification tasks. Notably, our framework boosts fine-grained diagnosis by over 16% (F1-score), confirming its efficacy in mitigating negative transfer in unified multi-organ ultrasound analysis. Code will be available on GitHub.",ok,
Hierarchical Multi-Video Multiple Instance Learning: AI-Interpreted Point-of-Care Ultrasound for TB Detection,https://papers.miccai.org/miccai-2026/0463-Paper3381.html,https://papers.miccai.org/miccai-2026/paper/3381_paper.pdf,https://github.com/tbrokowski/Ultr-AI-HMV-MIL/tree/main,Agent,Lung / Thoracic,Computer-Aided Diagnosis; Public Health Imaging & Epidemiology,Deep Learning,"Brokowski, Trevor | Barbiere, Mattia Nino | Suttels, Véronique | Onofrey, John A. | Hartley, Mary-Anne","Tuberculosis (TB) remains the leading cause of death from an infectious agent, disproportionately affecting low-resource settings where diagnostic infrastructure is limited. Point-of-care lung ultrasound (POCUS) offers a portable, affordable modality for TB screening, but clinical diagnosis requires integrating heterogeneous evidence across multiple lung zones into a single patient-level decision, a challenge not addressed by existing single-video AI systems. We propose Hierarchical Multi-Video Multiple Instance Learning (HMV-MIL), enabling patient-level TB detection directly from routine multi-video ultrasound acquisitions under weak supervision. HMV-MIL aggregates diagnostically informative information within and across videos to produce clinically meaningful patient-level predictions, while auxiliary pathology supervision aligns learned features with recognizable pulmonary findings. On a prospective cohort of 504 patients acquired under a 14-site POCUS protocol, HMV-MIL achieves 0.89 AUC, 0.82 sensitivity, and 0.75 specificity, outperforming conventional spatiotemporal baselines by 0.15–0.35 AUC and approaching WHO triage performance targets. These results demonstrate the feasibility of automated TB triage using frontline-acquired ultrasound data, supporting decentralized diagnostic assessment in settings where conventional testing remains inaccessible.",ok,
High-Frequency Guided Feature Refinement for Semi-supervised Ultrasound Image Segmentation,https://papers.miccai.org/miccai-2026/0469-Paper3581.html,https://papers.miccai.org/miccai-2026/paper/3581_paper.pdf,https://github.com/wxmadm/HG-SemiSeg,segmentation,Breast; Fetal / Pediatric; Vasculature,Computer-Aided Diagnosis; Image Segmentation,Deep Learning; Foundation Models; Semi- / Weakly- / Self-supervised Learning,"Wu, Xiaming | Cao, Jiezhang | Long, Xin | Rodd, Bardia | Liang, Yonggang | Xu, Guoping","Semi-supervised segmentation faces an inherent trade-off between high-level semantic localization and precise boundary delineation due to limited annotated data, which is particularly severe in ultrasound imaging where strong speckle noise and low tissue contrast further degrade representation quality. While Vision Foundation Models (VFMs) such as DINOv3 provide robust global representations, their highly abstracted features tend to suppress fine-grained spatial details, resulting in suboptimal pseudo-label quality in semi-supervised settings. To address this limitation, we propose HG-SemiSeg, a high-frequency–guided feature refinement framework that improves pseudo-label reliability by explicitly enhancing boundary-sensitive information during upsampling. Specifically, we introduce a High-Frequency Component Enhancement (HFCE) module that adaptively selects informative high-frequency components in the frequency domain to provide structural guidance for feature refinement. Built upon a frozen DINOv3 backbone and the feature-agnostic upsampling module AnyUp, HG-SemiSeg leverages the enhanced high-frequency cues produced by HFCE to facilitate spatial detail recovery. This design restores attenuated edge and texture information, thereby improving representational fidelity and pseudo-label quality. Extensive experiments demonstrate that HG-SemiSeg consistently outperforms state-of-the-art semi-supervised segmentation methods. In particular, using only 1% labeled data, HG-SemiSeg achieves average Dice Similarity Coefficient (DSC) improvements of +1.68%, +2.05%, and +1.50% over UniMatch on the CCAUI, BUS-BRA, and PSFHS ultrasound datasets, respectively, while significantly reducing boundary errors. These results validate the effectiveness of high-frequency feature enhancement during upsampling for semi-supervised ultrasound image segmentation. Codes are available at https://github.com/wxmadm/HG-SemiSeg",ok,
HypOProto: Hyperbolic Ordinal Prototypes for Left Ventricular Filling Pressure Classification,https://papers.miccai.org/miccai-2026/0483-Paper5916.html,https://papers.miccai.org/miccai-2026/paper/5916_paper.pdf,https://github.com/DeepRCL/HypOProto,classification,Cardiac,Computer-Aided Diagnosis,Deep Learning; Interpretability / Explainability,"Wu, Victoria | Hashemi, Nima | Vaseli, Hooman | Luong, Christina | Abolmaesumi, Purang | Tsang, Teresa S. M.","Echocardiography (echo) is a widely used imaging modality for assessing cardiac function, with Left Ventricular Filling Pressure (LVFP) serving as a critical physiological marker for conditions such as heart failure. Standard LVFP classification into normal vs elevated categories relies on the Doppler-derived E/e’ ratio, which is operator-dependent and often unavailable in resource-limited settings, motivating methods that infer LVFP directly from B-mode echo. Existing deep learning approaches achieve high performance but remain largely black-box, limiting clinical interpretability. We propose HypOProto, a hyperbolic, ordinal prototype-based framework for interpretable LVFP classification using a frozen, explainable foundation model backbone. HypOProto arranges prototypes along the physiological E/e’ scale, placing borderline cases near the hyperboloid root where small angular differences separate similar cases, while normal and elevated cases occupy outward positions reflecting increasing diagnostic certainty. This hyperbolic geometry encodes clinically meaningful ordinal relationships and improves interpretability. We also introduce a novel Hyperbolic Prototype Angular Separation (HyperPAS) loss, enforcing inter-class prototype separation in hyperbolic space. HypOProto achieves SOTA performance while maintaining transparency, and highlights clinically relevant regions in visualizations. This work represents the first prototype-based framework for LVFP classification in echo. Our code can be found at https://github.com/DeepRCL/HypOProto.",ok,
InSPIRE: Multiparameter Inversion for Ultrasound Computed Tomography via Sequential Position-Based Implicit Representation,https://papers.miccai.org/miccai-2026/0499-Paper1332.html,https://papers.miccai.org/miccai-2026/paper/1332_paper.pdf,,reconstruction,Breast,Computer-Aided Diagnosis,Semi- / Weakly- / Self-supervised Learning,"Zeng, Xiaolu | Yan, Weicheng | Liu, Zhaohui | Wu, Yun | Tan, Hongrui | Qiu, Wu | Yuchi, Ming","Simultaneous reconstruction of sound speed and acoustic impedance in Ultrasound Computed Tomography (USCT) is essential for quantitative tissue characterization but remains a severely ill-posed inverse problem. Conventional Full Waveform Inversion (FWI) methods often suffer from cycle-skipping and parameter crosstalk due to non-convex optimization landscapes and limited low-frequency data. We propose InSPIRE, a framework for robust, unsupervised multiparameter inversion via sequential position-based implicit representations. Unlike discrete pixel-based approaches, we parameterize physical properties as continuous spatial functions using implicit neural representations. We construct a geometry-aware positional encoding with radially modulated Fourier features, imposing spatially adaptive spectral bias to resolve high-frequency details in the central imaging region where ring-array illumination is restricted. To disentangle parameter crosstalk, we introduce a dual-branch architecture with frequency-adaptive coordinate attention that dynamically adjusts feature importance across frequency stages, enabling independent reconstruction of sound speed and acoustic impedance. We devise a frequency-progressive sequential optimization strategy stabilizing convergence by updating the reference state with implicit noise regularization during bandwidth transitions. Extensive validation on synthetic phantoms and in vivo breast data demonstrates that InSPIRE outperforms conventional multi-scale FWI, yielding high-fidelity parametric maps with minimized crosstalk, superior convergence, and enhanced reconstruction quality.",ok,
Interaction-Aware Contrastive Multi-task Learning for Joint Segmentation and Malignancy Classification in Thyroid Ultrasound,https://papers.miccai.org/miccai-2026/0501-Paper6427.html,https://papers.miccai.org/miccai-2026/paper/6427_paper.pdf,,classification&segmentation,Head & Neck,Computer-Aided Diagnosis; Image Segmentation,Deep Learning; Interpretability / Explainability,"Lin, Chaochao | Boumaraf, Said | Liu, Xiabi | Liu, Qianglin | Niu, Lijuan | Werghi, Naoufel","Ultrasound-based thyroid malignancy assessment requires both accurate nodule delineation and discriminative diagnosis. Joint segmentation and classification is therefore a promising solution to reduce error propagation and improve diagnostic consistency. However, existing joint pipelines often couple tasks mainly through shared parameters or prediction-level cues, providing limited feature-level interaction between branches. This weak coupling can lead to attention-boundary mismatch and poorly aligned cross-task representations. We propose IC-MTL, an interaction-aware contrastive multi-task framework that explicitly models bidirectional cross-task interaction and introduces supervised contrastive regularization on the post-interaction representations to jointly encourage lesion-aligned attention and class-separable diagnostic features. IC-MTL is evaluated on the public DDTI benchmark and a real-world clinical dataset. Across both datasets, IC-MTL improves performance over staged baselines and recent state-of-the-art joint models. Qualitative analyses further indicate improved lesion-aligned attention and more separable representations, supporting more reliable clinical risk stratification.",ok,
Interpretable Probabilistic Medical Image Segmentation via Gaussian Process with Explicit Modelling of Annotation Bias and Variability,https://papers.miccai.org/miccai-2026/0506-Paper2379.html,https://papers.miccai.org/miccai-2026/paper/2379_paper.pdf,https://github.com/QiLi111/GPS-Var,classification&segmentation,Pelvis / Reproductive System,Image Segmentation,Deep Learning; Interpretability / Explainability; Uncertainty Quantification,"Li, Qi | Huang, Yuliang | Saeed, Shaheer U. | Yang, Qianye | Stavrinides, Vasilis | Baum, Zachary M. C. | Barratt, Dean C. | Noble, J. Alison | Vercauteren, Tom | Hu, Yipeng","Deep learning-based medical image segmentation models are trained using annotations that exhibit systematic bias and variability across raters. While probabilistic multi-rater approaches can emulate annotator-specific delineations, annotator characteristics are typically encoded implicitly in deep latent feature space, making direct analysis of their influence on predictive distributions less straightforward. We propose a logit-space probabilistic segmentation framework based on stochastic variational Gaussian Process that explicitly decomposes predictions into an image-dependent reference logit distribution and annotator specific perturbations parameterised by bias and variance. This formulation enables more explicit analysis on how intra- and inter-rater variability propagate to predictive distributions. We evaluate the method on a multi-annotator medical image dataset, which shows that explicitly modelling annotator specific perturbations improves uncertainty calibration while maintaining comparable segmentation accuracy, compared with state-of-the-art multi-rater probabilistic segmentation method. The learned bias and variance parameters quantitatively reflect annotator-specific behaviour. Furthermore, controlled perturbation experiments over bias and variance demonstrate how changes in annotator parameters systematically influence predictive performance. The code used in this paper is made publicly available at https://github.com/QiLi111/GPS-Var.",ok,
Latent Motion Spectral Regularity for Congenital Heart Defect Screening in Fetal Echocardiography,https://papers.miccai.org/miccai-2026/0548-Paper0959.html,https://papers.miccai.org/miccai-2026/paper/0959_paper.pdf,,reconstruction,Cardiac; Fetal / Pediatric,Anomaly / Lesion Detection; Image Reconstruction; Image Registration,Deep Learning,"Yang, Yingyu | Yang, Qianye | Peng, Can | Salovic, Bojana | D’Alberti, Elena | Carvalho, Julene | Patey, Olga | Papageorghiou, Aris T. | Noble, J. Alison","Congenital heart defects (CHD) are a leading cause of fetal morbidity and mortality. Early prenatal detection using ultrasound can inform delivery management and postnatal intervention planning. Automated CHD screening from fetal ultrasound can support clinicians, particularly in settings with limited specialist resources. In this work, we propose an anomaly detection framework for CHD screening from four-chamber view (4CV) fetal echocardiography videos, one of the most widely acquired fetal cardiac views. Our method learns a motion representation from normal videos, yielding a one-dimensional latent motion trajectory over time. In normal hearts, this trajectory evolves smoothly and quasi-periodically across the cardiac cycle. In CHD, deviations from normal dynamics introduce increased high-frequency fluctuations. We capture this phenomenon using a cycle-adaptive spectral regularity score, defined as the ratio of high-frequency power to total power within sliding windows spanning a fixed number of cardiac cycles and robustly aggregated over videos of arbitrary length. Evaluated on one in-centre test set and two external-centre cohorts, the proposed framework outperforms reconstruction-based and latent-distance anomaly baselines, demonstrating improved effectiveness and generalizability across sites and across a range of critical CHD conditions. On the in-centre test set, our method achieves performance comparable to clinical expert readers, highlighting its potential to support fetal CHD screening.",ok,
Latent-CURE: Interpretable Breast Cancer Diagnosis via Dual-Asymmetric Chain-of-Thought,https://papers.miccai.org/miccai-2026/0550-Paper0748.html,https://papers.miccai.org/miccai-2026/paper/0748_paper.pdf,,classification,Breast,Computer-Aided Diagnosis,Interpretability / Explainability,"Zhao, Weiyi | Tan, Xiaoyu | Gan, Lu | Liu, Liang | Qiu, Xihe","Multimodal Large Models have significantly advanced automated breast ultrasound diagnosis. However, most existing frameworks utilize opaque, end-to-end paradigms prioritizing global statistical correlations over structured clinical reasoning. Consequently, these models remain susceptible to shortcut learning amid extreme real-world epidemiological imbalances, often bypassing rare but decisive malignant indicators for dominant benign patterns. To address this disconnect, we propose Latent-CURE, a novel diagnostic framework driven by asymmetric weighted chain-of-thought methodology grounded in latent space reasoning. Unlike traditional approaches, our framework constructs an implicit reasoning trajectory forcing the model to sequentially infer standardized BI-RADS morphological descriptors before converging on a final diagnosis. Furthermore, to combat the extreme scarcity of critical malignant features, we couple this architecture with a dual-asymmetric optimization strategy. By dynamically adjusting margins and weights, this strategy safeguards high-specificity malignant descriptors from being overshadowed by common benign priors. Comprehensive evaluations demonstrate that our knowledge-injected approach provides transparent clinical evidence while achieving robust, accurate diagnostic performance in imbalanced medical cohorts.",ok,
Learning Where to Look: A Reinforcement Learning Framework for Robust Micro-ultrasound Prostate Cancer Detection,https://papers.miccai.org/miccai-2026/0577-Paper6168.html,https://papers.miccai.org/miccai-2026/paper/6168_paper.pdf,https://github.com/DeepRCL/Prost-RL,image synthesis,Pelvis / Reproductive System,Image-Guided Interventions; Multimodal Integration with Clinical / Genomic / Biomarkers,Interpretability / Explainability; Reinforcement Learning / Control / Decision-Making; Semi- / Weakly- / Self-supervised Learning,"Abootorabi, Mohammad Mahdi | Namazi, Sina | Saadat, Armin | Wang, Lyuyang | Dzikunu, Obed K. | Wilson, Paul F. R. | Guo, Zhuoxin | Wodlinger, Brian | Mousavi, Parvin | Abolmaesumi, Purang","Micro-ultrasound (μUS) is a new, emerging, and promising imaging modality for prostate cancer (PCa) detection, but accurate identification of suspicious tissue remains highly dependent on clinical experience, leading to substantial inter-observer variability. Machine-learning assistance can reduce this variability; however, training reliable deep models is challenging because supervision is sparse and noisy—typically limited to core-level histopathology outcomes (e.g., cancer grade and its percentage in a biopsy core) without pixel-level lesion annotations and under severe class imbalance. We introduce Prost-RL, which reframes μUS PCa detection as a spatially aware, policy-driven inference problem by learning where to look before decoding. Prost-RL integrates a lightweight reinforcement-learning policy into a foundation-model encoder–decoder to generate interpretable spatial attention maps that act as soft prompts for both cancer-likelihood heatmap prediction and image-level classification. We further propose Adaptive Policy Optimization (APO) to stabilize hybrid supervised–RL training and a noise-robust objective combining symmetric cross-entropy with negative-entropy regularization to mitigate weak-label noise and encourage sharp localization. On a cohort of 6,607 biopsy cores from 693 patients across five clinical sites, Prost-RL achieves 79.0 ± 3.5 AUROC with 64.6 ± 6.3% sensitivity at 80% specificity for core-level detection (+2.1 AUROC and +4.5 sensitivity points over the strongest baseline), and 79.3 ± 5.8 AUROC for clinically significant cancer classification. The learned policy highlights biopsy-aligned regions, providing transparent, spatially grounded evidence alongside quantitative risk predictions. Code is available at: https://github.com/DeepRCL/Prost-RL.",ok,
Low-Rank-Modulated Functa: Exploring the Latent Space of Implicit Neural Representations for Interpretable Ultrasound Video Analysis,https://papers.miccai.org/miccai-2026/0599-Paper1186.html,https://papers.miccai.org/miccai-2026/paper/1186_paper.pdf,https://github.com/JuliaWolleb/LRM_Functa,classification,Cardiac; Lung / Thoracic,Computer-Aided Diagnosis; Image Reconstruction; Other,Deep Learning; Other; Semi- / Weakly- / Self-supervised Learning,"Wolleb, Julia | Baloescu, Cristiana | Durrer, Alicia | Tagare, Hemant D. | Papademetris, Xenophon","Implicit neural representations (INRs) have emerged as a powerful framework for continuous image representation learning. In Functa-based approaches, each image is encoded as a latent modulation vector that conditions a shared INR, enabling strong reconstruction performance. However, the structure and interpretability of the corresponding latent spaces remain largely unexplored. In this work, we investigate the latent space of Functa-based models for ultrasound videos and propose Low-Rank-Modulated Functa (LRM-Functa), a novel architecture that enforces a low-rank adaptation of modulation vectors in the time-resolved latent space. When applied to cardiac ultrasound, the resulting latent space exhibits clearly structured periodic trajectories, facilitating visualization and interpretability of temporal patterns. The latent space can be traversed to sample novel frames, revealing smooth transitions along the cardiac cycle, and enabling direct readout of end-diastolic (ED) and end-systolic (ES) frames without additional model training. We show that LRM-Functa outperforms prior methods in unsupervised ED and ES frame detection, while compressing each video frame to as low as rank k=2 without sacrificing competitive downstream performance on ejection fraction prediction. Evaluations on out-of-distribution frame selection in a cardiac point-of-care dataset, as well as on lung ultrasound for B-line classification, demonstrate the generalizability of our approach. Overall, LRM-Functa provides a compact, interpretable, and generalizable framework for ultrasound video analysis. The code is available at https://github.com/JuliaWolleb/LRM_Functa.",ok,
Mamba Based Anisotropic Diffusion Model for Speckle Noise Reduction in Ultrasound Images,https://papers.miccai.org/miccai-2026/0609-Paper5381.html,https://papers.miccai.org/miccai-2026/paper/5381_paper.pdf,https://github.com/duypham01/Mamba-Diff-US,image synthesis,Breast; Lung / Thoracic,Image Reconstruction,Deep Learning,"Pham, Nhat Duy | Luong, Marie | Kaaniche, Mounir | Trinh, Dinh Hoan","Ultrasound imaging is widely used in clinical practice but is strongly affected by speckle noise, a signal-dependent pattern that blurs anatomical details and reduces diagnostic quality. Classical PDE-based despeckling methods provide interpretable solutions but rely on manually designed diffusion functions and parameter tuning, limiting adaptivity. In contrast, deep learning models achieve strong restoration performance but often lack interpretability and disregard the underlying PDE dynamics. In this paper, we propose a model-guided hybrid framework inspired by a recent hyperbolic–parabolic PDE scheme. Instead of analytically defining the diffusion function and solving an auxiliary equation, we approximate its key components using neural networks and learn the entire diffusion function in a data-driven manner. The diffusion evolution is reformulated as a learnable dynamical system, where a Mamba-based state space model, with high flexibility and efficiency in capturing complex and non-linear denoising dynamics, approximates the diffusion function and updates its components at each iteration. This allows the diffusion to adapt to local intensity and edge information while preserving the primary PDE structure. Extensive experiments on BUSI and AULI datasets show consistent improvements over classical diffusion methods and recent deep models in terms of PSNR, SSIM and PieAPP, effectively bridging model-based interpretability with data-driven flexibility for ultrasound despeckling. The source code is available at: https://github.com/duypham01/Mamba-Diff-US.",ok,
Motion-Conditioned Multi-view Fusion for Myocardial Infarction Localization from Echocardiography,https://papers.miccai.org/miccai-2026/0670-Paper3435.html,https://papers.miccai.org/miccai-2026/paper/3435_paper.pdf,https://github.com/GYang1619/MCF-Net-MICCAI2026,classification&segmentation,Cardiac,Computational Anatomy & Physiology; Computer-Aided Diagnosis,Deep Learning; Other,"Yang, Guang | Xu, Wentian | Wang, Siyu | Raman, Betty | Li, Lei | Grau, Vicente","Myocardial infarction (MI) remains a leading cause of mortality worldwide. Echocardiography (Echo) is a widely available modality for MI assessment, where regional wall motion abnormality is a key indicator. Prior learning based methods for myocardial motion analysis often use handcrafted descriptors or densely supervised estimation, but the need for extensive annotation limits applicability. Foundation models have recently improved vision-based Echo analysis; however, most methods operate on single views and segment-level localization remains unreliable under view-dependent ambiguity, especially in apical views. To address this, we propose MCF-Net, a novel motion-guided multi-view fusion framework that fuses myocardial motion cues with foundation model representations to localize infarction. Visual features are extracted using EchoPrime, a pretrained Echo foundation model shared across dual views. Cardiac motion is modeled with extremely sparse supervision: a single annotated template frame is transferred across videos to initialize point tracking, avoiding dense labels. Motion-derived segment-aware soft masks provide coarse spatial priors that selectively enhance features for challenging myocardial segments. A motion-conditioned fusion mechanism then integrates motion and vision across views, refining predictions without overriding strong appearance cues. On segment-level MI localization, MCF-Net achieves 72.4% F1 and 84.9% accuracy, outperforming state-of-the-art motion-only, vision-only, and fusion baselines. Code is available at https://github.com/GYang1619/MCF-Net-MICCAI2026.",ok,
MSQG-3DNet: Multi-scale Token Selection with Query-Decoder and Gated Fusion for 3D Breast Tumor Classification,https://papers.miccai.org/miccai-2026/0677-Paper2113.html,https://papers.miccai.org/miccai-2026/paper/2113_paper.pdf,https://github.com/Ferry-Rain-Way/MSQG-3DNet,classification,Breast,Computer-Aided Diagnosis,Deep Learning,"Liu, Zefeng | Duan, Yaofei | Yang, Zhikai | Xu, Xiaojing | Gao, Jie | Huang, Jiaju | Sun, Yue | Yang, Kaiwen | Bao, Lingyun | Tan, Tao","Benign–malignant classification in automated breast ultrasound (ABUS) is challenging due to heterogeneous voxel spacing, anisotropic artifacts, and weakly localized malignancy cues distributed across 3D volumes. We propose MSQG-3DNet, a standardized-lattice CNN–Transformer hybrid for lesion-level ROI-based 3D ABUS classification, coupling multi-scale volumetric representation learning with query-guided global evidence aggregation. To reduce inter-case intensity and input-size variability, lesion-centered ROI volumes are intensity-normalized and standardized to a fixed 48 × 48 × 48 lattice. The network employs an SE-enhanced dilated 3D residual encoder to capture multi-scale morphology, followed by dual-scale tokenization with hybrid 3D positional encoding, including coordinate-based encoding, sinusoidal encoding, and scale embedding, to preserve spatial and scale awareness under lattice standardization. LayerScale-stabilized Transformer blocks model long-range dependencies, and a lightweight cross-attention Query-Decoder extracts task-relevant evidence. Finally, a gated fusion integrates complementary global descriptors for malignancy prediction. On an in-house ABUS dataset (8,627 training and 859 test volumes), MSQG-3DNet achieves a test AUC of 96.23%. External evaluation on the public TDSC-ABUS benchmark yields the highest threshold-independent AUC of 71.55% among compared methods, indicating improved benign–malignant discrimination under domain shift, while highlighting the need for operating threshold calibration in clinical use. Code available at: https://github.com/Ferry-Rain-Way/MSQG-3DNet.",ok,
Multi-Kernel Gated Decoder Adapters for Robust Multi-Task Thyroid Ultrasound under Cross-Center Shift,https://papers.miccai.org/miccai-2026/0687-Paper4058.html,https://papers.miccai.org/miccai-2026/paper/4058_paper.pdf,https://github.com/MaziarSabouri/MKGA,classification&segmentation,Head & Neck,Anomaly / Lesion Detection; Computer-Aided Diagnosis; Image Segmentation,Deep Learning,"Sabouri, Maziar | Bayasi, Nourhan | Rahmim, Arman","Thyroid ultrasound (US) automation couples two competing requirements: global, geometry-driven reasoning for nodule delineation and local, texture-driven reasoning for malignancy risk assessment. Under cross-center domain shift, these cues degrade asymmetrically, yet most multi-task pipelines rely on a single shared backbone, often inducing negative transfer. In this paper, we characterize this interference across CNN (ResNet34) and medical ViT (MedSAM) backbones, and observe a consistent trend: ViTs transfer geometric priors that benefit segmentation, whereas CNNs more reliably preserve texture cues for malignancy discrimination under strong shift and artifacts. Motivated by this failure mode, we propose a lightweight family of decoder-side adapters, the Multi-Kernel Gated Adapter (MKGA) and a residual variant (ResMKGA), which refine multi-scale skip features using complementary receptive fields and apply semantic, context-conditioned gating to suppress artifact-prone content before fusion. Across two US benchmarks, the proposed adapters improve cross-center robustness: they boost out-of-domain segmentation and, in the CNN setting, yield clear gains in clinical TI-RADS diagnostic accuracy compared to standard multi-task baselines. Source code: https://github.com/MaziarSabouri/MKGA.git",ok,
Multi-view Consistency-Based Adaptation of SAM2 for 3D ABUS Tumor Segmentation,https://papers.miccai.org/miccai-2026/0698-Paper1627.html,https://papers.miccai.org/miccai-2026/paper/1627_paper.pdf,,segmentation,Breast,Anomaly / Lesion Detection; Image Segmentation,Semi- / Weakly- / Self-supervised Learning,"Kim, Soopil | Lee, Dongmin | Jang, Jiwon | Arsalane, Wafa | Kim, Daekyung | Lee, Junhyeok | Lee, KyoungJoon | Park, Sang Hyun","3D Automated Breast Ultrasound (ABUS) is an effective imaging modality for breast cancer detection. However, tumor segmentation within this modality remains challenging due to the diversity of tumor characteristics. While foundation models (e.g. SAM and SAM2) offer a generalizable approach, their performance degrades in medical imaging due to domain gaps. Several SAM adaptation methods have been proposed to mitigate this issue, but they rely on costly pixel-level annotations and struggle to adapt to unseen medical domains such as 3D ABUS with limited labeled data. To this end, we propose a label-efficient adaptation of SAM2 using point annotations, significantly reducing the need for full pixel-level labels. Given a point label, SAM2 can perform 3D segmentation from 2D images sliced from the 3D volume along three orthogonal axes. Since the slices from different axes exhibit distinct characteristics, which are complementary to each other, we introduce multi-axis consistency regularization. By employing pseudo labels predicted from the other axes, the model is trained to learn complementary information, thereby improving accuracy even with less labeled data. We evaluate our method on two different datasets and ours trained with point labels outperforms existing methods trained with a large amount of full labels.",ok,
MUX-USCT: A Noise-Robust Neural Network for Ultrasound Computed Tomography,https://papers.miccai.org/miccai-2026/0701-Paper5332.html,https://papers.miccai.org/miccai-2026/paper/5332_paper.pdf,https://github.com/TheYuchen/mux-usct-miccai2026,reconstruction,Pelvis / Reproductive System,Image Reconstruction,Deep Learning; Fairness / Safety / Reliability; Interpretability / Explainability,"Yuan, Yuchen | Wu, Hanhan | Li, Jinyang | Wang, Hanchen | Wu, Yixuan | Lin, Youzuo | Yang, Lei","Deep neural networks (DNNs) have shown strong potential for ultrasound computed tomography (USCT) reconstruction in ideal noise-free environments, yet existing DNNs are vulnerable to the noisy conditions in clinical practice, as they equally treat inputs that suffer mild, moderate, or severe noise. More challenging, the distributions of noise shift along with the environment, indicating the less effectiveness of noise-aware training, which injects a specific noise distribution into the training data. We rethink these challenges and observe that the DNN models can become more robust to noise if we know the noise sources and filter them out. This filtering operation is very alike the Multiplexers (or MUX), a fundamental combinational circuit in digital logic design. However, the challenge here is that noise can happen randomly during inference; as a result, the manually predefined MUX cannot work. To ad- dress these challenges, we propose MUX-USCT, a novel encoder-decoder DNN architecture that encodes the known acoustic acquisition geometry with an “adaptive MUX” that can automatically identify and filter noise, where the attention mechanism is applied in reconstructing the speed-of- sound map. On the OpenPros benchmark, MUX-USCT reaches 6.88 m/s MAE with 17% fewer parameters than the leading baseline with 7.65 m/s of MAE. Under simulated clinical noise, it remains stable across diverse degradation types that cause geometry-agnostic baselines to fail. Results show that the attention distributions in MUX-USCT reveal patterns that shift in response to transducer signal degradation.",ok,
Oculo: A Multilabel Dataset for the Identification of Ocular Abnormalities from Ultrasound Images,https://papers.miccai.org/miccai-2026/0723-Paper3020.html,https://papers.miccai.org/miccai-2026/paper/3020_paper.pdf,https://github.com/Sri-Kanchi-Kamakoti-Medical-Trust/Oculo,dataset/benchmark,Eye,Computer-Aided Diagnosis,Evaluation / Benchmarking / Reproducibility,"Kumari, Sneha | Shah, Payal | Ganatra, Vaibhav | Mahesh, Meenakshi | Jain, Mohit","Ocular ultrasound is a critical imaging modality for assessing vitreoretinal pathologies, such as retinal detachment, vitreous hemorrhage, and intraocular tumors. However, interpretation requires specialized expertise and exhibits substantial inter-rater variability, limiting access in resource-constrained settings. Although prior studies have applied deep learning (DL) to ocular ultrasound analysis, progress has been constrained by the lack of public datasets and standardized benchmarks. In this work, we introduce Oculo, a publicly available multi-label dataset comprising 1,630 B-scan images from 1,242 patients, annotated for five ophthalmic abnormalities. We systematically benchmark the performance of four DL backbones and three domain-specific foundation models, across two task settings and three training strategies. We find that EfficientNet-B0 with full-finetuning achieves the best mean performance (F1 = 0.77) across pathology labels. Oculo provides a foundation for standardized evaluation and future methodological advances in automated ocular ultrasound analysis.",ok,
Organ-Invariant Tumor Representation Learning via Disentangled Adversarial MAE for Multi-organ Ultrasound Imaging,https://papers.miccai.org/miccai-2026/0744-Paper2499.html,https://papers.miccai.org/miccai-2026/paper/2499_paper.pdf,https://github.com/yXiangXiong/DA-MAE,classification&segmentation,Breast; Whole-body / Multi-organ / Other,Computer-Aided Diagnosis; Image Segmentation,Deep Learning; Semi- / Weakly- / Self-supervised Learning,"Xiong, Xiangyu | Jia, Dengqiang | Sun, Yue | Yang, Hao | Huang, Jiaju | Zhang, Zhuoneng | Tan, Tao","In multi-organ ultrasound (US) imaging, data variability is substantial due to heterogeneous organ-specific imaging characteristics and the presence of diverse tumor types. Existing masked autoencoder (MAE) approaches struggle to disentangle tumor-related features from organ-dependent variations and do not exploit textual priors about organs, thereby limiting their capacity to learn organ-invariant tumor representations. To address these challenges, we propose a novel disentangled adversarial masked autoencoder (DA-MAE), which partitions the encoder into distinct tumor and organ branches to capture complementary information. An organ-invariant adversarial training strategy is employed to suppress organ-specific information within the tumor branch, promoting organ-invariant tumor modeling. In parallel, text prompts provide organ-level priors that implicitly guide the decoder to reconstruct the input image, facilitating more accurate learning of organ-specific representations in the organ branch. Evaluated on five-organ US benchmarks, our method achieves superior performance in downstream classification with an AUC ranging from 78.12% to 99.97% and segmentation with a Dice ranging from 69.38% to 86.12%. Compared to the current best-performing MAE-based method, our method consistently improves classification AUC by 0.17–1.93% and segmentation Dice by 0.58–1.51%. Our method validates the effectiveness of disentangled representation learning with adversarial and text-guided strategies for accurate tumor analysis in multi-organ US imaging scenarios. The source code will be made publicly available via GitHub upon acceptance.",ok,
OSCAR: Occupancy-Based Shape Completion via Acoustic Neural Implicit Representations,https://papers.miccai.org/miccai-2026/0747-Paper2736.html,https://papers.miccai.org/miccai-2026/paper/2736_paper.pdf,https://github.com/magdalena-wysocki/Oscar,reconstruction,Spine,Digital Twins / Simulation / Synthetic Data,Deep Learning,"Wysocki, Magdalena | Buldu, Kadir Burak | Gafencu, Miruna-Alexandra | Killeen, Benjamin D. | Azampour, Mohammad F. | Navab, Nassir","Accurate 3D reconstruction of vertebral anatomy from ul- trasound is important for guiding minimally invasive spine interven- tions, but it remains challenging due to acoustic shadowing and view- dependent signal variations. We propose an occupancy-based shape com- pletion method that reconstructs complete 3D anatomical geometry from partial ultrasound observations. Crucially for intra-operative applica- tions, our approach extracts the anatomical surface directly from the image, avoiding the need for anatomical labels during inference. This label-free completion relies on a coupled latent space representing both the image appearance and the underlying anatomical shape. By lever- aging a Neural Implicit Representation (NIR) that jointly models both spatial occupancy and acoustic interactions, the method uses acoustic parameters to become implicitly aware of the unseen regions without explicit shadowing labels through tracking acoustic signal transmission. We show that this method outperforms state-of-the-art shape completion for B-mode ultrasound by 80% in HD95 score. We validate our approach both in silico and on phantom US images with registered mesh mod- els from CT labels, demonstrating accurate reconstruction of occluded anatomy and robust generalization across diverse imaging conditions. Code and data will be released on publication.",ok,
PANet: Probability-Anchored Network for Ultrasound Bone Segmentation,https://papers.miccai.org/miccai-2026/0755-Paper1654.html,https://papers.miccai.org/miccai-2026/paper/1654_paper.pdf,https://github.com/lihaowei1999/PANet-Probability-Anchored-Network-for-Ultrasound-Bone-Segmentation.git,classification&segmentation,Musculoskeletal / Orthopedic,Image Segmentation,Deep Learning,"Yan, Wenqing | Li, Haowei | Ding, Hui | Zhao, Zhe | Wang, Guangzhi","Ultrasound bone surface segmentation is a critical prerequisite for orthopedic applications such as quantitative analysis and intraoperative navigation. However, reliable segmentation remains challenging due to ambiguous bone boundaries, strong appearance variability, and interference from bone-like soft tissues, often resulting in unstable predictions in complex clinical scenarios. Existing approaches often rely on network designs tailored to specific ultrasound physical priors, which may limit their adaptability across different imaging conditions. In this work, we propose a Probability-Anchored Network (PANet) for robust ultrasound bone segmentation. Built upon a U-Net backbone, PANet explicitly introduces a probability space as an intermediate representation between image features and segmentation results, enabling controllable activation, discrimination, and refinement of bone boundaries. Specifically, global linear bias, local probability exchange, and global attention mechanisms are jointly employed to enhance bone-related responses while suppressing globally inconsistent false positives. Moreover, a unified segmentation head provides globally consistent supervision across all network stages, enabling probability-aligned learning and segmentation-guided attention. Experiments on freehand-scanned long-bone ultrasound datasets demonstrate that PANet achieves more accurate and stable segmentation performance compared with state-of-the-art methods.",ok,
Peeling an Onion: Layer-Wise Doppler-Backprojected Ultrasound Microvascular Vector Flow Imaging,https://papers.miccai.org/miccai-2026/0765-Paper0989.html,https://papers.miccai.org/miccai-2026/paper/0989_paper.pdf,,other,Vasculature,Image Reconstruction,,"Fei, Zetao | Ye, Chuling | Wang, Liansheng | Chen, Yinran","Ultrasound microvascular vector flow imaging (VFI) is essential for analyzing microvascular hemodynamics. Existing methods typically utilize angular-wise Doppler velocities combined with the least-squares (LS) optimization to estimate the vector flow field. However, the effectiveness of LS-VFI is limited due to the intrinsic instability of LS in multi-angle ultrafast beamforming. Motivated by the characteristics of microvasculature, this paper summarizes two fundamental assumptions for microvascular blood flow and proposes a novel method for microvascular vector flow imaging. Our method leverages the morphological features and angular-wise Doppler velocities to estimate the direction vector field. Then our method recovers the microvascular vector flow field by backprojecting the Doppler velocities onto the direction vector field. Particularly, the estimation of the direction vector field employs a layer-wise peeling on the microvascular networks, like peeling an onion. The backprojection is realized via a weighted global optimization. Extensive 2D and 3D experiments demonstrate that our method resolves the vector flow fields that better align with the microvascular networks compared to LS-VFI. Notably, our method achieves improvements in flow rates of approximately 3.2% to 38.4% in the Doppler phantom experiments.",ok,
Physio-Anatomical Prior-Guided Probabilistic Field Learning for Ultrasound-Based Neuro-Fascial Interface Landmark Localization,https://papers.miccai.org/miccai-2026/0781-Paper1526.html,https://papers.miccai.org/miccai-2026/paper/1526_paper.pdf,,detection/localization,Whole-body / Multi-organ / Other,Image-Guided Interventions; Visualization in Biomedical Imaging,Other,"Dai, Guowei | Dai, Duwei | Zhang, Yi | Ji, Yulong | Chen, Hu","Accurate localization of acupoints in ultrasound imaging is critical for safe and effective acupuncture, yet remains challenging due to low tissue contrast, speckle noise, and significant inter-subject anatomical variability. Existing methods often rely on implicit texture learning or rigid landmark detection, failing to account for the depth-dependent physiological nature of the Deqi response. To address these limitations, we propose the Physio-Anatomical Probability Field Network (PAPF-Net), a novel framework that shifts from deterministic point regression to uncertainty-aware distribution modeling. The core technical contribution lies in synergizing two complementary mechanisms. To address anatomical heterogeneity, the Category-Conditional Anatomical Prototype (CCAP) module explicitly incorporates site-specific priors by deforming learnable templates to conform to individual anatomical geometries. Concurrently, to mitigate acoustic ambiguity, the Uncertainty-Aware Decoder transitions from deterministic regression to probabilistic modeling, capturing signal attenuation in deep tissues through distribution-aware Sinkhorn supervision. Validated across a large multi-center cohort, our approach surpasses current standards in both accuracy and robustness. Its focus on neuro-fascial interfaces ensures physiological plausibility, offering an interpretable, standardized basis for ultrasound-guided acupuncture.",ok,
Plane-Wise Retrieval Memory and Structural Evidence Fusion for Tetralogy of Fallot Video Diagnosis,https://papers.miccai.org/miccai-2026/0795-Paper2220.html,https://papers.miccai.org/miccai-2026/paper/2220_paper.pdf,,VLM,Cardiac,Computer-Aided Diagnosis,Domain Adaptation / Harmonization; Multimodal Models / LLMs / VLMs,"Lv, Xingguo | Xu, Kai | Liang, Bocheng | Qiu, Zilang | Wu, Jintao | Zhao, Lei | He, Guannan | Huang, Chaoning | Liang, Yuanhao | Liang, Pengchen | Pu, Bin | Li, Kenli","Fetal echocardiography screening videos are acquired under continuous probe motion, so imaging planes change over time and diagnostically decisive cues for Tetralogy of Fallot (TOF) may appear only transiently and only in specific views. Conventional video classifiers treat ultrasound clips as generic temporal signals, which often misses flash-by findings and fails under incomplete plane coverage and cross-hospital domain shift. We propose a plane-aware VLM framework for TOF screening that explicitly exploits view evolution as a key variable. First, plane-labeled frames are treated as keyframes and expanded with local neighborhoods to capture short-lived anatomical cues. Second, a vision–language model performs plane-aware checklist reasoning: TOF criteria are decomposed into view-appropriate, visually checkable questions, while cues that are not assessable in the current plane are marked as such to reduce over-interpretation. Third, a plane-wise memory bank stores normal/TOF prototypes and provides retrieval-based evidence via similarity log-likelihood ratios, enabling robust inference when plane labels are missing and improving generalization across hospitals. Case-level diagnosis fuses retrieval evidence with aggregated checklist cues, with plane-coverage modulation to upweight informative but under-represented views. Experiments on multi-center fetal echo screening videos show that the proposed method improves sensitivity and cross-site robustness compared with standard video classification and VLM baselines, while producing concise, auditable findings aligned with clinical screening practice.",ok,
PoseBridgeNet: Learning a Pose-Evolving Schrödinger Bridge for Multi-Organs Segmentation in Prenatal Volumetric Ultrasound,https://papers.miccai.org/miccai-2026/0799-Paper2461.html,https://papers.miccai.org/miccai-2026/paper/2461_paper.pdf,https://github.com/GanSusan/PoseBridgeNet.git.,segmentation,Abdomen; Whole-body / Multi-organ / Other,Image Segmentation,Deep Learning,"Gan, Shushen | Wu, Yongqian | Duan, JinQiao | Liang, Jiahong | Deng, Chengdong | Zhang, Wanqin | Zhou, Xiaojing | Zhu, Yixin | Shi, Yu | Gao, Yi","Accurate thoracoabdominal multi-organ segmentation of the fetal from mid-trimester volumetric ultrasound is crucial for prenatal screening and assessment of fetal development. Over half of severe structural anomalies can be detected through such examinations. However, this task is particularly challenging due to the inherent low contrast and ill-defined boundaries in volumetric ultrasound, which are compounded by significant feature distribution shifts caused by variations in fetal pose. To address this, we propose PoseBridgeNet, a novel framework for segmenting six key organs in this challenging setting. Our core innovation is the integration of a Pose-Evolving Schrödinger Bridge (PSB) within the bottleneck of the segmentation model. This module formulates the alignment of feature distributions across different poses as an entropy-regularized optimal transport problem. By explicitly simulating the dynamic evolution of features across pose variations via a learnable stochastic differential equation, the model gains robustness against pose-induced feature shifts. Furthermore, we design a Mixture-of-Experts (MoE) decoder that integrates the stochastic features from the Pose-Evolving Schrödinger Bridge: it consists of one shared expert capturing cross-pose anatomical commonalities and multiple specialized experts modeling organ- and pose-specific variations, enabling joint optimization of pose-aware feature alignment and segmentation.Evaluated on an in-house dataset of fetal volumetric ultrasound, PoseBridgeNet outperforms existing methods, achieving an average DSC of 85.52% , an IoU of 75.44% and a HD of 3.10 mm. Ablation studies further validate the effectiveness of each proposed component. The code and data are available at https://anonymous.4open.science/r/PoseBridgeNet.",ok,
Pressure-Tuned Auditor for Sycophancy-Resistant Breast Ultrasound VLM Diagnosis,https://papers.miccai.org/miccai-2026/0807-Paper4746.html,https://papers.miccai.org/miccai-2026/paper/4746_paper.pdf,,Agent,Breast,Computer-Aided Diagnosis,Multimodal Models / LLMs / VLMs,"Zhang, Hongze | Fu, Yuxuan | Tan, Xiaoyu | Qiu, Xihe","Vision-Language Models (VLMs) show great promise as diagnostic aids for breast ultrasound, but they easily fall into a trap called “sycophancy.” This means if a clinician makes a biased suggestion, the model often abandons its correct initial judgement just to agree with the human. Such a ﬂaw can dangerously delay necessary biopsy referrals. To address this issue, existing text-only defense methods lack both clinical evaluation and post-hoc correction tailored for medical VLMs.We introduce Pressure-Tuned Auditor (PTA), a two-agent framework designed to tackle this challenge. First, we establish the ﬁrst clinically motivated sycophancy benchmark, pairing breast ultrasound cases with clean or misleading prompts generated from 16 realistic templates. Second, we implement multimodal Pressure-Tune training, which combines structured rationale supervision with visual grounding to pinpoint localizable ultrasound evidence. Third, we design a two-agent audit pipeline where a Pressure-Tuned Agent 2 independently veriﬁes and corrects Agent 1’s outputs. Compared with three competitive baselines under identical ﬁne-tuning budgets, our approach drastically reduces the sycophancy rate from 20.8% to just 0.9%, while maintaining a 98.5±1.5% cancer detection accuracy with zero harmful false alarms. Furthermore, visual grounding signiﬁcantly improves lesion localization (IoU 0.59 vs.0.12), oﬀering transparent and reviewable spatial evidence.",ok,
Proactive Domain Unification for Robust Echocardiography Segmentation,https://papers.miccai.org/miccai-2026/0813-Paper3642.html,https://papers.miccai.org/miccai-2026/paper/3642_paper.pdf,https://github.com/PXinTao/PDU,classification&segmentation,Cardiac,Image Segmentation,Deep Learning,"Pang, Xintao | Yang, Jinlin | Sun, Yue | Gao, Zhifan | Li, Wei | Tan, Tao","Deep learning-based echocardiography segmentation models often suffer performance degradation when deployed across different centers and ultrasound vendors. This gap is especially pronounced between public datasets and real-world clinical data, mainly due to differences in imaging physics, speckle statistics, and vendor-specific post-processing. Existing domain generalization methods typically aim to make models passively tolerate unseen appearance shifts, while generative adaptation may unintentionally alter anatomical structures essential for clinical diagnosis. We propose Proactive Domain Unification (PDU), an inference-time framework that maps heterogeneous target images into a fixed source-aligned domain without requiring target labels or test-time model updating. PDU employs a structure-conditioned generative unifier guided by boundary cues to normalize appearance while limiting geometric drift. To further preserve anatomical integrity, we introduce a reliability-guided frequency fusion module that retains low-frequency structural components from the raw image and injects unified high-frequency style residuals under reliability-controlled strength. On EchoNet→CAMUS, PDU consistently improves six strong segmentation architectures, achieving average gains of +6.0% Dice and -4.7 mm HD95. Across three representative architectures, it recovers 67.2–83.5% of the cross-domain performance gap relative to the in-domain upper bound. Validation on a private clinical dataset further confirms its robustness in real-world scenarios. These results position proactive input-domain unification as a promising route for medical image domain generalization. Code is available at https://github.com/PXinTao/PDU",ok,
ProSyn-Net: A Reliable Prototypical Synergy Network for Imbalanced Dermatologic Multimodal Ultrasound Diagnosis,https://papers.miccai.org/miccai-2026/0824-Paper4942.html,https://papers.miccai.org/miccai-2026/paper/4942_paper.pdf,https://github.com/EdualcLin/ProSyn-Net,classification,Skin,Computer-Aided Diagnosis,,"Lin, Jicheng | Dai, Xiangning | Wang, Beidi | Feng, Juncai | Liu, Haotian | Yu, Chenke | Liu, Ruimeng | Qin, Ziwei | Zhao, Yujing | Luo, Ye","Multimodal ultrasound, combining B-mode and color Doppler, is vital for the early screening of skin lesions. However, its automated clinical application is severely hindered by modality quality disparities, incidence-driven data imbalance, and model over-confidence. To this end, we propose ProSyn-Net, a unified multimodal diagnostic framework comprising three synergistic modules. First, a dynamic cross-attention fusion module adaptively aligns morphological and hemodynamic features while suppressing modality noise. The fused representations are then processed by a non-linear prototypical mapping module, which effectively disentangles complex, non-convex minority samples from majority clusters in a high-dimensional space. Finally, an uncertainty-aware manifold ensemble leverages the geometric diversity of these prototypes to yield reliable predictions and extract predictive uncertainty. Extensive experiments demonstrate that ProSyn-Net achieves state-of-the-art performance on the primary in-house imbalanced 6-class dataset (78.60% Macro F1 and 96.66% AUC), while showing promising transferability on a complementary independent public binary dataset (87.80% accuracy). We further analyze uncertainty-guided selective deferral for ambiguous cases. Code is available at https://github.com/EdualcLin/ProSyn-Net.",ok,
Prototype Memory-Guided Training-Free Anomaly Classification and Localization in Prenatal Ultrasound,https://papers.miccai.org/miccai-2026/0831-Paper1851.html,https://papers.miccai.org/miccai-2026/paper/1851_paper.pdf,https://github.com/LL-AC/TFF,classification,Fetal / Pediatric,Anomaly / Lesion Detection,Deep Learning,"Liang, Huanwen | Huang, Yuhao | Zhu, Xiliang | Zhang, Yuanji | Deng, Xuedong | Gao, Xinru | Tao, Guowei | Zhang, Yuhan | Ni, Dong","Prenatal anomaly classification and localization is of critical importance for fetal health and pregnancy management. Although ultrasound (US) is the primary modality for prenatal screening, accurate diagnosis remains challenging due to the low prevalence and high heterogeneity of anomalies. Existing deep learning methods for prenatal tasks rely on large-scale annotated datasets, which are difficult to obtain in practice. Although few-shot learning alleviates data scarcity, it typically requires fine-tuning for new categories, limiting its practicality in resource-limited clinical settings. To address these challenges, we propose a training-free framework for multi-class prenatal US anomaly classification and localization that operates with only a few reference images per class, representing the first exploration of this setting. Our framework comprises three key components: (1) a memory bank with multi-granular prototypes that explicitly models both class-level semantics and anomaly characteristics; (2) a prototype-driven soft merging mechanism that aggregates discriminative features to detect the anomaly region; and (3) a class-aware refinement strategy that leverages prototype consistency to improve category prediction. Extensively validated on a multi-center prenatal US dataset containing 1,149 cases, with a total of 2,357 images and 9 categories, our proposed method outperforms the competitors.",ok,
RACA: Rule-Aligned Collaborative Agents for Evidence-Grounded Breast Ultrasound Classification,https://papers.miccai.org/miccai-2026/0846-Paper2740.html,https://papers.miccai.org/miccai-2026/paper/2740_paper.pdf,https://github.com/Swecamellia/RACA,Agent,Breast,Anomaly / Lesion Detection; Computer-Aided Diagnosis,Deep Learning; Multimodal Models / LLMs / VLMs; Semi- / Weakly- / Self-supervised Learning,"Chen, Lingyu | Wang, Yue | Li, Cheng | Jin, Lin | Zhang, Daoqiang | Liao, Hongen | Chen, Fang | Meng, Qingjie","Breast cancer is highly prevalent worldwide. While breast ultrasound (BUS) serves as a primary screening modality, its reliable diagnostic interpretation remains inherently challenging. Most existing BUS classification methods prioritize direct image-to-label mapping and overall accuracy, neglecting the alignment with clinical diagnostic rules and decision traceability. Such limitations hinder their integration into rule-governed clinical workflows and diminish the trustworthiness of automated diagnostic decisions. Although agent-based frameworks offer a modular paradigm for organizing complex decision processes, their potential for rule-aligned and fully traceable BUS diagnosis remains largely unexplored. To address these challenges, we introduce RACA, a Rule-Aligned Collaborative Agent framework for evidence-grounded BUS classification. Our RACA introduces a novel, three-stage framework driven by explicit clinical rules. First, a perception module consolidates geometric and semantic evidence into structured diagnostic evidence. Then, a risk modeling agent aggregates the evidence under explicit clinical constraints to derive a rule-aligned risk estimate and an initial prediction. Finally, a critic-guided calibration agent refines predictions through memory-based retrieval. Extensive experiments on three BUS benchmarks demonstrate the superiority of RACA over the representative classification and medical agent-based frameworks. Comprehensive interpretability analyses and case demonstrations validates that its traceable decision pathway aligns with clinical diagnosis.",ok,
Real-Time 6D Ultrasound Probe Pose Tracking in Freehand Scanning,https://papers.miccai.org/miccai-2026/0861-Paper6213.html,https://papers.miccai.org/miccai-2026/paper/6213_paper.pdf,,detection/localization,Whole-body / Multi-organ / Other,Image-Guided Interventions,Deep Learning,"Son, Jungjae | Jung, Guil | Oh, Seok-Hwan | Lee, Hyeonjik | Kim, Young-Min | Kim, Sang-Yun | Kim, Myeong-Gee | Kwon, Hyuk-Sool | Bae, Hyeon-Min","The quality of ultrasound images strongly depends on the operator’s experience and expertise. To mitigate this operator dependence, recent studies have investigated methods to support sonographer training, skill assessment, and probe guidance systems. These applications require accurate and robust estimation of the 6D ultrasound probe pose during freehand scanning. In this study, we propose a real-time 6D ultrasound probe pose tracking framework using a single RGB-D camera. This framework is designed to operate under real-world scanning conditions, where hand-induced occlusion and dynamic motion frequently occur. The proposed framework consists of two stages: probe keypoint detection and keypoint-guided pose estimation. The probe keypoint detection is introduced to enhance tracking robustness even under hand occlusion and rapid motion. Guided by the detected keypoints, the pose estimation finally determines the 6D pose of the probe. Furthermore, we develop an automated self-training strategy which significantly reduces manual annotation effort utilizing a pose estimation foundation model. As a result, the proposed framework achieves state-of-the-art pose accuracy and tracking robustness simultaneously compared to existing methods, while maintaining real-time performance above 25 fps.",ok,
Real-Time Hardware-Free HIFU Interference Suppression via Teacher-Student Diffusion Framework,https://papers.miccai.org/miccai-2026/0862-Paper2888.html,https://papers.miccai.org/miccai-2026/paper/2888_paper.pdf,https://github.com/caidejia/HIFU-mHC-Diff,image synthesis,Abdomen,Image Reconstruction; Image-Guided Interventions,Deep Learning,"Cai, Dejia | Abdollahi, Ali | Wang, Xi | Yang, Kun | Guo, Zhaohui | Zhou, Xiaowei | Chen, Hao","High-Intensity Focused Ultrasound (HIFU) is a non-invasive therapy, yet its safety is often degraded by severe acoustic interference during continuous ultrasound guidance. Conventional HIFU interference suppression methods heavily rely on proprietary raw Radio-Frequency (RF) data or complex hardware synchronization, limiting their clinical utility and preventing real-time implementation. To address this limitation, we propose Manifold-Constrained Hyper-Connections Diffusion (mHC-Diff), an image-domain diffusion framework for real-time interference suppression without specialized hardware synchronization, disentangling complex interference from anatomical structures while ensuring high reconstruction fidelity. To achieve clinical real-time application, our approach employs a two-stage strategy: (i) anatomy-aware prior acquisition, where a diffusion model is trained with multi-step UNet as a highfidelity Teacher; and (ii) efficiency distillation, where this prior is distilled into a one-step Student via knowledge distillation to achieve real-time throughput. Extensive validation on a clinically representative dataset across diverse therapeutic scenarios shows that mHC-Diff achieves superior restoration (26.65 dB PSNR), while enabling real-time inference (~20 FPS) on a single NVIDIA RTX 4090, providing a ~6.8x speedup over iterative diffusion baselines (e.g., HIFU-Diff). By eliminating the requirement for specialized hardware synchronization and proprietary RF access, this image-domain framework ensures compatibility and facilitates real-time interference suppression during ultrasound-guided HIFU interventions. The code will be released upon acceptance.",ok,
SAVer: Structure-Aware Validation of Standard Fetal Head Planes via Clinically Grounded Anatomical Completeness,https://papers.miccai.org/miccai-2026/0921-Paper5513.html,https://papers.miccai.org/miccai-2026/paper/5513_paper.pdf,https://github.com/Anushaww26/SAVer,classification&segmentation,Fetal / Pediatric,Image Segmentation,Domain Adaptation / Harmonization; Foundation Models; Interpretability / Explainability,"Amba Prasanna, Anusha | Ambrose, Vasanth | Ramesh, Padmini | Ayyasamy, Shyam | Ram, Keerthi | Seshadri, Suresh | Lakshmanan, Manojkumar | Sivaprakasam, Mohanasankar","Standard fetal head plane identification in ultrasound is es-sential for accurate biometric measurements and early detection of neurodevelopmental abnormalities. Automating the identification of these planes can optimize diagnostic workflows. Existing approaches predominantly treat plane identification as a global image-level classification task, often relying on superficial visual features rather than clinically defined anatomical criteria. To address these limitations, we propose SAVer, structure-aware validation framework that couples anatomical reasoning with plane classification to ensure clinically consistent fetal ultrasound plane identification. SAVer integrates anatomical segmentation with plane identification through a unified architecture that combines a perception backbone with a Plane Classification Module along with an Anatomical Reasoning Engine. The reasoning module explicitly evaluates the presence, completeness, and structural consistency of clinically relevant landmarks to ensure alignment with diagnostic standards. In addition, we introduce a Adapter Feature Alignment Module (AFAM) that enables efficient feature alignment between anatomical segmentation representations and plane classification.We evaluate the proposed method on fetal ultrasound head plane data, achieving a structure-size weighted dice score of 95% for anatomical segmentation and demonstrating improved robustness. The proposed structure-aware framework enhances interpretability and reliability by embedding clinically meaningful constraints into the classification process",ok,
Self-supervised Learning on Lingual Ultrasound Video Encodes Clinically Meaningful Articulatory Structure of Rhotic Production in Residual Speech Sound Disorder,https://papers.miccai.org/miccai-2026/0939-Paper3947.html,https://papers.miccai.org/miccai-2026/paper/3947_paper.pdf,https://github.com/kimtae55/BYOL-VS,classification,Head & Neck,Computer-Aided Diagnosis,Deep Learning; Domain Adaptation / Harmonization; Semi- / Weakly- / Self-supervised Learning,"Kim, Taehyo | Eads, Amanda | McFee, Brian | McAllister, Tara | Shu, Hai","Speech sound disorder (SSD) affects many school-aged children and can lead to long-term academic, social, and mental health difficulties. Speech-language pathologists use ultrasound, a non-invasive imaging modality, to visualize tongue motion during speech and provide biofeedback treatment. The American English rhotic (r sound) is particularly challenging, as distinct articulatory strategies can produce the same perceived sound. Label-efficient self-supervised learning systems are increasingly being developed to automate scalable and objective SSD assessment. However, existing work has primarily focused on phoneme-level classification and provides limited insight into within-phoneme articulatory variations. In this paper, we present the first self-supervised learning framework that focuses on within-phoneme articulatory structure of American English rhotic production from lingual ultrasound video of children with residual SSD. We further introduce speaker adversarial regularization to reduce inter-speaker variability while preserving articulatory structure in the learned representations. Our results on the recently curated PERCEPT-US multimodal corpus demonstrate that self-supervised learning without task specific fine-tuning yields embeddings that accurately discriminate between perceptually accurate and inaccurate rhotic productions (mean ACC = 0.974; mean MCC = 0.941) and between articulatory subtypes of perceptually accurate rhotics, namely retroflex and bunched configurations (mean ACC = 0.961; mean MCC = 0.897). Code is available at https://github.com/kimtae55/BYOL-VS.",ok,
Self-supervised Spline Autoencoder for Smooth Latent Dynamics in Echocardiography,https://papers.miccai.org/miccai-2026/0941-Paper1703.html,https://papers.miccai.org/miccai-2026/paper/1703_paper.pdf,https://github.com/LCJKwan/SplineAE-Cardiac,detection/localization,Cardiac,Computational Anatomy & Physiology,Semi- / Weakly- / Self-supervised Learning,"Kwan, Leong Chit Jeff | Chung, Albert C. S.","Cardiac phase identification is important for assessing heart function in echocardiography, yet existing automatic approaches typically rely on supervised learning or strong structural assumptions. We show that self-supervised learning of smooth latent dynamics can enable phase-conditioned geometric analysis of cardiac motion. In this work, we present a Spline Autoencoder that learns temporally smooth and consistent evolutions of latent embeddings, capturing cardiac motion as low-rank dynamical structures. We discover a cardiac phase variable using a label-agnostic algorithm based on the spectral embedding of normalized latent trajectory velocities, enabling precise temporal localization of end-diastole (ED) and end-systole (ES) events. Evaluated on the EchoNet-Dynamic dataset, our method achieves a localization mean absolute error (MAE) of 2.3 frames (ED/ES MAEs of 2.7/3.6 frames after label-informed semantic assignment with 94.0% accuracy), which is competitive with supervised methods. Zero-shot evaluation on the EchoNet-Pediatric dataset demonstrates robust generalization across populations and imaging views, with a localization MAE of 3.0 frames. These results suggest that temporal smoothness and consistency are effective inductive priors for learning cardiac motion dynamics, yielding a latent geometry that supports precise phase-event localization, with lightweight calibration for semantic ED/ES assignment. Our code is available at https://github.com/LCJKwan/SplineAE-Cardiac.",ok,
Self-supervised Temporal Regularization for Landmark-Based Cardiac Segmentation with Automatic AHA Regional Mapping,https://papers.miccai.org/miccai-2026/0942-Paper5651.html,https://papers.miccai.org/miccai-2026/paper/5651_paper.pdf,https://github.com/david-montalvoo/MaskHybridGNet-TempReg,segmentation,Cardiac,Computational Anatomy & Physiology; Image Segmentation,Deep Learning; Semi- / Weakly- / Self-supervised Learning,"Montalvo-García, David | Gaggion, Nicolás | Ledesma-Carbayo, María J. | Ferrante, Enzo","Graph-based cardiac segmentation with implicit anatomical correspondences provides topological guarantees and population-level analysis capabilities, but models trained on independent frames of image sequences exhibit temporal discontinuities that affect reliable clinical measurements, particularly in cardiac ultrasound. In this work, we introduce self-supervised temporal regularization as a post-training refinement stage that exploits the temporal coherence in image sequences to enforce consistent cardiac segmentation and motion estimation over time, without requiring per-frame annotations. By penalizing velocity and acceleration discontinuities across consecutive frames, our method achieves temporally consistent segmentations while maintaining the learned anatomical correspondences. We further leverage these correspondences to automatically map landmarks to the AHA 17-segment clinical standard, enabling standardized regional assessment and detection of pathological myocardial motion patterns. Validation on CAMUS dataset demonstrates the clinical utility of combining temporal consistency with automatic regional mapping. The code is publicly available at https://github.com/david-montalvoo/MaskHybridGNet-TempReg.",ok,
Shape-Aware Registration Without Pretraining: CT-Ultrasound Bone Surface Alignment via Instance-Level Shape Completion,https://papers.miccai.org/miccai-2026/0953-Paper3358.html,https://papers.miccai.org/miccai-2026/paper/3358_paper.pdf,https://comreg-page.github.io/,registration,Musculoskeletal / Orthopedic,Image Registration; Image Synthesis / Augmentation / Super-Resolution,,"Wu, Luohong | Cho, Elise | Ao, Yunke | Marx, Lennard | Cavalcanti, Nicola A. | Yang, Yiru | Seibold, Matthias | Fürnstahl, Philipp","Accurate preoperative–intraoperative registration is crucial for transferring patient-specific surgical plans to the intraoperative setting in computer- and robot-assisted orthopedic surgery. Ultrasound (US) has gained increasing attention as an intraoperative modality due to its radiation-free and real-time capabilities. However, the inherent imaging constraints, such as bone shadowing and the limited anatomical coverage during surgery, often result in incomplete US-derived bone surfaces, compromising registration accuracy and robustness. Moreover, the scarcity of paired CT–US datasets restricts the applicability of powerful learning-based approaches to different anatomies. To address these challenges, we propose ComReg, an end-to-end framework for CT–US bone surface registration via instance-specific shape completion, jointly optimizing surface completion and cross-modal registration within a unified network. In addition, we introduce a self-supervised registration strategy based on patient-specific US bone surface simulation to alleviate data scarcity, enabling effective learning of shape priors without requiring cross-instance datasets. Experiments on the publicly-available UltraBones100k dataset demonstrate the effectiveness of our approach, achieving performance comparable to state-of-the-art fully supervised methods trained on cross-instance datasets. Overall, our work provides a promising solution for cross-modality bone surface registration in limited-data settings. The code is available at: https://comreg-page.github.io",ok,
SONIC: Sonographer-Inspired Conceptual Explanation for Neural Networks,https://papers.miccai.org/miccai-2026/0973-Paper2137.html,https://papers.miccai.org/miccai-2026/paper/2137_paper.pdf,,classification,Fetal / Pediatric,Computer-Aided Diagnosis; Visualization in Biomedical Imaging,Interpretability / Explainability,"Wang, Yingni | Sun, Yihua | Khor, Hee Guan | Dong, Licong | Ye, Qiongyu | Zhang, Huabin | Sun, Desheng | Yuan, Kehong | Luo, Jianwen | Chen, Fang | Liao, Hongen","Ultrasound is the primary imaging modality for evaluating fetal anatomy, and fetal standard ultrasound planes are essential for determining gestational age and assessing overall fetal health. Deep neural networks (DNNs) have achieved remarkable success in identifying fetal ultrasound standard planes. However, their black-box nature fundamentally lacks clinical interpretability and trustworthiness, limiting their real-world deployment. To bridge this gap, we propose SONIC (Sonographer-Inspired Conceptual Explanation for Neural Networks), an interpretable framework that aligns decisions with clinically defined anatomical concepts. Moving beyond pixel-level patterns, SONIC explicitly extracts anatomical concepts and models their spatial dependencies via a graph convolutional network. We further employ a graph-attribution method to quantify the importance of anatomical structures, ensuring transparent and trackable classification. We also analyze prediction–explanation consistency, showing that anatomically implausible evidence can serve as a practical safety signal for clinical verification. Extensive experiments on a public dataset and two private multi-center cohorts, including perturbation-based fidelity analysis and a blinded expert user study, demonstrate that SONIC achieves competitive or improved performance compared with pixel-based DNN baselines while providing concept-level interpretability.",ok,
Structure-Aware Sensorless 3D Ultrasound and Photoacoustic Reconstruction,https://papers.miccai.org/miccai-2026/1004-Paper0978.html,https://papers.miccai.org/miccai-2026/paper/0978_paper.pdf,,classification,Whole-body / Multi-organ / Other,Image Reconstruction,Deep Learning,"Huang, Yi | Gong, Wenxin | Zhao, Yongjian | Shen, Li | Lan, Hengrong | Gao, Fei","Sensorless freehand 3D ultrasound and photoacoustic reconstruction enables flexible clinical diagnosis, yet conventional visual tracking suffers from severe long-range drift induced by speckle decorrelation and acoustic clutter. To overcome these physical degradations, we propose SCC-Net, a structure-aware channel cross-attention network for stable spatiotemporal tracking. The architecture utilizes a channel decoupling module driven by global spatial statistics for adaptive noise filtering, alongside a cross-attention mechanism capturing adjacent-frame geometric topologies. These components are jointly optimized via a progressive training strategy incorporating a motion-modulated mean absolute error to prioritize highly dynamic regions. Extensive independent experiments on a large-scale ultrasound forearm dataset and a complex photoacoustic palm dataset demonstrate the exceptional generalizability of SCC-Net in suppressing cumulative errors. Notably, compared to previous baselines, the method reduces the final drift rate by 13.72% and absolute trajectory error by 14.29% on the ultrasound dataset. Simultaneously, despite the severe acoustic clutter and intricate reciprocating trajectories of the photoacoustic dataset, the network consistently achieves state-of-the-art trajectory estimation. This enables high-fidelity three-dimensional functional visualization without external hardware, demonstrating exceptional adaptability to highly noisy environments.",ok,
Toward Thyroid Cancer BRAF V600E Mutation Prediction via Multimodal Large Language Model: Dataset and Model Development,https://papers.miccai.org/miccai-2026/1072-Paper2492.html,https://papers.miccai.org/miccai-2026/paper/2492_paper.pdf,https://github.com/FiFi-HAO467/BRAF-MLLM,VLM,Head & Neck,Computer-Aided Diagnosis; Multimodal Integration with Clinical / Genomic / Biomarkers,Deep Learning; Foundation Models; Multimodal Models / LLMs / VLMs,"Hao, Pengfei | Li, Shuaibo | Wang, Hongqiu | He, Sixu | Huang, Chunwang | Zhu, Lei","Thyroid cancer is the ninth most common malignancy globally, with Papillary Thyroid Carcinoma (PTC) representing the most prevalent subtype. The BRAF V600E mutation has emerged as a decisive diagnostic and prognostic biomarker of PTC, essential for risk stratification and personalized therapy. However, its gold-standard detection relies on complex and expensive sequencing technology. Therefore, developing advanced deep learning methods to predict BRAF mutation by integrating multimodal clinical data offers a cost-effective solution to facilitate accurate diagnosis and individualized risk stratification. In this paper, we present the first comprehensive multimodal dataset for thyroid cancer BRAF V600E mutation prediction, MM-BRAF dataset, integrating 3120 high-quality ultrasound images, annotated tumor regions, ultrasound reports, clinicopathological records, and BRAF mutation status. Furthermore, we propose BRAF-MLLM, a novel and first Multimodal Large Language Model (MLLM) framework for thyroid cancer BRAF V600E mutation prediction. Given that mutation-relevant signatures in ultrasound imagery are often subtle and localized within minuscule tumor regions, we design the Tumor-centric Multimodal Dual-scale Alignment (TMDA) module. During the training stage, TMDA explicitly decouples visual features into intra-tumoral and extra-tumoral scales, aligning them with fine-grained clinical semantics to suppress background noise and enhance the perception of tumor-specific indicators. To validate the effectiveness of our approach, we establish a comprehensive benchmark for this novel task using traditional multimodal fusion models and mainstream MLLMs. Extensive experiments subsequently demonstrate that BRAF-MLLM consistently outperforms all baseline methods, showcasing its significant potential for precise clinical decision-making.",ok,
Towards Unified Image–Video Modeling Across B-Mode and Contrast-Enhanced Ultrasound for Multi-task Analysis,https://papers.miccai.org/miccai-2026/1076-Paper1246.html,https://papers.miccai.org/miccai-2026/paper/1246_paper.pdf,,classification&segmentation,Whole-body / Multi-organ / Other,Image Segmentation,Deep Learning; Foundation Models,"Huang, Qiang | Jia, Dengqiang | Chen, Xiangmei | Lin, Zehui | Wang, Zhizhou | Cui, Ligang | Wang, Zhiyuan | Tan, Tao","Ultrasound imaging is widely used for disease diagnosis in clinical practice due to its non-invasive and portable advantages. However, current deep learning-based models are predominantly designed for specific organs or tasks, leading to performance with limited cross domain generalization and insufficient exploitation of available ultrasound data such as ultrasound images and videos. To address this limitation, we propose UIV-US, a unified multi-organ and multi-task framework for ultrasound image and video understanding across B-mode and contrast-enhanced ultrasound (CEUS). UIV-US operates within a shared parameter space to jointly support segmentation and classification tasks across both images and videos, enabling consistent representation learning across modalities and temporal settings. We design a Structured Semantic Conditioning Prompt (SSCP) that comprises five semantic attributes grouped into structural and spatial priors for adaptive conditioning of shared features, forming the foundation for scalable learning from large-scale ultrasound datasets. To further bridge image and video reasoning, a Memory-Reinforced Temporal Attention (MRTA) is introduced to ensure temporal consistency for video segmentation, while a segmentation-aware Feature-Level Attention (FLA) strategy performs reliable temporal aggregation for video classification. Extensive experiments on a large-scale multi-organ benchmark comprising 27,804 segmentation images, 7,320 classification images, and over 1,400 ultrasound videos demonstrate the effectiveness of UIV-US. The proposed framework achieves 89.81% Dice Similarity Coefficient for image segmentation, 96.28% for video segmentation, and 89.26% for CEUS segmentation. For classification, it reaches 85.76% Area Under the ROC Curve on image, 80.32% on video and 72.16% on CEUS, demonstrating strong performance across tasks.",ok,
Trackerless Ultrasound Pose Estimation via Correspondence-Aware Tokenization and Flow-Matching Transformers,https://papers.miccai.org/miccai-2026/1084-Paper6350.html,https://papers.miccai.org/miccai-2026/paper/6350_paper.pdf,,image synthesis,Musculoskeletal / Orthopedic,Image Registration,Deep Learning; Other,"Kim, Sang-yun | Oh, Seok-Hwan | Kim, Myeong-Gee | Kim, Young-Min | Jung, Guil | Lee, Hyeonjik | Son, Jungjae | Kwon, Hyuk-Sool | Bae, Hyeon-Min","Trackerless freehand 3D ultrasound reconstructs volumes from 2D B-mode sequences by estimating probe motion without external tracking. In B-mode ultrasound, accurate motion estimation hinges on recognizing subtle inter-frame appearance changes, yet repetitive speckle and weak visual anchors make correspondences ambiguous and drift accumulates when composing relative transforms. We propose a correspondence-amplifying conditioning pipeline with a flow-matching transformer for pose-delta sequence generation. For each adjacent frame pair, we build a bidirectionally supported token correspondence distribution from ViT features, use it to align current-frame evidence onto the previous token grid, and derive a correspondence-induced lattice displacement cue. We further apply entropy-based confidence weighting to suppress ambiguous regions and aggregate high-dimensional correspondence-aware tokens into compact context tokens via a Q-Former. Conditioned on this context, a flow-matching DiT generates coherent pose-delta sequences through ODE sampling. Experiments on tracked freehand ultrasound sequences show improved step accuracy and substantially reduced long-horizon drift.",ok,
TRUST: Efficient Abdominal Trauma Recognition via Image-to-Ultrasound-Video Transfer Learning,https://papers.miccai.org/miccai-2026/1091-Paper0922.html,https://papers.miccai.org/miccai-2026/paper/0922_paper.pdf,,image synthesis,Abdomen,Anomaly / Lesion Detection; Computer-Aided Diagnosis,Deep Learning; Multimodal Models / LLMs / VLMs,"Wang, Enguang | Zhou, Hao | Gao, Shuo | Liu, Tuo | Zhou, Guangquan","Abdominal ultrasound is indispensable for rapid, noninvasive trauma triage. However, interpreting the subtle dynamic cues embedded in continuous scanning is time-intensive and operator-dependent. Parameter-Efficient Image-to-Video Transfer Learning (PEIVTL), which efficiently adapts pre-trained image models to the video domain, notably through visual-textual alignment, offers a promising paradigm for ultrasound video analysis. Nevertheless, substantial spatiotemporal and semantic variations arising from physician-dependent scanning practices continue to limit the effectiveness and generalizability of this framework. We propose TRUST, a scan-aware PEIVTL framework that explicitly models fine-grained spatiotemporal variations to enable reliable ultrasound video understanding. First, we introduce a Cross-Frequency Collaborative Adapter (CFCA) that establishes mutual constraints between low- and high-frequency components, enhancing discriminative spatial feature extraction under heavy speckle corruption. Second, we design a Multi-Granularity Motion-Aware (MGMA) module that integrates local temporal convolutions with motion-prior-guided global self-attention, jointly capturing stable intra-view patterns and abrupt inter-view transitions to characterize complex scanning dynamics. Third, a Visual Query Semantic Aggregation (VQSA) module dynamically generates text prototypes conditioned on visual features, enabling adaptive visual-textual alignment robust to intra-class variability under diverse scanning conditions. Experiments on in-house ultrasound trauma datasets demonstrate that TRUST outperforms state-of-the-art methods by 9.63% with superior computational efficiency.",ok,
Ultrafast Echocardiography Based on Dynamic Subspace-Guided and Temporal Adaptive Diffusion,https://papers.miccai.org/miccai-2026/1098-Paper0123.html,https://papers.miccai.org/miccai-2026/paper/0123_paper.pdf,,image synthesis,Cardiac,Image Reconstruction,,"Lu, Jingfeng | Millioz, Fabien | Porée, Jonathan | Provost, Jean | Zhang, Yi","Ultrafast echocardiography based on diverging wave (DW) imaging enables extremely high frame rates, unlocking breakthrough insights into cardiac mechanics. However, high-quality DW cardiac imaging typically relies on motion compensation (MoCo) compounding from multiple transmissions, which leads to a fundamental trade-off between image quality and frame rate. In this study, we introduce a novel SpatioTemporal COnstrained Diffusion Echocardiography (ST-CODE) for high-quality cardiac imaging at high frame rate using only three-angle steered DW transmissions. ST-CODE formulates reconstruction as a dynamic subspace-guided and temporally adaptive diffusion process that embeds structural and temporal constraints into reverse denoising. A dynamic subspace guidance module is designed to capture sequence-level anatomical structure and enforce structural consistency across frames. In parallel, a temporal correlation sampling strategy is introduced to regulate the diffusion trajectory to propagate inter-frame dependency and suppress stochastic variations during inference. Extensive experiments conducted on in-vivo cardiac data demonstrate that ST-CODE achieves image quality comparable to 32-angle MoCo-compounding reference and consistently outperforms existing reconstruction methods, leading to anatomically consistent and temporally coherent reconstructions without sacrificing ultrafast frame rates.",ok,
UltraStar: Semantic-Aware Star Graph Modeling for Echocardiography Navigation,https://papers.miccai.org/miccai-2026/1099-Paper1157.html,https://papers.miccai.org/miccai-2026/paper/1157_paper.pdf,https://github.com/LeapLabTHU/UltraStar,image synthesis,Cardiac,Image-Guided Interventions,Deep Learning,"Wang, Teng | Jiang, Haojun | Li, Chenxi | Wang, Diwen | Tang, Yihang | Sun, Zhenguo | Deng, Yujiao | Song, Shiji | Huang, Gao","Echocardiography is critical for diagnosing cardiovascular diseases, yet the shortage of skilled sonographers hinders timely patient care, due to high operational difficulties. Consequently, research on automated probe navigation has significant clinical potential. To achieve robust navigation, it is essential to leverage historical scanning information, mimicking how experts rely on past feedback to adjust subsequent maneuvers. Practical scanning is an exploratory trial-and-error process that inherently generates noisy trajectories. However, existing methods typically model this history as a sequential chain, forcing models to overfit these noisy paths, leading to performance degradation on long sequences. In this paper, we propose UltraStar, which reformulates probe navigation from path regression to anchor-based global localization. By establishing a Star Graph, UltraStar treats historical keyframes as spatial anchors connected directly to the current view, explicitly modeling geometric constraints for precise positioning. We further enhance the Star Graph with a semantic-aware sampling strategy that actively selects the representative landmarks from massive history logs, reducing redundancy for accurate anchoring. Extensive experiments on a dataset with over 1.31 million samples demonstrate that UltraStar outperforms baselines and scales better with longer input lengths, revealing a more effective topology for history modeling under noisy exploration. Code is available at https://github.com/LeapLabTHU/UltraStar.",ok,
VA-Adapter: Adapting Ultrasound Foundation Model to Echocardiography Probe Guidance,https://papers.miccai.org/miccai-2026/1123-Paper0575.html,https://papers.miccai.org/miccai-2026/paper/0575_paper.pdf,https://github.com/LeapLabTHU/VA-Adapter,dataset/benchmark,Cardiac,Image-Guided Interventions,Deep Learning,"Wang, Teng | Jiang, Haojun | Wang, Yuxuan | Sun, Zhenguo | Deng, Yujiao | Song, Shiji | Huang, Gao","Echocardiography is a critical tool for detecting heart diseases, yet its steep operational difficulty causes a shortage of skilled personnel. Probe guidance systems, which assist in acquiring high-quality images, offer a promising solution to lower this operational barrier. However, robust probe guidance remains challenging due to significant individual variability. This variability manifests as differences in low-level features within two-dimensional (2D) images, which complicates image feature understanding, and differences in individual three-dimensional (3D) structures, which poses challenges for precise navigation. To address these challenges, we first propose leveraging the robust image representations learned by ultrasound foundation models from vast datasets. Yet, applying these models to probe navigation is non-trivial due to their lack of understanding of individual 3D structures. To this end, we meticulously design a Vision-Action Adapter (VA-Adapter) to online inject the capability of understanding individual 3D structures. Specifically, by embedding the VA-Adapter into the foundation model’s image encoder, the model can infer cardiac anatomy from historical vision-action sequences, mimicking the cognitive process of a sonographer. Extensive experiments on a dataset with over 1.31M samples demonstrate that the VA-Adapter outperforms strong probe guidance models while requiring approximately 33 times fewer trained parameters. Code is available at https://github.com/LeapLabTHU/VA-Adapter.",ok,
Visual-Query Curriculum Learning for Rare Fetal Biometry Plane Detection in Blind-Sweep Ultrasound Video,https://papers.miccai.org/miccai-2026/1138-Paper4097.html,https://papers.miccai.org/miccai-2026/paper/4097_paper.pdf,https://github.com/kwon-j/vqcl,classification,Fetal / Pediatric,Other,Deep Learning; Semi- / Weakly- / Self-supervised Learning,"Kwon, Jong | Jiao, Jianbo | Self, Alice | Papageorghiou, Aris T. | Noble, J. Alison","Blind sweep ultrasound protocols can expand access to antenatal screening in low- and middle-income countries (LMICs), but their clinical utility depends on whether a sweep contains diagnostically useful views. In routine obstetric imaging, gestational age is estimated from fetal biometry measured on standardised planes (e.g. head and abdominal circumference). In blind sweeps, these planes may appear only briefly and under large appearance variation, making manual review burdensome and automated processing unreliable without quality screening. We propose biometry plane detection as an application-driven quality assessment task: given a blind sweep video, identify frames suitable for femur length, head- and abdominal-circumference biometry. We formulate the problem as visual-query-guided retrieval in long ultrasound videos and introduce a spatio-temporal transformer that matches a canonical query image to candidate frames. We show that we can leverage this query with an ultrasound-specific curriculum to learn effectively under extreme label sparsity. To transfer knowledge from a large freehand dataset to sparsely labelled sweeps, we incorporate scale-robust visual encoding and domain-adversarial training. Experiments on a participant-disjoint blind-sweep test set demonstrate improved detection performance over image-based and video-based baselines, while highlighting the remaining challenge posed by ultra-low prevalence and incomplete frame-level annotation. We hope this work supports adoption of blind-sweep fetal ultrasound by enabling automatic screening and rapid re-acquisition when biometry content is absent. Project page: https://github.com/kwon-j/vqcl.",ok,
"WaCT-US: Cyclic-Alignment Scaled Contour Tubes for Efficient, Calibrated Uncertainty in Echocardiography",https://papers.miccai.org/miccai-2026/1146-Paper6356.html,https://papers.miccai.org/miccai-2026/paper/6356_paper.pdf,https://github.com/MohammadMahdiKazemi/WaCT-US,classification&segmentation,Cardiac,Computer-Aided Diagnosis; Image Segmentation,Deep Learning; Uncertainty Quantification,"Kazemi Esfeh, Mohammad Mahdi | Gholami, Zahra | Liao, Renjie | Luong, Christina | Tsang, Teresa S. M. | Abolmaesumi, Purang","Uncertainty in echocardiography segmentation is predominantly geometric: speckle, shadowing, and inter-scanner variation create boundary ambiguity that propagates to clinical measurements. We propose WaCT-US, a contour-native uncertainty representation that outputs a calibrated prediction set (``contour tube’’) around a single predicted boundary. Cyclic landmark alignment resolves closed-curve indexing, and a learned heteroscedastic scale profile specifies where the boundary is intrinsically ambiguous. Split conformal calibration on held-out data yields one global scalar that meets a user-chosen coverage level with finite-sample, distribution-free marginal validity. Inference requires one forward pass with light post-processing. We evaluate on CAMUS and EchoNet-Dynamic across three seeds at nominal $0.9$ conformal coverage. While matching Dice, WaCT-US achieves the best mean calibrated uncertainty scale (representing conformal efficiency and tube thickness) while holding comparable coverage and improving uncertainty-guided error localization. This information can estimate how wrong the underlying segmentation model is on each input image. The code will be publicly available at \url{https://github.com/MohammadMahdiKazemi/WaCT-US}.",ok,
wBCAM: Windowed Bi-directional Cross-Attention with Mamba for Enhanced 3D Vascular Reconstruction in Free-Hand Photoacoustic and Ultrasound Imaging,https://papers.miccai.org/miccai-2026/1152-Paper3737.html,https://papers.miccai.org/miccai-2026/paper/3737_paper.pdf,https://github.com/pnu-amilab/wBCAM,reconstruction,Musculoskeletal / Orthopedic; Vasculature,Image Reconstruction; Visualization in Biomedical Imaging,Deep Learning,"Lee, SiYeoul | Park, SeongKyu | Seo, MinKyung | Seong, EonSeung | Lee, DongEon | Kim, Doyun | Kim, Sehoon | Kim, DoYeon | Jin, MinJu | Lee, Hyeyun | Kim, GyuBin | Kim, MinWoo","Integrated photoacoustic and ultrasound (PAUS) imaging has significant potential in clinical applications due to its ability to provide complementary pathological information. By integrating a standard 1D-array US transducer with laser fibers, PA images can be acquired for vascular disease assessment. However, reconstructing 3D vascular structures remains challenging due to intrinsic limitations. While additional hardware, such as a motorized stage or motion tracker, can sequentially align image frames in 3D space, these approaches introduce additional costs and operational constraints. To overcome this limitation, we propose a free-hand PAUS framework based on windowed Bi-directional Cross-Attention with Mamba (wBCAM) for scan motion estimation and 3D US volume reconstruction. Given sequential PAUS frames, the model first encodes adjacent frame pairs into temporal local tokens. Using overlapping sliding windows, wBCAM performs local-to-global cross-attention that writes spatial evidence from local tokens into a set of learnable global tokens. The global tokens are then updated across windows using a Mamba-based selective state-space module, enabling sequential motion memory and long-range temporal reasoning. Subsequently, global-to-local cross-attention feeds back the updated global context to refine local representations within each window. The proposed method is validated on dynamic in-vivo datasets acquired from the human forearm. Both quantitative and qualitative results demonstrate accurate motion estimation and high-resolution 3D reconstruction of vascular structures. The source code of this study is publicly available at (https://**.).",ok,
When Views Disagree: Conflict-Aware Evidential Inference for Multi-view Mammography,https://papers.miccai.org/miccai-2026/1158-Paper2986.html,https://papers.miccai.org/miccai-2026/paper/2986_paper.pdf,https://github.com/rayhan-ahmed91/CEI-Net,classification,Breast,Anomaly / Lesion Detection; Image Segmentation,Foundation Models; Semi- / Weakly- / Self-supervised Learning; Uncertainty Quantification,"Ahmed, Md Rayhan | Lasserre, Patricia","Multi-view mammography benefits from complementary craniocaudal and mediolateral oblique projections, yet differences in acquisition quality and anatomical coverage often lead to conflicting diagnostic evidence between views. Most existing multi-view learning approaches address this variability through deterministic feature fusion, implicitly assuming that disagreement can be resolved by stronger representations, an assumption that can yield brittle or overconfident predictions in safety-critical screening settings. We present Conflict–Evidential Inference Network (CEI-Net), an uncertainty-aware framework that reframes multi-view mammography classification as evidential reasoning under disagreement. Rather than enforcing consensus at the feature level, CEI-Net represents each view as a source of uncertain evidence and performs fusion by selectively moderating class hypotheses that are unsupported across views. This design allows disagreement to manifest as calibrated uncertainty when appropriate while still enabling confident decisions when reliable evidence is available from a single view. Empirical evaluation of the CBIS-DDSM and VinDr-Mammo benchmarks shows that this conflict-aware inference paradigm yields consistent improvements in discrimination and calibration over deterministic fusion methods, without adding auxiliary routing/quality networks. These findings suggest that explicitly reasoning about disagreement, rather than absorbing it, is critical for robust and interpretable multi-view decision-making in clinical screening. Our code is publicly available at https://github.com/rayhan-ahmed91/CEI-Net.",ok,
