title,paper_url,pdf_url,code_url,category,Body,Applications,Machine Learning,authors,abstract,status,error
3D Cerebrovascular Shape Completion from Biplane Angiography and CTA Prior,https://papers.miccai.org/miccai-2026/0001-Paper2705.html,https://papers.miccai.org/miccai-2026/paper/2705_paper.pdf,https://github.com/janik-j/cta-dsa-fusion,reconstruction,Vasculature,Image-Guided Interventions,Deep Learning,"Jehkul, Janik | Frisken, Sarah | Gopalakrishnan, Vivek | Rueckert, Daniel | Haouchine, Nazim","We propose a novel approach to bridge the resolution and dimensionality gap between CTA, which provides 3D vascular geometry but often misses small vessels, and biplanar 2D DSA, which offers higher spatial resolution but lacks 3D structural information, by formulating the problem as a 3D shape completion task. Our method represents vasculature using a set of 3D Gaussians initialized from CTA-derived vessel geometry and augmented with additional spatial and opacity primitives seeded from two DSA projections. These Gaussians jointly encode geometry and attenuation and are optimized to fit the observed DSA images while remaining consistent with the original CTA anatomy. Experiments on synthetic and clinical cerebrovascular data demonstrate improved 3D reconstruction of small vessel branches at submillimetric resolution, validating the use of DSA to complement missing CTA vessel anatomy.",ok,
A Deep Learning Surrogate Model for Microwave Thermal Ablation: From Preoperative Planning to Intraoperative Re-planning,https://papers.miccai.org/miccai-2026/0007-Paper4859.html,https://papers.miccai.org/miccai-2026/paper/4859_paper.pdf,,classification,Abdomen,Digital Twins / Simulation / Synthetic Data; Outcome Prediction / Prognosis / Longitudinal Modeling,Deep Learning; Synthetic Data / Data-centric AI,"Nahmed, Ilias | Dettori, Francesco | Duprez, Michel | Alvarez, Pablo | Cotin, Stéphane","With the increasing interest in thermal ablation therapies, patient-specific predictive simulations have become crucial for improving both preoperative planning and intraoperative corrections. Planning strategies typically rely on the solution of an inverse problem, yet high-fidelity finite element simulations remain computationally prohibitive when embedded within an optimization loop under strict clinical time constraints. In this work, we introduce a real-time deep learning surrogate model for predicting liver microwave ablation outcomes, trained exclusively on synthetic data and personalized through 3D perfusion maps that encode patient anatomy and local perfusion rates. This surrogate model takes as input the antenna position, power and ablation duration, and outputs the predicted necrosis volume within a few milliseconds. Once integrated into an optimization loop, it becomes possible to propose antenna trajectories and ablation settings that maximize tumor coverage while minimizing damage to healthy tissue. We demonstrate this on clinical data via a physics-based optimization framework that computes optimal ablation parameters in under 2 minutes, critical for preoperative planning or intraoperative re-planning in microwave ablation. The surrogate model was validated on in vivo pre-clinical data where it achieved an average Dice coefficient of 0.82 for necrosis mask prediction.",ok,
A Flexible Structure-Guided Feature Aggregation Paradigm for Efficient Vascular Representation,https://papers.miccai.org/miccai-2026/0008-Paper4457.html,https://papers.miccai.org/miccai-2026/paper/4457_paper.pdf,https://github.com/YaoleiQi/VSP,other,Vasculature,Image Segmentation,Deep Learning,"Qi, Yaolei | Peng, Wenbo | Wang, Tong | Xu, Chenwei | Zhang, Yuan | Yang, Guanyu","Accurate representation of vascular structures is fundamental for a wide range of clinical applications and remains challenging due to the slender geometry, complex branching topology, and long-range continuity inherent to tree-like vasculature. Although structural priors have been widely explored in vascular image analysis, existing approaches typically integrate such priors implicitly or isotropically during feature aggregation, limiting their ability to faithfully capture directional and structural dependencies along the vessels. In this study, we propose a flexible, structure-guided feature aggregation paradigm that explicitly incorporates anatomical structural cues into the feature aggregation process for efficient vascular representation. The core idea is to aggregate features along directionally guided paths that follow local vascular structures, enabling consistent propagation of structural information while maintaining computational efficiency. To avoid indiscriminate prior enforcement, the proposed paradigm further introduces an adaptive mechanism that selectively injects structural guidance where representation is most challenging. This aggregation paradigm is lightweight, modular, and can be seamlessly integrated into multi-stage feature hierarchies without altering the backbone architecture. Extensive experiments on vascular imaging tasks show that our approach consistently improves the quality of vascular representation. Our code is available at: https://github.com/YaoleiQi/VSP.",ok,
A Guideline-Aware AI Agent for Zero-Shot Target Volume Auto-Delineation,https://papers.miccai.org/miccai-2026/0009-Paper5049.html,https://papers.miccai.org/miccai-2026/paper/5049_paper.pdf,https://github.com/Oncosoft-Research/OncoAgent,Agent,Lung / Thoracic,Image Segmentation,Multimodal Models / LLMs / VLMs,"Kim, Yoon Jo | Cho, Wonyoung | Lee, Jongmin | Chae, Han Joo | Park, Hyunki | Seo, Sang Hoon | Noh, Jae Myung | Yang, Kyungmi | Oh, Dongryul | Kim, Jin Sung","Delineating the clinical target volume (CTV) in radiotherapy involves complex margins constrained by tumor location and anatomical barriers. While deep learning models automate this process, their rigid reliance on expert-annotated data requires costly retraining whenever clinical guidelines update. To overcome this limitation, we introduce OncoAgent, a novel guideline-aware AI agent framework that seamlessly converts textual clinical guidelines into three-dimensional target contours without any target volume annotation. Evaluated on esophageal cancer cases, the agent achieves a Dice similarity coefficient of 0.842 for the CTV and 0.880 for the planning target volume, demonstrating performance highly comparable to a fully supervised nnU-Net baseline. Notably, in a blinded clinical evaluation, physicians strongly preferred OncoAgent over the supervised baseline, rating it higher in guideline compliance, modification effort, and clinical acceptability. Furthermore, without any retraining, the framework generalizes to alternative esophageal guidelines and shows preliminary extensibility to other anatomical sites (e.g., prostate). Beyond mere volumetric overlap, our agent-based paradigm offers near-instantaneous adaptability to alternative guidelines, providing a scalable and transparent pathway toward interpretability in radiotherapy treatment planning.",ok,
A Heterogeneous Prognosis Prediction Framework with Global Brain Connectivity and Local Image Features,https://papers.miccai.org/miccai-2026/0010-Paper1042.html,https://papers.miccai.org/miccai-2026/paper/1042_paper.pdf,,classification,Brain,Outcome Prediction / Prognosis / Longitudinal Modeling,Deep Learning,"Lin, Jingfeng | Pan, Junjun | Wang, Jinda | Tang, Zhenyu","Diffuse glioma is the most prevalent malignant brain tumor, and accurate prognosis prediction is essential in personalized treatment to improve outcomes. Although numerous deep learning based methods have been proposed for prognosis prediction, most of them rely solely on local image features of tumor regions. They neglect the fact that the brain is an integrated and highly interconnected system, and tumors can disrupt the global brain connectivity, which is closely associated with prognosis. To address this limitation, we present a novel heterogeneous framework that integrates global brain connectivity and local image features for prognosis prediction. Specifically, our framework consists of a DTI based graph neural network (GNN) and a structural MR based local feature network (LFN), which are coupled through an iterative pipeline. In each iteration, the GNN models the global connectivity among brain regions (nodes) with consideration of brain compensation caused by tumor disruptions, while the LFN leverages the resulting global brain connectivity to extract effective local image features from each brain region, which are used to refine the brain nodes in the GNN for improved connectivity modeling in the next iteration. Through the iterative process, the global brain connectivity in the GNN and the local image features in the LFN are mutually enhanced, leading to accurate prognosis prediction. Extensive experiments on a public UCSF dataset of 493 diffuse glioma patients demonstrate that our framework outperforms the state-of-the-art methods. Further ablation studies reveal that the global brain connectivity is crucial and highly related to prognosis.",ok,
A Multi-center Benchmark for Abdominal Disease Diagnosis and Report Generation from Non-Contrast CT,https://papers.miccai.org/miccai-2026/0013-Paper5454.html,https://papers.miccai.org/miccai-2026/paper/5454_paper.pdf,https://github.com/xmed-lab/TriALS-Report/,image synthesis,Abdomen; Pelvis / Reproductive System; Whole-body / Multi-organ / Other,Anomaly / Lesion Detection,,"Elbakry, Mariam | Sheha, Aliaa Sayed | Tantawy, Salma Hassan | Yassin, Aya | Spampinato, Concetto | Lekadir, Karim | Li, Xiaomeng | Elbatel, Marawan","Multiphasic contrast-enhanced CT (CECT) is widely used for abdominal lesion characterization, yet it carries inherent risks of contrast-induced nephropathy, escalates acquisition burden, and heavily contributes to radiologist workload. To address these challenges, we introduce a novel multi-center benchmark for multi-organ abdominal disease diagnosis and automated radiology report generation, which learns to synthesize contrast-enhanced findings from single-phase non-contrast CT (NCCT). To support this, we curated a large-scale dataset of paired NCCT–CECT studies and their corresponding contrast-enhanced radiology reports from two centers, partitioned into internal sets and an external validation cohort. Under a unified evaluation protocol, we benchmarked five contemporary deep learning architectures encompassing chest-specific, abdomen-specific, and general-purpose multimodal domains. Extensive experiments demonstrate that NCCT retains diagnostic signals, achieving an average multi-organ AUC of 71.1% on the internal cohort and 66.2% on the external cohort, respectively. By releasing this dataset and standardized benchmark publicly, this study aims to catalyze future research into safer, resource-efficient, and globally accessible contrast-free abdominal imaging workflows. Code is available at: https://github.com/xmed-lab/TriALS-Report.",ok,
A Real-World Evaluation of Failure Detection for Liver CT Segmentation,https://papers.miccai.org/miccai-2026/0017-Paper6055.html,https://papers.miccai.org/miccai-2026/paper/6055_paper.pdf,https://github.com/mckellwoodland/liver_ct_ood_translation,segmentation,Abdomen,Image Segmentation,Uncertainty Quantification,"Bennett, Jeddy | Woodland, McKell | Castelo, Austin | Altaie, Mais | Anthony, Ajith | Siddiqi, Noreen S. | Long, James P. | Brock, Kristy K.","Deep learning models deployed in clinical imaging frequently encounter distribution shifts, yet most out‑of‑distribution (OOD) detection methods are evaluated only on controlled research datasets. As a result, it is unclear whether existing approaches can reliably identify segmentation failures that arise in real‑world clinical practice. We evaluated six OOD detection methods on a deployed liver CT segmentation model (3D nnU‑Net) using internal data from 400 patients and external data from 100 patients collected across nearly 70 sites in 7 countries. One method was Pairwise Surface DSC, a surface-based extension of Pairwise DSC, that we introduced. OOD performance was measured using sensitivity, AUROC, and balanced accuracy, with thresholds determined on an independent cohort of 400 patients using the Youden J statistic. Statistical significance was assessed using McNemar tests and stratified bootstraps (α = 0.05) with Benjamini–Hochberg correction. Pairwise Surface DSC was the top-performing method, with perfect sensitivities (1.00), near-perfect AUROCs (0.97 internal; 1.00 external), and the highest balanced accuracies (0.94 internal; 0.88 external; p<0.001). These results show that automated failure detection for liver CT segmentation is clinically feasible and that Pairwise Surface DSC is a promising candidate for deployment. Our code is available at https://github.com/mckellwoodland/liver_ct_ood_translation.",ok,
AbdomenGen: Sequential Volume-Conditioned Diffusion Framework for Abdominal Anatomy Generation,https://papers.miccai.org/miccai-2026/0021-Paper5543.html,https://papers.miccai.org/miccai-2026/paper/5543_paper.pdf,,image synthesis,Abdomen,Digital Twins / Simulation / Synthetic Data,Deep Learning,"Bhandari, Yubraj | Dahal, Lavsen | Segars, Paul | Lo, Joseph Y.","Computational phantoms are widely used in medical imaging research, yet current systems to generate controlled, clinically meaningful anatomical variations remain limited. We present AbdomenGen, a sequential volume-conditioned diffusion framework for controllable abdominal anatomy generation. We introduce the Volume Control Scalar (VCS), a standardized residual that decouples organ size from body habitus, enabling interpretable volume modulation. Organ masks are synthesized sequentially, conditioning on the body mask and previously generated structures to preserve global anatomical coherence while supporting independent, multi-organ control. Across 11 abdominal organs, the framework generates realistic anatomies, achieving highest fidelity for major solid organs (e.g., liver Dice 0.83 ± 0.05). VCS yields stable single-organ calibration over [−3, +3] and disentangled multi-organ modulation. To showcase clinical utility on a hepatomegaly cohort selected from Merlin Dataset, Wasserstein-based VCS selection reduces distributional distance by 73.6% relative to the training distribution. These results demonstrate calibrated, distribution-aware anatomical generation suitable for controllable abdominal phantom construction.",ok,
ACA: Post-hoc Adaptive Logit Alignment for 3D Medical Image Segmentation,https://papers.miccai.org/miccai-2026/0022-Paper4515.html,https://papers.miccai.org/miccai-2026/paper/4515_paper.pdf,https://github.com/MelindaDong/aca-segmentation,classification&segmentation,Whole-body / Multi-organ / Other,Image Segmentation,Fairness / Safety / Reliability,"Dong, Nanyu | Chen, Qi | Verjans, Johan | Liao, Zhibin","Despite the rapid advancement of 3D medical image segmentation foundation models trained on large-scale datasets, generalization to unseen data remains challenging. We observe that performance degradation is closely associated with localized voxel-level confidence distribution shifts between training and testing data. Existing Unsupervised Domain Adaptation (UDA) methods attempt to address sample-level domain discrepancies; however, they typically rely on computationally expensive gradient-based updates, which may lead to catastrophic forgetting and degradation of pretrained representations. To address these limitations, we propose a simple yet efficient post-hoc method termed Adaptive Cliff Alignment (ACA) to reduce voxel-level confidence distribution gaps in logit space. Our approach analyzes the shape of the predicted logit distributions and performs isotonic-regression-based quantile matching to align training and testing distributions. Importantly, the proposed alignment is confined to the model-uncertain region of the logit space rather than applied globally, enabling targeted correction while preserving confident predictions. Extensive experiments across multiple 3D medical image segmentation benchmarks demonstrate that ACA effectively mitigates train–test prediction distribution shifts and consistently improves segmentation performance in a train-free manner. Code is available at https://github.com/MelindaDong/aca-segmentation.",ok,
Active Source-free Domain Adaptation in Open-set Medical Image Segmentation via Decomposed Uncertainty and Prototype Discrepancy,https://papers.miccai.org/miccai-2026/0027-Paper2507.html,https://papers.miccai.org/miccai-2026/paper/2507_paper.pdf,,segmentation,Abdomen,Image Segmentation,Deep Learning; Domain Adaptation / Harmonization,"Yang, Jin | Zhang, Yichi | Qiu, Peijie | Yu, Xiaobing","Deep learning (DL) methods are challenged to demonstrate robust performance across different segmentation datasets due to domain shifts, but active domain adaptation techniques enhance their generalization performance by querying a few samples from target domains for adaptation training. However in clinical practice, target domains often include private classes of new anatomical structures or pathologies that are not presented in the source data, and existing methods implement closed-set segmentation where source and target domains have the same segmentation classes. Additionally, source data are often inaccessible during adaptation due to strict data privacy regulations. To address these limitations, we propose an Active Source-free Open-set Domain Adaptation (ASFOSDA) method which is the first work to implement active learning for adapting DL models in open-set medical image segmentation without the access to source data. This method employs an active open-set query strategy to select the most informative target samples for training models based on Class-aware Decomposed Uncertainty (CDU) and Class-agnostic Prototype Discrepancy (CPD). CDU measures sample aleatoric uncertainty and model epistemic uncertainty by employing test time augmentation in stochastic processes. CPD measures cross-domain and self-domain discrepancy for selecting diverse samples. Subsequently, to boost the adaptation performance by enhancing training samples, a Target-refined Self-training strategy is proposed to generate high-quality pseudo labels for unselected samples, thus combining them with labeled samples for a semi-supervised training. We evaluated our method on cross-domain open-set volumetric medical image segmentation tasks, and it outperformed state-of-the-art adaptation methods.",ok,
Adapting Without Access: Black-Box Bayesian Adaptation for Trustworthy Cross-Center Medical Image Segmentation,https://papers.miccai.org/miccai-2026/0031-Paper3550.html,https://papers.miccai.org/miccai-2026/paper/3550_paper.pdf,,segmentation,Abdomen; Cardiac,Image Segmentation,Deep Learning; Domain Adaptation / Harmonization,"Han, Xiaoxiang | Liu, Yiman | Xu, Lixin | Wang, Meng | Xu, Xiang | Wang, Yan | Zhang, Yuqi | Zhang, Qi","Cross-center deployment of medical image segmentation models faces dual challenges: domain shifts from varying imaging protocols and strict clinical constraints on privacy, security, and trustworthiness. Most existing domain adaptation methods require access to source-domain data or model parameters, which may cause privacy leakage and model attacks in real clinical settings. To bridge this gap, we propose a general, privacy-preserving, and trustworthy online adaptation framework. Under a strictly black-box setting (no source data, no parameter access), yet it continuously improves segmentation performance on the target domain and quantifies reliable uncertainty. We reformulate adaptation as approximate Bayesian inference over input-space perturbations: (1) we replace parameter updates with function-space posterior sampling via frequency-domain amplitude perturbations that preserve anatomical structures through phase spectrum invariance; (2) predictive uncertainty from posterior ensembles guides source-consistent adaptation by filtering unreliable samples; (3) semantic anchors and a memory-based empirical prior jointly prevent error accumulation. Experiments on multiple public and private cross-center datasets demonstrate consistent out-of-domain performance gains and well-calibrated uncertainty estimates under strict black-box settings.",ok,
AHPR-Net: Anatomy-aware Hierarchical Prompting Refinement Network for Spine Image Segmentation,https://papers.miccai.org/miccai-2026/0042-Paper3186.html,https://papers.miccai.org/miccai-2026/paper/3186_paper.pdf,https://github.com/zjy399/AHPR-Net,segmentation,Spine,Image Segmentation,Deep Learning,"Zhao, Junyong | Wang, Kun | Fan, Dingwei | Dou, Qi | Sun, Liang | Zhang, Daoqiang","Accurate spine segmentation is pivotal for surgical planning, yet remains hindered by complex anatomical structures and ambiguous boundaries. Recently, Segment Anything Model (SAM)-based methods have shown impressive generalization. However, single-level prompts often fail to fully capture semantic discriminability and anatomical consistency in spine imaging. To address these challenges, in this paper, we propose an anatomy-aware hierarchical prompting refinement network for spine image segmentation, called AHPR-Net. Specifically, to enhance the semantic richness of prompt information, we propose a hierarchical multi-level prompting strategy that jointly incorporates categorical semantics, anatomical relational priors, and morphological shape information to provide anatomically grounded guidance for spine segmentation. Then, to effectively fuse multi-level prompt information, we design a dynamic prompt tuning module that adaptively selects and enhances the most informative prompts and improves the perception ability of the complex anatomical structures of the spine. Furthermore, richer anatomical prompts alone cannot eliminate boundary ambiguity and the resulting uncertainty, we propose an uncertainty-guided refinement strategy that explicitly models boundary uncertainty to improve structural reliability during training. Experimental results on an in-house spine dataset and a public SPINDER dataset demonstrate that our proposed method achieves superior segmentation performance compared to several state-of-the-art methods.",ok,
ALFA: Biplanar X-Ray Reconstruction via Anatomy-Latent Field Adaptation,https://papers.miccai.org/miccai-2026/0044-Paper0037.html,https://papers.miccai.org/miccai-2026/paper/0037_paper.pdf,,image synthesis,Head & Neck,Image Reconstruction,Other,"Yu, Tianqi | Du, Chenhe | Wen, Jie | Wei, Hongjiang | Zhang, Yuyao","Biplanar X-ray 3D reconstruction offers a low-cost, low-dose alternative to computed tomography (CT) by inferring volumetric anatomy from two orthogonal projections. However, this task is highly ill-posed due to severe information loss. Existing methods either hallucinate missing structures via generative priors or learn supervised end-to-end mappings from X-rays to CT volumes—both requiring paired data and retraining when imaging geometry or acquisition settings change. We present ALFA, a two-stage framework that redefines the learning paradigm for biplanar reconstruction. First, ALFA learns a spatially continuous and anatomically consistent latent space derived from CT volumes using a shared implicit neural representation (INR), encoding each subject as a latent vector that decodes into a continuous 3D field. Then, given real X-rays, reconstruction is achieved through geometry-aware latent optimization, aligning synthesized and measured projections under true imaging geometry. By decoupling anatomical representation from geometry adaptation, ALFA is able to generalize seamlessly across devices and acquisition setups without retraining. ALFA uses a new decoupling paradigm instead of the previous black-box approach, advancing the dual-plane X-ray imaging model to “plug and play with any device” under ideal conditions.",ok,
AMFG: Anatomy-Grounded Multi-finding Guidance for Training-Free Chest X-Ray Generation,https://papers.miccai.org/miccai-2026/0048-Paper4880.html,https://papers.miccai.org/miccai-2026/paper/4880_paper.pdf,,classification&segmentation,Lung / Thoracic,Image Synthesis / Augmentation / Super-Resolution,Deep Learning; Foundation Models; Multimodal Models / LLMs / VLMs; Reinforcement Learning / Control / Decision-Making,"Han, Yeon Gyu | Jung, Junah | Park, Chang Min | Lee, Dongheon","Text-conditioned diffusion models have enabled chest X-ray (CXR) synthesis, yet when prompted with multi-finding radiology reports they frequently omit findings or place them at anatomically incorrect locations. Existing approaches improve this through reinforcement learning or adapter training, but their reliance on additional training limits portability across base models. We propose AMFG (Anatomy-grounded Multi-Finding Guidance), a training-free framework applied at inference time to a frozen CXR diffusion model. AMFG comprises three complementary guidance signals: (1) finding presence guidance using a pretrained pathology classifier, (2) anatomical grounding guidance that constrains cross-attention maps to clinically correct regions via segmentation masks, and (3) finding interaction guidance that enforces spatial consistency among co-occurring findings. All components use only existing public models with no additional training. Experiments on MIMIC-CXR demonstrate that AMFG achieves the highest anatomical correctness among all compared methods and that this accuracy translates into superior downstream classifier performance, demonstrating that explicit anatomical grounding—rather than additional training alone—is key to clinically useful synthetic CXR data.",ok,
An Artifact-Based Agent Framework for Adaptive and Reproducible Medical Image Processing,https://papers.miccai.org/miccai-2026/0049-Paper2038.html,https://papers.miccai.org/miccai-2026/paper/2038_paper.pdf,https://github.com/MASILab/medimg-agent,Agent,Brain; Lung / Thoracic,Other; Visualization in Biomedical Imaging,Other,"Zuo, Lianrui | Liu, Yihao | Rudravaram, Gaurav | Ramadass, Karthik | Krishnan, Aravind R. | Phillips, Michael D. | Bodien, Yelena G. | Patel, Mayur B. | Trujillo, Paula | Forero Martinez, Yency | Deppen, Stephen A. | Grogan, Eric L. | Maldonado, Fabien | McGann, Kevin | Holmes, Hudson M. | Cutting, Laurie E. | Huo, Yuankai | Landman, Bennett A.","Medical imaging research is increasingly shifting from controlled benchmark evaluation toward real-world clinical deployment. In such settings, applying analytical methods extends beyond model design and requires dataset-aware workflow configuration and provenance tracking. Two requirements therefore become central: adaptability, the ability to configure workflows according to dataset-specific conditions and evolving analytical goals; and reproducibility, the guarantee that all transformations and decisions are explicitly recorded and re-executable. Here, we present an artifact-based agent framework that introduces a semantic layer to augment medical image processing. The framework formalizes intermediate and final outputs through an artifact contract, enabling structured interrogation of workflow state and goal-conditioned assembly of configurations from a modular rule library. Execution is delegated to a workflow executor to preserve deterministic computational graph construction and provenance tracking, while the agent operates locally to comply with most privacy constraints. We evaluate the framework on real-world clinical CT and MRI cohorts, demonstrating adaptive configuration synthesis, deterministic reproducibility across repeated executions, and artifact-grounded semantic querying. These results show that adaptive workflow configuration can be achieved without compromising reproducibility in heterogeneous clinical environments. Our code is available at https://github.com/MASILab/medimg-agent",ok,
Anatomically Accurate 3D Vessel Generation via 3-Phase Chebyshev Curve Diffusion,https://papers.miccai.org/miccai-2026/0050-Paper4807.html,https://papers.miccai.org/miccai-2026/paper/4807_paper.pdf,https://github.com/mozzi-bro/Chebyshev_Diffusion,image synthesis,Cardiac; Vasculature,Digital Twins / Simulation / Synthetic Data; Image Synthesis / Augmentation / Super-Resolution,Deep Learning; Synthetic Data / Data-centric AI,"Mo, Jihwan | Yoo, Sangbaek | Choi, Jaesoon | Chang, Dong Eui","Large-scale collection of 3D vascular data is inherently difficult, resulting in scarce publicly available datasets. Existing methods represent vessel edges as discrete point sequences, which cannot guarantee smoothness and lose millimeter-scale size information through normalization. We propose 3-Phase Chebyshev Curve Diffusion, a framework that generates vessel curves directly in a continuous polynomial coefficient space, an approach not previously explored for vascular generation. Chebyshev coefficients yield a fixed-dimensional, length-independent representation that inherently ensures C-infinity smoothness without post-processing. We further design auxiliary modules that recover mm-scale size lost due to normalization and a mechanism that preserves overall curve trajectories. On the ImageCAS coronary artery dataset, we achieve superiority over two existing methods across key anatomical metrics, including up to a 5.2-times reduction in curvature Wasserstein distance, while confirming mm-scale accuracy.",ok,
Anatomy-Aware Hierarchical Multiple Instance Learning for Interpretable COPD Diagnosis and Phenotype Analysis,https://papers.miccai.org/miccai-2026/0054-Paper6264.html,https://papers.miccai.org/miccai-2026/paper/6264_paper.pdf,https://github.com/rahaahmadi/AnatoMIL,classification,Lung / Thoracic,Computer-Aided Diagnosis,Deep Learning; Interpretability / Explainability; Semi- / Weakly- / Self-supervised Learning,"Ahmadi, Raha | Sin, Don | Lam, Stephen | Eddy, Rachel | Tam, Roger","Chronic obstructive pulmonary disease (COPD) is a leading cause of mortality worldwide. COPD causes irreversible lung damage, making early detection essential for slowing disease progression. However, current clinical assessments primarily rely on pulmonary function tests, which require respiratory expertise and cannot fully capture underlying structural abnormalities. Chest computed tomography (CT) provides rich anatomical information, yet manual interpretation remains challenging due to COPD’s subtle, diffuse, and heterogeneous disease patterns. Multiple instance learning (MIL) has demonstrated promising performance for weakly supervised COPD classification, but existing methods largely focus on prediction accuracy and offer limited anatomical interpretability, which reduces trustworthiness and phenotype-level insight. In this work, we propose AnatoMIL, an anatomy-aware hierarchical MIL framework for joint COPD detection, severity estimation, and phenotype analysis from 2D CT slices. Our method incorporates lung lobe information to guide hierarchical feature aggregation and employs a dual-head strategy for binary classification and ordinal severity modeling. Furthermore, we analyze the relationship between severity stages and lobe-level contribution profiles to characterize spatial disease patterns. The proposed model is trained and validated on a lung cancer screening dataset with 2,357 scans and externally evaluated on a dataset with 1,753 scans from an independent observational COPD study, demonstrating robust performance and strong generalization. This framework enables interpretable and robust COPD detection and phenotype analysis from CT imaging and has the potential to improve the ability to diagnose and understand the disease patterns of COPD.",ok,
Anatomy-Aware Prediction of Bronchoscopic Accessibility from 3D CT,https://papers.miccai.org/miccai-2026/0055-Paper2633.html,https://papers.miccai.org/miccai-2026/paper/2633_paper.pdf,https://nubagcilab.github.io/BronchoAccess/,classification,Lung / Thoracic,Computer-Aided Diagnosis,,"Peng, Linkai | Sun, Cuiling | Wang, Bin | Rowell, Jamie | Gao, Catherine | Ikizgul, Oyku | Sentasci, Eminenur | Bejar, Andrea | Aktas, Halil Ertugrul | Durak, Gorkem | Wahidi, Momen | Kapp, Christopher | Bagci, Ulas","Pre-operative planning for bronchoscopy is critical for the diagnosis of lung lesions. Current accessibility assessment relies on subjective manual inspection of CT scans, which is time-consuming and prone to inter-observer variability. In this paper, we formalize bronchoscopy accessibility prediction as a novel supervised learning task and present the first end-to-end framework to address it. We propose an Anatomy-Aware Mixture-of-Experts (MoE) model that integrates specialized modules: a CT Expert for local morphological features, a Lobe Expert for anatomical priors, and a Path Geometry Expert that encodes the sequential constraints of the bronchial tree. To support this task, we curated the first clinical dataset of 438 cases with pre-operative CT scans and documented procedural outcomes. Experimental results demonstrate that our method achieves an AUROC of 0.8052, significantly outperforming both state-of-the-art baselines and experienced human experts. This work establishes a new benchmark for computer-aided interventional planning in pulmonary medicine. Our data and code will be publicly available at https://nubagcilab.github.io/BronchoAccess/.",ok,
Anatomy-Conditioned Domain Randomization for Zero-Shot 3D Cerebrovascular Segmentation,https://papers.miccai.org/miccai-2026/0058-Paper2678.html,https://papers.miccai.org/miccai-2026/paper/2678_paper.pdf,https://github.com/erc-caravel/anatomical_vessel_dr,segmentation,Brain; Vasculature,Image Segmentation,Deep Learning; Domain Adaptation / Harmonization; Synthetic Data / Data-centric AI,"Pentassuglia, Matteo | Zhang, Xiaoming | Billot, Benjamin | Zuluaga, Maria A.","Domain randomization methods have shown strong cross-domain robustness in neuroimaging, yet their use for 3D cerebrovascular segmentation remains limited. Existing vascular synthetic pipelines largely model vessel morphology and appearance in isolation, with limited explicit control of organ-level anatomical context during image generation. We propose an anatomy-conditioned DR framework for zero-shot 3D cerebrovascular segmentation using only synthetic training images that addresses these challenges through three task-specific components: anatomically consistent background context, morphology-aware vessel enrichment, and contrast-aware randomized label-to-image synthesis. A 3D CNN is trained exclusively on synthetically generated images and corresponding vessel masks, with no target-domain images or masks used for training or model selection. Under strict zero-shot evaluation on unseen TOF-MRA and CTA datasets, our method improves over a vessel-centric synthetic baseline and matches or exceeds a vessel-specific foundation model on CTA, while remaining competitive on TOF-MRA. These results show that anatomy-conditioned DR can provide a label-efficient alternative to large foundation-model pipelines for robust zero-shot 3D cerebrovascular segmentation. Our code is available at \url{https://github.com/erc-caravel/anatomical_vessel_dr}",ok,
Anatomy-Grounded Synthetic Coronary Angiography for Geometry-Informed Multi-view Matching,https://papers.miccai.org/miccai-2026/0059-Paper6167.html,https://papers.miccai.org/miccai-2026/paper/6167_paper.pdf,https://github.com/medipixel/GIMM,image synthesis,Cardiac,Digital Twins / Simulation / Synthetic Data; Image Reconstruction,Deep Learning; Synthetic Data / Data-centric AI,"Lee, In Kyu | Seo, Sumin | Min, Jaesik","Accurate correspondence matching across multiple angiographic views is the prerequisite for 3D coronary reconstruction and interventional guidance. However, the development of robust deep learning models for this task has been stifled by a fundamental data bottleneck. Obtaining ground truth for matching tasks in angiography pairs is prohibitively expensive and hard to scale. To overcome this barrier, we introduce a physically-grounded data generation framework that synthesizes high-fidelity Digital Reconstructed Radiographs (DRRs) from 3D Coronary CT Angiography (CCTA) volumes. Our framework generates dense, highly accurate 3D-to-2D correspondence labels by simulating realistic C-arm acquisition geometry on patient anatomy at zero human cost. Leveraging this dense supervision, we propose a Geometry-Informed Matching Module (GIMM) that integrates global feature and anatomical structure into correspondence learning. Unlike real angiography where assessment relies on subjective human annotation, our dataset provides 2D correspondence labels with paired images, allowing human-free evaluation. We comprehensively evaluate our method on the proposed CT-derived DRR dataset and demonstrate improvements over other matching baseline models. As the first public benchmark dataset for coronary correspondence matching, we will release our dataset and code in http://github.com/medipixel/GIMM.",ok,
Anatomy-Structured Hierarchical MIL for Weakly-Supervised Thoracic Disease Detection in Chest X-Rays,https://papers.miccai.org/miccai-2026/0061-Paper4609.html,https://papers.miccai.org/miccai-2026/paper/4609_paper.pdf,https://github.com/jn-kim/ash-mil,detection/localization,Lung / Thoracic,Anomaly / Lesion Detection; Computer-Aided Diagnosis,Foundation Models; Interpretability / Explainability; Semi- / Weakly- / Self-supervised Learning,"Kim, Jeongin | Ahn, Sohyun | Kang, Seo Young | Sung, Jaeyi | Kim, Soomin | Cho, Sungho | Lee, Rena | Kim, Kwanchang | Noh, Junhyug","Weakly-supervised thoracic disease detection in chest X-rays (CXR) is challenging due to subtle appearances and complex anatomical overlap, motivating anatomy-aware modeling for improved localization. However, prior anatomy-aware methods typically rely on coarse region proxies or static spatial priors, which may restrict dynamic instance discovery and limit precise localization of small abnormalities. We propose Anatomy-Structured Hierarchical Multiple Instance Learning (ASH-MIL), a framework that introduces parallel anatomy-structured observation branches (cardiac, pulmonary, and agnostic) combined with hierarchical MIL aggregation. Anatomical priors are injected as soft spatial biases into decoder cross-attention, enabling anatomically grounded evidence maps without disease bounding-box supervision. Instance localization is derived directly from MIL-weighted cross-attention maps. Experiments on CXR8 and cross-domain MIMIC-CXR held-out sets demonstrate consistent improvements over prior weakly-supervised and anatomy-aware approaches, particularly under stricter localization criteria. Our code is available at https://github.com/jn-kim/ash-mil.",ok,
APEX-SAM: Anatomy-Aware Prompting with Expert Retrieval for Training-Free Medical Image Segmentation,https://papers.miccai.org/miccai-2026/0067-Paper0425.html,https://papers.miccai.org/miccai-2026/paper/0425_paper.pdf,https://github.com/Trump0412/APEX-SAM,segmentation,Brain,Image Segmentation,Semi- / Weakly- / Self-supervised Learning,"Mao, Zhihao | Chen, Bangpu | Lei, Qi | Tan, Jiaqi | Sun, Kun","Training-free cross-domain few-shot medical image segmentation aims to segment unseen anatomies without parameter updates, addressing the high cost of dense annotation and domain-specific fine-tuning in clinical practice. Existing support-driven prompting methods face three limitations: support exemplars are randomly selected without quality assurance, geometric alignment is poorly modeled, and multi-modal prompt capabilities remain underexploited. We present APEX-SAM, a retrieval-augmented framework with three innovations. Quality-aware expert retrieval (QAR) builds a dual-stream DINO/SigLIP expert bank with diversity-aware selection to ensure support-query compatibility. Anatomy-aware prompt mining (APM) performs style-aligned geometric matching and anatomy-guided point sampling from morphological priors. Hybrid multi-modal fusion (HMF) fuses three SAM branches (point, text, and box prompts) via training-free feature-consensus weighting. Experiments on three cross-domain benchmarks confirm state-of-the-art performance among training-free methods, with ablations validating each component’s contribution.",ok,
Artery and vein segmentation on brain CTA using CTP for contrast-phase augmentation,https://papers.miccai.org/miccai-2026/0071-Paper4264.html,https://papers.miccai.org/miccai-2026/paper/4264_paper.pdf,,classification&segmentation,Brain; Vasculature,Image Segmentation; Visualization in Biomedical Imaging,Deep Learning,"van Voorst, Henk | de Wilde, Daniel | Canals, Pere | Schwartz, Maya | Kesten, Jamie | Konduri, Praneeta R. | Zamarud, Aroosa | Jiang, Bin | Christensen, Soren | Kim, Donghoon | Liu, Yongkai | Albers, Greg | Sharma, Gagan | Parsons, Mark | Zaharchuk, Greg | Lansberg, Maarten | Heit, Jeremy","Detailed automated artery and vein segmentation on brain CT angiography (CTA) enables the use of standardized quantitative collateral scores for prognosticating outcomes to support treatment decisions in acute ischemic stroke. However, current deep learning methods for vessel segmentation are inaccurate for small vessels, fail to separate arteries and veins, do not account for variations in contrast bolus timing, and require laborious manual annotations. To address these issues, we developed a deep learning method to separate intracranial artery and vein segmentation from semi-automatically annotated thin-slice CT perfusion (CTP) source data. These CTPs were used to simulate CTAs with variable contrast timing, thereby enabling contrast-phase augmentation during training. We compared models trained with and without contrast-phase augmentation and evaluated replicability across models trained from scratch and fine-tuned foundation models. Segmentation volumes in either hemisphere were used to automatically measure arterial and venous quantitative collateral scores (aQCS/vQCS) that were compared to expert-rated Tan scores (0-3) and cortical vein opacification scores (COVES; 0-6). Across external test sets of simulated and real CTAs, contrast-phase augmentation improved artery and vein segmentation performance for models trained from scratch, but yielded only a limited or no gain for foundation models. Models trained from scratch outperformed fine-tuned foundation models. aQCS and vQCS showed high agreement with expert rater scores. Our results demonstrate the quantitative benefits and clinical utility of contrast-phase augmentation for deep-learning-based artery and vein segmentation.",ok,
AtomiMed: Hierarchical Atomic Fact-Checking for Universal Clinical-Aware Medical Report Evaluation,https://papers.miccai.org/miccai-2026/0077-Paper2351.html,https://papers.miccai.org/miccai-2026/paper/2351_paper.pdf,https://github.com/Venn2336/MRGEvalkit,Agent,Whole-body / Multi-organ / Other,Computer-Aided Diagnosis,Deep Learning; Evaluation / Benchmarking / Reproducibility; Multimodal Models / LLMs / VLMs,"Wang, Yuan | Chang, Wanxing | Jiang, Songtao | Gao, Shujian | Zhang, Xiaotian | Yuan, Ruifeng | Cao, Weiwei | Shi, Bowen | Zhang, Ling | Liu, Zuozhu | Zhang, Jianpeng","Traditional metrics for Medical Report Generation (MRG) predominantly rely on surface-level n-gram overlap, which fails to capture clinical factual accuracy and often overlooks catastrophic diagnostic errors. We address this fundamental limitation by proposing \textbf{AtomiMed}, a universal, modality-agnostic evaluation framework that decomposes complex medical narratives into a standardized, multi-level hierarchy of Atomic Clinical Facts, encompassing Disease-level entities and Attribute-level descriptors, including location, morphology, and severity. By implementing an Agentic Cross-Verification loop between ground-truth and predicted reports, AtomiMed simulates a multi-radiologist peer-review process to verify clinical consistency, thus enabling the decoupled assessment of diagnostic detection and descriptive accuracy. To facilitate standardized evaluation, we introduce \textbf{MRGEvalKit}, an open-source toolkit for automated hierarchical extraction, and curate \textbf{OmniMRG-Bench}, a comprehensive multi-modal benchmark covering X-ray, CT, MRI, and Ultrasound. Extensive experiments on multiple expert-annotated reader studies demonstrate that AtomiMed achieves significantly higher correlation with human radiologist judgment compared to traditional and model-based metrics.",ok,
Attention is Matter for Inclusiveness: Generating Synthetic CT for Patients with Hip Implants,https://papers.miccai.org/miccai-2026/0078-Paper2030.html,https://papers.miccai.org/miccai-2026/paper/2030_paper.pdf,https://github.com/medical-physics-usz/sct-implants,image synthesis,Pelvis / Reproductive System,Digital Twins / Simulation / Synthetic Data; Image Synthesis / Augmentation / Super-Resolution,Deep Learning; Synthetic Data / Data-centric AI,"Zala, Nico Camillo | Lapaeva, Mariia | Günther, Manuel | Banchieri, Vittoria | Deck, Jeanette Carmen | Sutter, Reto | von Deuster, Constantin | Andratschke, Nicolaus | Guckenberger, Matthias | Tanadini-Lang, Stephanie | Dal Bello, Riccardo","MR-based synthetic CT (sCT) generation has enabled MR-only radiotherapy workflows for selected anatomical sites. Despite that, patients with metal implants remain largely excluded from both clinically approved workflows and academic deep learning (DL) studies due to severe MR signal voids and metal-induced artifacts. In this work, we propose a dedicated DL framework for sCT generation in underrepresented patient cohorts with metal implants, with a focus on hip implants. Specifically, we introduce: (1) an automated method to derive and embed MR-based implant attention masks; (2) physically-guided MR augmentation strategy tailored to metal-induced artifacts and CT augmentation; (3) a systematic ablation study of multiple attention mechanisms and augmentation schemes using evaluation metrics targeting implant reconstruction. Experiments on two in-house pelvic datasets and the public SynthRAD dataset highlight clinically relevant benefits of the proposed methods, including for rare implant types. The DL-generated sCTs show strong dosimetric agreement, demonstrating clinical feasibility and supporting further development of inclusive workflows for populations previously considered unsuitable for MR-only radiotherapy. The source code is available at: https://github.com/medical-physics-usz/sct-implants.",ok,
Attention-Based Prototype Calibration for Multi-Rater Few-Shot Medical Image Segmentation,https://papers.miccai.org/miccai-2026/0079-Paper3792.html,https://papers.miccai.org/miccai-2026/paper/3792_paper.pdf,https://github.com/truong2710-cyber/JAPC,segmentation,Abdomen; Brain,Image Segmentation,Deep Learning; Semi- / Weakly- / Self-supervised Learning,"Vu, Truong | Ho, Minh Khoi | Xie, Yutong","Few-shot medical image segmentation methods typically assume a single ground-truth annotation, overlooking systematic variability across expert raters commonly observed in clinical datasets. We propose an attention-based prototype calibration framework for multi-rater few-shot segmentation that models rater-specific deviations from a consensus representation in prototype space. A lightweight yet principled attention operator directly refines rater prototypes without modifying the backbone feature extractor, making the approach fully compatible with existing prototype-based few-shot segmentation methods. This design preserves semantic consistency while enabling personalized segmentation outputs with minimal computational overhead. Experiments on multi-rater medical imaging datasets demonstrate consistent improvements over baseline prototype approaches, highlighting the effectiveness of structured prototype calibration for modeling annotation variability.",ok,
AutoLand: A Data-Efficient Automated Agentic Workflow for Universal Medical Landmark Detection,https://papers.miccai.org/miccai-2026/0082-Paper0716.html,https://papers.miccai.org/miccai-2026/paper/0716_paper.pdf,,Agent,Cardiac; Head & Neck; Lung / Thoracic,Computational Anatomy & Physiology; Image-Guided Interventions,Deep Learning; Multimodal Models / LLMs / VLMs,"Li, Ziyi | Li, Jiarui | Shi, Yulong | Jiang, Xue | Qi, Shouliang | Liu, Ting | Qi, Lin | Qian, Wei","Medical landmark detection varies significantly across modalities and clinical protocols, posing unique challenges for developing universally applicable models. Conventional approaches typically entail training bespoke architectures per dataset or relying on general-purpose heuristics with fixed rules. However, these methods suffer from limited scalability and lack the semantic reasoning required to adapt to complex anatomical variations. To address these limitations, we propose AutoLand, a data-efficient autonomous workflow for landmark detection in medical images, leveraging a Vision Language Model (VLM) as a medical analysis agent. Specifically, AutoLand integrates a Physics Fingerprint Extraction module to extract precise physical characteristics, ensuring the agent aligns with modality-specific data properties. Subsequently, a Medical Deep Learning Library is queried during reasoning to retrieve specialized network architectures and optimization protocols, enabling the formulation of expert-level training strategies with only a few samples. This workflow enhances robustness and adaptability while reducing manual intervention. Experiments on three datasets show that AutoLand significantly outperforms state-of-the-art methods. Moreover, ablation studies confirm that our agentic paradigm effectively overcomes the limitations of fixed baselines through semantic reasoning. The source code is available at https://github.com/ChiZai123456/AutoLand.",ok,
Automated Scope Pose Estimation in Real-World Robotic-Assisted Bronchoscopy with Integrated C-Arm Imaging,https://papers.miccai.org/miccai-2026/0085-Paper0704.html,https://papers.miccai.org/miccai-2026/paper/0704_paper.pdf,,segmentation,Lung / Thoracic,Image Segmentation; Image-Guided Interventions; Medical Robotics,Deep Learning,"Zhang, Dingzhong | Rafii-Tari, Hedyeh | Matinfar, Babak","Robotic-assisted bronchoscopy enables physicians to access pulmonary lesions with enhanced stability and precision; however, navigation accuracy can be compromised by CT-to-body divergence due to respiratory motion, anatomical deformation during the procedure and tracking system errors. Cone-beam computed tomography (CBCT) has therefore emerged as a key intra-operative imaging modality for biopsy verification and navigation updates. A critical prerequisite for integrating CBCT into the workflow is accurate registration between the navigation system and the CBCT coordinate frame, which relies on precise bronchoscope pose estimation. Existing semi-automated solutions require manual scope tip localization and potential correction of pose parameters, introducing variability and prolonging procedure time. In this work, we propose a fully automated pipeline that estimates the bronchoscope pose directly from CBCT images, which consists of: (1) a two-stage model inferencing strategy for rapid and accurate scope tip segmentation, and (2) a context-aware robust pose estimation algorithm. Evaluated on 25 diverse real-world clinical cases, the method achieved a mean position error of 0.55±0.28mm and orientation error of 2.74±1.47°, with an average processing time of 4.47s, approximately 20x faster than the current approach. This combination of accuracy and efficiency enables safer and more reliable navigation updates while reducing clinician workload and minimizing user-induced errors.",ok,
Beyond Clean Test Sets: Spurious Correlations in Medical Vision-language Models and the Role of Concept Supervision,https://papers.miccai.org/miccai-2026/0098-Paper5420.html,https://papers.miccai.org/miccai-2026/paper/5420_paper.pdf,https://github.com/valecorbetta/framework_for_vlm_eval,VLM,Breast; Eye,Computer-Aided Diagnosis,Evaluation / Benchmarking / Reproducibility; Interpretability / Explainability; Multimodal Models / LLMs / VLMs,"Corbetta, Valentina | Portaluri, Antonio | He, Muzhen | Boeke, Daniël | Beets-Tan, Regina | Lachi, Veronica | Wetzer, Elisabeth | Jenssen, Robert | Silva, Wilson | Wickstrøm, Kristoffer","Vision–language models (VLMs) are increasingly used in medical imaging, yet their robustness to spurious correlations remains insufficiently characterized. We propose a controlled evaluation framework that uses synthetic artifacts modelled after common acquisition confounders to parametrically vary correlation strength, and pairs two complementary test protocols — artifact removal and artifact inversion — to isolate whether models rely on clinical features or visual shortcuts. Applying the framework to diabetic retinopathy grading in fundus photography and BI-RADS-based assessment in mammography, we evaluate five architectures spanning a spectrum from no concept supervision to full multi-level image–concept alignment. We find that VLM backbones retain clinical signal when shortcuts are absent, yet actively follow spurious associations when they conflict with pathology, degrading faster than standard visual backbones — a dual encoding that is only exposed when evaluation goes beyond clean test sets. Among concept-based strategies, only architectures that both reshape the feature space toward clinical concepts and shield the classifier from non-clinical signal provide meaningful resilience. The framework is architecture-agnostic and applicable to any vision or multimodal model. To support evaluation in mammography, where the combinatorial richness of the BI-RADS lexicon cannot be feasibly captured by binary concepts alone, we release expert annotations with pixel-wise delineation of findings for 400 images. They can be found, alongside the code, at the following \href{https://github.com/valecorbetta/framework_for_vlm_eval}{link}.",ok,
Beyond Landmarks: Anchor-Guided Orientation Regression for Robust Spinopelvic Measurement,https://papers.miccai.org/miccai-2026/0099-Paper2378.html,https://papers.miccai.org/miccai-2026/paper/2378_paper.pdf,,classification,Spine,Computer-Aided Diagnosis,Deep Learning,"Hwang, Yunseob | Lee, Youngsuk | Song, DaeSeok | Kang, Dong-Ho | Ro, Du Hyun","Spinopelvic measurement (SPM) plays a central role in spinal deformity assessment and surgical planning. Recent AI approaches predominantly adopt multi-stage pipelines that first localize vertebral regions then detect landmarks within isolated patches. While effective and stable, such decomposition restricts models to local subtasks rather than holistic reasoning. As a single-model alternative, direct landmark detection from full radiographs encounters two fundamental challenges: independent landmark prediction suffers from anatomical ambiguity leading to vertebral swapping, and point-wise localization objectives are misaligned with angular measurement goals. We reformulate SPM by replacing point-wise landmark detection with anchor-guided orientation regression that directly models task-relevant geometric primitives. Using frozen DINOv3 vision foundation model encoders with parameter-efficient fine-tuning, we systematically compare three representation methods under controlled experimental conditions—maintaining consistent architectures, decoders, and training protocols to isolate the effect of geometric output formulation. Evaluation on 309 external validation images demonstrates that anchor-guided orientation regression improves measurement consistency (ICC from 0.932 to 0.953) and accuracy (MAE from 2.32° to 2.18°). Critically, the representation maintains ICC above 0.9 even at 256-pixel input where baseline methods degrade significantly. These improvements hold across both ViT and ConvNeXt encoders. This study demonstrates that task-aligned geometric representation—not architectural complexity—is the key determinant of robust, resolution-tolerant automated spinopelvic measurement.",ok,
Beyond Visual Cues: CoT-Enhanced Reasoning for Semi-supervised Medical Image Segmentation,https://papers.miccai.org/miccai-2026/0102-Paper1650.html,https://papers.miccai.org/miccai-2026/paper/1650_paper.pdf,https://github.com/cymasuna/CERS,classification&segmentation,Brain; Lung / Thoracic,Image Segmentation,Deep Learning; Multimodal Models / LLMs / VLMs; Semi- / Weakly- / Self-supervised Learning,"Chen, Yuming | Xie, Yuxin | Zhou, Tao | Zhou, Yi","Semi-supervised medical image segmentation has emerged as a dominant research problem in medical image analysis, mitigating annotation scarcity by leveraging consistency regularization on unlabeled data. However, existing approaches operate predominantly via visual pattern matching, relying heavily on pixel-level similarities. This visual-centric dependency often falters in clinical scenarios characterized by the visual-semantic mismatch, where visually similar lesions warrant distinct diagnostic conclusions, thus failing to capture the underlying diagnostic logic used by experts. To address this, we move beyond visual cues and propose CERS (CoT-Enhanced Reasoning Segmentation), a framework that integrates Chain-of-Thought (CoT) reasoning to distinguish pathologically distinct cases. Specifically, we construct a knowledge pool enriched with linguistic reasoning descriptions generated by large language models (LLMs). A semantic-aware reference selection strategy is introduced to identify historical evidence, filtering candidates first by morphology, and then refining them via CoT consistency to eliminate hard negatives. Furthermore, a multi-scale coordinate attention module (MCAM) is designed to effectively fuse this reasoning-derived context into the decoding process. Extensive experiments demonstrate the superiority of CERS against state-of-the-art approaches, particularly in resolving boundary ambiguities and semantic inconsistencies. The code is available at https://github.com/cymasuna/CERS.",ok,
Beyond Visual Forensics: Auditing Multimodal Robustness for Synthetic Medical Image Detection,https://papers.miccai.org/miccai-2026/0103-Paper2865.html,https://papers.miccai.org/miccai-2026/paper/2865_paper.pdf,https://github.com/chiuhaohao/Beyond-Visual-Forensics,VLM,Lung / Thoracic; Skin,Digital Twins / Simulation / Synthetic Data,Multimodal Models / LLMs / VLMs; Synthetic Data / Data-centric AI,"Chiu, Ching-Hao | Chung, Hao-Wei | Xu, Gelei | Li, Xueyang | Chen, Pin-Yu | Kheir, John | Ghaffari, Meysam | Morato, Carlos | Abbasi, Ahmed | Shi, Yiyu","With the rapid adoption of generative AI, synthetic medical images pose growing risks, including diagnostic deception and insurance fraud. Although prior work has explored vision–language model (VLM)–based synthetic image detection, these evaluations typically consider images in isolation. In clinical practice, however, images are interpreted alongside structured records and metadata, and VLMs are increasingly deployed under joint image–record inputs. We uncover a previously underexamined multimodal vulnerability: when given both modalities, VLMs may overweight record context in authenticity judgments, such that the same image receives different predictions solely due to changes in its accompanying text. This raises concerns about robustness in real-world deployment. To systematically characterize this effect, we reformulate synthetic medical image detection as an audit of multimodal robustness at the image–record interface and introduce a paired benchmark that holds the image fixed while swapping controlled metadata variants. Across multiple imaging modalities, we evaluate diverse open-weight and frontier API VLMs and quantify how metadata alone shifts authenticity predictions. Our benchmark provides a standardized tool for assessing and improving multimodal robustness beyond image-only settings. The code is available at https://github.com/chiuhaohao/Beyond-Visual-Forensics.",ok,
Bidirectional Anatomy-Aware Post-Training for Longitudinal Chest X-Ray Progression Modeling,https://papers.miccai.org/miccai-2026/0105-Paper3580.html,https://papers.miccai.org/miccai-2026/paper/3580_paper.pdf,https://github.com/chenyuming052/BAAP,classification,Lung / Thoracic,Outcome Prediction / Prognosis / Longitudinal Modeling,,"Chen, Yuming | Wang, Hui | To, Minh-Son | Zhang, Jianpeng | Wu, Qi | Xie, Yutong","Longitudinal comparison is a routine yet clinically consequential component of chest X-ray (CXR) interpretation, informing disease progression assessment and treatment decisions. Prior temporal CXR models are typically trained as general-purpose pair encoders and adapted with standard progression classifiers, but they do not explicitly capture two key properties of clinical progression assessment: temporal symmetry (for reversible findings, the progression assessment should invert when the temporal order is reversed) and anatomical grounding (decisions rely on localized evidence within specific structures). We propose Bidirectional Anatomy-Aware Progression Perception (BAAP), a lightweight post-training strategy built on top of a pretrained CXR encoder. BAAP encodes temporal symmetry via bidirectional pair augmentation, jointly optimizing each CXR pair in both chronological orders with label inversion to enforce directional consistency and mitigate directional bias. To ground predictions anatomically, we introduce an Anatomy-aware Perception Layer (APL) that aggregates patch-level features within predefined anatomical regions and fuses prior and current region features with their differences for per-region progression classification. Adding only 0.63M parameters (≈0.7% of a ViT-B/16 backbone) and requiring no additional annotations, BAAP achieves 65.90% mean accuracy on MS-CXR-T (+4.78% over the strongest baseline) and 66.4% mean anatomy-level accuracy on Chest ImaGenome Gold (+11.0% over the strongest baseline), demonstrating that a clinically motivated symmetry prior and anatomy-aware design can yield substantial gains for longitudinal CXR progression prediction with minimal overhead. The code is available at https://github.com/chenyuming052/BAAP.",ok,
BiM-GeoAttn-Net: Linear-Time Depth Modeling with Geometry-Aware Attention for 3D Aortic Dissection CTA Segmentation,https://papers.miccai.org/miccai-2026/0107-Paper6549.html,https://papers.miccai.org/miccai-2026/paper/6549_paper.pdf,https://github.com/bbbwang/BiM_GeoAttn_Net.git,segmentation,Vasculature,Image Segmentation,Deep Learning; Evaluation / Benchmarking / Reproducibility,"Zhang, Yuan | Liu, Lei | Zhang, Jialin | Zhang, Ya-Nan | Wang, Ling | Mu, Nan","Accurate segmentation of aortic dissection (AD) lumens in CT angiography (CTA) is essential for quantitative morphological assessment and clinical decision-making. However, reliable 3D delineation remains challenging due to limited long-range context modeling, which compromises inter-slice coherence, and insufficient structural discrimination under low-contrast conditions. To address these limitations, we propose BiM-GeoAttn-Net, a lightweight framework that integrates linear-time depth-wise state-space modeling with geometry-aware vessel refinement. Our approach features a Bidirectional Depth Mamba (BiM) module to efficiently capture cross-slice dependencies and a Geometry-Aware Vessel Attention (GeoAttn) module that combines orientation-sensitive anisotropic filtering with lightweight attention for vessel refinement. Experiments on the current multi-source AD CTA dataset show that BiM-GeoAttn-Net achieves a Dice score of 93.35% and an HD95 of 12.36mm, outperforming representative CNN-, Transformer-, and SSM-based baselines in overlap metrics while maintaining competitive HD95. These results suggest that coupling linear-time depth modeling with geometry-aware refinement provides an effective and computationally efficient strategy for 3D AD segmentation.",ok,
Brain-Adapter: A Dual-Stream Vision-Language MIL Framework for Comprehensive 3D CT Diagnosis of Acute Intracranial Pathologies,https://papers.miccai.org/miccai-2026/0118-Paper4574.html,https://papers.miccai.org/miccai-2026/paper/4574_paper.pdf,https://github.com/Scatteredrain/Brain-Adapter,VLM,Brain,Anomaly / Lesion Detection; Computer-Aided Diagnosis,,"Yi, Zhenyu | Song, Zhiyun | Sun, Yusong | Liu, Zelin | Fei, Manman | Li, Zhenhao | Zhao, Jiaxuan | Han, Xu | Zhang, Lichi","Automated diagnosis of 3D brain CT scans is essential for critical care, yet it remains challenging due to the heavy reliance on manual annotations and the limited semantic understanding of conventional models. While 2D foundation vision-language models (VLMs) have shown strong generalization, adapting their slice-level representations for 3D volumetric analysis remains challenging. In this paper, we propose Brain-Adapter, a novel dual-stream multiple instance learning (MIL) framework that leverages pre-trained 2D biomedical VLMs and raw diagnostic reports for robust scan-level multi-label classification. Specifically, we introduce a Text-Conditioned Attention (TCA) mechanism, utilizing raw diagnostic sentences as semantic queries to dynamically align visual cues with specific disease concepts. Concurrently, a parallel visual MIL stream captures global scan characteristics, supervised by structured labels extracted via a Large Language Model (LLM). To ensure representation coherence, a consistency constraint enforces synergy between the two streams. During inference, an Uncertainty-Aware Refinement (UAR) module dynamically calibrates and fuses these dual-stream predictions to resolve ambiguous cases. Extensive experiments demonstrate that our method significantly outperforms state-of-the-art 3D models and standard MIL approaches. By eliminating the reliance on dense annotations, Brain-Adapter offers an annotation-efficient framework for 3D acute intracranial pathology analysis. Code is available at https://github.com/Scatteredrain/Brain-Adapter.",ok,
Breaking Annotation Dependency in Coronary Stenosis Segmentation via Physics-Driven Sim2Real Learning,https://papers.miccai.org/miccai-2026/0127-Paper2779.html,https://papers.miccai.org/miccai-2026/paper/2779_paper.pdf,https://github.com/BaochangZhang/StenSim2realSeg,segmentation,Cardiac; Vasculature,Computer-Aided Diagnosis; Digital Twins / Simulation / Synthetic Data; Image-Guided Interventions,Semi- / Weakly- / Self-supervised Learning; Synthetic Data / Data-centric AI,"Zhang, Baochang | Dewi, Fatia Kusuma | Liu, Shuting | Yousefi, Amir | Schunkert, Heribert | Ghotbi, Reza | Navab, Nassir","Accurate coronary stenosis segmentation in X-ray angiography (XA) remains fundamentally limited by reliance on scarce and biased manual lesion annotations. Clinical datasets, although realistic, provide only incomplete and skewed sampling of pathological variations, constraining generalization. We address this challenge by reframing stenosis segmentation as a controllable synthetic learning problem and propose a physics-driven sim-to-real framework that eliminates dependence on real lesion labels. We generate a scalable synthetic dataset from patient-specific coronary models reconstructed from CTA, where stenosis variations with diverse severities and morphologies are deliberately designed in 3D space. A physics-based projection process produces geometry-preserving synthetic XA images with precise image-annotation alignment, enabling balanced and distribution-aware supervision beyond biased clinical sampling. A segmentation network trained on this synthetic data is subsequently adapted to real XA through uncertainty-guided self-supervised refinement. Predictive uncertainty is estimated online to select reliable pseudo-labels and drive confidence-aware consistency learning, promoting robust adaptation in ambiguous regions. On the ARCADE benchmark, our method surpasses existing self-supervised and few-shot approaches and approaches fully supervised performance without using any real stenosis annotations. These results demonstrate that physics-driven sim-to-real learning offers a principled pathway toward annotation-independent coronary lesion analysis.",ok,
Bridging Heterogeneous Medical Datasets via Mixture-of-Specialists Adapters for Unified Medical Image Classification,https://papers.miccai.org/miccai-2026/0131-Paper0457.html,https://papers.miccai.org/miccai-2026/paper/0457_paper.pdf,https://github.com/BurkeBelle/MOSAIC-MedMNIST.git,classification,Whole-body / Multi-organ / Other,Computer-Aided Diagnosis,Deep Learning; Domain Adaptation / Harmonization,"Huang, Shixing","Building a single classifier that unifies many fragmented med-ical imaging datasets is challenged by their intrinsic heterogeneity, which spans diverse clinical tasks and acquisition formats, including both 2Dand 3D modalities. Although recent foundation models seek to bridgethese domains, they typically rely on costly full-model pretraining. More-over, naïvely aggregating heterogeneous datasets often leads to negative transfer caused by feature entanglement, where conflicting visual priors (e.g., texture-dominant pathology versus shape-driven radiology patterns) compete within a shared representation space. In this paper, we propose MOSAIC (Mixture-of-Specialists Adapter for Imaging Classification), aparameter-efficient framework that unifies 18 medical datasets spanningsix imaging modalities using a backbone pretrained on natural images(ImageNet) and kept frozen during adaptation. MOSAIC introduces aMixture-of-Specialists (MoS) mechanism with explicit modality-awarerouting, which structurally decouples texture-dominant, shape-driven,and volumetric feature subspaces. By separating modality-sensitive repre-sentations while retaining shared general knowledge, this design effectively mitigates cross-domain interference arising from multi-modal aggregation.Extensive experiments demonstrate that MOSAIC achieves an averageaccuracy of 84.16%, matching or surpassing single-task specialist modelswhile requiring only 7.40M trainable parameters. External validation onpreviously unseen 2D and 3D domains further confirms its generalization capability. Overall, our findings suggest that explicit feature decoupling within a frozen backbone provides a scalable and efficient pathway toward unified multi-modal medical image analysis.Our code and supplementary results are available at: \url{https://github.com/BurkeBelle/MOSAIC-MedMNIST}.",ok,
Bridging the Markerless Tracking Validation Gap: Intraoperative X-Ray Workflow Integration,https://papers.miccai.org/miccai-2026/0134-Paper0829.html,https://papers.miccai.org/miccai-2026/paper/0829_paper.pdf,https://github.com/condog101/BMTVG,registration,Musculoskeletal / Orthopedic,Image Registration; Medical Robotics,Deep Learning,"Daly, Connor | Russo, Salvatore | Ekanayake, Jinendra | Elson, Daniel S. | Rodriguez y Baena, Ferdinando","Markerless intraoperative tracking of spinal anatomy via RGB-D sensors is a promising alternative to invasive bone-anchored fiducials, yet no existing clinical dataset provides independent subsurface ground truth for validating these methods. We address this gap with a clinically viable pipeline that derives per-vertebra 6-DoF pose from routine intraoperative C-arm fluoroscopy, co-registered to the RGB-D camera frame through a multimodal fiducial array detectable in both imaging modalities. Critically, the pipeline requires no invasive instrumentation contacting the patient, no additional radiation, or deviation from standard surgical workflows, relying solely on the fluoroscopic images already acquired during routine level checks. A calibrated transform chain links the vertebral pose recovered via multi-view 2D–3D CT-to-fluoroscopy registration to the RGB-D coordinate frame, enabling direct comparison of any markerless registration estimate against a subsurface reference. Ex vivo validation against optically tracked ovine vertebrae confirms end-to-end accuracy of 2.06 ± 0.29 mm and 3.35 ± 0.93°, sufficient to serve as independent ground truth for methods with substantially larger errors. We demonstrate the pipeline’s utility by evaluating two markerless registration strategies on clinical data spanning 11 vertebrae across 1,500 frames from three surgical sequences: the first such evaluation against an independent subsurface reference in a clinical setting. The proposed framework provides reusable infrastructure for benchmarking emerging markerless tracking methods on real surgical data.",ok,
Bridging Vision Foundation Model Priors with CLIP for Spatial-aware Few-shot Anomaly Detection in Medical Images,https://papers.miccai.org/miccai-2026/0135-Paper3052.html,https://papers.miccai.org/miccai-2026/paper/3052_paper.pdf,https://github.com/JuzhengMiao/Spatial-FAD,VLM,Abdomen; Brain; Eye,Anomaly / Lesion Detection; Computer-Aided Diagnosis,Foundation Models; Multimodal Models / LLMs / VLMs,"Miao, Juzheng | Yuan, Yuchen | Chen, Cheng | Heng, Pheng-Ann","Vision-Language Models such as CLIP enable effective few-shot medical anomaly detection (AD) via strong image-text semantic alignment. However, their globally contrastive pretraining lacks explicit spatial supervision, limiting precise lesion localization. In contrast, Vision Foundation Models (VFMs) such as DINO learn spatially coherent patch representations via self-distillation and local-to-global consistency, better capturing fine-grained anatomical structures. Leveraging this complementarity, we propose Spatial-FAD, a spatial-aware few-shot medical AD framework that improves lesion localization by combining VFM spatial priors with CLIP semantics. Specifically, we introduce a VFM-enhanced adapter that injects a structural affinity prior derived from DINO into CLIP features. This structure-guided refinement encourages visual embeddings to better adhere to lesion boundaries while maintaining semantic alignment. To address the loss of spatial detail from patchification and the limited input resolution of CLIP, we adopt a sliding-window aggregation strategy. This generates high-resolution, spatially dense embeddings to further enhance localization granularity. Moreover, we introduce a prototype-enhanced support memory scheme to efficiently exploit the few-shot support set. This module stores compact prototypes for normal and abnormal patterns, reducing memory costs while boosting performance by fusing patch-to-prototype and image-text similarities. Extensive experiments on three benchmark datasets, including Liver CT, Retinal OCT, and Brain MRI, demonstrate that Spatial-FAD significantly outperforms state-of-the-art methods, especially in lesion segmentation. Notably, in the 4-shot scenario, our method achieves an average improvement of over 11.4% in Dice score and 1.8% in AUC. Code is available at: https://github.com/JuzhengMiao/Spatial-FAD.",ok,
Calibrated Confidence Expression for Radiology Report Generation,https://papers.miccai.org/miccai-2026/0142-Paper2409.html,https://papers.miccai.org/miccai-2026/paper/2409_paper.pdf,https://github.com/ChantalMP/Conrad,VLM,Lung / Thoracic,Computer-Aided Diagnosis,Multimodal Models / LLMs / VLMs; Uncertainty Quantification,"Bani-Harouni, David | Pellegrini, Chantal | Lüers, Julian | Kim, Su Hwan | Baalmann, Markus | Wiestler, Benedikt | Braren, Rickmer | Navab, Nassir | Keicher, Matthias","Safe deployment of Large Vision-Language Models (LVLMs) in radiology report generation requires not only accurate predictions but also clinically interpretable indicators of when outputs should be thoroughly reviewed, enabling selective radiologist verification and reducing the risk of hallucinated findings influencing clinical decisions. One intuitive approach to this is verbalized confidence, where the model explicitly states its certainty. However, current state-of-the-art language models are often overconfident, and research on calibration in multimodal settings such as radiology report generation is limited. To address this gap, we introduce ConRad (Confidence Calibration for Radiology Reports), a reinforcement learning framework for fine-tuning medical LVLMs to produce calibrated verbalized confidence estimates alongside radiology reports. We study two settings: a single report-level confidence score and a sentence-level variant assigning a confidence to each claim. Both are trained using the GRPO algorithm with reward functions based on the logarithmic scoring rule, which incentivizes truthful self-assessment by penalizing miscalibration and guarantees optimal calibration under reward maximization. Experimentally, ConRad substantially improves calibration and outperforms competing methods. In a clinical evaluation we show that ConRad’s report level scores are well aligned with clinicians’ judgment. By highlighting full reports or low-confidence statements for targeted review, ConRad can support safer clinical integration of AI-assistance for report generation. Our code is available at https://github.com/ChantalMP/Conrad.",ok,
Can Agents Distinguish Visually Hard-to-Separate Diseases in a Zero-Shot Setting? A Pilot Study,https://papers.miccai.org/miccai-2026/0145-Paper1616.html,https://papers.miccai.org/miccai-2026/paper/1616_paper.pdf,https://github.com/TruhnLab/Contrastive-Agent-Reasoning,Agent,Lung / Thoracic; Skin,Computer-Aided Diagnosis,Foundation Models; Multimodal Models / LLMs / VLMs,"Zhao, Zihao | Hauke, Frederik | De Castilhos, Juliana | Nebelung, Sven | Truhn, Daniel","The rapid progress of multimodal large language models (MLLMs) has led to increasing interest in agent-based systems. While most prior work in medical imaging concentrates on automating routine clinical workflows, we study an underexplored yet clinically significant setting: distinguishing visually hard-to-separate diseases in a zero-shot setting. We benchmark representative agents on two imaging-only proxy diagnostic tasks, (1) melanoma vs. atypical nevus and (2) pulmonary edema vs. pneumonia, where visual features are highly confounded despite substantial differences in clinical management. We introduce a multi-agent framework based on contrastive adjudication. Experimental results show improved diagnostic performance (an 11-percentage-point gain in accuracy on dermoscopy data) and reduced unsupported claims on qualitative samples, although overall performance remains insufficient for clinical deployment. We acknowledge the inherent uncertainty in human annotations, conservative binary setting, and the absence of clinical context, which further limit the translation to real-world settings. Within this controlled setting, this pilot study provides preliminary insights into zero-shot agent performance in visually confounded scenarios. Our code is available at https://github.com/TruhnLab/Contrastive- Agent-Reasoning.",ok,
Can Experts Adapt Without Training? On Test-Time Modality Generalization in MVLMs,https://papers.miccai.org/miccai-2026/0146-Paper4582.html,https://papers.miccai.org/miccai-2026/paper/4582_paper.pdf,https://github.com/BioMedIA-MBZUAI/MoBE-A-Test-Time-Modality-Generalization-Method,VLM,Whole-body / Multi-organ / Other,Other,Deep Learning; Domain Adaptation / Harmonization; Multimodal Models / LLMs / VLMs; Semi- / Weakly- / Self-supervised Learning,"Imam, Raza | Rashid, Darakshan | Xie, Yutong | Mahapatra, Dwarikanath | Lall, Brejesh | Yaqub, Mohammad","Medical vision-language models (MVLMs) promise broad zero-shot generalization, yet their reliability collapses when confronted with unseen modalities and domains, precisely where clinical robustness matters most. To address this gap, we revisit test-time modality generalization from the perspective of Mixture-of-Experts (MoE) and ask: can experts route-and-adapt without any optimization during inference? We identify a fundamental specialization-generalization dilemma at test time, where blindly aggregating modality experts dilutes modality-specific knowledge, while selecting one highly confident expert risks mismatch under shift. To address this, we propose MoBE: a fully optimization-free framework that performs dynamic expert selection and adaptation at test time. MoBE combines entropy-guided dynamic routing in MoE settings with expert-wise Bayesian adaptation, enabling experts to update their confidence and adapt online without gradient updates. Without parametric updates, MoBE augments a static MVLM with test-time routing and online statistics, achieving average accuracy gains of +4.72, +7.17, and +4.3 over state-of-the-art TTA methods across seen, unseen, and heterogeneous medical benchmarks, highlighting the effectiveness of training-free expert adaptation for robust modality generalization.",ok,
CancerVerse: A Fully Open Longitudinal and Multimodal Dataset for Multicancer Screening,https://papers.miccai.org/miccai-2026/0148-Paper0562.html,https://papers.miccai.org/miccai-2026/paper/0562_paper.pdf,,segmentation,Abdomen; Pelvis / Reproductive System; Whole-body / Multi-organ / Other,Image Segmentation,Deep Learning,"Li, Wenxuan | Bassi, Pedro R. A. S. | Zhou, Xinze | Wasserthal, Jakob | Hamamci, Ibrahim E. | Er, Sezgin | Menze, Bjoern H. | Akan, Gulhan E. | Płotka, Szymon | Prządo, Jakub | Chen, Qi | Tang, Yucheng | Xu, Daguang | Sitek, Arkadiusz | Wang, Kang | Yang, Yang | Yuille, Alan L. | Zhou, Zongwei","Cancer screening benefits greatly from longitudinal and multimodal data. However, most public CT datasets are single time-point and image-only. They lack longitudinal follow-up, radiology reports, pathology results, and clinical variables. This makes them poorly suited to screening, where cancers must be detected early at a low rate of false positives per scan. We present CancerVerse, the first large-scale open-source longitudinal and multimodal dataset for multicancer screening. It contains 24,168 CT scans from 13,863 patients, with voxel-wise tumor annotations for 13 cancer types in the pelvis, abdomen, and chest. Each cancer patient has 1 to 32 longitudinal CT scans, paired with radiology reports, pathology results, and clinical variables. A 8,799-patient verified healthy cohort with more than one year of follow-up enables realistic specificity estimation. We formulate screening as tumor detection and segmentation, and evaluate sensitivity at fixed false positives (FP) per scan. Models trained on longitudinal and multimodal data outperform those trained on single time-point, image-only data, with a 9% absolute sensitivity gain at 0.5 FP/scan. These results show that effective cancer screening depends on modeling the full longitudinal patient trajectory with multimodal data, rather than isolated imaging snapshots.",ok,
CardioGS: Deformation-Driven 4D Gaussian Splatting with Self-supervised Cardiac Clock Learning for Rotational DSA Reconstruction,https://papers.miccai.org/miccai-2026/0152-Paper3507.html,https://papers.miccai.org/miccai-2026/paper/3507_paper.pdf,https://github.com/131366/cardiogs,Agent,Cardiac; Vasculature,Image Reconstruction,,"Liu, Yilun | Yang, Jinzhu | Feng, Chaolu | Liu, Yao | Wang, Yongbo | Bian, Zhaoying | Xu, Yan","Rotational digital subtraction angiography (DSA) captures sparse C-arm projections of beating coronary vasculature over a 5–8 s sweep, where each frame conflates two temporally distinct processes: quasi-periodic cardiac motion deforming vessel geometry and monotonic contrast-agent transport modulating opacity. Under sparse views, parameterizing both with a single acquisition timestamp is highly ambiguous. We present CardioGS, a deformation-driven 4D Gaussian Splatting framework that reduces this ambiguity through dual temporal coordinates. A self-supervised ClockNet learns a monotonic cardiac clock u(τ)∈[0,1] via Gauss–Legendre quadrature of a bounded instantaneous frequency, adapting to heart-rate variability without ECG gating. Since u(τ) is monotonic, quasi-periodicity is imposed through cycle-consistency regularization on sparse deformation control nodes. Geometry is conditioned on the learned clock while appearance is conditioned on acquisition time in canonical space. On porcine rotational cardiac DSA with 15–60 views, CardioGS outperforms recent baselines in both 2D synthesis and 3D vessel geometry. The code is available at: https://github.com/131366/cardiogs",ok,
CARE: Clinically Aligned Retrieval Evidence for Consistent Radiology Report Generation,https://papers.miccai.org/miccai-2026/0153-Paper3601.html,https://papers.miccai.org/miccai-2026/paper/3601_paper.pdf,https://github.com/Levii-zhu/CARE,VLM,Breast,Computer-Aided Diagnosis,Multimodal Models / LLMs / VLMs,"Zhu, Jintao | Gu, Yi | Ma, Jiaxin","Automatic radiology report generation has the potential to assist radiologists by providing preliminary clinical descriptions. Despite recent progress in medical vision-language models, generated reports often contain factual inconsistencies and repetitive templated findings, indicating weak grounding to image evidence. Retrieval-augmented generation (RAG) improves grounding by conditioning on prior reports; however, existing end-to-end optimization suffers from representation inconsistency, as actively updated query representations diverge from stale historical keys. This mismatch destabilizes the retrieval space and disrupts supervision. We propose CARE (Clinically Aligned Retrieval Evidence), a multimodal framework introducing temporally coherent retrieval supervision. CARE maintains a shared memory queue populated by a slowly evolving momentum key encoder to ensure a stable representation space. We further introduce a disease-aware alignment objective that enforces diagnostic agreement between input images and retrieved reports to guide generation. Trained on IU-Xray and evaluated on the unseen MIMIC-CXR-RRG dataset, CARE significantly improves report quality. It nearly doubles clinical entity extraction performance in training-free adaptation settings and substantially reduces repetitive report collapse across multiple backbones. The source code is available at: https://github.com/Levii-zhu/CARE",ok,
CARE: Confidence-Aware Reasoning for Reliable Medical VQA,https://papers.miccai.org/miccai-2026/0154-Paper6558.html,https://papers.miccai.org/miccai-2026/paper/6558_paper.pdf,https://github.com/anotherbricki/CARE,VLM,Whole-body / Multi-organ / Other,Computer-Aided Diagnosis,Deep Learning; Multimodal Models / LLMs / VLMs; Reinforcement Learning / Control / Decision-Making,"Du, Yuetian | Wang, Yucheng | Chen, Zhenyuan | Chen, Luyuan | Zhang, Rongyu | Zhang, Jinjian | Zhou, Wei | Xu, Zhijie | Kong, Ming | Zhou, Zhan | Liu, Jie | Zhu, Qiang","Reinforcement Fine-Tuning (RFT) has enabled medical Multimodal Large Language Models (MLLMs) to produce Chain-of-Thought (CoT) reasoning for visual question answering, yet these models suffer from confidence miscalibration—a systematic gap between expressed certainty and actual diagnostic accuracy that undermines clinical trust. We propose CARE, a Confidence-Aware medical REasoning framework that jointly optimizes accuracy and calibration through a dual-stage pipeline. First, a scalable Medical-CoT synthesis provides structured cold-start data for Supervised Fine-Tuning. Second, Group Relative Policy Optimization (GRPO) with a novel Confidence-Aware Reward (CAR) mechanism ties the model’s confidence to diagnostic correctness within the reward signal. Across three Medical VQA benchmarks, CARE achieves the highest diagnostic accuracy while obtaining the lowest Expected Calibration Error and Hallucination Rate, establishing a foundation for trustworthy clinical decision support.",ok,
CDFP-Net: Cross-Modal Dynamic Fusion with Diffusion Priors for PET-CT Tumor Segmentation,https://papers.miccai.org/miccai-2026/0157-Paper2844.html,https://papers.miccai.org/miccai-2026/paper/2844_paper.pdf,https://github.com/WeiMinqin/CDFP-Net,classification&segmentation,Whole-body / Multi-organ / Other,Image Segmentation,Deep Learning; Evaluation / Benchmarking / Reproducibility; Multimodal Models / LLMs / VLMs; Semi- / Weakly- / Self-supervised Learning,"Wei, Minqin | Wu, Shangqian | Xu, Chang | Qian, Yurong | Tang, Yongjun | Song, Jinmiao | Deng, Lei","Accurate automated tumor segmentation in PET-CT imaging is critical for clinical diagnosis and radiotherapy planning. However, limited annotated data, the high computational cost of volumetric modeling, and intrinsic physical discrepancies between metabolic PET and anatomical CT modalities pose substantial challenges. To address these issues, we propose CDFP-Net, a dual-stream framework that integrates generative diffusion priors with cross-modal dynamic graph fusion. Specifically, we employ a frozen, self-supervised pre-trained Denoising Diffusion Probabilistic Model (DDPM) as a robust feature prior, augmented with lightweight adapters to enhance modality-specific representations under limited supervision. To effectively bridge cross-modal discrepancies, we design a modality-asymmetric dynamic graph fusion mechanism in which metabolically active PET regions act as spatial anchors to query and aggregate complementary anatomical boundary cues from CT. To alleviate the computational burden of full 3D processing while preserving global semantic topology, we further introduce a Multi-Angle Maximum Intensity Projection (MA-MIP) strategy for efficient volumetric context modeling. Extensive experiments on three multi-center datasets (AutoPET, HECKTOR, and PCLT20K) demonstrate that CDFP-Net consistently outperforms state-of-the-art methods in both accuracy and robustness, highlighting its strong potential for precise biological target volume (BTV) delineation in clinical practice. Source code is available at https://github.com/WeiMinqin/CDFP-Net.",ok,
CDPM-Align: Multi-Scale Guidance-Aligned Diffusion Pretraining for Robust Few-Shot Anatomical Landmark Detection,https://papers.miccai.org/miccai-2026/0158-Paper3797.html,https://papers.miccai.org/miccai-2026/paper/3797_paper.pdf,https://github.com/Malga-Vision/CDPM-Align,image synthesis,Whole-body / Multi-organ / Other,Computer-Aided Diagnosis,Deep Learning; Uncertainty Quantification,"Di Via, Roberto | Voiculescu, Irina | Odone, Francesca | Pastore, Vito Paolo","Anatomical landmark detection is a fundamental task in medical image analysis supporting a wide range of diagnostic and interventional workflows. Although recent methods have achieved sub-millimetric localisation, accuracy alone is not sufficient for clinical deployment, requiring reliability and robustness in prediction. Despite its clinical relevance, the impact of representation learning in this context is still underexplored. In this work, we introduce CDPM-Align, a multi-scale guidance-aligned conditional diffusion pre-training for anatomical landmark detection. Our experimental setup focuses on a few images and a few annotation regimes. Specifically, we employ three popular heterogeneous small-scale benchmark datasets for representation learning via conditional generative pre-training. Furthermore, we consider low-annotation scenarios for the downstream task of landmark detection, with 10 and 25 annotated images, reflecting realistic trade-offs between clinical effort and resource constraints for annotations. Our results confirm that generative pre-training enables the model to learn a robust representation. This improves both accuracy and uncertainty on the downstream tasks, advancing towards safe and efficient clinical deployment.",ok,
Cervical Vertebral Maturation Staging from a Continuous Perspective,https://papers.miccai.org/miccai-2026/0160-Paper4854.html,https://papers.miccai.org/miccai-2026/paper/4854_paper.pdf,https://github.com/AI4Med-Lab/CVMI,classification,Spine,Computational Anatomy & Physiology; Computer-Aided Diagnosis; Image-Guided Interventions; Outcome Prediction / Prognosis / Longitudinal Modeling,Deep Learning,"Mahajan, Kush | Gupta, Dhruv | Singh, Gagneet | Soni, Vinay | Jaiswal, Manojkumar | Gupta, Sukrit","Cervical vertebral maturation (CVM) staging guides orthodontic treatment and is conventionally formulated as a set of six discrete classes. In practice, skeletal development progresses gradually, and many lateral cephalometric radiographs exhibit transitional morphology between adjacent stages, resulting in well-documented inter-expert variability in CVM stage prediction. Prior deep learning work treats CVM as a standard multi-class classification problem despite its gradual nature, using exact-match accuracy that ignores clinically acceptable errors within one adjacent stage (Tol-1). We introduce the Ordinal Ranking of Cervical Vertebrae Maturation Using Deep Learning (ORACLE) framework and reformulate CVM assessment as a continuous learning task that models adjacent-stage relationships. A dataset comprising 1,248 lateral cephalograms was compiled with expert-assigned stage labels, of which 569 were additionally annotated with expert-verified polygon masks of the C2–C4 vertebrae. Across five stratified folds, the framework achieved 62.82% exact accuracy and 96.07% accuracy within Tol-1, confirming that adjacent-stage errors dominate, consistent with clinical expectations. On a separate set of 113 lateral cephalograms, we observed a similar trend of modest exact agreement but high adjacent-stage agreement with clinicians of varying experience. The ORACLE framework achieved quadratic weighted kappa scores of 0.88 and 0.79 against two senior experts, demonstrating performance comparable to inter-expert agreement (κ = 0.74). These findings demonstrate that CVM staging reflects a gradual developmental continuum not fully captured by rigid multi-class evaluation frameworks, supporting continuous-stage prediction with tolerance-based metrics as a clinically better-aligned framework for automated CVM assessment. The dataset is available via the data access form (https://forms.gle/C1VS7L6zeQo654UB7), and the source code is available at https://github.com/AI4Med-Lab/CVMI.",ok,
CheXanatomy: Anatomy–Aware Vision–Language Modeling for Chest Radiographs,https://papers.miccai.org/miccai-2026/0162-Paper2964.html,https://papers.miccai.org/miccai-2026/paper/2964_paper.pdf,https://github.com/sergiosgatidis/CheXanatomy,VLM,Lung / Thoracic,Image Segmentation,Multimodal Models / LLMs / VLMs,"Gatidis, Sergios | Langlotz, Curtis P. | Bluethgen, Christian","Vision–language models (VLMs) pretrained on large-scale image–text pairs demonstrate strong image-level understanding, but are primarily optimized for global alignment and do not explicitly encode fine-grained anatomical structure, limiting their suitability for spatially precise tasks such as segmentation. We introduce CheXanatomy, a framework that integrates explicit anatomical knowledge into a pretrained VLM through autoregressive token-space supervision. Instead of adding task-specific decoder heads, the model is trained to generate anatomical segmentation masks via next-token prediction. To enable scalable supervision, we synthesize realistic chest radiographs from CT volumes and forward-project CT segmentation labels to obtain anatomically consistent 2D masks. We evaluate the approach on synthetic and real chest radiographs against a U-Net baseline, including ablations on model scale, input resolution, and vision encoder fine-tuning. Autoregressive anatomical supervision achieves performance comparable to specialized convolutional models in-distribution and demonstrates improved geometric robustness under domain shift to real CXR data. In addition, anatomy-pretrained models exhibit improved sample efficiency when adapting to novel localization tasks under limited supervision. Larger models and higher input image resolution improve performance, while vision encoder fine-tuning has limited effect. These results show that embedding anatomical structure directly into the generative objective promotes spatially grounded representations and supports anatomy-aware medical vision–language modeling.",ok,
CIPHER: Causal Intervention Pathways for Healthcare Equity and Robustness,https://papers.miccai.org/miccai-2026/0168-Paper2601.html,https://papers.miccai.org/miccai-2026/paper/2601_paper.pdf,https://github.com/fdu-farm/CIPHER,image synthesis,Lung / Thoracic; Skin,Computer-Aided Diagnosis; Image Synthesis / Augmentation / Super-Resolution,Algorithmic Fairness / Safety / Regulation; Causal Inference / Counterfactual Reasoning; Synthetic Data / Data-centric AI,"Jia, Xinyu | Guo, Weidong | Zhao, Wangyuan | Guo, Yi | Li, Zeju | Wang, Yuanyuan","Deep learning models for medical diagnosis frequently exhibit substantial performance disparities across sensitive subgroups (e.g., race, sex), even when average accuracy is high. While generative data augmentation offers a route to mitigate this, existing strategies are suboptimal; they typically address only one or two dependency channels between sensitive attributes and image features. We formalize the medical image formation process via a structural causal model, revealing that sensitive attributes actually influence image content through four distinct pathways—a structural complexity neglected by prior works. Based on this insight, we introduce CIPHER (Causal Intervention Pathways for Healthcare Equity and Robustness), a framework designed to systematically intervene on all four causal paths. To achieve this, CIPHER utilizes a diffusion backbone equipped with classifier-free guidance and null-text inversion. This technical design enables the faithful reconstruction of patient-specific anatomy while allowing for the precise, editable synthesis of counterfactuals required to break sensitive dependency chains. We tested CIPHER using chest X-ray and dermoscopy benchmarks across both standard and shifted data distributions. By employing a multi-pathway intervention strategy, our model reduced worst-group disparities by an average of 35.8% compared to disease-conditioned synthesis baselines, while also improving total diagnostic accuracy.",ok,
ClinCoT: Clinical-Aware Visual Chain-of-Thought for Medical Vision Language Models,https://papers.miccai.org/miccai-2026/0169-Paper3633.html,https://papers.miccai.org/miccai-2026/paper/3633_paper.pdf,https://github.com/Xiwei-web/ClinCoT,VLM,Lung / Thoracic,Computer-Aided Diagnosis,,"Liu, Xiwei | Li, Yulong | Zhuang, Xinlin | Li, Xuhui | Chen, Jianxu | Yang, Haolin | Razzak, Imran | Xie, Yutong","Medical Vision-Language Models have shown promising potential in clinical decision support, yet they remain prone to factual hallucinations due to insufficient grounding in localized pathological evidence. Existing medical alignment methods primarily operate at the response level through preference optimization, improving output correctness but leaving intermediate reasoning weakly connected to visual regions. Although chain-of-thought (CoT) enhances multimodal reasoning, it remains largely text-centric, limiting effective integration of clinical visual cues. To address this gap, we propose ClinCoT, a clinical-aware visual chain-of-thought framework that transforms preference optimization from response-level correction to visual-driven reasoning. We introduce an automatic data generation pipeline that constructs clinically grounded preference pairs through reasoning with hypotheses-driven region proposals. Multiple Med-LLMs evaluators rank and assign scores to each response, and these rankings serve as supervision to train the target model. We further introduce a scoring-based margin-aware optimization strategy that incorporates both preference ranking and score difference to refine region-level reasoning trajectories. To maintain alignment as the model’s policy evolves during training, we adopt an iterative learning scheme that dynamically regenerates preference data. Extensive experiments on three medical VQA and report generation benchmarks demonstrate that ClinCoT consistently improves factual grounding and achieves superior performance compared with existing preference-based alignment methods.",ok,
Clinically-Grounded Hierarchical Classification for Consistent Chest X-ray Interpretation,https://papers.miccai.org/miccai-2026/0172-Paper1023.html,https://papers.miccai.org/miccai-2026/paper/1023_paper.pdf,https://github.com/yejix-ai/CHASE,classification,Lung / Thoracic,Computer-Aided Diagnosis; Outcome Prediction / Prognosis / Longitudinal Modeling,Deep Learning; Interpretability / Explainability,"Moon, Jong Hak | Kim, Minjun","Accurate chest X-ray interpretation is inherently hierarchical. Clinical decisions depend not only on what abnormality is present but where it is situated, requiring reasoning from broad anatomical systems down to specific pathological findings. Yet existing automated systems largely treat this as a flat classification problem, failing to capture inter-level dependencies or enforce coherence between coarse and fine predictions. We propose CHASE (Classification with Hierarchical Analysis and Structured Enforcement), a unified single-stage framework that mirrors radiologists’ coarse-to-fine reasoning through a clinically-driven three-level taxonomy of 9 anatomical regions, 17 sub-regions, and 28 pathological findings. CHASE jointly optimizes multi-level supervision, cross-level probability alignment, and a hierarchy-violation penalty within a shared Vision Transformer backbone. This ensures that fine-grained findings are anatomically supported by their coarser-level context rather than predicted in isolation. Experiments demonstrate that CHASE outperforms flat and hierarchical baselines across all levels while achieving superior probabilistic hierarchy consistency, with level-wise attention maps confirming anatomically grounded predictions. Code is available at: https://github.com/yejix-ai/CHASE.",ok,
Co-MoCo: Collaborative Learning Enabled Motion Compensation for Weight-Bearing CBCT,https://papers.miccai.org/miccai-2026/0185-Paper2489.html,https://papers.miccai.org/miccai-2026/paper/2489_paper.pdf,https://github.com/TomSHINING/CoMoCo,image synthesis,Musculoskeletal / Orthopedic,Image Reconstruction,Deep Learning,"Lin, Tong | Wang, Xi | Xi, Yan | Tang, Hao | Chen, Yang | Zhang, Yikun","Weight-bearing cone-beam computed tomography (WB-CBCT) enables physiological load-bearing imaging but suffers from motion artifacts caused by involuntary patient tremors. Existing software-based approaches typically address image-domain restoration and motion estimation as separate problems, often leading to over-smoothed reconstructions or suboptimal convergence. To address these problems, we propose Co-MoCo, a collaborative motion compensation framework that integrates image-domain priors with physical consistency through an end-to-end differentiable pipeline. The framework employs a two-stage optimization: Stage I utilizes a Motion-Aware Dual-Decoder Network (MADN), trained via Optimal Transport Conditional Flow Matching (OT-CFM), to generate an artifact-free prior. In Stage II, this prior is integrated into an end-to-end differentiable correction loop to iteratively refine 6-degree-of-freedom (6-DoF) rigid motion trajectories. This synergistic design enables image restoration and motion estimation to mutually regularize each other. Extensive experiments on simulated datasets demonstrate that Co-MoCo significantly outperforms competing methods, achieving SSIM of 0.9849 under mild motion and 0.9152 under severe motion, with performance gains of up to 0.0528. Real-world validation on human and porcine hind limbs further confirms its superior robustness in artifact suppression and detail preservation for high-quality WB-CBCT imaging. Code is available at https://github.com/TomSHINING/CoMoCo.",ok,
Concept-Guided Noisy Negative Suppression for Zero-Shot Classification and Grounding of Chest X-Ray Findings,https://papers.miccai.org/miccai-2026/0189-Paper0377.html,https://papers.miccai.org/miccai-2026/paper/0377_paper.pdf,https://github.com/DopamineLcy/conns,VLM,Whole-body / Multi-organ / Other,Computer-Aided Diagnosis,Deep Learning; Multimodal Models / LLMs / VLMs,"Lian, Chenyu | Zhou, Hong-Yu | Wong, Chun-Ka | Qin, Jing","Vision-language alignment using chest X-rays and radiology reports has emerged as an advanced paradigm for zero-shot classification and grounding of chest X-ray findings. However, standard contrastive learning typically treats radiographs and reports from different patients simply as negative pairs. This assumption introduces noisy negatives, as different patients frequently exhibit similar findings. Such noisy negatives cause semantic ambiguity and degrade performance in zero-shot understanding tasks. To address this challenge, we propose CoNNS, a concept-guided noisy-negative suppression framework. To support the negative suppression mechanism, unlike previous methods that use raw reports or templatized texts, we construct a hierarchical concept ontology using large language models. The ontology structures 41 key clinical concepts by explicitly modeling presence, attributes (location and characteristics), and texts (evidential segment and presence statement). Leveraging this ontology, we implement a cross-patient pair relabeling strategy comprising three steps: (1) Fine-Grained Breakdown to categorize pairs based on finding presence; (2) Noisy Negative Filtering to resolve semantic conflicts by removing false negatives; and (3) Hard Negative Mining to identify subtle attribute discrepancies using a lightweight language model. Finally, we propose a Concept-Aware NCE loss to align visual features with text while suppressing the identified noisy negatives. Extensive experiments across multi-granularity zero-shot grounding tasks and five zero-shot classification datasets validate that CoNNS outperforms existing state-of-the-art models. The code is available at https://github.com/DopamineLcy/conns.",ok,
Conditional Diffusion Prompting for Ambiguous Medical Image Segmentation,https://papers.miccai.org/miccai-2026/0191-Paper5253.html,https://papers.miccai.org/miccai-2026/paper/5253_paper.pdf,https://github.com/shannan-zhk/Conditional-Diffusion-Prompting,classification&segmentation,Lung / Thoracic; Skin,Image Segmentation,Deep Learning,"Zhao, Hongkai | Gao, Jun | Kang, Qingbo | Lao, Qicheng","Ambiguous medical image segmentation often admits multiple clinically plausible delineations due to substantial inter-expert variability, and such inherent uncertainty cannot be faithfully represented by a single deterministic mask. Promptable foundation models such as SAM offer strong representations, yet under ambiguous boundaries, their predictions can be highly sensitive to prompt perturbations, and existing stochastic prompting strategies are often coarse and weakly coupled to image-side ambiguity, yielding diverse samples that may deviate from image-consistent boundaries. We propose Conditional Diffusion Prompting (CDP), which performs diffusion prompting in dense prompt embedding space prior to SAM-style decoding and conditions prompt-space denoising on stochastic image embeddings to couple prompt ambiguity with image ambiguity. Experiments on multiple ambiguous medical image segmentation benchmarks demonstrate improved distribution matching and sample quality, achieving lower GED and higher HM-IOU and Dmax. CDP provides a structured sampling mechanism for promptable decoders, enabling diverse yet image-consistent segmentations and improving practical reliability in ambiguous clinical settings.",ok,
Conformal 3D Lesion Segmentation with Balanced Risk Control,https://papers.miccai.org/miccai-2026/0194-Paper2825.html,https://papers.miccai.org/miccai-2026/paper/2825_paper.pdf,https://github.com/binyutan/CLS,segmentation,Whole-body / Multi-organ / Other,Anomaly / Lesion Detection; Image Segmentation,Deep Learning; Uncertainty Quantification,"Tan, Binyu | Wang, Zhiyuan | Duan, Jinhao | Xu, Kaidi | Shen, Heng Tao | Shen, Fumin | Shi, Xiaoshuang","Medical image segmentation models commonly binarize voxelwise scores using a fixed threshold, such as 0.5. However, this heuristic provides no finite-sample guarantee against clinically consequential under-segmentation, particularly in 3D lesion segmentation, where lesions are sparse relative to the background. We propose Conformal Lesion Segmentation (CLS), a model-agnostic post-processing framework for controlling voxel-level false-negative risk. Given a user-specified FNR tolerance ε and violation probability α, CLS uses a held-out calibration set to compute, for each case, the smallest mask-expansion parameter for which the voxel-level FNR does not exceed ε. A finite-sample-corrected conformal quantile of these critical values is then used to determine a global binarization threshold. Under exchangeability, CLS guarantees that a new test case satisfies the prescribed FNR tolerance with probability at least 1 − α. Because the critical parameter is chosen as the smallest feasible expansion, CLS also limits the associated increase in false positives, although FPR is not itself formally controlled. We evaluate CLS on six 3D-LS benchmarks across five backbone models, demonstrating its superior statistical validity and predictive performance, and providing potential guidance for deploying risk-aware segmentation models in real-world clinical applications. Code can be found at https://github.com/binyutan/CLS.",ok,
Counterfactual Anatomy-Guided Spatial-Temporal Decoding for Annotation-Free Hallucination Mitigation in Medical VLMs,https://papers.miccai.org/miccai-2026/0209-Paper4832.html,https://papers.miccai.org/miccai-2026/paper/4832_paper.pdf,https://github.com/csyifan/CAST,VLM,Whole-body / Multi-organ / Other,Computer-Aided Diagnosis,Deep Learning,"Lu, Yifan | Dukre, Adinath | Das, Abhijit | Zou, Ziyun | Yang, Haolin | Xie, Yutong | Razzak, Imran","Medical vision-language models (Med-VLMs) have demonstrated strong performance on medical visual question answering, yet they remain prone to hallucination, generating clinically unsupported statements that are insufficiently grounded in image evidence. Mitigation methods applied during decoding offer a practical solution, but they typically lack anatomical awareness or rely heavily on ground truth annotations, which limits their applicability. We propose Counterfactual Anatomy-guided Spatial-Temporal decoding (CAST), a framework that operates entirely during inference and requires no manual annotations for anatomically grounded hallucination mitigation. CAST automatically discovers anatomical regions relevant to the given query through broad medical segmentation. It then selects a compact, causally informative area using counterfactual intervention based on the drop in answer likelihood under occlusion. Guided by this chosen region, CAST performs a unified contrastive decoding process, combining classifier-free guidance to correct spatial attention with stepwise temporal contrast to regulate generation dynamics. Experiments on the SLAKE and MIMIC-CXR datasets across three Med-VLMs demonstrate that CAST consistently outperforms strong baselines and surpasses decoding strategies reliant on ground truth. Our results indicate that compact, automatically selected regions provide highly effective contrastive guidance without expert annotations, offering a practical and generalizable solution for improving spatial grounding and reducing hallucinations.",ok,
Counterfactual Stress-Testing for Fixing Lung Cancer Segmentation Models,https://papers.miccai.org/miccai-2026/0211-Paper5911.html,https://papers.miccai.org/miccai-2026/paper/5911_paper.pdf,https://github.com/AinkaranSanthi/counterfactual-stress-testing-lung-segmentation,segmentation,Lung / Thoracic,Image Segmentation,Causal Inference / Counterfactual Reasoning; Interpretability / Explainability,"Santhirasekaram, Ainkaran | Johnson, Charlie | Chen, Mitchell","Segmentation models for lung cancer on CT can achieve strong performance yet remain brittle to clinically relevant morphological and textural variations, with failures more prevalent in certain phenotypes. We introduce a counterfactual stress-testing framework that makes this brittleness measurable and actionable. We learn a conditional 3D tumour generator that produces identity-preserving counterfactual CT crops and corresponding pseudo-label masks by intervening on a compact set of radiomic “parent” features. Sweeping each feature across its empirical quantiles produces Counterfactual Robustness Curves (CRCs) for a baseline segmentation model, highlighting the feature regimes in which performance collapses. We define hard regimes as CRC regions where performance falls below a user-defined threshold and use them to select counterfactuals for targeted fine-tuning. On a publicly available CT cohort, CRCs expose consistent failure regions for small volumes, low sphericity, and high fractal dimension. Counterfactual fidelity analysis confirms that interventions achieve the intended feature changes with limited drift in non-target features. Targeted counterfactual fine-tuning guided by CRCs improves test segmentation performance compared with classical data augmentation and unconditional generative sampling.",ok,
CPR: Chained Perceptual Refinement for Coarse-to-Fine Medical Image Classification,https://papers.miccai.org/miccai-2026/0213-Paper3366.html,https://papers.miccai.org/miccai-2026/paper/3366_paper.pdf,,classification,Eye; Lung / Thoracic,Computer-Aided Diagnosis,Deep Learning,"Lu, Si-Yuan | Zhu, Hanruo | Zhu, Ziquan | Jin, Gaojie | Fu, Zeyu | Yin, Lu | Li, Ke | Liu, Lu | Huang, Tianjin","High-resolution medical images contain fine-grained, spatially sparse cues that are critical for diagnosis, yet preserving full resolution incurs substantial computational and memory costs. Most deep models process images uniformly, leading to redundant computation or loss of diagnostic detail under downsampling. We propose Chained Perceptual Refinement (CPR), a coarse-to-fine framework that formulates medical image analysis as a sequential global-to-local decision process. Starting from a low-resolution global view, CPR dynamically predicts the center and spatial extent of refinement regions, extracts high-resolution evidence from the original image, and incrementally integrates it with global context. By keeping the backbone input size fixed while contracting the perceptual field, CPR preserves diagnostic fidelity with constant peak GPU memory. Extensive experiments on five medical imaging datasets and multiple backbone architectures demonstrate that CPR consistently outperforms both fixed-resolution and multi-scale state-of-the-art baselines, achieving improvements of up to 2.27% over the second-best method. It also achieves up to a 19.6× reduction in GFLOPs at matched accuracy, establishing a superior accuracy–efficiency trade-off for high-resolution medical image analysis.",ok,
CRIMSON: A Clinically-Grounded LLM-Based Metric for Generative Radiology Report Evaluation,https://papers.miccai.org/miccai-2026/0215-Paper2039.html,https://papers.miccai.org/miccai-2026/paper/2039_paper.pdf,https://github.com/rajpurkarlab/CRIMSON,image synthesis,Cardiac; Lung / Thoracic,Anomaly / Lesion Detection; Computer-Aided Diagnosis,Deep Learning; Evaluation / Benchmarking / Reproducibility; Multimodal Models / LLMs / VLMs,"Baharoon, Mohammed | Heintz, Thibault | Raissi, Siavash | Alabbad, Mahmoud | Alhammad, Mona | AlOmaish, Hassan | Kim, Sung Eun | Banerjee, Oishi | Rajpurkar, Pranav","We introduce CRIMSON, a clinically grounded evaluation framework for chest X-ray report generation that assesses reports based on diagnostic correctness, contextual relevance, and patient safety. Unlike prior metrics, CRIMSON incorporates full clinical context, including patient age, indication, and guideline-based decision rules, and prevents normal or clinically insignificant findings from exerting disproportionate influence on the overall score. The framework categorizes errors into a comprehensive taxonomy covering false findings, missing findings, and eight attribute-level errors (e.g., location, severity, measurement, and diagnostic overinterpretation). Each finding is assigned a clinical significance level (urgent, actionable non-urgent, non-actionable, or expected/benign), based on a guideline developed in collaboration with attending cardiothoracic radiologists, enabling severity-aware weighting that prioritizes clinically consequential mistakes over benign discrepancies. CRIMSON is validated through strong alignment with clinically significant error counts annotated by six board-certified radiologists in ReXVal (Kendall’s tau = 0.61–0.71; Pearson’s r = 0.71–0.84), and through two additional benchmarks that we introduce. In RadJudge, a targeted suite of clinically challenging pass–fail scenarios, CRIMSON shows consistent agreement with expert judgment. In RadPref, a larger radiologist preference benchmark of over 100 pairwise cases with structured error categorization, severity modeling, and 1–5 overall quality ratings from three cardiothoracic radiologists, CRIMSON achieves the strongest alignment with radiologist preferences. We release the metric, the evaluation benchmarks, RadJudge and RadPref, and a fine-tuned MedGemma model to enable reproducible evaluation of report generation, all available at https://github.com/rajpurkarlab/CRIMSON.",ok,
Cross-Modal Contrastive Learning of ECG and Angiography Representations for Severe Stenosis Classification,https://papers.miccai.org/miccai-2026/0222-Paper1945.html,https://papers.miccai.org/miccai-2026/paper/1945_paper.pdf,https://github.com/NikolaCenic/ecg-stenosis-cls,classification,Cardiac,Computer-Aided Diagnosis,Deep Learning; Semi- / Weakly- / Self-supervised Learning,"Cenikj, Nikola | Turgut, Özgün | Müller, Alexander | Steger, Alexander | Kehrer, Jan | Brugger, Marcus | Rueckert, Daniel | Martens, Eimo | Müller, Philip","Coronary artery stenosis is a common cardiovascular disease, with severe, untreated cases posing significant risks of heart attack. Although coronary (X-ray) angiograms remain the standard for stenosis diagnosis, they are invasive, time- and resource-intensive, and therefore only performed on patients with a high probability of disease based on symptoms and prior clinical tests. However, a subset of patients, especially those without symptoms, may remain undiagnosed. Detecting indications of stenosis from ECGs, which are fast, cheap, non-invasive, and thus routinely acquired even in asymptomatic patients, would support early diagnosis. However, as no reliable stenosis-specific signal has been identified in ECGs, they can not currently be used for stenosis risk stratification. To address this, we introduce StenCE, a pretraining framework, allowing stratification of patients based on features derived directly from ECGs. Evaluations across varying stenosis severity thresholds and additional ECG disease classification tasks demonstrate consistent performance improvements across different ECG encoders, outperforming previous work. The obtained models successfully detect signals for stenosis diagnosis in ECGs and are the first to achieve high performance in severe stenosis classification. The source code is available at https://github.com/NikolaCenic/ecg-stenosis-cls.",ok,
Cross-Surface Representation Learning for Accurate Gingiva Prediction in CBCT,https://papers.miccai.org/miccai-2026/0224-Paper2720.html,https://papers.miccai.org/miccai-2026/paper/2720_paper.pdf,,classification&segmentation,Whole-body / Multi-organ / Other,Image Segmentation,Deep Learning,"Mei, Lanzhuju | Li, Yuan | Wu, Han | Gu, Wen | Wang, Chong | Tonetti, Maurizio | Cui, Zhiming | Shen, Dinggang","Accurate gingival segmentation from Cone-Beam Computed Tomography (CBCT) is critical for periodontitis management and implantology, yet remains challenging due to low soft tissue contrast and the adhesion of adjacent tissues such as the cheeks and the tongue. In standard CBCT, the gingival margin is essentially indistinguishable from the surrounding mucosa, so existing methods either rely on additional intra-oral scan (IOS) data or apply voxel-based deep-learning methods that struggle with boundary precision. To address these limitations, this paper proposes a protocol-and-method co-design. First, we introduce a chair-side scanning protocol that uses a mouth retractor and an impression tray to physically isolate the gingiva from buccal and lingual tissues during acquisition, creating a continuous high-contrast air interface that makes the gingival margin imageable in CBCT in the first place; the protocol requires no scanner modification and adds less than one minute to the standard CBCT workflow. Second, building on this controlled input, we propose a cross-surface representation (CSR) that recasts the 3D volumetric segmentation as 1D radiodensity profile regression along tooth surface vertex normals, together with a band-aware Gaussian regression (BGR) module that produces a continuous, topologically consistent confidence field on the tooth manifold. Experiments demonstrate that the method outperforms strong 3D voxel baselines, achieving expert-level accuracy without auxiliary IOS data.",ok,
CSGE: Break the SSL Bottleneck in Medical Image Segmentation via Collaborative Semantic-Geometric Experts,https://papers.miccai.org/miccai-2026/0227-Paper3554.html,https://papers.miccai.org/miccai-2026/paper/3554_paper.pdf,https://github.com/yufei050201/CSGE,segmentation,Whole-body / Multi-organ / Other,Image Segmentation,Domain Adaptation / Harmonization; Foundation Models; Multimodal Models / LLMs / VLMs; Semi- / Weakly- / Self-supervised Learning,"Wan, Yufei | Cheng, Hangbei | Cui, Danchen | Li, Junran | Jiang, Jiahui | Chen, Junxin | Wei, Mingqiang | Liu, Xueyu | Wu, Yongfei","Semi-supervised learning for medical image segmentation, particularly within the prevalent Teacher-Student architecture, is frequently hindered by recursive error accumulation and the inherent rigidity of hard-threshold pseudo-labeling. These limitations lead to three critical bottlenecks: semantic-geometric misalignment, chronic confirmation bias, and significant loss of boundary information. To address these, we propose CSGE, a novel paradigm shifting from pseudo-label filtering to collaborative semantic-geometric refinement. CSGE synergistically leverages multimodal medical knowledge and geometric priors. By exploiting semantic cues from the textual modality, BiomedCLIP provides robust semantic anchoring, while SAM serves as a geometric refinement expert. We introduce a Conflict-aware Iterative Co-evolution module that detects discrepancies via XOR operations to drive iterative pseudo-label refinement. Furthermore, we replace hard thresholds with a spatial trust-aware soft-weighted consistency loss to maintain gradient flow within uncertain regions. Evaluated across three modalities (1%–30% labels), CSGE outperforms state-of-the-art methods, notably achieving a 4.9% average Dice improvement under the extreme 1% setting to demonstrate its robustness. Our code is available at https://github.com/yufei050201/CSGE.",ok,
CSWinUNETR: Segmentation of Thin Anatomical Structures in Medical Images,https://papers.miccai.org/miccai-2026/0228-Paper4831.html,https://papers.miccai.org/miccai-2026/paper/4831_paper.pdf,https://github.com/labhai/CSWinUNETR,classification&segmentation,Vasculature; Whole-body / Multi-organ / Other,Image Segmentation,Deep Learning,"Moon, Junho | Chung, Haejun | Jang, Ikbeom","Accurate segmentation of thin, tortuous anatomical structures, such as retinal vessels, cerebral vasculature, and facial wrinkles, remains challenging due to low contrast, frequent discontinuities, and severe class imbalance. Although recent convolutional and Transformer-based models have improved performance, they often yield fragmented predictions and fail to recover fine branches. We propose CSWinUNETR, a task-oriented 2D/3D backbone for thin-structure segmentation. It employs cross-shaped stripe self-attention to model long-range principal-axis context and incorporates cyclic shifts to enhance information exchange across stripes. To better preserve fine-grained details, we further introduce a detail-enhanced multi-scale self-attention module that aggregates contextual features from multi-resolution representations. In addition, we propose sparse-control dynamic snake convolution, which reconstructs reliable dense curvilinear kernels from sparsely predicted control points to better follow tortuous geometry. Extensive experiments on four benchmarks across ophthalmology, neurovascular imaging, and dermatology demonstrate that CSWinUNETR consistently outperforms state-of-the-art methods without task-specific post-processing or topology-aware losses. Code is available at https://github.com/labhai/CSWinUNETR.",ok,
CT2-DiT: Enabling Abdominal Non-contrast to Contrast-Enhanced CT Translation with Diffusion Transformers in the Low-Data Regime,https://papers.miccai.org/miccai-2026/0229-Paper1524.html,https://papers.miccai.org/miccai-2026/paper/1524_paper.pdf,,image synthesis,Abdomen,Anomaly / Lesion Detection; Image Synthesis / Augmentation / Super-Resolution,Deep Learning; Synthetic Data / Data-centric AI,"Zhu, Han | Song, Yu | Nishikawa, Ikuko","In this paper, we propose CT2-DiT, a simple yet powerful framework for abdominal non-contrast CT (NCCT) to contrast-enhanced CT (CECT) translation, with a particular focus on focal liver lesions (FLLs). CECT plays an important role in the clinical diagnosis of FLLs by providing a clear contrast between normal liver tissue and lesions. However, due to its invasive nature and potential risks, neural network-based translation from NCCT to CECT has become an attractive research direction. Diffusion Transformers (DiT) exhibit strong modeling capacity and effectively capture complex image structures, making them particularly promising for modeling abdominal CT images with complex liver anatomy. But their application to CECT synthesis is often limited by the need for large-scale training data, which is difficult to obtain in practice. To address this issue, we construct a medium-scale CT dataset using publicly available unlabeled data for pre-training, and improve generalization through manually synthesized CT-specific features and a spatial-intensity decoupled data augmentation strategy. We further enhance performance by incorporating deep supervision and improving data efficiency. With only 774 paired CT slices, CT2-DiT generates realistic and diagnostically relevant CECT images, outperforming existing methods across multiple evaluation metrics and demonstrating the previously underexplored potential of DiT in CECT synthesis. Notably, CT2-DiT trained on only 50% of the data still outperforms all baselines trained on the full dataset in structural fidelity.",ok,
CTTok: Voxel-Abulary for Autoregressive 3D CT Volume Generation with Large Language Models,https://papers.miccai.org/miccai-2026/0231-Paper2284.html,https://papers.miccai.org/miccai-2026/paper/2284_paper.pdf,https://github.com/WongJiayi/CTTok,image synthesis,Abdomen; Whole-body / Multi-organ / Other,Image Synthesis / Augmentation / Super-Resolution,Foundation Models; Multimodal Models / LLMs / VLMs; Synthetic Data / Data-centric AI,"Wang, Jiayi | Reynaud, Hadrien | Dombrowski, Mischa | Wang, Xiaoliang | Hamamci, Ibrahim E. | Shit, Suprosanna | Er, Sezgin | Menze, Bjoern H. | Kainz, Bernhard","Existing text-to-imaging generation methods inherit diffusion architectures from natural image synthesis, relying on explicit cross-attention to condition generation on text at every step. We hypothesize that this design is unnecessarily complex for medical tomographic volumes: unlike natural scenes, human anatomy exhibits strong structural regularity, with organs occupying predictable locations and varying far less across individuals than open-ended visual content. Given a text-aligned tokenization, sequential modeling alone should therefore suffice for text-conditional anatomical generation, without dedicated cross-attention layers. We propose CTTok, a discrete autoregressive approach that extends the vocabulary of a pre-trained language model with anatomical tokens representing 3D CT patches. Text conditioning is handled by the language model’s existing causal attention over these anatomically grounded tokens. Because the synthesized volume is itself constructed from such tokens, any mild boundary artifacts from patch-level discretization carry no semantic ambiguity and can be removed by a single-pass, unconditional GAN refinement with no access to the original prompt, since all text-to-anatomy correspondence is already resolved at the token level. CTTok outperforms state-of-the-art diffusion and flow-matching baselines in diversity, image quality, and text-image alignment, at a fraction of the training and inference compute. Source code and model weights: \url{https://github.com/WongJiayi/CTTok}.",ok,
Curia-2: Scaling Self-Supervised Learning for Radiology Foundation Models,https://papers.miccai.org/miccai-2026/0234-Paper6594.html,https://papers.miccai.org/miccai-2026/paper/6594_paper.pdf,https://huggingface.co/raidium/curia-2,VLM,Whole-body / Multi-organ / Other,Computer-Aided Diagnosis,Foundation Models; Semi- / Weakly- / Self-supervised Learning,"Saporta, Antoine | Callard, Baptiste | Dancette, Corentin | Khlaut, Julien | Corbière, Charles | Butsanets, Leo | Prat, Amaury | Manceron, Pierre","While recent FMs have shown the power of large-scale pre-training to CT and MRI analysis, there remains significant room to optimize how these models learn from complex radiological volumes. Building upon the Curia framework, this work introduces Curia-2, which significantly improves the original pre-training strategy and representation quality to better capture the specificities of radiological data. The proposed methodology enables scaling the architecture up to billion-parameter Vision Transformers, marking a first for multi-modal CT and MRI FMs. Furthermore, we formalize the evaluation of these models by extending and restructuring CuriaBench into two distinct tracks: a 2D track tailored for slice-based vision models and a 3D track for volumetric benchmarking. Our results demonstrate that Curia-2 outperforms all FMs on vision-focused tasks and fairs competitively to vision-language models on clinically complex tasks such as finding detection. To foster further research, model weights are made publicly available at https://huggingface.co/raidium/curia-2.",ok,
DCLDs-RAG: Evidence-Grounded Multimodal Retrieval-Augmented Generation for Diffuse Cystic Lung Diseases Diagnosis,https://papers.miccai.org/miccai-2026/0241-Paper0323.html,https://papers.miccai.org/miccai-2026/paper/0323_paper.pdf,https://github.com/Li-Haoqing/DCLDs,VLM,Lung / Thoracic,Computer-Aided Diagnosis,Multimodal Models / LLMs / VLMs,"Li, Haoqing | Shi, Jun | Chen, Xianmeng | Jia, Qiwei | Wang, Rui | Peng, Yating | Gao, Li | Chen, Qianyi | An, Hong | Ouyang, Ruoyun | Hu, Xiaowen","Deep learning methods face dual challenges of limited clinical samples and subtle inter-class differences among Diffuse Cystic Lung Diseases (DCLDs) when performing multi-class diagnosis from Computed Tomography (CT) imaging. Although Multimodal Large Language Models (MLLMs) exhibit promising potential for rare disease diagnosis, their performance is often compromised by insufficient domain-specific knowledge and the absence of reliable multimodal evidence, leading to increased hallucination risks. To address these limitations, we propose DCLDs-RAG, a multimodal retrieval-augmented generation framework for DCLDs diagnosis. Specifically, DCLDs-RAG integrates: (1) a disease-specific multimodal corpus of DCLDs cases and a DCLDs knowledge graph corpus; (2) a visual evidence retrieval learns angular margin-aware representations with high diagnostic discriminability; and (3) a knowledge–clinical evidence retrieval extracts disease-specific entities and relational patterns from the DCLDs knowledge graph as conclusive evidence to support diagnostic reasoning. An MLLM synthesizing retrieved evidence with query for final diagnosis. DCLDs-RAG is validated on the multi-center cohorts encompassing four types of DCLDs, achieving superior accuracy and generating evidence-based descriptions closely aligned with expert insights. Code is available at: https://github.com/Li-Haoqing/DCLDs.",ok,
Decouple and Reason: Anatomically Guided Two-Stage Grounding of Lung Lesions in 3D Chest CT from Free-Text Reports,https://papers.miccai.org/miccai-2026/0246-Paper3331.html,https://papers.miccai.org/miccai-2026/paper/3331_paper.pdf,https://github.com/khuhm/DAGG,segmentation,Lung / Thoracic,Multimodal Integration with Clinical / Genomic / Biomarkers,Multimodal Models / LLMs / VLMs,"Uhm, Kwang-Hyun | Son, Inhwa | Ko, Sung-Jea","Automatic voxel-level grounding of lung lesions from free-text reports in 3D chest Computed Tomography (CT) is critical for clinical interpretability. However, this task remains highly challenging due to the intricate spatial complexity of large 3D volumes and the heterogeneity of free-text findings. Existing end-to-end approaches often struggle to simultaneously learn the localized feature representations required for accurate 3D segmentation and the complex semantic understanding needed for text alignment, leading to suboptimal grounding performance. To overcome this fundamental limitation, we propose a novel decoupled framework that disentangles the problem into two specialized stages: (1) class-agnostic lesion segmentation and (2) text-volume reasoning. This structural separation allows the model to first extract candidate sub-volumes by localizing potential abnormalities. Subsequently, intensive cross-modal reasoning is performed to align these localized sub-volumes with free-text medical findings. To resolve the spatial ambiguities inherent in local regions, the reasoning module is augmented with explicit anatomical guidance, utilizing relative spatial coordinates and lung lobe priors. Evaluated on the ReXGroundingCT benchmark, our method achieves state-of-the-art performance in instance-level metrics on the official leaderboard. These results demonstrate that decoupling detection from reasoning is a highly effective paradigm for handling the complexity of 3D medical visual grounding. Our code is publicly available at https://github.com/khuhm/DAGG.",ok,
Decoupled Ordinal Refinement with Geometric Alignment for Chest X-ray Severity Scoring,https://papers.miccai.org/miccai-2026/0247-Paper4660.html,https://papers.miccai.org/miccai-2026/paper/4660_paper.pdf,https://github.com/mai-inha/DORGA,dataset/benchmark,Lung / Thoracic,Computer-Aided Diagnosis,Evaluation / Benchmarking / Reproducibility; Fairness / Safety / Reliability,"Jeong, Geon | Kim, Jung Soo | Lee, Hyun Gyu","Multi-region severity scoring on chest X-rays (CXR) faces three structural challenges: extreme class imbalance across regions of interest (ROIs), ordinal label discontinuity, and inter-rater subjectivity. We argue that performance degradation in sparse high-severity grades stems from ordinal geometry collapse—the compounding interaction of Neural Collapse and Minority Collapse in the representation space—rather than from data scarcity alone. To address this, we propose the Decoupled Ordinal Refinement with Geometric Alignment (DORGA), which operates within an explicitly designed Ordinal-Aligned Latent Space. Our approach is threefold: (i) learnable anchors constrained by polar fixing and ordinal separation pin the severity coordinate system on the hypersphere a priori; (ii) ROI embeddings are orthogonally decoupled into severity and structure components, preventing severity similarity from distorting inter-ROI attention; and (iii) pattern-conditional Bayesian propagation refines ambiguous severity embeddings via confidence-gated spherical interpolation, guided by oracle-supervised structure-aware attention during training. DORGA achieves an average MAE of 0.301 on the Brixia consensus test set, compared to 0.441 (BS-Net) and 0.350 (PAFE). Without fine-tuning, it attains QWK 0.797 with the senior radiologist on the external Cohen dataset, matching inter-rater agreement (0.790).",ok,
Decoupled Single-Mask Annotation Noise Detection via Cross-Sectional Patch Self-consistency,https://papers.miccai.org/miccai-2026/0248-Paper1603.html,https://papers.miccai.org/miccai-2026/paper/1603_paper.pdf,https://github.com/zhuyinheng/hidden_noise,image restoration/quality,Vasculature,Connectivity & Network Analysis; Image Segmentation,Deep Learning; Evaluation / Benchmarking / Reproducibility; Interpretability / Explainability; Synthetic Data / Data-centric AI; Uncertainty Quantification,"Zhu, Yinheng | Xu, Xiaowei","Vascular computed tomography datasets are commonly annotated only once per scan, yielding the pervasive yet under-addressed problem of \emph{single-mask} annotation noise. Existing solutions either require costly multi-rater fusion or coupled with network training, preventing explicit auditing of \emph{where} and \emph{why} labels fail. We introduce a \emph{decoupled} framework for single-mask annotation noise detection that leverages \emph{cross-sectional patch self-consistency} to produce \emph{interpretable} and \emph{auditable} noise evidence. Tubular anatomy exhibits strong cross-sectional recurrence: patches extracted orthogonally along vessel centrelines recur in appearance across locations and subjects. Thus, anatomically similar patches should have consistent masks, and disagreement signals unreliable annotation. Our method samples cross-sectional patches, retrieves intensity-equivalent neighbors via scalable vector search, and computes a \emph{patch-level noise score} from statistical mask disagreement, yielding explicit image–mask evidence for every flagged region. Aggregating scores produces scan-level \emph{quality maps} for dataset quality assessment or quality-weighted training. Experiments on the coronary CT dataset validate the detected noise for improving training robustness and reveal systematic annotation biases, i.e., transverse and oblique vessels exhibit 5.1$\times$ higher error rate than axis-aligned structures, with additional correlations to cross-sectional area and intensity.",ok,
DEER: A Foundation Model with Dual-Branch CT-Enhanced Embeddings for Thoracoabdominal Radiographs,https://papers.miccai.org/miccai-2026/0252-Paper1156.html,https://papers.miccai.org/miccai-2026/paper/1156_paper.pdf,https://github.com/sunyh1/DEER,classification,Abdomen; Lung / Thoracic; Pelvis / Reproductive System; Whole-body / Multi-organ / Other,Computer-Aided Diagnosis,Foundation Models; Multimodal Models / LLMs / VLMs,"Sun, Yihua | Guo, Jia | Wang, Qijing | Ouyang, Jingzhou | Li, Ge | Zhang, Nan | Chen, Fang | Liao, Hongen","The chest and abdomen are critical, anatomically complex regions with diverse pathologies, with digital radiography (DR) serving as the primary modality for screening and diagnosis. Developing an effective DR foundation model with strong disease discrimination through self-supervised learning remains a significant challenge. Moreover, prior research has largely overlooked abdominal DR and the potential of computed tomography (CT) localizers as a bridge to fine-grained CT knowledge. In this work, we pioneer the incorporation of large-scale, previously neglected CT localizers and CT reports to train a unified DR foundation model on both chest and abdominal regions. We propose a dual-branch contrastive pretraining approach using 1.1 million DR and 1 million CT localizers, each paired with radiologist reports. By integrating comprehensive knowledge from CT reports, we substantially enhance the model’s capability in DR interpretation. Extensive evaluations on 10 downstream tasks demonstrate the superiority of our model. To the best of our knowledge, this is the first foundational pretraining framework that jointly leverages DR, CT localizers, and reports, scaling to an unprecedented 2.1 million image-report pairs. It offers valuable insights into CT-enhanced intelligent DR diagnosis and scalable multimodal medical foundation models, with demonstrated robustness across diverse clinical tasks. The model is available at https://github.com/sunyh1/DEER.",ok,
DentMamba: An Anatomy-Aware Global-Local Hybrid Network for Large-Scale Multi-class Dental Disease Detection,https://papers.miccai.org/miccai-2026/0259-Paper0668.html,https://papers.miccai.org/miccai-2026/paper/0668_paper.pdf,https://github.com/zhkangzhkang/Dent_Mamba,classification,Whole-body / Multi-organ / Other,Anomaly / Lesion Detection; Computer-Aided Diagnosis,Deep Learning,"Zhang, Kang | Zhuang, Shaojie | Wei, Guangshun | Zhou, Yuanfeng","Dental disease detection on panoramic radiographs is challenged by extreme scale variation, tiny lesions with ambiguous boundaries, and the vertical anisotropy of tooth anatomy. To improve sensitivity to small lesions while retaining computational efficiency,we propose DentMamba, a two-stage framework: a global tooth localization stage to isolate tooth ROIs and suppress background structures, and a fine-grained detector built on anatomy-aware global–local modeling. In the second stage,we introduce the AnatoMamba block with anisotropic convolutions to encode vertical root priors while avoiding the quadratic cost of global attention, and a bidirectional MultiScale Adaptive Spatial Attention Gate fusion module (MASAG) to reduce semantic misalignment during feature fusion. Furthermore, we propose a Dynamic Scale-Aware Hybrid Loss (DSAHL) that adapts the regression objective across lesion scales and aligns classification confidence with localization quality.Experiments on a large clinical panoramic dataset (20,000 images; 18,534 used for cross-validation)demonstrate that DentMamba achieves 84.6 AP with 17M parameters, with notably improved smalllesion performance (APS 52.1),outperforming recent detectors under a strong accuracy-efficiency trade-off. The evaluation code can be accessed at:https://github.com/zhkangzhkang/Dent_Mamba.",ok,
Detecting Clinical Hallucinations in LVLMs via Counterfactual Visual Grounding Uncertainty,https://papers.miccai.org/miccai-2026/0266-Paper4284.html,https://papers.miccai.org/miccai-2026/paper/4284_paper.pdf,https://github.com/Agentic-CliniAI/CounterVHD,Agent,Whole-body / Multi-organ / Other,Computer-Aided Diagnosis,Causal Inference / Counterfactual Reasoning; Fairness / Safety / Reliability; Interpretability / Explainability; Multimodal Models / LLMs / VLMs; Uncertainty Quantification,"Song, Xiao | Qin, Haonan | Zhang, Zhaoxu | Zhang, Jiong | Fang, Yuqi | Shan, Caifeng","Large vision-language models (LVLMs) are increasingly used for clinical image understanding, yet they remain vulnerable to \emph{hallucinations}–producing textual findings or attributes not supported by the image. We present a vision-traceable hallucination detection framework that audits arbitrary LVLM responses via visual evidence grounding, requiring neither modification nor internal access to the hidden states of LVLMs. Given an LVLM response, we extract visually verifiable entities and use a medical-domain-adapted Qwen-VL grounding verifier to localize each entity on the input image. To enhance the robustness of our detection method, we introduce a counterfactual entity perturbation method and estimate visual evidence uncertainty by contrasting factual and counterfactual grounding results. Specifically, we compute an entity-level uncertainty score from the positive confidence, counterfactual confidence, and their grounding overlap for binary hallucination decision-making. Experiments on multiple medical imaging modalities and LVLM backbones demonstrate that our method consistently improves hallucination detection performance over recent baselines, while providing interpretable localization evidence and strong cross-model transferability. Code and dataset are available at \url{https://github.com/Agentic-CliniAI/CounterVHD}.",ok,
Deterministic Hallucination Detection in Medical VQA via Confidence-Evidence Bayesian Gain,https://papers.miccai.org/miccai-2026/0267-Paper6556.html,https://papers.miccai.org/miccai-2026/paper/6556_paper.pdf,https://github.com/masadi-99/CEBaG,VLM,Whole-body / Multi-organ / Other,Computer-Aided Diagnosis; Other,Evaluation / Benchmarking / Reproducibility; Fairness / Safety / Reliability; Interpretability / Explainability; Multimodal Models / LLMs / VLMs; Uncertainty Quantification,"Asadi, Mohammad | Nedaee, Tahoura | O’Sullivan, Jack W. | Ashley, Euan | Adeli, Ehsan","Multimodal large language models (MLLMs) have shown strong potential for medical Visual Question Answering (VQA), yet they remain prone to hallucinations, defined as generating responses that contradict the input image, posing serious risks in clinical settings. Current hallucination detection methods, such as Semantic Entropy (SE) and Vision-Amplified Semantic Entropy (VASE), require 10 to 20 stochastic generations per sample together with an external natural language inference model for semantic clustering, making them computationally expensive and difficult to deploy in practice. We observe that hallucinated responses exhibit a distinctive signature directly in the model’s own log-probabilities: inconsistent token-level confidence and weak sensitivity to visual evidence. Based on this observation, we propose Confidence-Evidence Bayesian Gain (CEBaG), a deterministic answer-level hallucination detection method for short-form medical VQA that requires no stochastic sampling, no external models, and no task-specific hyperparameters. CEBaG combines two complementary signals: token-level predictive variance, which captures inconsistent confidence across response tokens, and evidence magnitude, which measures how much the image shifts per token predictions relative to text-only inference. Evaluated across four medical MLLMs and three VQA benchmarks (16 experimental settings), CEBaG achieves the highest AUC in 13 of 16 settings and improves over VASE by 8 AUC points on average, while being fully deterministic and self-contained. https://github.com/masadi-99/CEBaG.",ok,
Diagnose Like a Doctor: Misdiagnosis-Aware Structured Memory for Continual Learning of Medical Vision-Language Models,https://papers.miccai.org/miccai-2026/0273-Paper0321.html,https://papers.miccai.org/miccai-2026/paper/0321_paper.pdf,,VLM,Whole-body / Multi-organ / Other,Computer-Aided Diagnosis,Deep Learning; Multimodal Models / LLMs / VLMs,"Qin, Chendong | Huang, Shuai | Yao, Yifei","Multimodal biomedical Vision-Language Models (VLMs) confront a core dilemma in Continual Learning (CL): fine-grained feature confusion and blurred decision boundaries arising from the distinct data distribution characteristics of medical imagery. To address this challenge, we propose a novel Misdiagnosis-Aware Structured Memory framework that explicitly embeds misdiagnosis lessons into the retrieval topology, enabling the model to perform diagnostics akin to an experienced clinician. Specifically, we build a hierarchical Pitfall Graph that connects medical entities to their definitions, common mimics, and exclusion criteria, and integrate it into a Retrieval-Augmented Generation (RAG) system to guide fine-tuning via dynamic knowledge retrieval. To mitigate catastrophic forgetting, we construct a large-scale offline multimodal database—enabling continual adaptation through retrieval of similar cases during training. We conduct a comprehensive validation of our proposed framework against existing state-of-the-art methods; extensive experiments across 11 medical datasets, covering 9 modalities and 10 organs, demonstrate that our approach achieves state-of-the-art accuracy.",ok,
Diagnosing 3D Volumes from Camera Video: A Semantic-Robust Framework Without Direct DICOM Access,https://papers.miccai.org/miccai-2026/0274-Paper4759.html,https://papers.miccai.org/miccai-2026/paper/4759_paper.pdf,,classification,Lung / Thoracic,Computer-Aided Diagnosis,Deep Learning; Domain Adaptation / Harmonization,"Wu, Junlei | Huang, Haolin | Li, Jiaming | Wang, Qian","Medical imaging traditionally assumes that high-fidelity, lossless data are required for reliable computer-aided diagnosis (CAD), an assumption inherited by AI models trained on pristine DICOM volumes. While 2D radiographs have shown tolerance to smartphone recapture, it remains unknown whether 3D volumetric diagnosis can survive the severe degradation introduced when a camera records slice scrolling as a video stream. This question is increasingly relevant as DICOM-level access and PACS integration impose substantial infrastructural barriers, particularly in resource-limited settings. We introduce ScreenCAD, a framework designed to test whether a 3D medical volume, transformed into a camera-captured video, still preserves sufficient semantic information for AI diagnosis. ScreenCAD combines cascaded ROI extraction, a frozen medical foundation model with strong semantic invariance, and a Task-Token Mixture-of-Experts aggregator to operate directly on low-fidelity, variable-length video streams. On CT-RATE with real-world screen recordings, ScreenCAD achieves competitive diagnostic performance under video inputs, while conventional 3D baselines degrade sharply. These results provide initial evidence that volumetric diagnosis can remain feasible under substantial information loss, highlighting camera-based acquisition as a promising interface for future medical AI systems when direct PACS integration is infeasible. Our code will be released at GitHub.",ok,
Diagnostic Evidence-Based Prototype Learning via Dirichlet Process for Multimodal Bone Tumor Subtyping,https://papers.miccai.org/miccai-2026/0275-Paper2542.html,https://papers.miccai.org/miccai-2026/paper/2542_paper.pdf,https://github.com/HKU-MedAI/PBT-DPDEP,classification,Musculoskeletal / Orthopedic,Computer-Aided Diagnosis,Multimodal Models / LLMs / VLMs,"Wu, Feng | She, Ruiling | Zhang, Ruiyang | Peng, Liang | Ma, Qiang | Zhao, Yinghua | Yu, Lequan","Multimodal imaging is essential for accurate primary bone tumor subtyping, yet its clinical utility is limited by cross-modal diagnostic conflicts and frequent missing modalities. Existing deterministic multimodal fusion methods fail to model predictive uncertainty, often yielding over-confident predictions under incomplete inputs or inter-modality disagreements. In this paper, we propose DPDEP, a novel Dirichlet Process (DP)-driven diagnostic evidence-based prototype learning framework for multimodal bone tumor subtyping. Inspired by clinical differential diagnosis, DPDEP projects multimodal features onto modality-specific prototypes to capture heterogeneous diagnostic signatures. Instead of deterministic fusion, we introduce a DP-based evidential arbitration mechanism that dynamically quantifies prototype reliability and resolves inter-modality conflicts by prioritizing the most trustworthy evidence. To handle missing modalities, we introduce a DP-guided asymmetric evidential distillation strategy that transfers robust joint-modality reasoning from teacher to student by selectively dropping the more reliable modality without hallucinating missing-modal evidence. We collected a well-curated large-scale in-house bone tumor dataset comprising 4,443 clinical cases. Experiments demonstrate that DPDEP achieves state-of-the-art performance on both three-class malignancy grading and nine-class fine-grained histotype subtyping, with strong robustness and reliability in real-world incomplete multimodal settings. Our code is available at: https://github.com/HKU-MedAI/PBT-DPDEP.",ok,
DiCoP-SAM: Disagreement-Band Guided Corrective Prompting for Collaborative Semi-Supervised Medical Image Segmentation,https://papers.miccai.org/miccai-2026/0276-Paper1048.html,https://papers.miccai.org/miccai-2026/paper/1048_paper.pdf,https://github.com/Fzuwxy/DiCoP-SAM,classification&segmentation,Cardiac; Whole-body / Multi-organ / Other,Image Segmentation,Deep Learning; Semi- / Weakly- / Self-supervised Learning,"Wang, Xinyu | Liu, Jiayao | Wang, Youlin | Su, Jiawei | Luo, Zhiming | Lian, Sheng","Semi-supervised medical image segmentation (SSMIS) is critical, yet suffers from pseudo-label noise and boundary uncertainty in low-label regimes. While foundation models like SAM offer strong priors, their high-confidence semantic bias can amplify errors when naively integrated into pseudo-supervision loops. We propose DiCoP- SAM, a two-stage collaborative framework that closes the loop between a CNN and SAM via automatic, error-aware corrective prompting that requires neither GT masks nor manual prompts for unlabeled images. Stage-I (TriGate-CPS) augments cross pseudo-supervision with a fore- ground/background/uncertainty tri-gate mechanism to produce reliable fused pseudo-labels and explicitly localize high-risk disagreement bands. Stage-II (DiCoP) harvests these bands to generate such corrective posi- tive/negative point prompts, driving parameter-efficient SAM adaptation; refined predictions are distilled back to the CNN, forming a self-correcting “predict → correct → relearn” loop. On CT, MRI, and ultrasound bench- marks, DiCoP-SAM consistently outperforms semi-supervised and SAM- assisted baselines, approaching fully supervised performance with limited labels (e.g., 83.13 Dice vs. 83.30 for TRFE+ on TN3K with 20% labels).",ok,
Diff-SABR: Diffusion-Based Symmetry-Aware Reconstruction of Alveolar Bone Defects from CBCT,https://papers.miccai.org/miccai-2026/0278-Paper1226.html,https://papers.miccai.org/miccai-2026/paper/1226_paper.pdf,,image synthesis,Head & Neck,Image Reconstruction,Deep Learning,"Choi, Ho Yoon | Han, Ji Yong | Lim, Sang-Heon | Kim, Sujeong | Yun, Hyunbin | Ahmadi, Mobin | Oh, Sungho | Lee, Taeyeon | Han, Jeong Joon | Yi, Won-Jin","Precise 3D reconstruction of alveolar bone defects using Cone-Beam Computed Tomography (CBCT) is essential for predictable dental implant surgery and bone graft planning. However, automated restoration remains challenging due to the inherent anatomical complexity and the scarcity of paired clinical datasets. In this paper, we propose Diff-SABR, a novel diffusion-based symmetry-aware framework to reconstruct alveolar bone morphology. Our approach employs a hybrid learning strategy that integrates a synthetic dataset generated through hyperbolic-paraboloid simulation with a clinical dataset for weakly supervised training. To handle anatomical variations, we incorporate AlignNet, a spatial alignment module that registers healthy mirrored anatomy to the defect site. Experimental results demonstrate that our framework achieves high anatomical fidelity, with a Dice Similarity Coefficient (DSC) of 0.82 and a 95th percentile Hausdorff Distance (HD95) of 1.67 mm on real-world clinical scans. Quantitative and qualitative ablation studies further confirm that the synergy between hybrid supervision and spatial alignment is crucial to restore clinically viable ridge geometries. By providing objective and automated 3D bone restoration, Diff-SABR offers a robust tool to improve surgical stability and optimize bone graft material selection in clinical practice.",ok,
Differential Privacy Representation Geometry for Medical Image Analysis,https://papers.miccai.org/miccai-2026/0277-Paper1807.html,https://papers.miccai.org/miccai-2026/paper/1807_paper.pdf,https://github.com/tayebiarasteh/CXR-adaptation,classification,Lung / Thoracic,Computer-Aided Diagnosis; Federated / Privacy-Preserving Analysis,Deep Learning; Evaluation / Benchmarking / Reproducibility; Fairness / Safety / Reliability; Foundation Models,"Tayebi Arasteh, Soroosh | Mohammadi, Marziyeh | Nebelung, Sven | Truhn, Daniel","Differential privacy (DP)’s effect in medical imaging is typically evaluated only through end-to-end performance, leaving the mechanism of privacy-induced utility loss unclear. We introduce Differential Privacy Representation Geometry for Medical Imaging (DP-RGMI), a framework that interprets DP as a structured transformation of representation space and decomposes performance degradation into encoder geometry and task-head utilization. Geometry is quantified by representation displacement from initialization and spectral effective dimension, while utilization is measured as the gap between linear-probe and end-to-end utility. Across over 594,000 images from four chest X-ray datasets and multiple pretrained initializations, we show that DP is consistently associated with a utilization gap even when linear separability is largely preserved. At the same time, displacement and spectral dimension exhibit non-monotonic, initialization- and dataset-dependent reshaping, indicating that DP alters representation anisotropy rather than uniformly collapsing features. Correlation analysis reveals that the association between end-to-end performance and utilization is robust across datasets but can vary by initialization, while geometric quantities capture additional prior- and dataset-conditioned variation. These findings position DP-RGMI as a reproducible framework for diagnosing privacy-induced failure modes and informing privacy model selection.",ok,
Diffusion-Guided Anatomical Position Encoding for Dense Longitudinal CT Correspondence,https://papers.miccai.org/miccai-2026/0279-Paper0785.html,https://papers.miccai.org/miccai-2026/paper/0785_paper.pdf,https://github.com/DlutMedimgGroup/diffusion-ct-tracking,image synthesis,Whole-body / Multi-organ / Other,Image Registration,Semi- / Weakly- / Self-supervised Learning,"Zhuang, Mingrui | Zhang, SongYao | Zhang, Qinhe | Xu, Rui | Liu, Ailian | Fan, Xin | Wang, Hongkai","Dense anatomical correspondence across computed tomography (CT) scans is essential for longitudinal disease analysis, inter-phase alignment, and quantitative assessment. However, establishing reliable correspondence in longitudinal CT remains challenging: scan pairs are relatively scarce and temporally consistent annotations are costly to obtain, limiting the supervision for learning-based methods. Moreover, substantial appearance variations caused by respiration, pathology, and acquisition differences further challenge explicit registration and hinder generalization. In this work, we propose a diffusion-guided anatomical position encoding framework that leverages large-scale cross-subject CT data to learn generalized anatomical consistency and transfer it to intra-patient longitudinal tracking. Intermediate features from a pretrained CT generative diffusion model are leveraged as anatomical priors to supervise voxel-wise position embeddings, enabling correspondence learning without spatial alignment or task-specific annotations. To promote globally consistent and anatomically discriminative matching, we introduce dual momentum contrastive dictionaries for body-wide feature regularization, followed by a coarse-to-fine refinement network for sub-voxel correspondence precision. We evaluate the proposed method on lung landmark tracking in the DIR-Lab 4DCT dataset and multi-organ lesion tracking in the Deep Longitudinal Study (DLS) dataset. On DIR-Lab, our method achieves the lowest average TRE of 1.44 mm; on DLS, it attains a MED of 5.7 mm and a CPM@10mm of 87.63\%, outperforming state-of-the-art unsupervised methods and approaching supervised trackers without using lesion annotations during training. These results highlight the potential of diffusion-guided anatomical priors for accurate and annotation-efficient longitudinal CT correspondence. The code is available at: https://github.com/DlutMedimgGroup/diffusion-ct-tracking.",ok,
Digital Twin of the Lung from Wearable Biosignals for Real-Time Respiratory Monitoring,https://papers.miccai.org/miccai-2026/0280-Paper5574.html,https://papers.miccai.org/miccai-2026/paper/5574_paper.pdf,https://github.com/Nikhil-Rao20/Digital_Twin,image synthesis,Lung / Thoracic,Digital Twins / Simulation / Synthetic Data,,"Acharya, Partha | Sulake, Nikhileswara Rao | Chakraborty, Soutrik | Mandal, Subhamoy | Chakraborty, Suman","Our work introduces a novel framework for generating a digital twin of the lung by leveraging diagnostic CT data and motion planning based on electrocardiogram (ECG) signals from wearable sensors. The simulation and real-time visualisation (3D+t) of lung motion is driven by automated predictions of respiratory signals. This dynamic framework provides an interface to visualise a patient’s live breathing, enabling reliable, real-time monitoring of cardiorespiratory function. We evaluate our framework using two public datasets, BIDMC and CapnoBase, comprising 95 subjects with synchronised PPG, ECG, and reference respiratory signals. Central to our approach is a novel adaptive ECG-Derived Respiration (EDR) method, which serves as the input vector for kinetic simulation of the lung’s digital twin. On the BIDMC dataset, our method achieves a Mean Adaptive Error (MAE) of 2.84 bpm with 98% accuracy within ±5 bpm. On the CapnoBase dataset (42 subjects), our method substantially reduces error to 3.54 bpm and improves accuracy to 79.3% within ±5 bpm. The results show significant improvements over spectral and decomposition-based baselines, including Welch Power Spectral Density (PSD) and Ensemble Empirical Mode Decomposition with Spectral Density Fusion (EEMD-SDF). These results demonstrate that ECG-based respiratory extraction provides robust and accurate motion signals that can drive real-time lung digital twin simulations. The framework supports reliable, wearable-driven respiratory monitoring and the simulation of cardiopulmonary behaviour. Our code is publicly available at https://github.com/Nikhil-Rao20/Digital_Twin.",ok,
DINO-3DRA: Leveraging 2D Foundation Model Semantics for 3D Cerebral Aneurysm Segmentation,https://papers.miccai.org/miccai-2026/0282-Paper2993.html,https://papers.miccai.org/miccai-2026/paper/2993_paper.pdf,https://github.com/JiayangDS/Dino3DRA,segmentation,Brain,Image Segmentation,Deep Learning,"Lu, Jiayang | Lin, Fengming | Frangi, Alejandro F. | Sarrami-Foroushani, Ali","Accurate aneurysm segmentation in 3D rotational angiography (3DRA) is hindered by extreme class imbalance, morphological similarity to vessels, and absent large-scale 3D pretraining. 2D vision foundation models encode dense structural priors from ~1.7 billion images, yet naïve slice-wise transfer fragments anatomical continuity and destabilises optimisation. We propose DINO-3DRA, a dual-path framework achieving effective cross-dimensional semantic transfer by injecting frozen DINOv3 features into a 3D U-Net backbone via Room-Lite spatial mixing and calibrated residual fusion. On multi-centre 3DRA data, DINO-3DRA achieves state-of-the-art aneurysm segmentation (Dice: 0.758; HD95: 2.75 mm; +13% over nnU-Net) with only 5.72M trainable parameters. Ablation studies confirm that gains arise from structured cross-dimensional transfer rather than loss design alone, with bridged foundation features improving anatomical continuity between aneurysms and parent vessels. Without fine-tuning on CADA and SHINY-ICARUS, DINO-3DRA removes all failures (Dice < 0.5) observed in baseline architectures, indicating improved stability across heterogeneous protocols. Code and weights are available at https://github.com/JiayangDS/Dino3DRA.",ok,
DINO-Med3D: Bridging Dimension and Domain Gaps in Volumetric Segmentation via Progressive Adaptation,https://papers.miccai.org/miccai-2026/0283-Paper3353.html,https://papers.miccai.org/miccai-2026/paper/3353_paper.pdf,https://github.com/HaoyuHu1/DINO-Med3D/,segmentation,Abdomen; Brain,Image Segmentation,Deep Learning; Foundation Models,"Hu, Haoyu | Ma, Xiyao | Liu, Shiqi | Zhang, Linsen | Xie, Xiaoliang | Zhou, Xiaohu | Hou, Zeng-Guang","Although DINOv3 has demonstrated remarkable semantic discrimination in natural imagery, its direct application to volumetric medical segmentation is hindered by inherent dimension and domain disparities. To resolve these issues, we propose DINO-Med3D, a two-stage progressive framework that repurpose the pre-trained DINOv3 encoder for 3D medical tasks. In the first stage, we mitigate the dimension gap by introducing a multi-slice embedding module that incorporates pseudo-3D context, while simultaneously employing a segmentation proxy task to adapt representations learned from natural scenes to the medical domain. Subsequently, we further enhance volumetric understanding by adding lightweight 3D adapters into the frozen backbone to enforce global inter-slice continuity. Finally, to compensate for the spatial information loss inherent in the embedding process, we design a parallel detail recovery stream to explicitly preserve high-frequency boundary cues. Extensive experiments on five public datasets demonstrate that our approach successfully adapts DINOv3 to the medical domain and significantly outperforms state-of-the-art baselines.",ok,
Disease-Consistent Visual-Text Alignment and Fusion for Reliable Radiology Report Generation,https://papers.miccai.org/miccai-2026/0289-Paper4526.html,https://papers.miccai.org/miccai-2026/paper/4526_paper.pdf,https://github.com/shaojian0514/DCAF-RRG,image synthesis,Breast; Cardiac; Lung / Thoracic,Computer-Aided Diagnosis,Multimodal Models / LLMs / VLMs,"Shao, Jianjun | Tian, Yun","Automatic medical report generation (MRG) has significant clinical value, as it can alleviate the heavy workload of report writing for radiologists. Recent studies adopt retrieval-based strategies to inject external diagnostic knowledge into report generation. However, reliable MRG remains challenging because existing methods often retrieve diagnostically inconsistent reports and lack mechanisms for selective visual-text integration. In this work, we propose DCAF, a Disease-Consistent Visual-Text Alignment and Fusion framework for reliable radiology report generation. DCAF incorporates a Disease-Consistent Retrieval Enhancer that integrates disease priors via multi-positive contrastive learning and a disease-matching constraint to improve diagnostic consistency during retrieval. To better mimic the selective diagnostic reasoning process of radiologists, we further design an Optimal Transport-Enhanced Cross-Modal Fusion module that selectively integrates clinically relevant textual knowledge. In addition, an auxiliary disease-aware feature extraction mechanism encodes predicted diagnostic hypotheses into visual representations, enabling hypothesis-driven visual reasoning. Extensive experiments on IU X-Ray and MIMIC-CXR demonstrate state-of-the-art performance in both language generation quality and clinical efficacy.",ok,
Displacement Preserving Relational Distillation for Robust Medical Segmentation,https://papers.miccai.org/miccai-2026/0293-Paper6226.html,https://papers.miccai.org/miccai-2026/paper/6226_paper.pdf,https://github.com/ClinicaAlpha/DPRD-3D-MedSeg,segmentation,Abdomen; Brain,Image Segmentation,Deep Learning,"Ding, Zhicheng | Chu, Xinyu | Choi, Jung Im | Tian, Qing | Shi, Tianyu | Jiang, Xiaoqian | Zhu, Lijing | Lan, Qizhen","Accurate 3D medical segmentation requires models that are both robust to anatomical variability and efficient for deployment. While knowledge distillation (KD) supports model compression, conventional voxel-wise or scalar-relation methods can be sensitive to architectural mismatch and background-dominated 3D volumes. We propose Displacement Preserving Relational Distillation (DPRD), which aligns normalized pairwise displacement vectors among ROI-pooled case-level embeddings to provide scale-invariant local relational supervision. Integrated into nnU-Net, DPRD outperforms representative KD baselines on ISLES 2022 and AMOS 2022. On AMOS, DPRD achieves 85.46% Dice and 11.72 mm HD95, slightly exceeding the MedNeXt teacher in Dice while the MobileUNetV3 student uses only ~5% of its parameters and ~3% of its FLOPs. Code: https://github.com/ClinicaAlpha/DPRD-3D-MedSeg",ok,
Distilling Photon-Counting CT Into Routine Chest CT Through Clinically Validated Degradation Modeling,https://papers.miccai.org/miccai-2026/0294-Paper1477.html,https://papers.miccai.org/miccai-2026/paper/1477_paper.pdf,,image synthesis,Lung / Thoracic,Image Synthesis / Augmentation / Super-Resolution,Synthetic Data / Data-centric AI,"Liu, Junqi | Zhou, Xinze | Li, Wenxuan | Ye, Scott | Sitek, Arkadiusz | Yang, Xiaofeng | Tang, Yucheng | Xu, Daguang | Ding, Kai | Wang, Kang | Yang, Yang | Yuille, Alan L. | Zhou, Zongwei","Photon-counting CT (PCCT) provides superior image quality with higher spatial resolution and lower noise compared to conventional energy-integrating CT (EICT), but its limited clinical availability restricts large-scale research and clinical deployment. To bridge this gap, we propose MIRA, a simulated degradation-to-restoration pipeline that learns to reverse realistic acquisition artifacts in low-quality EICT by leveraging high-quality PCCT as reference. Our central insight is to explicitly model realistic acquisition degradations, transforming PCCT into clinically plausible lower-quality counterparts and learning to invert this process. The simulated degradations were validated for clinical realism by board-certified radiologists, enabling faithful supervision without requiring paired acquisitions at scale. As outcomes of this technical contribution, we: (1) train a latent diffusion model on 1,046 PCCTs, using an autoencoder first pre-trained on both these PCCTs and 405,379 EICTs from 145 hospitals to extract general CT latent features that we release for reuse in other generative medical imaging tasks; (2) construct a large-scale dataset of over 17,316 publicly available EICTs enhanced to PCCT-like quality, with radiologist-validated voxel-wise annotations of airway trees, arteries, veins, lungs, and lobes; and (3) demonstrate substantial improvements: across external data, MIRA outperforms state-of-the-art image translation methods by 15% in SSIM and 20% in PSNR, improves radiologist-rated clinical utility in reader studies, and enhances downstream top-ranking lesion detection performance, increasing sensitivity by up to 15% and F1 score by up to 10%. Our results suggest that emerging imaging advances can be systematically distilled into routine EICT using limited high-quality scans as reference. All datasets, code, and models will be publicly released.",ok,
DosePlug: Observation-Driven Dose Modeling for Robust Low-Dose Reconstruction and Segmentation,https://papers.miccai.org/miccai-2026/0301-Paper1517.html,https://papers.miccai.org/miccai-2026/paper/1517_paper.pdf,https://github.com/kikidohyun/DosePlug.git,segmentation,Brain; Whole-body / Multi-organ / Other,Image Reconstruction; Image Segmentation,Deep Learning,"Ki, Do Hyun | Lee, Yeong Jong | Yoo, Seok Bong","Low-dose computed tomography and low-dose positron emission tomography reduce examination time and radiation exposure, crucial for radiation-sensitive patients and repeated exams. However, dose reduction yields photon-starved measurements that amplify noise and structured artifacts, undermining reliable lesion segmentation. Although deep learning advances low-dose reconstruction, most models lack explicit dose modeling. Some rely on dose metadata, often missing or poorly aligned with actual degradation, leaving residual dose-dependent distortions. To address these limitations, we define an observation-driven dose (OD-dose) as a latent coordinate of task-relevant corruption severity and estimate it by fusing periodicity degradation cues and mutual information cues extracted from sinograms. The estimated OD-dose modulates intermediate features via dose-aware feature-wise polynomial modulation, enabling nonlinear, task-aligned dose-adaptive restoration. The proposed module is a lightweight, plug-and-play component that can be attached to diverse reconstruction backbones. Experimental results confirm that DosePlug improves reconstruction and lesion segmentation on LDCT and LDPET benchmarks, while maintaining stable gains on real-world datasets. The code is available at https://github.com/kikidohyun/DosePlug.git.",ok,
DPMix-GAN: Dual-Domain Perception and Dynamic Patch-Wise Mixing GAN for 3D CT Synthesis in MR-only Radiotherapy,https://papers.miccai.org/miccai-2026/0302-Paper0524.html,https://papers.miccai.org/miccai-2026/paper/0524_paper.pdf,https://github.com/AprilT0621/DPMix-GAN,segmentation,Brain; Pelvis / Reproductive System,Computational Anatomy & Physiology; Image Synthesis / Augmentation / Super-Resolution; Multimodal Integration with Clinical / Genomic / Biomarkers,Deep Learning; Domain Adaptation / Harmonization,"Li, Jiapeng | Li, Mingzhu | Zhang, Xiao | Zhang, Shuyuan | Yuan, Cheng | Zhang, Lian | Feng, Hongying","Magnetic resonance (MR) imaging provides excellent soft-tissue contrast without ionizing radiation, but lacks electron density information essential for radiotherapy dose calculation. Existing MR-to-CT synthesis methods mostly only depend on spatial-domain learning, leading to texture overfitting and compromised bone delineation and dosimetric accuracy. Critically, most latest deep learning approaches lack rigorous clinical validation on dose computation and treatment planning, limiting their translational utility. To address these gaps, we propose DPMix-GAN, a generative adversarial framework integrating dual-domain perception and patch-wise feature dynamic mixing for robust CT synthesis. DPMix-GAN fuses spatial and frequency features to capture complementary anatomical representations, and employs dynamic patch-wise mixing of high-order statistics to preserve anatomical structure. Experimental results on a clinical dataset across brain and pelvic regions shows that DPMix-GAN generated anatomically accurate synthesis CT with well-preserved boundaries. Moreover, clinical validation on radiotherapy treatment plans confirmed dosimetric equivalence between synthetic and real CT, with gamma passing rates exceeding clinical acceptance thresholds. The code is available at https://github.com/AprilT0621/DPMix-GAN.",ok,
DRGFuse: Alignment-Guided Dual-Layer Reliability-Gated CT–WSI Fusion for Preoperative TRG0 Vs TRG1–3 Prediction in Esophageal Cancer,https://papers.miccai.org/miccai-2026/0304-Paper1899.html,https://papers.miccai.org/miccai-2026/paper/1899_paper.pdf,,classification&segmentation,Lung / Thoracic,Outcome Prediction / Prognosis / Longitudinal Modeling,Multimodal Models / LLMs / VLMs,"Liu, Zhenbing | Liu, Hongzhi | Yang, Nuo | Zeng, Dong | Min, Wenwen | Li, Hongyu | Liu, Zaiyi | Wang, Changmiao | Lu, Haoxiang","Achieving tumor regression grade 0 (TRG0) after neoadjuvant therapy is critical for postoperative management in esophageal cancer. Recent studies indicate that preoperative CT, biopsy whole-slide images (WSIs), and their fusion can predict pCR or treatment response, suggesting that routine pre-treatment data carries efficacy-related signals. However, refining the endpoint to the decision-critical TRG0 vs TRG1–3 classification remains challenging: TRG is defined on post-treatment whole resection specimens, whereas preoperative CT and biopsy WSIs provide only partial and localized evidence, and false TRG0 predictions may lead to under-treatment or insufficient surveillance. This mismatch, compounded by multi-center shift, makes clinically required low-FPR operating point essential yet difficult. In this paper, we introduce DRGFuse, an alignment-guided CT–WSI framework for robust preoperative TRG0 vs TRG1–3 prediction. Specifically, DRGFuse leverages automatic segmentation to derive stable CT regions and encode tumor and peritumoral context, and employs a pathology foundation model to extract transferable histologic tokens from biopsy WSIs. Moreover, mismatch-aware reliability gating with alignment constraints suppresses irrelevant cross-modal interference and strengthens low-FPR discrimination. Extensive multicenter experiments demonstrate that DRGFuse consistently outperforms unimodal models and representative multimodal baselines, while exhibiting improved robustness under cross-center shift and missing-modality settings. Code is available at: https://github.com/Perasperaasastra/DRG-fuse",ok,
DSCE-Net: Dual-Scale Conditioned Evolving Network with Balanced Optimization for All-in-One Medical Image Restoration,https://papers.miccai.org/miccai-2026/0305-Paper4298.html,https://papers.miccai.org/miccai-2026/paper/4298_paper.pdf,,image synthesis,Abdomen; Brain; Spine,Image Reconstruction,,"Hu, Xulin | Chen, Yi | Gu, Xianming | Cao, Ying | Wang, Lihui","All-in-one medical image restoration (MedIR) recoveries diverse degraded multimodal medical images with a single model, improving efficiency and deployment. However, its performance is often hindered by cross-modality task interference and optimization imbalance across tasks. To address these challenges, we propose a Dual-Scale Conditioned Evolving Network (DSCE-Net) with balanced optimization for task-adaptive restoration across multiple modalities and degradations. which dynamically evolves its parameters and feature representations during training to accommodate the varying complexities of different tasks. Specifically, we introduce a frequency-prompt-conditioned dynamic convolution that leverages a learnable prototype kernel bank to generate sample- and spatiallly-adaptive kernels, enabling effective modeling of both globally consistent and locally heterogeneous degradations across tasks and therefore reducing task-specific representation interference. In addition, we develop a progressive reweighting strategy that jointly considers update strength and convergence pace to alleviate optimization imbalance. Extensive experiments show that DSCE-Net consistently outperforms mainstream all-in-one models on multi-modal, multi-task MedIR benchmarks, demonstrating its effectiveness and superiority.",ok,
Dual-Adaptive SAM3: Hierarchical Routing over Low-Rank Expert Layers for Parameter-Efficient Medical Image Segmentation,https://papers.miccai.org/miccai-2026/0308-Paper0711.html,https://papers.miccai.org/miccai-2026/paper/0711_paper.pdf,,VLM,Abdomen; Brain; Cardiac,Image Segmentation,Deep Learning,"Chen, Ying | Li, Jinyue | Wang, Kun | Li, Qiankun | Liu, Yang","The Segment Anything Model with Concepts (SAM3) heralds a new paradigm for open-vocabulary segmentation through natural language interaction, offering significant potential for medical image analysis. However, effectively adapting such a powerful vision-language model to the diverse and nuanced domain of medical imaging remains a key challenge. Naive fine-tuning is parameter-inefficient, while standard Mixture-of-Experts (MoE) methods introduce prohibitive computational overhead, limiting their clinical applicability. To address this, we propose Dual-Adaptive SAM3 (DA-SAM3), a novel framework that achieves both high segmentation accuracy and extreme parameter efficiency via a dual-adaptive specialization mechanism. Our first adaptation is task-aware: a Dynamic Expert Router (DER) that sparsely activates the most relevant experts by jointly reasoning about the visual input and the textual concept prompt, mimicking a clinical consultation process. Our second adaptation is parameter-aware: a Decomposed Parameterized Experts (DPE) design that represents each expert as a shared frozen base (inherited from the pretrained SAM3) and a lightweight trainable low-rank delta, reducing MoE parameter overhead by over 80\%. This design is inspired by efficient upcycling paradigms and enables granular specialization without inflating model size. Extensive experiments on multiple public medical segmentation benchmarks show that Dual-Adaptive SAM3 matches or exceeds the accuracy of fully fine-tuned SAM3 and standard MoE baselines, while reducing trainable parameters by 80\% and inference FLOPs by 35\%. Our work delivers a practical, efficient, and scalable pathway for adapting large foundation models to the specialized demands of medical imaging, facilitating the deployment of interactive, clinician-aligned AI assistants in real-world healthcare settings. The code is available at:https://anonymous.4open.science/r/DA-SAM3-D45D.",ok,
Dual-Domain Cross-Modal Decoding for Clinical Text-Guided Medical Image Segmentation,https://papers.miccai.org/miccai-2026/0310-Paper4478.html,https://papers.miccai.org/miccai-2026/paper/4478_paper.pdf,https://github.com/maklachur/DD-CMD,segmentation,Lung / Thoracic,Image Segmentation,Deep Learning; Multimodal Models / LLMs / VLMs,"Rahman, Md Maklachur | Hammond, Tracy","Clinical text can narrow down what to segment, but recent text-guided designs emphasize spatial alignment while overlooking frequency content that governs texture and boundaries. We propose Dual- Domain Cross-Modal Decoding (DD-CMD) for clinical text-guided pulmonary infection segmentation, integrating two complementary forms of language guidance during decoding. In the spatial domain, Text-Guided Spatial Cross-Attention (TGSA) aligns multi-scale visual tokens with text semantics and updates features through gated residual fusion. In the frequency domain, Spectral-Text Adaptive Modulation (STAM) applies a 2D DCT to compute learnable band-energy statistics and predicts text-conditioned FiLM parameters to recalibrate decoder channels for frequency-aware decoding. DD-CMD embeds TGSA and STAM into a coarse-to-fine decoder (7×7 → 56×56) and restores full-resolution masks using a lightweight two-stage refinement module. Experiments on QaTa- COV19 and MosMedData+ show that DD-CMD achieves 91.46% Dice / 84.26% mIoU and 81.95% Dice / 69.42% mIoU, respectively, with average gains of +1.96 Dice and +2.67 mIoU over the strongest prior baselines. Code: https://github.com/maklachur/DD-CMD.",ok,
Dual-Stream Diffusion with Structure-Aware Fusion for Joint Synthesis of Coherent Medical Image-Mask Pairs,https://papers.miccai.org/miccai-2026/0317-Paper4375.html,https://papers.miccai.org/miccai-2026/paper/4375_paper.pdf,,classification&segmentation,Abdomen; Skin; Whole-body / Multi-organ / Other,Image Segmentation; Image Synthesis / Augmentation / Super-Resolution,Deep Learning; Synthetic Data / Data-centric AI,"Li, Yu | Liu, Jiaqing | Jain, Rahul Kumar | Zhang, Chujie | Chen, Yen-Wei","High-quality paired medical image-mask data are scarce due to privacy constraints and the cost of expert annotation. While joint generative modeling offers a scalable solution for paired image-mask augmentation, existing methods often couple structure and appearance, leading to degraded region-of-interest (ROI) geometry, boundary inconsistency, and synthetic-to-real distribution shift. We propose Dual-Stream Diffusion (DSD), a joint generative framework that models paired data with two decoupled denoising streams: a structure stream for mask prediction and an appearance stream for image synthesis, thereby mitigating optimization conflict. To further preserve image-mask coherence, DSD introduces two structure-aware modules: Time-Gated Fusion provides progressive structural guidance during denoising, while Structure-Aware Heads enforce boundary-aligned prediction with improved image fidelity. We evaluate DSD on three public datasets (Kvasir-SEG, ISIC 2016, and 3D-IRCADb-01) and compare against competitive generation baselines. Across all datasets, DSD consistently improves both generation quality and image-mask consistency, demonstrating robust paired synthesis for data augmentation in medical image segmentation.",ok,
Dual-Teacher Knowledge Distillation with SAM and Learnable Prototype Guidance for Semi-supervised 3D Medical Segmentation,https://papers.miccai.org/miccai-2026/0318-Paper3395.html,https://papers.miccai.org/miccai-2026/paper/3395_paper.pdf,https://github.com/Aguang094/Dualteacher-with-SAM.,classification&segmentation,Brain; Cardiac,Image Segmentation,Semi- / Weakly- / Self-supervised Learning,"Huo, Shuaiguang | Sang, Zifeng | Luo, Xu | Zhu, Jinghua | Xi, Heran","3D medical image segmentation is critical for disease diagnosis and treatment planning, yet requires costly large-scale fine-grained annotations. Semi-Supervised Learning (SSL), combining limited labeled data with massive unlabeled data, offers an ideal solution. However, mainstream Mean Teacher (MT) methods suffer from two core limitations: (1) The single-teacher paradigm is prone to confirmation bias during iteration, causing error accumulation especially in low-contrast challenging regions; (2) Limited labels fail to provide sufficient anatomical priors. To this end, we propose a dual-teacher knowledge distillation framework for semi-supervised 3D medical segmentation, integrating an internal teacher, an external teacher and a learnable prototype guidance mechanism. An EMA-updated internal teacher provides stable consistency supervision, while a frozen SAM-Med3D external teacher generates high-quality segmentation maps via prompt-driven generation to distill anatomical shape and boundary priors. We introduce a learnable prototype module to calibrate internal pseudo-labels via residual fusion, and design an entropy-guided loss to mine hard examples in high-uncertainty regions to boost feature discriminability.Experiments on LA, Pancreas-CT and BraTS19 benchmarks demonstrate the proposed method achieves state-of-the-art performance on most metrics.The code is available at https://github.com/Aguang094/Dualteacher-with-SAM.",ok,
DUCX: Decomposing Unfairness in Tool-Using Chest X-Ray Agents,https://papers.miccai.org/miccai-2026/0319-Paper2160.html,https://papers.miccai.org/miccai-2026/paper/2160_paper.pdf,https://github.com/Nanboy-Ronan/DUCK,Agent,Lung / Thoracic,Computer-Aided Diagnosis,Algorithmic Fairness / Safety / Regulation; Deep Learning; Fairness / Safety / Reliability; Multimodal Models / LLMs / VLMs,"Xu, Zikang | Jin, Ruinan | Li, Xiaoxiao","Tool-using medical agents can improve chest X-ray question answering by orchestrating specialized vision and language modules, but this added pipeline complexity also creates new pathways for demographic bias beyond standalone models. We present DUCX (Decomposing Unfairness in Chest X-ray agents), a systematic audit of chest X-ray agents instantiated with MedRAX. To localize where disparities arise, we introduce a stage-wise fairness decomposition that separates end-to-end bias from three agent-specific sources: tool exposure bias (utility gaps conditioned on tool presence), tool transition bias (subgroup differences in tool-routing patterns), and model reasoning bias (subgroup differences in synthesis behaviors). Extensive experiments on tool-used based agentic frameworks across five driver backbones reveal that (i) demographic gaps persist in end-to-end performance, with equalized odds up to 20.79%, and the lowest fairness-utility tradeoff down to 28.65%, and (ii) intermediate behaviors, tool usage, transition patterns, and reasoning traces exhibit distinct subgroup disparities that are not predictable from end-to-end evaluation alone (e.g., conditioned on segmentation-tool availability, the subgroup utility gap reaches as high as 50%). Our findings underscore the need for process-level fairness auditing and debiasing to ensure the equitable deployment of clinical agentic systems. Code is available at https://github.com/Nanboy-Ronan/DUCK.",ok,
Dynamic Sub-domain Modeling for Robust Medical Image Segmentation,https://papers.miccai.org/miccai-2026/0322-Paper6534.html,https://papers.miccai.org/miccai-2026/paper/6534_paper.pdf,https://github.com/Macs-Laboratory/lsd-seg,segmentation,Whole-body / Multi-organ / Other,Computer-Aided Diagnosis; Image Segmentation,Other,"Lee, Kyungsu | Choi, Seo-Yeon | Hwang, Jae Youn | Woo, Jonghye","Intra-domain distribution shifts are common in medical image segmentation due to variations in acquisition protocols, reconstruction settings, and anatomical morphology, even when data originate from the same nominal domain. We propose a fully automatic segmentation framework that explicitly models latent sub-domains without gradient-based adaptation at inference. Our method dynamically discovers sub-domains via a nonparametric prototype mechanism, expanding only when novel distributional modes are detected. Each prototype conditions a specialized expert via a hypernetwork, forming a prototype-conditioned expert field over the latent manifold. Soft routing with uncertainty-based temperature scaling enables parameter-free test-time adaptation by calibrating sub-domain posteriors without updating model weights. Experiments on 2D medical benchmarks demonstrate improved robustness and granular segmentation accuracy under intra-domain shifts.",ok,
E-MRL: Cross-View Aligned Evidence-Driven Multimodal Reinforcement Learning for Reliable 3D Tumor Analysis,https://papers.miccai.org/miccai-2026/0343-Paper0536.html,https://papers.miccai.org/miccai-2026/paper/0536_paper.pdf,,VLM,Abdomen; Whole-body / Multi-organ / Other,Computer-Aided Diagnosis,Multimodal Models / LLMs / VLMs; Reinforcement Learning / Control / Decision-Making,"Li, Sijing | Qiu, Zhongwei | Wang, Zhuoya | Yun, Boxiang | Yi, Zhenyu | Xu, Jianwei | Zhang, Wenqiao | Xia, Yingda | Zhang, Ling","While Vision-Language Models (VLMs) show great promise in volumetric medical report generation, they frequently suffer from visual hallucinations and a lack of grounding in 3D CT data. Current Supervised Fine-Tuning (SFT) and Reinforcement Learning (RL) strategies typically optimize text fidelity alone, essentially rewarding correct diagnoses derived from language priors rather than genuine visual perception. To address this, we propose cross-view aligned Evidence-driven Multimodal Reinforcement Learning (Evidence-MRL, noted as E-MRL), a reliable RL reasoning framework that formulates the generation process as a Markov Decision Process of “diagnosis-localization-verification”. Unlike standard approaches, our model is explicitly trained to identify a “key evidence slice” alongside the global diagnostic report, grounding its findings in verifiable visual evidence. Crucially, we introduce a novel cross-view consistency reward, which validates the semantic alignment between the golden-standard report and a local visual re-query of the selected key slice, providing additional rewards for correctly-localized reasoning. Experiments on large-scale 3D CT tumor datasets demonstrate that E-MRL significantly reduces hallucinations and improves diagnostic accuracy compared to SFT and RL baselines, offering a clinically interpretable solution for visually-grounded and tumor analysis.",ok,
EA-LDM: Explicit Alignment Latent Diffusion Model for Patient-Specific CT Reconstruction from Bi-planar X-Rays,https://papers.miccai.org/miccai-2026/0324-Paper0820.html,https://papers.miccai.org/miccai-2026/paper/0820_paper.pdf,,image synthesis,Head & Neck,Image Reconstruction,Deep Learning,"Xiao, Jiewen | Wu, Shuqiong | Chen, Le | Feng, Bin | Jin, Fu | Fan, Xin","Reconstructing 3D CT volumes from bi-planar X-rays offers a low-dose, efficient alternative to CBCT for Adaptive Radiotherapy. However, the anatomical overlaps in X-rays and the ill-posed nature of this task often lead to spatial ambiguity and a loss of patient-specific details in existing methods. In this paper, we propose EA-LDM, an Explicit Alignment Latent Diffusion Model framework to address these challenges. First, we introduce an Explicit Alignment (EA) strategy, where an alignment network maps 2D X-rays directly into a pre-trained 3D CT latent space, utilizing volumetric semantic priors to resolve spatial ambiguity. Second, to recover patient-specific details, we propose Patient- Specific Optimization (PSO). Formulated through a bi-level optimization, PSO effectively incorporates priors from the pre-treatment planning CT while maintaining robustness to temporal anatomical changes. Experiments on a collected clinical dataset demonstrate that our method significantly outperforms state-of-the-art approaches in both structural fidelity and perceptual quality.",ok,
ECFR: Entropy-Consistency Flow Rectification in Test-Time Adaptation for Medical Foundation Models,https://papers.miccai.org/miccai-2026/0325-Paper0402.html,https://papers.miccai.org/miccai-2026/paper/0402_paper.pdf,https://github.com/EndoluminalSurgicalVision-IMR/ECFR,classification,Lung / Thoracic; Skin,Computer-Aided Diagnosis,Domain Adaptation / Harmonization; Fairness / Safety / Reliability; Foundation Models; Uncertainty Quantification,"Li, Shangkun | Gu, Yun | Zhang, Hanxiao","Deploying medical Foundation Models (FMs) is often severely compromised by continuous clinical distribution shifts. While Test-Time Adaptation (TTA) offers a promising solution, existing paradigms rely on overly simplified, uni-directional optimization that blindly enforces confidence on flawed representations, inevitably precipitating error accumulation and model collapse. To address this critical safety gap, we propose Entropy-Consistency Flow Rectification (ECFR), which fundamentally redefines TTA as a spatial routing problem. Central to our approach are the Entropy-Consistency Quadrants, which explicitly disentangle streaming data into distinct diagnostic states. Guided by this spatial partitioning, ECFR pioneers a quadrant-wise flow rectification strategy: it consolidates potentially correct samples via minimization while actively sequestering high-risk erroneous inputs via maximization, strictly halting the propagation of erroneous gradients. Furthermore, a dynamic memory bank continuously calibrates these quadrant thresholds against distribution drift. Comprehensive evaluations on two state-of-the-art (SOTA) medical FMs across three diverse out-of-distribution (OOD) datasets demonstrate that ECFR successfully prevents model collapse, achieving superior accuracy and confidence calibration for safe clinical deployment. The code is available at https://github.com/EndoluminalSurgicalVision-IMR/ECFR.",ok,
ECLIPSE: EHR-Constrained Localized Inference for Pan-Tumor Segmentation,https://papers.miccai.org/miccai-2026/0336-Paper1253.html,https://papers.miccai.org/miccai-2026/paper/1253_paper.pdf,,segmentation,Abdomen,Anomaly / Lesion Detection; Image Segmentation,Multimodal Models / LLMs / VLMs,"Meng, Runqi | Liu, Zonglin | Ma, Qiong | Teng, Lin | Wang, Yulin | Song, Sifan | Jin, Pengfei | Sun, Yiqun | Shen, Dinggang","Accurate tumor segmentation is essential for tumor-centric clinical modeling, yet most existing methods remain organ-specific or rely primarily on imaging and generic semantic prompts, neglecting incorporating patient-specific clinically recorded tumor burden into spatial inference. In routine practice, electronic health record (EHR) systematically record lesion count, longest diameter, and coarse anatomical subregion, providing structured but indirect spatial cues. Mapping structured clinical descriptors to voxel-level tumor delineation is challenging in pan-tumor settings, where cross-organ variability expands the spatial hypothesis space and sparse EHR descriptors alone cannot uniquely determine tumor location. To address this, we propose ECLIPSE (EHR-Constrained Localized Inference for Pan-Tumor Segmentation). Specifically, through a dedicated Clinical-Constrained Hypothesis Generation (CCHG) module, ECLIPSE reformulates pan-tumor segmentation as a feasibility-constrained localization–refinement process. First, a tumor-type prompt–conditioned spatial response map is estimated within the decoder space of a pretrained model to generate dense tumor hypotheses. Second, CCHG injects structured EHR descriptors as soft spatial constraints to enforce lesion count consistency, size plausibility, and regional coherence, producing clinically consistent bounding box prompts. Finally, the inferred bounding boxes are encoded as spatial prompts to refine voxel-wise delineation. Across 14 public and private tumor datasets comprising 5,360 cases for training, evaluation and testing, ECLIPSE achieves a mean DSC of 61.41%, outperforming the strongest baseline by +7.44%. It further improves performance on mixed tumor data (+8.91%), private clinical data (+3.88%), and attains the best DSC (71.23%) on an unseen dataset, demonstrating robust generalization.",ok,
Efficient Conformal Volumetry for Template-Based Segmentation,https://papers.miccai.org/miccai-2026/0339-Paper2641.html,https://papers.miccai.org/miccai-2026/paper/2641_paper.pdf,https://github.com/matthewyccheung/convolt,classification&segmentation,Brain; Lung / Thoracic,Image Registration; Image Segmentation,Uncertainty Quantification,"Cheung, Matt Y. | Veeraraghavan, Ashok | Balakrishnan, Guha","Template-based segmentation, a widely used paradigm in medical imaging, propagates anatomical labels via deformable registration from a labeled atlas to a target image, and is often used to compute volumetric biomarkers for downstream decision-making. While conformal prediction (CP) provides finite-sample valid intervals for scalar metrics, existing segmentation-based uncertainty quantification (UQ) approaches either rely on learned model features, often unavailable in classic template-based pipelines, or treat the registration process as a black box, resulting in overly conservative intervals when applied directly in output space. We introduce ConVOLT, a CP framework that achieves efficient volumetric UQ by conditioning calibration on properties of the estimated deformation field from template-based segmentation. ConVOLT calibrates a learned volumetric scaling factor from deformation space features. We evaluate ConVOLT on template-based segmentation tasks involving global, regional, and label volumetry across multiple datasets and registration methods. ConVOLT achieves target coverage while producing substantially tighter intervals than output-space conformal baselines. Our work paves way to exploit the registration process for efficient UQ in medical imaging pipelines.",ok,
Efficient Flow Matching for Sparse-View CT Reconstruction,https://papers.miccai.org/miccai-2026/0340-Paper3850.html,https://papers.miccai.org/miccai-2026/paper/3850_paper.pdf,https://github.com/EFMCT/EFMCT,image synthesis,Lung / Thoracic,Image Reconstruction,Deep Learning,"Shi, Jiayang | Yang, Lincen | Li, Zhong | van Leeuwen, Tristan | Pelt, Daniël M. | Batenburg, K. Joost","Generative models, particularly Diffusion Models (DM), have shown strong potential for Computed Tomography (CT) reconstruction serving as expressive priors for solving ill-posed inverse problems. However, diffusion-based reconstruction relies on Stochastic Differential Equations (SDEs) for forward diffusion and reverse denoising, where such stochasticity can interfere with repeated data consistency corrections in CT reconstruction. Since CT reconstruction is often time-critical in clinical and interventional scenarios, improving reconstruction efficiency is essential. In contrast, Flow Matching (FM) models sampling as a deterministic Ordinary Differential Equation (ODE), yielding smooth trajectories without stochastic noise injection. This deterministic formulation is naturally compatible with repeated data consistency operations. Furthermore, we observe that FM-predicted velocity fields exhibit strong correlations across adjacent steps. Motivated by this, we propose an FM-based CT reconstruction framework (FMCT) and an efficient variant (EFMCT) that reuses previously predicted velocity fields over consecutive steps to substantially reduce the number of Neural network Function Evaluations (NFEs), thereby improving inference efficiency. We provide theoretical analysis showing that the error introduced by velocity reuse is bounded when combined with data consistency operations. Extensive experiments demonstrate that FMCT/EFMCT achieve competitive reconstruction quality while significantly improving computational efficiency compared with diffusion-based methods. The codebase is open-sourced at https://github.com/EFMCT/EFMCT.",ok,
Eigen-Directed Random Projection for Medical Image Class Incremental Learning,https://papers.miccai.org/miccai-2026/0341-Paper3555.html,https://papers.miccai.org/miccai-2026/paper/3555_paper.pdf,https://github.com/hmep313/EDRP_MICCAI,classification,Eye; Skin; Whole-body / Multi-organ / Other,Computer-Aided Diagnosis,Continual / Lifelong Learning; Deep Learning,"Wu, Yongyi | Wu, Yichen | Li, Quanzheng | Ma, Jianhua | Wang, Hong","Class-incremental learning (CIL) is essential for medical imaging systems that incorporate new diseases over time, as it avoids sacrificing performance on previously learned conditions. We first revisit a broad range of CIL methods on medical benchmarks and find, unexpectedly, that a previously proposed classifier-based analytic paradigm can outperform many widely used state-of-the-art alternatives. Motivated by this observation, we examine this paradigm more closely and observe that existing classifier-based methods fail to adequately separate features of similar examples and leave them too close in the representation space, resulting in insufficient margins and reducing separability as new classes arrive. To address these limitations, we specifically propose a training-free analytic margin-expansion framework that builds the classifier using an eigen-directed design, enlarging discriminative margins along principal data directions while preserving complementary detail. Across many commonly used medical benchmarks, our method consistently improves over a wide range of CIL baselines, and extensive ablations and theoretical analysis further support the proposed design. Code will be released at https://github.com/hmep313/EDRP_MICCAI.",ok,
End2Reg: Learning Task-Specific Segmentation for Markerless Registration in Spine Surgery,https://papers.miccai.org/miccai-2026/0345-Paper1921.html,https://papers.miccai.org/miccai-2026/paper/1921_paper.pdf,https://lorenzopettinari.github.io/end-2-reg/,segmentation,Musculoskeletal / Orthopedic,Image Registration,Deep Learning,"Pettinari, Lorenzo | El Hadramy, Sidaty | Wehrli, Michael | Cattin, Philippe C. | Studer, Daniel | Hasler, Carol C. | Licci, Maria","Intraoperative navigation in spine surgery demands millimeter-level accuracy. Currently, this is achieved through radiation-intensive intraoperative imaging and bone-anchored markers that are invasive and disrupt surgical workflow. Markerless RGB-D registration methods offer a promising alternative. However, existing approaches rely on weak segmentation labels to isolate relevant anatomical structures, potentially propagating errors through the registration process. We present End2Reg, an end-to-end deep learning framework that jointly optimizes segmentation and registration, eliminating the need for segmentation labels and manual steps. The network learns task-specific segmentation masks optimized for registration, guided solely by the registration objective without explicit segmentation supervision. End2Reg achieves state-of-the-art performance on ex- and in-vivo benchmarks, reducing median Target Registration Error by 32% and mean Root Mean Square Error by 61%, while maintaining robust performance under partial occlusions. Ablation results confirm that end-to-end optimization significantly improves registration accuracy. Overall, End2Reg advances towards fully automatic, markerless intraoperative navigation. Code and interactive visualizations are available at: https://lorenzopettinari.github.io/end-2-reg/.",ok,
Evi-Steer: Learning to Steer Biomedical Vision-Language Models through Efficient and Generalizable Evidential Tuning,https://papers.miccai.org/miccai-2026/0358-Paper2764.html,https://papers.miccai.org/miccai-2026/paper/2764_paper.pdf,https://github.com/HealthX-Lab/Evi-Steer,VLM,Brain; Breast; Eye,Computer-Aided Diagnosis,Foundation Models; Multimodal Models / LLMs / VLMs,"Koleilat, Taha | Rivaz, Hassan | Xiao, Yiming","Parameter-efficient adaptation of vision-language foundation models is crucial for precise multimodal understanding of biomedical images, yet existing methods remain deterministic and often struggle under domain shift or ambiguous image-text alignment. This limitation is particularly critical in the clinic, where models should remain robust in low-data regimes and domain shifts. We present Evi-Steer, an evidential cross-modal low-dimensional steering framework for BiomedCLIP that enables uncertainty-aware parameter-efficient fine-tuning while updating only 0.11% of total model parameters. Our approach performs lightweight low-dimensional token updates in both vision and text encoders while simultaneously estimating epistemic uncertainty. These uncertainty estimates update gate residuals, allowing the model to adapt conservatively when evidence is weak. Furthermore, we introduce cross-modal confidence fusion based on Dempster-Shafer theory, enabling visual adaptation to be conditioned on textual confidence and suppressing conflicting or uncertain cross-modal updates. We conduct a comprehensive evaluation on 15 biomedical imaging datasets spanning 8 organs and 8 imaging modalities under few-shot learning and domain generalization settings. Evi-Steer consistently outperforms state-of-the-art methods under few-shot learning and domain shift settings, demonstrating a practical and robust pathway for deploying vision-language models in real-world clinical settings. Code is available at https://github.com/HealthX-Lab/Evi-Steer.",ok,
Evidential Perfusion Physics-Informed Neural Networks with Residual Uncertainty Quantification,https://papers.miccai.org/miccai-2026/0357-Paper3341.html,https://papers.miccai.org/miccai-2026/paper/3341_paper.pdf,https://github.com/jhlee0619/EPPINN,image synthesis,Brain,Computer-Aided Diagnosis; Image Reconstruction,Deep Learning; Fairness / Safety / Reliability; Interpretability / Explainability; Uncertainty Quantification,"Lee, Junhyeok | Choi, Minseo | Jang, Han | Jeon, Young Hun | Eum, Heeseong | Jang, Joon | Sohn, Chul-Ho | Choi, Kyu Sung","Physics-informed neural networks (PINNs) have shown promise in addressing the ill-posed deconvolution problem in computed tomography perfusion (CTP) imaging for acute ischemic stroke assessment. However, existing PINN-based approaches remain deterministic and do not quantify uncertainty associated with violations of physics constraints, limiting reliability assessment. We propose Evidential Perfusion Physics-Informed Neural Networks (EPPINN), a framework that integrates evidential deep learning with physics-informed modeling to enable uncertainty-aware perfusion parameter estimation. EPPINN models arterial input, tissue concentration, and perfusion parameters using coordinate-based networks, and places a Normal–Inverse–Gamma distribution over the physics residual to characterize voxel-wise aleatoric and epistemic uncertainty in physics consistency without requiring Bayesian sampling or ensemble inference. The framework further incorporates physiologically constrained parameterization and stabilization strategies to promote robust per-case optimization. We evaluate EPPINN on digital phantom data, the ISLES 2018 benchmark, and a clinical cohort. On the evaluated datasets, EPPINN achieves lower normalized mean absolute error than classical deconvolution and PINN baselines, particularly under sparse temporal sampling and low signal-to-noise conditions, while providing conservative uncertainty estimates with high empirical coverage. On clinical data, EPPINN attains the highest voxel-level and case-level infarct-core detection sensitivity. These results suggest that evidential physics-informed learning can improve both accuracy and reliability of CTP analysis for time-critical stroke assessment. Source code is available at https://github.com/jhlee0619/EPPINN.",ok,
EvoMed: Self-Evolving Medical VLM via Training-free Continued Learning,https://papers.miccai.org/miccai-2026/0359-Paper4228.html,https://papers.miccai.org/miccai-2026/paper/4228_paper.pdf,https://github.com/Hunan-Tiger/EvoMed,VLM,Whole-body / Multi-organ / Other,Computer-Aided Diagnosis,Continual / Lifelong Learning,"Li, Jiaming | Xiong, Honglin | Wang, Qian","Large vision-language models (VLMs) show strong general reasoning capabilities but remain unreliable for medical visual question answering. Existing medical VLMs often rely on supervised fine-tuning, which is limited by data scarcity, computational cost, and the risk of parameter-update-induced forgetting. We propose EvoMed, a training-free framework that enhances medical competency without updating model parameters. EvoMed employs a closed-loop self-evolving mechanism to iteratively distill clinical priors into a compact external knowledge base via reasoning, critique, and contrastive summarization. A coarse-to-fine retrieval mechanism selects highly relevant priors to guide inference toward clinically grounded predictions. Experiments on OmniMedVQA and SLAKE show that EvoMed improves both Qwen2.5-VL-7B and Qwen3-VL-235B-A22B by up to 7.5\% using only 500 evolution samples. Code is available at \texttt{\url{https://github.com/Hunan-Tiger/EvoMed}}.",ok,
Exploiting Longitudinal Context in Clinician-Verified Interactive Lesion Tracking,https://papers.miccai.org/miccai-2026/0364-Paper3814.html,https://papers.miccai.org/miccai-2026/paper/3814_paper.pdf,https://github.com/MIC-DKFZ/LongiSeg,segmentation,Abdomen; Whole-body / Multi-organ / Other,Anomaly / Lesion Detection; Image Segmentation,Deep Learning,"Kirchhoff, Yannick | Rokuss, Maximilian | Mertens, Daniel Philipp | Füller, David | Hamm, Benjamin | Schreyer, Andreas | Ritter, Oliver | Maier-Hein, Klaus","Tracking tumor lesions across serial CT scans is essential for oncological response assessment. Existing automated methods face a fundamental trade-off: end-to-end trackers achieve high automation but offer no opportunity to correct silent tracking failures, while decoupled registration–segmentation pipelines permit user verification yet discard the lesion’s prior appearance, limiting accuracy in ambiguous cases. In this work, we propose a Verified Tracking paradigm: a clinician verifies a registration-proposed prompt, which the model leverages alongside the baseline lesion appearance to resolve segmentation ambiguities. We present a unified framework combining early spatial prompt fusion with latent temporal difference weighting for longitudinally-informed segmentation. To address data scarcity, we leverage large-scale synthetic pretraining, proving essential for exploiting longitudinal context, improving performance by up to 4.5 Dice points over training from scratch. Our approach secured first place in the MICCAI autoPET IV challenge. We further curate and release PanTrack, a new longitudinal pancreatic cancer benchmark, to assess out-of-distribution generalization. Experiments show that our model outperforms prior work in both fully automatic and the proposed verified tracking setting offering a clinically safe middle ground between automation and control. Code, model and dataset will be released at https://github.com/MIC-DKFZ/LongiSeg",ok,
Fairness Beyond Demographics: Optimizing Performance Across Appearance-Based Hidden Cohorts in Medical Imaging,https://papers.miccai.org/miccai-2026/0370-Paper4959.html,https://papers.miccai.org/miccai-2026/paper/4959_paper.pdf,https://miladmasroor.github.io/lhcf-project-page/,dataset/benchmark,Breast; Skin,Computer-Aided Diagnosis,Algorithmic Fairness / Safety / Regulation,"Masroor, Milad | Nguyen, Cuong | Wells, Kevin | Carneiro, Gustavo","Medical image analysis models can exhibit performance disparities across patient subgroups, threatening clinical safety and fairness. Existing methods typically address this issue by optimizing accuracy and fairness metrics for visible demographic attributes (e.g., sex or age) considered in isolation. This strategy not only overlooks potentially more informative latent stratifications, which may reveal deeper sources of model error and inequity, but also fails to scale when multiple demographic attributes are considered simultaneously due to the resulting sparsity of training data within each subgroup. We deal with these issues by introducing the label-free hidden-cohort fairness (LHCF) training paradigm that instead of maximizing fairness over visible demographic attributes, it optimizes fairness across latent subpopulations discovered from image appearance. By clustering images into $K$ appearance‑based cohorts and applying fairness optimization over them, LHCF uncovers underlying sources of model error and avoids the combinatorial sparsity of multi‑demographic attributes, reducing disparities across both single and multiple demographic attributes. We demonstrate on our proposed fairness benchmark, HIDFairBench, that LHCF provides state-of-the-art fairness results on single and multiple demographic attributes without requiring demographic labels for training, improving practicality in real-world clinical settings where metadata may be incomplete or unavailable. Our results position hidden‑cohort fairness as a practical, scalable, and robust alternative to demographic‑based fairness optimization for trustworthy medical image analysis.",ok,
FairPneum: Improving Fairness in Pneumonia Diagnosis and Lesion Segmentation,https://papers.miccai.org/miccai-2026/0371-Paper0602.html,https://papers.miccai.org/miccai-2026/paper/0602_paper.pdf,https://github.com/JXXrrrrR/FairPneum,classification&segmentation,Lung / Thoracic,Image Segmentation,,"Chu, Yuetan | Jin, Xinran | Ma, Xinghua | Luo, Gongning | Gao, Xin","Machine learning-based computer-aided diagnostic systems often exhibit compromised fairness due to biases inherent in training datasets, leading to suboptimal and biased performance across diverse populations. These issues are particularly evident in pneumonia diagnosis and lesion segmentation, where disease prevalence and imaging characteristics vary significantly across demographic groups and pneumonia subtypes. To address these challenges, we propose FairPneum, a generalizable framework designed to enhance fairness in learning from biased datasets. FairPneum first introduces a hierarchical embedding disentanglement method that progressively isolates sensitive attributes using adversarial training, while an anti-bias training strategy is employed to leverage counterfactual embeddings to improve robustness against sensitive biases. We also introduce two novel metrics to effectively evaluate the global fairness in continuous performance metrics across different attributes while addressing the dependency between different sensitive attributes. Implementing FairPneum with both convolutional- and transformer-encoders, we demonstrate significant improvements in both performance and fairness on the public COVID-19 chest X-ray dataset and an in-house pneumonia CT dataset. Compared to SOTA fairness learning approaches, FairPneum effectively reduces performance disparities across demographic groups while maintaining or enhancing overall model accuracy. This study highlights a promising approach for developing unbiased and clinically generalizable solutions for pneumonia diagnosis and segmentation. The source code and dataset are available at https://github.com/JXXrrrrR/FairPneum.",ok,
"Faithful, Interpretable Chest X-ray Diagnosis with Artifact-Free B-cos Networks",https://papers.miccai.org/miccai-2026/0372-Paper3915.html,https://papers.miccai.org/miccai-2026/paper/3915_paper.pdf,https://github.com/shrebox/Artifact-free-B-cos-Networks,classification,Lung / Thoracic,Computer-Aided Diagnosis; Visualization in Biomedical Imaging,Fairness / Safety / Reliability; Interpretability / Explainability,"Arya, Shreyash | Agnihotri, Shashank | Kleinmann, Marcel | Schiele, Bernt | Keuper, Margret","Faithfulness and interpretability are essential for deploying deep neural networks (DNNs) in safety-critical domains such as medical image analysis. B-cos networks modify the parameterization of convolutional and classification layers to measure class evidence via feature-weight alignment, enabling built-in, class-specific contribution maps without post-hoc explanations. While maintaining diagnostic performance competitive with state-of-the-art DNNs, standard B-cos networks exhibit severe aliasing artifacts in their explanation maps, rendering them unsuitable for clinical use, where clarity is essential. In this work, we address this limitation by introducing anti-aliasing strategies using ASAP and BlurPool (BP) to significantly improve explanation quality. Our experiments on chest X-ray datasets demonstrate that the modified B-cos_ASAP and B-cos_BP preserve strong predictive performance while providing faithful and artifact-free explanations suitable for clinical application in multi-class and multi-label settings. Code is available at: https://github.com/shrebox/Artifact-free-B-cos-Networks",ok,
Fast Few-Shot Embolization Simulations in Ischemic Stroke Using Equivariant Neural Fields,https://papers.miccai.org/miccai-2026/0375-Paper2462.html,https://papers.miccai.org/miccai-2026/paper/2462_paper.pdf,https://github.com/ThijsKuipers1995/neural_clot_sim,image synthesis,Brain; Vasculature,Digital Twins / Simulation / Synthetic Data; Visualization in Biomedical Imaging,Synthetic Data / Data-centric AI,"Kuipers, Thijs P. | Mojtahedi, Mahsa | den Haan, Emiel D. | Konduri, Praneeta R. | Marquering, Henk A. | Bekkers, Erik J.","Ischemic stroke is a leading cause of death and disability, in which rapid restoration of blood flow is critical to patient outcome. During embolization, the lodging location of the occluding clot within the cerebral vasculature strongly influences treatment difficulty, as clot stiffness, deformability, and vessel anatomy determine the clot retrievability during endovascular thrombectomy. High-fidelity finite-element method (FEM) simulations can simulate embolization, but their computational cost makes them impractical for real-time clinical use. We propose a fast and data-efficient meshless neural surrogate for simulating Lagrangian embolization dynamics. Our model predicts particle acceleration updates using SE(3)-equivariant neural fields, allowing training from sparsely sampled high-resolution simulations while supporting inference at full spatial resolution. By combining neural dynamics with rotation and translation equivariance, the surrogate generalizes across patient-specific vascular geometries using only 20 training simulations. On held-out test simulations, our approach achieves stable rollouts with a median error of 1.76 mm (Q1–Q3: 0.93–2.82), a median lodging error of 1.27 mm (0.77–1.42), corresponding to a median relative localization error of 1.8%, and a 200–400× speedup over FEM simulations, demonstrating both the accuracy and efficiency of our approach.",ok,
FDRAS: Failure Diagnosis and Repair for Airway Segmentation,https://papers.miccai.org/miccai-2026/0377-Paper2460.html,https://papers.miccai.org/miccai-2026/paper/2460_paper.pdf,https://github.com/SIRGLab/FDRAS,classification&segmentation,Lung / Thoracic,Image Segmentation,Domain Adaptation / Harmonization,"Zhang, Francis Xiatian | Dhaliwal, Kevin | Khadem, Mohsen","Airway segmentation from chest CT is essential for safe navigation of the bronchoscopy and the targeting of distal lesions. However, segmentation models frequently exhibit structural failures under domain shift, including disconnected distal branches and boundary leakage. Existing post-hoc refinement methods either apply heuristic topology operations or directly predict corrected masks, implicitly coupling error localization and correction, and limiting controllability. We propose FDRAS (Failure Diagnosis and Repair for Airway Segmentation), a two-stage reliability framework that explicitly decouples failure localization from conservative correction. Given a CT volume and an initial segmentation, FDRAS performs hypothesis verification by predicting two complementary error maps: (1) a Signed Distance Function (SDF)-based geometric error map capturing boundary discrepancies, and (2) a tree-level connectivity error map localizing disconnected branches via skeleton analysis. These error maps condition a mask-only refinement network through cross-attention, enabling targeted updates while preventing topology drift. By externalizing structural inconsistencies and anchoring correction to predicted failure fields, FDRAS enables topology-aware repair rather than direct mask transformation. Under strict zero-shot evaluation across two external datasets and multiple backbones, FDRAS improves branch-level detection and connectivity by up to +4.8 percentage points (pp) compared to the strongest competing refinement, while maintaining competitive voxel-level accuracy, demonstrating its effectiveness as a post-hoc structural reliability layer for deployment.",ok,
Federated Medical Image Segmentation under Modality Heterogeneity via Specialized Adapters,https://papers.miccai.org/miccai-2026/0381-Paper0744.html,https://papers.miccai.org/miccai-2026/paper/0744_paper.pdf,https://github.com/obedjamir/FedMoSA,segmentation,Abdomen,Federated / Privacy-Preserving Analysis; Image Segmentation,Foundation Models; Multimodal Models / LLMs / VLMs,"Jamir, Obed | Paul, Angshuman","Differences in imaging modalities across institutions (e.g., MRI and CT) introduce significant challenges in deploying federated learning in real-world settings for medical image segmentation. To address this challenge, we propose FedMoSA, a robust federated framework for handling severe modality heterogeneity, where clients may be fully modality-disjoint. FedMoSA explicitly decouples modality-specific and modality-agnostic representation learning through the integration of specialized adapters and shared adapters within the image encoder of SAM(Segment Anything Model). To enable stable optimization under modality heterogeneity, we introduce modality-restricted aggregation for specialized adapters and modality-balanced aggregation for shared components. Furthermore, we incorporate a prototype-based alignment mechanism to promote consistent shared adapter representations across clients. We evaluate FedMoSA on publicly available multi-institution, multi-modal liver segmentation datasets under diverse federated configurations, including explicit generalizability testing. FedMoSA achieves up to +8.5 Dice improvement under fully modality-disjoint setting over state-of-the-art federated medical image segmentation methods, with a substantial reduction in inter-client performance variance. The code is available at https://github.com/obedjamir/FedMoSA.",ok,
Fine-Grained Cerebrovascular Parsing in DSA via Structurally-Grounded Semantic Disentanglement,https://papers.miccai.org/miccai-2026/0387-Paper3344.html,https://papers.miccai.org/miccai-2026/paper/3344_paper.pdf,,classification&segmentation,Brain,Computational Anatomy & Physiology; Image Segmentation; Image-Guided Interventions,Deep Learning,"Zhu, Kai | Cao, Le | Chen, Li | Cheng, Jun | Mou, Lei | Zhao, Yitian","Accurate quantitative cerebrovascular assessment and clinical intervention rely fundamentally on vessel parsing in Digital Subtraction Angiography (DSA) to segment and distinctly label the vascular tree. However, the intricate vascular topology, pronounced vessel overlap, and inconsistent contrast enhancement inherent in DSA present formidable obstacles; consequently, most existing works have been limited to binary vessel segmentation, overlooking the fine-grained anatomical categorization required for detailed clinical analysis. To address this, we propose AngioParse, a multi-expert driven framework explicitly designed for fine-grained vascular parsing. AngioParse ensures parsing precision through three key mechanisms: (1) a dual-stream expert synergy module that improves localization accuracy by fusing a high-recall global binary prior with fine-grained anatomical features from heterogeneous experts; (2) a self-consistent structural grounding mechanism that regularizes fine-grained parsing with a high-recall binary vascular prior by constraining the union of anatomical-wise predictions to lie within the vessel support, improving connectivity and topological validity; and (3) a decoupled orthogonal prediction module that enhances class discrimination by separating multi-target learning into parallel branches to minimize feature confusion. Experiments on a public DSA dataset demonstrate that AngioParse not only achieves state-of-the-art segmentation performance but also exhibits superior capability in accurately parsing and differentiating six distinct vascular categories.",ok,
FlowReg: Reconstruction-Guided Flow Matching for Universal Spinal CT/X-Ray Registration,https://papers.miccai.org/miccai-2026/0388-Paper0758.html,https://papers.miccai.org/miccai-2026/paper/0758_paper.pdf,https://github.com/shenao1995/FlowReg,reconstruction,Spine,Image Reconstruction; Image Registration; Image-Guided Interventions,Deep Learning,"Shen, Ao | Jiang, Junfeng | Fu, Xueming | Zeng, Qiang | Tang, Ye | Chen, Zhengming | Nong, Luming | Wang, Feng | Zhou, Shaohua Kevin","Precise and efficient spinal Computed Tomography (CT)/X-ray registration remains a long-standing challenge for image-guided navigation. Methodologies have evolved from intensity-based optimization to learning-based acceleration, transitioning from the traditional “render and compare” paradigm toward “reconstruction and compare” strategies. However, current learning-based methods still face difficult convergence and limited generalization, and a versatile framework capable of accommodating both single- and multi-vertebrae registration is yet to be established. To resolve these issues, we propose FlowReg, a versatile end-to-end framework that leverages CT volume reconstruction from intraoperative biplanar X-rays as a robust spatial prior to guide precise registration. FlowReg utilizes a SE(3)-aware flow matching branch to learn deterministic pose gradients in se(3) while learning shared representations across vertebrae. To bridge the domain gap, we introduce a Difference-Aware Feature Fusion module to reconcile cross-modal disparities. Extensive experiments on synthetic and real clinical datasets demonstrate that FlowReg achieves state-of-the-art performance in both reconstruction quality and registration accuracy, successfully satisfying real-time intraoperative clinical demands. The code is available at: github.com/shenao1995/FlowReg.",ok,
Frequency-Aware Post-Training Quantization for Medical Image Denoising,https://papers.miccai.org/miccai-2026/0398-Paper5014.html,https://papers.miccai.org/miccai-2026/paper/5014_paper.pdf,https://github.com/unikohoho/Quantization,reconstruction,Whole-body / Multi-organ / Other,Image Reconstruction,Deep Learning,"Ko, Uni | Lee, Yumi | Park, Juneyoung | Choi, Jang-Hwan","Deep learning denoisers achieve remarkable restoration quality, yet their high computational cost limits deployment in resource-constrained settings. While post-training quantization (PTQ) enables efficient deployment, conventional PTQ methods degrade fidelity under ultra-low precision, causing frequency-selective degradation in reconstructed outputs. Observing that quantization errors concentrate in high-frequency subbands, we propose a dual-stage PTQ framework based on stationary wavelet transform (SWT) that explicitly penalizes subband-wise quantization distortions. Extensive experiments demonstrate consistent improvements over existing methods across diverse architectures. Our method effectively balances fidelity with substantial reductions in model size, supporting deployment-oriented medical image denoising. The code is available at https://github.com/unikohoho/Quantization.",ok,
From Baseline to Future CT: Large-Scale Diffusion Pretraining for Single-Scan IPF Progression Prediction,https://papers.miccai.org/miccai-2026/0400-Paper4966.html,https://papers.miccai.org/miccai-2026/paper/4966_paper.pdf,https://github.com/niccolo246/baseline-to-future-ct,classification&segmentation,Lung / Thoracic,Image Synthesis / Augmentation / Super-Resolution; Visualization in Biomedical Imaging,Deep Learning; Foundation Models,"McConnell, Niccolò | Chen, Yunjie | Wang, Shanshan | Yamada, Daisuke | Egashira, Ryoko | Szmul, Adam | Aslani, Shahab | McCabe, John | Yang, Tianqi | McGregor, Helen | Vasudev, Pardeep | Azimbagirad, Mehran | Jones, Mark | Vanaudenaerde, Bart | van Moorsel, Coline | Wuyts, Wim | Consortium, SUMMIT | Mogulkoc, Nesrin | Taylor, Paul | Janes, Sam M. | Alexander, Daniel C. | Jacob, Joseph","Idiopathic pulmonary fibrosis (IPF) exhibits variable CT progression, from subtle interstitial changes to overt architectural distortion. Longitudinal imaging data is often sparse and confounded by non-rigid deformation, making accurate delineation of disease progression from single timepoint data a fundamental clinical imperative. We investigate single-scan IPF progression in thoracic CT by synthesising a future scan conditioned on the baseline scan, time horizon and patient covariates. To preserve fine lung structure under limited disease-specific longitudinal data, we decouple a transferable thoracic generative/longitudinal prior from disease-specific adaptation. We first learn a detail-preserving latent representation using patch-based autoencoding with overlap-average stitching. We then pretrain a covariate-conditioned latent diffusion model and longitudinal ControlNet on a large-scale thoracic CT screening dataset (>30,000 scans; >12,000 patients), and finally adapt the model to IPF progression synthesis with lung-focused patch-decoded supervision. Across internal IPF cohorts and a fully held-out external cohort, the screening-pretrained configuration achieves the strongest in-lung fidelity and lowest feature-space distance, and significantly outperforms training the progression adaptor without longitudinal pretraining. These results support thoracic diffusion pretraining as a reusable generative foundation for data-limited longitudinal disease modelling.",ok,
From Exams to Trajectories: Neural Controlled Differential Equations for Longitudinal Mammography Vision-Language Pretraining,https://papers.miccai.org/miccai-2026/0401-Paper1911.html,https://papers.miccai.org/miccai-2026/paper/1911_paper.pdf,https://github.com/Mortal-Suen/Dynamo,VLM,Breast,Outcome Prediction / Prognosis / Longitudinal Modeling,Deep Learning; Multimodal Models / LLMs / VLMs,"Sun, Zijun | Ge, Enze | Thrun, Solveig | Kampffmeyer, Michael","Longitudinal analysis of a patient’s screening history is fundamental to mammography interpretation. Yet existing deep learning models struggle with the irregular, continuous-time nature of screening data, where patient histories involve unevenly timed multi-view exams paired with evolving textual reports. To address this gap, we introduce \textbf{Dynamo}, a novel multi-modal pretraining \underline{\textbf{dyna}}mic framework for longitudinal \underline{\textbf{m}}amm\underline{\textbf{o}}graphy with two key innovations to model exam timelines as latent trajectories, i.e., a coarse-fine grained exam-level temporal encoder based on Neural Controlled Differential Equations (Neural CDEs) and a Temporal Visual Question Answering (TVQA) loss for query-driven masked token prediction conditioned on temporal context. We perform comprehensive evaluations on downstream tasks including risk prediction using large-scale datasets (EMBED and CSAW-CC), BI-RADS assessment, and breast density classification. Across all benchmarks, Dynamo achieves overall gains over state-of-the-art vision-only and CLIP-style models, improving both calibration and temporal reasoning. On the EMBED dataset, representative gains include $11.81\%$ relative reduction in Risk Prediction’s Brier Score, $3.59\%$ relative improvement in BI-RADS $\kappa$, and $2.39\%$ relative improvement in BI-RADS AUC in zero-shot settings. Our code is available at \href{https://github.com/Mortal-Suen/Dynamo}{this URL}.",ok,
From Sparsity to Geometry: Spatial Modeling for 3D Reconstruction from Biplanar Bone X-rays,https://papers.miccai.org/miccai-2026/0407-Paper3258.html,https://papers.miccai.org/miccai-2026/paper/3258_paper.pdf,https://github.com/HKUSZH/ExpGS,reconstruction,Lung / Thoracic; Musculoskeletal / Orthopedic,Image Reconstruction,Deep Learning; Domain Adaptation / Harmonization,"Long, Nuo’er | Liu, Songkang | Chen, Cheng | Tan, Tao | To, Michael K. T. | Chen, Peikai","Three-dimensional (3D) reconstruction from biplanar X-rays has high clinical values and remains technically challenging. Existing methods emphasize larger datasets and stronger networks, with less focus on spatial modeling. This usually works well for X-ray inputs with dense structural cues (e.g., chest). However, for inputs with sparse foreground (e.g., long-bone), the impact of geometry unawareness might be significant and introducing such constraints may be helpful. Here, we introduce ExpGS (Explicit Gaussian Splatting), a spatial modeling framework that uses a fixed virtual biplanar geometry to eliminate per-case camera metadata at inference. By preserving non-degenerate anteroposterior/lateral ray constraints within a consistent frustum-intersection volume, it reduces background interference and stabilizes reconstruction. ExpGS reduces to canonical and implicit modeling as geometric constraints relax. Experiments were performed on two CT datasets with distinct content-sparsities, Femur (long bones) and LIDC (chest), whereby synthetic X-rays and matched virtual geometry were obtained from CT projections for training and testing. Results show that spatial modeling confers only minor benefits to information-dense LIDC but substantially improves reconstruction stability (SSIM 86.13%) on the sparse Femur dataset, comparing both with other methods and with the two ablated forms of ExpGS. Our work establishes the importance of geometric constraints for content-sparse planar inputs such as long bones. Implementation is available at: https://github.com/HKUSZH/ExpGS.",ok,
FSE-Reg: Enhancing 3D Deformable Registration with Frozen Large-Scale Pre-trained Segmentation Encoders,https://papers.miccai.org/miccai-2026/0409-Paper3239.html,https://papers.miccai.org/miccai-2026/paper/3239_paper.pdf,https://github.com/alibabadamo-academy/FSE-Reg,segmentation,Abdomen; Brain,Image Registration,Deep Learning,"Kang, Hao | Ma, Tai | Zhang, Haoyang | Mok, Tony C. W. | Li, Zi | Xu, Minfeng | He, Lianghua | Wen, Ying","Learning-based deformable registration enables fast feed-forward inference, yet robustness to limited training data and domain shifts remains challenging. We propose FSE-Reg, which reuses a shared frozen backbone from large-scale pre-trained 3D segmentation encoders as an anatomy-aware feature space for correspondence learning. Built on this fixed representation, FSE-Reg uses a standard coarse-to-fine residual pyramid decoder and a multi-scale feature-level similarity constraint in the frozen feature space, providing anatomy-aware matching cues without segmentation outputs or labels. We further design a lightweight Difference-Product Interaction Fusion module (DPI-Fuse) to explicitly model mismatch and agreement signals for flow refinement. Experiments on abdominal CT and brain MRI benchmarks demonstrate improved accuracy with plausible deformations and strong external generalization without fine-tuning, compared with intensity-driven networks, joint segmentation–registration pipelines, and foundation-feature-based matching approaches. Code will be made publicly available in a future release.",ok,
Geometry-Aware Point-to-Voxel Fusion via Gaussian Splatting for Intracranial Aneurysm Segmentation,https://papers.miccai.org/miccai-2026/0422-Paper0687.html,https://papers.miccai.org/miccai-2026/paper/0687_paper.pdf,https://github.com/somtiannes/GeoP2VNet,segmentation,Brain; Vasculature,Image Segmentation,Deep Learning,"Qin, Tian | Zhang, Zhongji | Feng, Yuqi | Huang, Tianyu | Yin, Zihan | Luo, Tao","Intracranial aneurysms (IAs) carry high mortality upon rupture, and their accurate segmentation from CTA is essential for clinical intervention. However, many IAs are small and morphologically resemble normal vascular bends, rendering them difficult to distinguish by intensity alone. Voxel-only networks frequently misclassify these subtle protrusions as tortuous healthy vessels, while point-based architectures capture geometry but lack dense semantic context. To bridge this gap, we propose GeoP2VNet, a geometry-aware method that injects explicit surface geometry into a voxel backbone via three modules: Geometric Feature Extraction (GFE) computes rotation-invariant point descriptors; a differentiable Point-to-Voxel (P2V) Gaussian splatting layer projects sparse geometric cues onto aligned voxel features; and Dual-Gated Residual Fusion (DGRF) selectively amplifies geometric priors at anatomically significant regions while suppressing them in normal segments. On 205 CTA cases (266 lesions) with 5-fold cross-validation, GeoP2VNet achieves a Dice of 0.770, outperforming nnU-Net (0.663) and SwinUNETR (0.578), while reducing false positives by 92%, from 0.317 to 0.024 per case. Code is available at https://github.com/somtiannes/GeoP2VNet.",ok,
GGFI-Net: Genomics-Guided Cross-Modal Imputation for Multimodal Survival Analysis with Missing Modality,https://papers.miccai.org/miccai-2026/0428-Paper5435.html,https://papers.miccai.org/miccai-2026/paper/5435_paper.pdf,,image synthesis,Abdomen,Multimodal Integration with Clinical / Genomic / Biomarkers; Outcome Prediction / Prognosis / Longitudinal Modeling,Deep Learning; Multimodal Models / LLMs / VLMs,"Liu, Jiaxuan | Chen, Xiaojun | Corino, Valentina D. A.","Survival prediction modeling has shown promise in capturing diverse tumor phenotypes from multimodal data, such as radiomics and genomics. However, its clinical application is often hampered by two major constraints: missing modalities in fragmented datasets, and severe overfitting caused by high-dimensional features in small-sample regimes. To address these challenges, we propose a Genomics-Guided Cross-Modal Feature Imputation Framework (GGFI-Net) for survival analysis. Specifically, we introduce a Lightweight Cross-Modal Mapper (LCM) that learns a structured mapping from genomic to radiomic latent spaces, enabling the imputation of missing modalities without the computational overhead of heavy generative models. Furthermore, we design a Genomics-Driven Survival Distillation (GDSD) module. This teacher-student architecture transfers survival-relevant discriminative knowledge from complete genomic profiles to supervise the latent radiomic representations, effectively mitigating overfitting and ensuring the prognostic fidelity of the imputed features. Unlike prior fusion or generative imputation methods, GGFI-Net explicitly models cross-modal survival-consistent feature alignment. Experiments on public pancreatic cancer cohorts demonstrate its superiority. Notably, on the modality-deficient TCGA-PAAD dataset, GGFI-Net significantly outperforms genomics-only baselines, improving the C-index from 0.645 to 0.679. It also maintains robust performance on the modality-complete CPTAC-PDA dataset (C-index: 0.709). These results confirm that GGFI-Net provides a highly robust and clinically feasible solution for incomplete multimodal survival modeling under data scarcity.",ok,
Glasses: Adapter-Enhanced DINOv3 with Boundary-Aware Multi-Scale Representations for Medical Image Segmentation,https://papers.miccai.org/miccai-2026/0429-Paper1781.html,https://papers.miccai.org/miccai-2026/paper/1781_paper.pdf,https://github.com/friay/Glasses,segmentation,Abdomen; Skin,Image Segmentation,Deep Learning,"Zhu, Jiahao | Cui, Hengfei | Yin, Hanlin | Chen, Geng | Xia, Yong","Accurate medical image segmentation requires simultaneous modeling of robust global semantics and precise anatomical boundaries. While Vision Transformers (ViTs) exhibit strong global representation capability, they often struggle to capture fine-grained local structures and boundary details, particularly in scenarios with low contrast and blurred boundaries. To address this limitation, we propose Glasses, a novel framework that equips pre-trained Transformers with a structure-enhanced visual adaptation mechanism for medical image segmentation. Specifically, Glasses employs a frozen DINOv3 as the backbone encoder, with only the terminal layers fine-tuned. We introduce a Multi-Scale Deformable Attention Adapter that performs cross-scale interaction between lightweight convolutional structural priors and Transformer tokens extracted from specific intermediate layers of DINOv3, thereby transforming single-scale token embeddings into hierarchical representations enriched with both local structural cues and global context. This design preserves the stability of pre-trained semantic representations while improving the modeling of local anatomical structures and scale variations. Furthermore, we introduce an independent Edge-Aware Convolutional Encoder that explicitly learns boundary-enriched multi-scale representations under nested boundary supervision, providing a strong source of fine-grained local structural information that complements the adapter-enhanced Transformer features during decoding. A U-Net-style decoder then progressively fuses the adapter-enhanced Transformer features and the boundary-enriched convolutional representations to recover high-resolution segmentation outputs. Extensive experiments on the Synapse and ISIC datasets demonstrate that Glasses achieves Dice coefficients of 83.52% and 91.60%, respectively, significantly outperforming state-of-the-art (SOTA) methods. Source code is available at https://github.com/friay/Glasses.",ok,
GLeVE: Graph-Guided Lesion Grounding with Proposal Verification in 3D CT,https://papers.miccai.org/miccai-2026/0430-Paper2407.html,https://papers.miccai.org/miccai-2026/paper/2407_paper.pdf,https://github.com/JSLiam94/GLeVE,VLM,Abdomen,Anomaly / Lesion Detection,Multimodal Models / LLMs / VLMs,"Jiang, Shuo | Hong, Yuhao | Jiang, Chunbo | Chen, Weihong | Chen, Huangwei | Zhu, Shenghao | Wu, Beining | Liu, Mingxuan | Zhu, Zhu | Qin, Feiwei | Tan, Min | Chen, Yifei","Grounding radiology report descriptions to 3D CT volumes is essential for verifiable clinical interpretation, yet remains challenging due to the semantic-spatial gap between free-text narratives and volumetric anatomy. Existing report-assisted and vision-language grounding methods typically rely on phrase-level alignment or dense pixel supervision, resulting in limited lesion-wise correspondence and suboptimal localization accuracy. We propose GLeVE, a graph-guided lesion grounding framework with anatomical prior verification and octree-based autoregressive refinement. GLeVE treats each lesion description as an atomic semantic unit and encodes organ attribution, attributes, and inter-lesion relations through relation-aware graph reasoning to produce discriminative lesion-wise queries. Anatomy-aware proposal generation with region-level verification enforces one-to-one text-lesion alignment, while hierarchical octree refinement progressively improves boundary delineation. Experiments on AbdomenAtlas 3.0 demonstrate consistent gains over classical multimodal foundation models and report-supervised baselines in both segmentation accuracy and lesion-level localization.",ok,
Good Enough? An Investigation on the Impact of Label Quality in Large-Scale Medical Datasets,https://papers.miccai.org/miccai-2026/0432-Paper3404.html,https://papers.miccai.org/miccai-2026/paper/3404_paper.pdf,,segmentation,Abdomen,Image Segmentation,Deep Learning,"Jaus, Alexander | Marinov, Zdravko | Reiß, Simon | Seibold, Constantin | Wei, Jiale | Kleesiek, Jens | Stiefelhagen, Rainer","Manually refining radiological segmentation masks is highly resource-intensive. To determine when this expert commitment is truly justified for the training of segmentation models, we investigate the relationship between label quality and model performance. Expanding beyond models trained directly for inference, we conduct the first study isolating the impact of label quality in pre-training datasets. While high-quality labels remain essential for models proceeding directly to deployment, we find no evidence that strict label quality is crucial for pre-training efficacy. These results question the necessity of exhaustive human-in-the-loop refinement for massive corpora intended for pretraining and suggest that expert effort is more effectively invested in well-curated downstream target datasets.",ok,
Graph Neural Networks for Morphometric Characterization of the Aortic Valve,https://papers.miccai.org/miccai-2026/0433-Paper5465.html,https://papers.miccai.org/miccai-2026/paper/5465_paper.pdf,https://github.com/kam-ibragimov/morpho-gcn,detection/localization,Cardiac,Computational Anatomy & Physiology; Image Segmentation,Deep Learning,"Ibragimov, Kamil | Jelenc, Matija | Vrtovec, Tomaz","Clinically significant geometrical measurements of the aortic valve, such as the intercommissural distances and angles, are enabled by aortic valve morphometry. While morphometry typically relies on detecting key anatomical landmarks of the aortic valve (nadirs and commissures), the accuracy of morphometric measurements derived from these landmarks remains under-investigated. In this study, we devise a graph-based representation, where morphometric measurements of the aortic valve are represented as graph nodes, and their anatomical relationships are represented as graph edges that encode the dependencies of the underlying landmarks. Such representations, which therefore encapsulate the geometric variability of landmark detection, are optimized through a graph neural network (GNN) that integrates geometric features and structural context to compute anatomically consistent morphometric measurements. The proposed GNN approach was evaluated on 280 cardiac computed tomography images consisting of three cohorts from two different institutions with both healthy and pathological aortic valve cases. By computing 29 different morphometric measurements (18 linear and 11 angular) with the proposed GNN approach and comparing them to those obtained from direct landmark detection, we observed a reduction in the mean absolute error by around 15-25% on average. The results demonstrate an improved anatomical consistency of the proposed GNN approach in extracting morphometric measurements, and its robustness to landmark detection uncertainty.",ok,
GU-SAM2: A Semi-supervised Medical Image Segmentation Framework via Gated Feature Fusion of MIM-Pretrained U-Net and SAM 2,https://papers.miccai.org/miccai-2026/0438-Paper4078.html,https://papers.miccai.org/miccai-2026/paper/4078_paper.pdf,,segmentation,Whole-body / Multi-organ / Other,Image Segmentation,Deep Learning; Domain Adaptation / Harmonization; Foundation Models; Semi- / Weakly- / Self-supervised Learning,"Liu, Yinjun | Zhuang, Mingrui | Zhang, Qinhe | Liu, Ailian | Zhang, Songyao | Wang, Hongkai","Vision foundation models have emerged as a pivotal solution for medical image segmentation, demonstrating remarkable potential in alleviating annotation burdens. However, their direct application to 3D medical data faces significant challenges: the inherent domain gap between natural and medical images, and a mechanistic misalignment where SAM 2’s native object tracking'' paradigm struggles with the semantic matching’’ required for volumetric anatomy. To address these challenges, we propose GU-SAM2, a novel label-decoupled semi-supervised framework. By strategically separating data utilization, our method effectively bridges the domain gap and resolves mechanistic conflicts: the first stage operates in a label-free manner, employing Masked Image Modeling (MIM) on ubiquitous unlabeled medical images to train a lightweight U-Net for internalizing medical domain knowledge; the second stage operates in a prompt-guided manner, introducing a Gated Feature Fusion mechanism to adaptively inject these medical features into SAM 2. This decoupled fusion strategy enables dynamic, semantic-aware feature selection, correcting the model logic from mere tracking to anatomically consistent segmentation. Extensive experiments across multi-organ and multi-modality datasets demonstrate that GU-SAM2 achieves state-of-the-art performance. Notably, it maintains exceptional stability on small or challenging organs and delivers robust results even in scenarios with extremely scarce annotated data (e.g., 1 or 3 labeled scans).",ok,
Hallucination Detection and Correction in Medical VLMs via Counter-Evidence Verification,https://papers.miccai.org/miccai-2026/0442-Paper0281.html,https://papers.miccai.org/miccai-2026/paper/0281_paper.pdf,,VLM,Lung / Thoracic,Computer-Aided Diagnosis,Evaluation / Benchmarking / Reproducibility; Fairness / Safety / Reliability,"Zhou, Nan | Zou, Ke | Liu, Meng | He, Linchao | Zhu, Jiaqi | Zhang, Yi | Chen, Hu | Fu, Huazhu","Vision-Language models (VLMs) reliability in medical diagnosis is challenged by trust-undermining hallucinations. Existing hallucination detection approaches mainly focus on identifying factual inconsistencies between generated text and reference data. While some studies analyze where models attend in images, they seldom verify whether such attention truly reflects the visual evidence supporting the generated text. To address this gap, we propose Counter-Evidence Verification (CoEV), a training-free plug-and-play framework that detects and corrects hallucinations through evidence-based factual consistency verification. CoEV performs bidirectional verification between textual assertions and visual evidence, testing whether each statement is supported by its corresponding evidence region, and assigns each statement into a four-quadrant diagnostic map capturing combinations of text factuality and visual grounding. CoEV detects hallucinated content and serves as a post hoc refinement tool, correcting hallucinations without retraining. Extensive experiments on four medical datasets show that CoEV combats hallucinations in VLMs.For hallucination detection, CoEV consistently outperforms existing methods, improving average PR-AUC and ROC-AUC by 3.0% and 3.9% absolute points respectively, with notable gains of up to 18.5% in specific VQA scenarios. For hallucination correction, it improves Micro-F1 by up to 12.5%, reduces hallucination rates by over 11.9% on medical report generation, and also boosts medical VQA accuracy. These results show that CoEV enables reliable detection and correction of hallucinations, providing clinicians with dependable, evidence-based cues for diagnosis. Code is avaliable at https://github.com/Zhounan1222/CoEV.",ok,
Harmless Copyright Protection for CT Dataset,https://papers.miccai.org/miccai-2026/0444-Paper2875.html,https://papers.miccai.org/miccai-2026/paper/2875_paper.pdf,,classification,Lung / Thoracic,Federated / Privacy-Preserving Analysis,Fairness / Safety / Reliability,"Xu, Fengzhi | Yang, Ziyuan | Liang, Yan | Chen, Yingyu | Xia, Wenjun | Zhang, Yi","Dataset is essential for advancing deep learning in healthcare, yet its unauthorized use raises serious concerns regarding patient privacy leakage and intellectual property infringement. Existing copyright protection methods typically rely on backdoor-triggered verification mechanisms, but these methods inherently introduce security vulnerabilities by embedding malicious backdoor behaviors that can lead to abnormal outputs. To address this issue, we propose a novel harmless copyright verification threat model. Unlike traditional methods that depend on trigger-activated abnormal outputs as verification signals, our approach instead uses prediction accuracy on watermarked samples as the verification criterion. The core idea is to enforce improved performance on trigger-injected samples, enabling reliable ownership verification without inducing malicious behaviors. Specifically, we propose a Learnable Measurement-Domain Harmless Backdoor Watermark (LMHBW) method. Unlike traditional image-domain watermarking techniques, which operate on reconstructed images that are easily accessible and thus vulnerable to tampering, we shift the protection to the measurement domain prior to image reconstruction. Motivated by the fact that raw measurement data are typically confined within imaging devices (e.g., scanners) and are rarely exposed externally, this design enhances the stealthiness and robustness of the embedded watermark against detection and removal. Experimental results demonstrate that the proposed threat model enables effective and reliable watermark verification while remaining behaviorally harmless, and further validate the feasibility and advantages of measurement-domain watermarking for medical imaging copyright protection.",ok,
HeartVolMesh: Cardiac Volumetric Mesh Reconstruction via Covariance-Guided Graph Deformation,https://papers.miccai.org/miccai-2026/0451-Paper3675.html,https://papers.miccai.org/miccai-2026/paper/3675_paper.pdf,https://github.com/ccmim/HeartVolMesh,segmentation,Cardiac,Digital Twins / Simulation / Synthetic Data; Image Segmentation,,"Lin, Fengming | Zakeri, Arezoo | Dou, Haoran | Zhou, Zherui | Lan, Shaokun | Duan, Jinming | Frangi, Alejandro F.","Accurate patient-specific tetrahedral cardiac meshes are essential for in-silico trials, yet common segmentation-then-modelling pipelines can blur thin-wall anatomy and offer limited cross-case correspondence. We propose HeartVolMesh, which lifts each template vertex to an anisotropic Gaussian kernel and uses a 3D CNN-GNN to predict per-vertex displacements and Cholesky-parameterized covariances from volumetric images. Training is guided by a covariance-aware negative log-likelihood loss with lightweight mesh regularization. For volumetric meshing, we warp a fixed tetrahedral template to the reconstructed surface via staged alignment, non-rigid registration, and deformation propagation, preserving connectivity and correspondence by construction, with resolution controlled by template density. Experiments show consistent gains over deformation-based baselines in surface mesh accuracy and volumetric mesh fidelity.",ok,
HiEDL: Hierarchical Evidential Deep Learning for Uncertainty-Aware Tumor Segmentation from 3D CT via Boundary Regularization,https://papers.miccai.org/miccai-2026/0457-Paper6475.html,https://papers.miccai.org/miccai-2026/paper/6475_paper.pdf,https://github.com/laibi-yonsei/HiEDL,classification&segmentation,Abdomen,Image Segmentation,,"Park, Younghyun | Jeong, Jin Gyo | Yang, Sejung","Accurate tumor segmentation in CT imaging is important for clinical diagnosis and treatment planning. However, achieving precise segmentation is still heavily challenging due to highly ambiguous boundaries. Also, conventional flat classification frameworks are not anatomically consistent, as they treat organs and tumors at the same semantic level, ignoring the fundamental anatomical prior that tumors physically reside within their corresponding organs. In this paper, we propose a novel Hierarchical Evidential Deep Learning framework (HiEDL) to accurately and efficiently segment tumors by explicitly enforcing this anatomical containment prior. Specifically, to restructure the segmentation task, we introduce a hierarchical organ-to-tumor decoupling strategy that divides the process into superordinate (organ) and subordinate (tumor) levels. Furthermore, we adopt evidential deep learning to isolate predictive tumor uncertainty and optimize the network using a novel hierarchical boundary loss combined with distance maps, directly guiding the model to resolve ambiguous boundary predictions. Experimental results demonstrate the superiority of HiEDL compared with other state-of-the-art 3D segmentation networks, by achieving the highest region-level (Dice) and boundary-level (NSD) scores on the MSD Pancreas and MSD Liver datasets. We further validate the effectiveness of the hierarchical formulation and the significant benefits of the proposed boundary loss through ablation studies.",ok,
Hierarchical Cautious Optimization for Semi-supervised Medical Image Segmentation,https://papers.miccai.org/miccai-2026/0458-Paper0945.html,https://papers.miccai.org/miccai-2026/paper/0945_paper.pdf,,segmentation,Fetal / Pediatric,Image Segmentation,Semi- / Weakly- / Self-supervised Learning,"Olender, Aaron | Rabinowich, Aviad | Khawaja, Jayan | Ben Bashat, Dafna | Joskowicz, Leo","In volumetric medical image segmentation, semi-supervised learning (SSL) leverages unlabeled data to reduce the reliance on scarce expert annotations. However, standard optimizers treat gradients from labeled and unlabeled objectives uniformly, despite their differing reliability. We propose Hierarchical Cautious Optimization (HCO), an optimizer-level method that enforces a trust hierarchy between gradient sources. HCO computes momentum using gradients from labeled data and incorporates unlabeled gradients only when their update direction is aligned with this labeled-driven momentum. The method integrates seamlessly into existing momentum-based optimizers with negligible computational overhead. Across three datasets, HCO consistently improves performance, with notable gains on a challenging fetal MRI dataset where Dice scores for fetal lungs and liver increased from 0.68 to 0.84 (+24\%) and from 0.71 to 0.82 (+16\%), respectively. These gains across optimizers and datasets show that HCO is a practical enhancement for SSL segmentation.",ok,
Hierarchical Memory for Radiology Report Generation with Rich Context,https://papers.miccai.org/miccai-2026/0462-Paper1067.html,https://papers.miccai.org/miccai-2026/paper/1067_paper.pdf,https://github.com/QingyueJ-nd/HM-RRG,segmentation,Lung / Thoracic,Computer-Aided Diagnosis,Deep Learning; Multimodal Models / LLMs / VLMs,"Jiao, Qingyue | Zheng, Jiahao | Zhuang, Jun | Shi, Yiyu","Radiology report generation (RRG) increasingly relies on rich evidence, most commonly retrieved similar reports from other patients and longitudinal history from the same patient. Prior approaches often concatenate evidence into a long prompt, which can degrade performance. Such long contexts are typically noisy and only partially relevant, making it challenging for the backbone decoder to reliably select the most relevant evidence for the current query. We propose HM-RRG, a hierarchical-memory framework that organizes and selects evidence instead of treating all context as a flat sequence. HM-RRG builds an image-conditioned retrieval memory bank by compressing each retrieved report into a compact memory vector grounded on the current image. It then processes the patient’s prior reports as a chronological stream, maintains segment-level longitudinal memories, and performs hierarchical retrieval over the union of cross-patient and within-patient memories to form an evidence prompt for each segment during decoding. This design enables selective recall of relevant information while suppressing irrelevant or conflicting details under long contexts. Experiments on MIMIC-CXR with Longitudinal-MIMIC show that HM-RRG improves both text quality and clinical accuracy. In particular, HM-RRG achieves the best factuality metrics among state-of-the-art RRG models, demonstrating that structured memory is effective for radiology report generation. Our code is available at https://github.com/QingyueJ-nd/HM-RRG.",ok,
HiFi-Rep: Leveraging High-Resolution Vision Foundation Models with Tri-Planar Slice Context for CT Report Generation,https://papers.miccai.org/miccai-2026/0466-Paper3274.html,https://papers.miccai.org/miccai-2026/paper/3274_paper.pdf,https://github.com/rqobistp/HiFi-Rep,image synthesis,Lung / Thoracic; Whole-body / Multi-organ / Other,Other,Deep Learning; Foundation Models; Multimodal Models / LLMs / VLMs,"Limaroon, Keetawan | Namwongsa, Punnawat | Tarnpradab, Sansiri","Automated radiology report generation from 3D CT volumes holds immense potential to alleviate radiologist workloads. Current methods, however, face a critical trade-off between efficiency and resolution: many often downsample volumes to fit memory constraints, discarding fine-grained anatomical details essential for diagnosis, while 3D-native models remain computationally prohibitive. To address this, we propose HiFi-Rep, a streamlined framework that leverages high-fidelity visual features without the burden of 3D encoders. Our method processes native 512 x 512 resolution slices across tri-planar views using the pre-trained DINOv3 vision foundation model. Furthermore, to resolve sequence length bottlenecks, we introduce HiFi-S2D, an efficient aggregation module that employs Space-to-Depth transformation. This allows for spatial-preserving aggregation, condensing volumetric depth while strictly retaining high-resolution in-plane diagnostic cues for MedGemma, a specialized medical LLM. We validate HiFi-Rep on the large-scale CT-RATE report generation benchmark, where it establishes a new state-of-the-art. Compared with the best-performing baseline, our proposed approach yields a 9.2% improvement in BLEU-1 and achieves the highest reported METEOR score among existing methods. These results demonstrate that combining robust 2D foundation models with structure-preserving aggregation offers a superior strategy for 3D medical understanding, paving the way for scalable, high-precision automated reporting. Our code is publicly available at https://github.com/rqobistp/HiFi-Rep.",ok,
High-Capacity Robust Medical Image Exfiltration via Neural Network Weight Replacement,https://papers.miccai.org/miccai-2026/0468-Paper3616.html,https://papers.miccai.org/miccai-2026/paper/3616_paper.pdf,,reconstruction,Whole-body / Multi-organ / Other,Federated / Privacy-Preserving Analysis,Deep Learning; Fairness / Safety / Reliability,"Thellier, Elie | Li, Huiyu | Ayache, Nicholas | Delingette, Hervé","Collaborative medical AI platforms allow researchers to train models on sensitive imaging data while restricting data export. However, trained models can serve as covert carriers of patient information: medical images may be encoded within model parameters and reconstructed outside the secure environment. Existing defenses rely on lightweight sanitization (e.g., fine-tuning, pruning, quantization) and limited statistical auditing, creating a realistic insider exfiltration risk. We introduce a high-capacity neural steganography attack that encodes medical images as continuous latent representations embedded into model initialization. A StyleGAN2-based adversarial autoencoder learns compact latent codes regularized to match standard weight initialization statistics, keeping embedded parameters statistically aligned with clean models. Noise injection during training improves robustness to export-time mitigation. The carrier model remains functional on its intended task and hidden images can be reconstructed directly from the model weights after export. This continuous encoding enables robust and scalable exfiltration, allowing up to 99 brain MRI volumes to be embedded within a 30MB model, and remains recoverable under mitigations that disrupt prior bit-level schemes. While reconstructions are approximate rather than lossless, embedded content remains anatomically recognizable and recoverable at scale, exposing a privacy risk distinct from prior bit-level approaches. Experiments on MIMIC-CXR, BraTS, and LiTS demonstrate effectiveness across modalities, tasks, and architectures, highlighting the need for structural defenses beyond parameter-level sanitization.",ok,
HiProS: A Hierarchical Prompt Selection for Stage-wise Vision–Language Alignment in Medical Image Segmentation,https://papers.miccai.org/miccai-2026/0472-Paper4897.html,https://papers.miccai.org/miccai-2026/paper/4897_paper.pdf,,VLM,Lung / Thoracic,Image Segmentation; Multimodal Integration with Clinical / Genomic / Biomarkers,Deep Learning; Multimodal Models / LLMs / VLMs,"Kim, Da-Hee | Chae, Jongbin | Lee, Seungyeon | Lee, Dong-Gyu","Recent vision–language models for medical image segmentation leverage radiology reports as auxiliary supervision. However, existing methods inject text cues uniformly across decoder stages, overlooking the hierarchical semantic demands of different visual abstraction levels. This limits precise alignment between global context and fine-grained lesion representations, particularly for diffuse abnormalities. To address this issue, we propose Hierarchical Prompt Selector (HiProS), a vision–language segmentation framework that performs stage-conditioned textual token selection for local–global alignment. HiProS introduces a Stage-wise Prompt Selector that explicitly selects and suppresses textual tokens according to the abstraction level of each decoder stage, rather than propagating all text cues through uniform attention. The selected tokens are then integrated with multi-scale visual features via a Fusion Alignment Module, enabling structured cross-modal interaction at each decoding stage. Importantly, HiProS operates with automatically generated textual cues, avoiding reliance on manually curated clinical reports and enabling scalability where expert annotations are unavailable. Experiments on QaTa-COV19 and MosMedData+ demonstrate consistent improvements over strong vision–language baselines, with competitive results. Notably, HiProS shows pronounced gains in segmenting diffuse lesions on MosMedData+, indicating that stage-conditioned textual selection mitigates semantic misalignment in fine-grained segmentation.",ok,
Human-AI Collaboration for 2D/3D Registration Quality Assurance,https://papers.miccai.org/miccai-2026/0477-Paper6000.html,https://papers.miccai.org/miccai-2026/paper/6000_paper.pdf,,classification,Pelvis / Reproductive System,Image Registration; Image-Guided Interventions,Fairness / Safety / Reliability; Interpretability / Explainability,"Cho, Sue Min | Taylor, Russell H. | Unberath, Mathias","As surgery increasingly integrates advanced imaging, algorithms, and robotics to automate complex tasks, human judgment of system correctness remains a vital safeguard for patient safety. A critical example is 2D/3D registration, where even small misalignments can lead to surgical errors. Current visualization strategies alone are insufficient for reliable misalignment detection, highlighting the need for algorithmic decision-support. Using an AI framework for 2D/3D registration quality assessment, augmented with explainable AI (XAI) mechanisms to clarify model predictions, we conducted a user study (N=18) systematically comparing decision-making across three conditions: Human-only, Human+AI, and Human+XAI. We evaluated both objective performance measures (accuracy, sensitivity, precision, specificity) and subjective factors (workload, trust, understanding). Collaborative paradigms (Human+AI and Human+XAI) showed improved sensitivity, precision, and specificity compared to Human-only. Participants experienced significantly lower workload in collaborative conditions relative to the Human-only condition. Moreover, participants reported greater understanding of AI predictions in the Human+XAI condition than in Human+AI, although no significant differences were observed between the two collaborative paradigms in perceived trust or workload. Human-AI collaboration can enhance 2D/3D registration quality assurance, with explainability mechanisms improving user understanding. Future work should refine XAI designs to translate improved understanding into optimized decision-making performance.",ok,
Hybrid Transformer-Mamba for Weakly Supervised Volumetric Medical Segmentation,https://papers.miccai.org/miccai-2026/0479-Paper4858.html,https://papers.miccai.org/miccai-2026/paper/4858_paper.pdf,https://github.com/YihengLyu/TranSamba,segmentation,Abdomen; Brain; Cardiac,Image Segmentation,Semi- / Weakly- / Self-supervised Learning,"Lyu, Yiheng | Xu, Lian | Arrow, Coen | Bennamoun, Mohammed | Boussaid, Farid | Dwivedi, Girish","Weakly supervised segmentation enables model training from plane-level labels. Existing methods often rely on 2D encoders, neglecting the volumetric nature of medical data. We propose TranSamba, a hybrid Transformer-Mamba architecture designed to capture 3D context via cross-plane modeling. TranSamba augments a Vision Transformer backbone with Cross-Plane Mamba blocks, leveraging linear-time modeling for efficient information exchange across neighboring planes. This exchange improves in-plane self-attention and subsequent attention maps for object localization. TranSamba maintains linear time complexity and constant space complexity with respect to the input volume depth. Extensive experiments on three datasets covering diverse modalities and pathologies show that TranSamba achieves state-of-the-art performance, demonstrating the generalizable efficacy of cross-plane modeling. Code is available at: https://github.com/YihengLyu/TranSamba.",ok,
Hyperbolic Vision-Language Interaction for Semi-supervised Medical Image Segmentation,https://papers.miccai.org/miccai-2026/0481-Paper2184.html,https://papers.miccai.org/miccai-2026/paper/2184_paper.pdf,https://github.com/taozh2017/HyperSemi,VLM,Brain,Image Segmentation,Semi- / Weakly- / Self-supervised Learning,"He, Qiuchi | Jin, Shaocheng | Wang, Rui | Xu, Tianyang | Wu, Xiao-Jun | Zhou, Tao","Semi-supervised medical image segmentation alleviates the burden of costly expert annotation. Textual information provides complementary guidance to enhance visual feature learning under limited supervision. However, existing vision-language methods operate in Euclidean spaces, which fail to capture inherent tree-like anatomical hierarchies despite the benefits of textual knowledge, leading to geometric distortion. In this paper, we propose \textbf{HyperSemi}, a hyperbolic vision-language interaction network for semi-supervised medical image segmentation. Our framework is specifically designed to accommodate anatomical hierarchies through geometry-aware cross-modal learning. Specifically, we present a Hyperbolic Semantic Embedding (HSE) module, which projects both visual features and text embeddings into the Poincaré ball to enforce hierarchical semantic alignment, effectively mitigating geometric distortion. To enable geometry-consistent cross-modal interaction, we further propose a Geometry-aware Semantic Integration (GSI) module that leverages hyperbolic distance weighting and tangent-space aggregation to adaptively modulate encoder features. Finally, to mitigate confirmation bias introduced by pseudo-labels, we propose an Uncertainty-aware Region Mixing (URM) strategy that selectively identifies high-uncertainty regions for mixed supervision, improving model robustness. Extensive experiments on three benchmark datasets demonstrate that our model consistently outperforms state-of-the-art semi-supervised segmentation approaches.",ok,
ICH-DIANet: A Modality-Disentangled and Attention-Expert Interaction Network for Brain Injury Assessment in Intracerebral Hemorrhage,https://papers.miccai.org/miccai-2026/0486-Paper1049.html,https://papers.miccai.org/miccai-2026/paper/1049_paper.pdf,,classification,Brain,Computer-Aided Diagnosis,,"Liu, Chengqing | Xiong, Zicheng | Rao, Yuxuan | Lu, Guohui | Li, Meihua | Lee, Hoileong | Niu, Jingzhen | Chen, Shengbo | Shu, Xujun","Intracerebral hemorrhage (ICH) is a critical condition where rapid, objective brain injury assessment is vital for treatment planning and prognosis. In clinical practice, although the Glasgow Coma Scale (GCS) evaluates brain injury severity, it relies on indirect assessments by eye-opening, verbal, and motor responses, making its accuracy susceptible to the patient’s clinical status. Furthermore, this manual evaluation is hindered by significant subjectivity and limited efficiency. Consequently, automated multimodal evaluation via deep learning has become a research priority. However, existing methods struggle with feature redundancy and distributional heterogeneity across modalities, often failing to capture complex inter-patient variations via static fusion strategies. To address this problem, we propose ICH-DIANet, a novel framework integrating 3D Computerized Tomography (CT) images and clinical text for automated brain injury grading. The framework’s Modality Disentanglement Module (MDM) projects features into both a modal-consistent subspace and a modality-specific subspace via orthogonality constraints, effectively eliminating redundancy while preserving complementary information. Additionally, a proposed Attention-Based Mixture-of-Experts Module (AMoE) employs a dynamic gating mechanism to adaptively weight expert outputs based on individual patient characteristics, while integrating an attention mechanism to facilitate deep cross-modal semantic alignment. Extensive experiments on both private and public datasets demonstrate that ICH-DIANet significantly outperforms state-of-the-art methods in accuracy and robustness.",ok,
Improved Vascular Segmentation via Binary Flow Matching with Straight-Path Regularization,https://papers.miccai.org/miccai-2026/0492-Paper1869.html,https://papers.miccai.org/miccai-2026/paper/1869_paper.pdf,https://github.com/YongjunKim98/BFM,segmentation,Cardiac; Vasculature,Image Segmentation,Deep Learning,"Kim, Yongjun | Jin, Kyong Hwan | Han, Yoseob | Ryu, Kanghyun","Thin vessel segmentation is challenging, where distinguishing between background artifacts and vessel-like structures is ambiguous. Recently, diffusion models have emerged as good candidates for vessel segmentation but they suffer from tens of iterations and stochastic noisy components. To overcome this, we formulate vascular segmentation as a binary iterative flow matching method named as Binary Flow Matching (BFM). BFM models segmentation updates as deterministic velocity fields in a Bernoulli parameter space, enabling stable refinement without iterative Gaussian noise injection. Through x1-parameterization, BFM directly predicts the final clean mask at each timestep, allowing supervision with segmentation-specific losses. In addition, we adopt straight-path regularization to enforce consistent update trajectories. Across three X-ray coronary angiography datasets, BFM achieves the best or highly competitive performance compared with single-pass discriminative models and diffusion-based approaches such as BerDiff in Dice, clDice, and Betti-0 error, while requiring only 5-10 iterative steps compared to 50-step diffusion sampling. These results demonstrate that BFM offers a more efficient and topology-preserving alternative to stochastic diffusion for vascular segmentation. Source code is available at https://github.com/YongjunKim98/BFM.",ok,
Interactive MWA Planning via Probabilistic Inverse Inference,https://papers.miccai.org/miccai-2026/0502-Paper4853.html,https://papers.miccai.org/miccai-2026/paper/4853_paper.pdf,,image synthesis,Abdomen,Digital Twins / Simulation / Synthetic Data,Deep Learning,"Dettori, Francesco | Nahmed, Ilias | Duprez, Michel | Alvarez, Pablo | Cotin, Stéphane","Microwave ablation (MWA) is a well-established curative treatment for unresectable tumors. However, current clinical planning strategies rely predominantly on geometric heuristics that neglect patient-specific physiology, often resulting in incomplete tumor ablation or unintended damage to healthy tissues. While physics-based bioheat finite element simulations can model the underlying electromagnetic and thermal interactions, their computational cost renders them impractical for interactive clinical planning. We propose a novel, human-in-the-loop computational framework for interactive, patient-specific preoperative MWA planning. At its core there is a deep learning inverse model that directly infers clinically actionable ablation parameters (generator power, ablation duration, and axial depth) given a target tumor mask. The model assesses with sub-second latency the feasibility of insertion paths proposed by the clinician. When viable, it predicts optimal settings to maximize tumor coverage while minimizing collateral damage. Our framework also supports multi-antenna strategies via a sequential optimization scheme. It has been validated against in vivo porcine experiments and tested on patient data. Our solution achieved an overall Technical Success Rate of 97% across 116 clinical cases and generated viable multi-antenna treatment plans with sub-second latency (~300 ms per antenna). This interactive framework bridges the gap between high-fidelity bioheat modeling and interactive clinical decision-making, enabling safe, efficient, and personalized MWA strategies.",ok,
Interpretable Medical Image Diagnosis via VLM-based Concept Alignment and Graph Reasoning,https://papers.miccai.org/miccai-2026/0505-Paper4734.html,https://papers.miccai.org/miccai-2026/paper/4734_paper.pdf,https://github.com/MedcAILab/med-cag,VLM,Breast; Whole-body / Multi-organ / Other,Computer-Aided Diagnosis,Interpretability / Explainability,"Hu, Yilan | Xie, Haoyu | Liang, Dan | Wei, Xinhua | Zhou, Hui | Zhou, Hong | Huang, Bingsheng","Interpretable medical image diagnosis requires predictions grounded in clini-cally meaningful findings that physicians can inspect and correct. While Con-cept Bottleneck Models (CBMs) route predictions through predefined imaging signs, they treat concepts as independent scalar scores and struggle to align fi-ne-grained visual features with clinical semantics. We present ConceptAlignE-G, a framework that integrates vision-language model (VLM) based concept alignment with graph reasoning to bridge this gap. Built on BiomedCLIP, a concept-aware perception module grounds each imaging sign in a dedicated visual-semantic embedding space, enabling fine-grained alignment between sign-specific visual features and expert-defined text embeddings. The predict-ed sign probabilities are then used to construct a dynamic sign-image relation-al graph, where a GCN incorporates broader image context beyond the concept bottleneck for disease classification. On CT-based appendicitis differentiation and ultrasound-based breast cancer diagnosis, ConceptAlignE-G outperforms both black-box classifiers and existing concept-based methods in diagnostic AUC and sign recognition. Beyond accuracy, it provides per-sign prediction probabilities and interpretable decision weights, and supports clinician-driven intervention at inference time.",ok,
Intraoperative Fluoroscopy-Volume Registration Using Virtual-Supervision Skeleton Attention,https://papers.miccai.org/miccai-2026/0508-Paper1309.html,https://papers.miccai.org/miccai-2026/paper/1309_paper.pdf,,classification,Abdomen,Image Registration; Image-Guided Interventions,Deep Learning,"Zhang, Shurui | Feng, Ning | Fan, Wenkang | Fang, Hao | Luo, Xiongbiao","Endoscopic retrograde cholangiopancreatography with duodenoscopy and fluoroscopy is routinely performed to diagnose and treat biliary and pancreatic diseases. It still remains challenging to align 2D fluoroscopic images and 3D preoperative volumes for precisely navigating surgical tools and locating anatomical targets in the body. This work explores a new intraoperative fluoroscopy-volume (2D-3D) registration framework that combines virtual-supervision pose regression networks and pose optimization without manually annotating any 2D fluoroscopic images from 3D preoperative volumes. The regression networks with a dual-branch design, a skeleton-guided spatial attention mechanism, and an auxiliary bone mask decoder can successfully extract fluoroscopic image and its skeleton bone mask features to initially estimate the fluoroscope pose, while the optimization step combines bone-proportionweighted local normalized cross correlation with the dice of the bone mask to suppress non-bone interference and enforce structural consistency for iterative registration. We evaluate our methods on public data (without duodenoscope occlusion) and in-house data (with duodenoscope occlusion), with the experimental results showing that the proposed framework significantly outperforms state-of-the-art registration methods, reducing the registration error from 66.07 to 8.25 mm, as well as enhancing the registration success rate from 12.8% to 79.4%.",ok,
Intraoperative X-Ray-Guided Tumor Tracking via Dynamic 3D/2D Registration with Task-Driven 3D Gaussian Priors,https://papers.miccai.org/miccai-2026/0509-Paper5208.html,https://papers.miccai.org/miccai-2026/paper/5208_paper.pdf,,registration,Abdomen; Lung / Thoracic,Image Registration; Image-Guided Interventions,Deep Learning,"Geng, Haixiao | Fan, Jingfan | Ai, Danni | Song, Hong | Zhang, Jinying | Duan, Feng | Yang, Jian","Intraoperative tumor tracking is critical for accurate targeting and safe margin control in X-ray-guided liver interventions. However, accurate tracking is difficult because fluoroscopy often provides weak or missing tumor appearance, and single-view X-ray images are insufficient to reliably constrain dynamic 3D deformation under severe structural overlap. This motivates a two-stage dynamic 3D/2D registration framework that first constructs a static Gaussian organ-target prior from preoperative CT and then deforms it under intraoperative X-ray sequence guidance. In Stage I, we build a label-aware static 3D Gaussian model with task-driven non-uniform sampling and constrained initialization, which preserves global liver morphology while improving the stability of internal tumor representation. In Stage II, we extract explicit inter-frame 2D motion cues from X-ray images and map them to 3D Gaussian deformation using a decomposed motion formulation with rigid-like sliding and residual deformation, parameterized by a sparse 3D control-point lattice. The deformation model is trained in a closed registration loop with joint 2D and 3D supervision for accurate and stable dynamic alignment. Experiments on simulated and retrospective clinical data demonstrate state-of-the-art performance in intraoperative 3D tumor tracking and deformation estimation.",ok,
InvDetect: Unsupervised Medical Anomaly Detection in the Noise Latent Space of DDIM,https://papers.miccai.org/miccai-2026/0511-Paper0456.html,https://papers.miccai.org/miccai-2026/paper/0456_paper.pdf,https://github.com/lele0007/InvDetect,image synthesis,Brain; Eye,Anomaly / Lesion Detection,Deep Learning,"Ma, Xinyu | Ma, Jinhui | He, Shiqi | Pei, Jian | Chu, Lingyang","Anomaly detection in medical images is useful for early diagnosis and treatment planning. Unsupervised methods are attractive because they avoid manual annotations and generalize well to unseen anomalies. However, existing unsupervised methods face fundamental limitations: reconstruction-based methods often suffer from pixel-level mismatch of generated pseudo-normal images, and embedding-based methods often fail to separate normal and abnormal images sufficiently in embedding spaces. In this paper, we propose an unsupervised method named InvDetect to address both limitations. InvDetect performs anomaly detection in a noise latent space induced by Denoising Diffusion Implicit Model (DDIM) inversion, which avoids generating pseudo-normal images thus prevents pixel-level mismatch. By training DDIM exclusively on normal image patches, InvDetect constructs a structured noise latent space in which normal patches form a compact cluster and abnormal patches deviate significantly. This yields better separation between normal and abnormal patches to produce a more reliable pixel-wise anomaly map. At last, we refine the anomaly map by enforcing spatial contiguity of abnormal regions, which reduces isolated false positives and false negatives in the final detection result. Experiments on four real-world medical imaging datasets demonstrate that InvDetect consistently outperforms eighteen prior unsupervised anomaly detection methods.",ok,
I²-Med: Interpretable Medical Inference Through Visual-Guided Dynamic Logits Calibration,https://papers.miccai.org/miccai-2026/0484-Paper5659.html,https://papers.miccai.org/miccai-2026/paper/5659_paper.pdf,https://github.com/mtanveer1/l2-med,VLM,Brain,Computer-Aided Diagnosis; Multimodal Integration with Clinical / Genomic / Biomarkers,Interpretability / Explainability; Multimodal Models / LLMs / VLMs; Reinforcement Learning / Control / Decision-Making,"Sajid, Md | Maheshwari, Shreeyut | Mishra, Akshat | Mishra, Ritik | Tanveer, Mohammad","Medical vision language models have demonstrated strong potential for medical image understanding and reasoning. However, their interpretability and reliability remain limited because medical vision language tasks require precise visual grounding and clinically coherent explanations. This is particularly challenging due to complex imaging patterns and scarce expert annotations. These challenges reduce the effectiveness of conventional reasoning methods and lead to visual hallucination, defined as the generation of text that is not grounded in the given visual input, which further limits their applicability in clinical practice. To mitigate these challenges, we propose an interpretable medical inference (I$^2$-Med) framework that enhances visual faithfulness during inference without additional training to improve reasoning and explanation faithfulness in medical vision language models. During text generation, I$^2$-Med uses a visual guidance module to check whether each candidate word is supported by the medical image and consistent with the current reasoning. Based on this guidance, the model’s output scores are adjusted to favor visually grounded words, without changing the model parameters. Extensive experiments on the OmniMedVQA benchmark, covering eight medical imaging modalities and five clinical question types, demonstrate that our proposed I$^2$-Med framework generates more clinically meaningful and visually faithful reasoning chains and reduces visual hallucination under standard medical VQA evaluation metrics.",ok,
JANUS: Anatomy-Conditioned Gating for Robust CT Triage Under Distribution Shift,https://papers.miccai.org/miccai-2026/0516-Paper5443.html,https://papers.miccai.org/miccai-2026/paper/5443_paper.pdf,https://github.com/lavsendahal/janus,classification,Abdomen,Computer-Aided Diagnosis; Multimodal Integration with Clinical / Genomic / Biomarkers,Deep Learning,"Dahal, Lavsen | Bhandari, Yubraj | Rubin, Geoffrey | Lo, Joseph Y.","Automated CT triage demands models that are simultaneously accurate across diverse pathologies and reliable under institutional shift. While Vision Transformers provide strong visual representations, many clinically significant findings are defined by quantitative imaging biomarkers rather than appearance alone. We introduce JANUS, a physiology-guided dual-stream architecture that conditions visual embeddings on macro-radiomic priors via Anatomically Guided Gating. On the MERLIN test set (N =5,082), JANUS attains macro-AUROC 0.88 and AUPRC 0.74, the best performance among reproduced baselines under our protocol. It generalizes to an external cohort (N =2,000; AUROC 0.87), with the largest gains on size and attenuation-defined findings and improved calibration on both cohorts. We further quantify prediction suppression using the Physiological Veto Rate (PVR), showing that under domain shift JANUS reduces high-confidence false positives substantially more often than true positives. Together, these results are consistent with physically grounded conditioning improving both discrimination and reliability in CT triage. Code is made publicly available at github repository https://github.com/lavsendahal/janus and model weights are at https://huggingface.co/lavsendahal/janus.",ok,
Just 32 Tokens: Medical Referring Image Segmentation via Next-Token Mask Prediction,https://papers.miccai.org/miccai-2026/0523-Paper1432.html,https://papers.miccai.org/miccai-2026/paper/1432_paper.pdf,,VLM,Lung / Thoracic,Image Segmentation,Multimodal Models / LLMs / VLMs,"Chen, Xinyu | Pang, Gaoyang | Xu, Zixuan | Wang, Geng | Yu, Haiyao | Zhou, Luping | Li, Yonghui","Medical Referring Image Segmentation (MRIS) aims to segment target regions in medical images based on natural language descriptions. While multimodal large language models (MLLMs) with next-token prediction offer strong cross-modal understanding, adapting them to MRIS remains challenging: fine-grained boundaries are difficult to preserve under compact representations, diverse clinical descriptions require robust linguistic reasoning, and token-based mask generation lacks inherent spatial coherence. We propose 32TokenMRISeg, an autoregressive (AR) framework that reformulates MRIS as next-token prediction and enables a multimodal LLM to generate segmentation masks directly using a highly compact representation—just 32 discrete tokens from a 1024-entry codebook. To maintain segmentation fidelity under this strict token budget, the framework integrates mask-level supervision to refine boundary details, chain-of-thought prompting to better align clinical descriptions with anatomical cues, and a token-order prediction signal to stabilize autoregressive decoding. Together, these lightweight mechanisms allow 32TokenMRISeg to produce accurate and spatially coherent masks with practical inference efficiency. Experiments on QaTa-COV19 and MosMedData+ demonstrate that our method achieves state-of-the-art performance despite its compact 32-token mask representation.",ok,
K-MaT: Knowledge-Anchored Manifold Transport for Cross-Modal Prompt Learning in Medical Imaging,https://papers.miccai.org/miccai-2026/0535-Paper5065.html,https://papers.miccai.org/miccai-2026/paper/5065_paper.pdf,,VLM,Breast; Eye; Lung / Thoracic; Skin,Computer-Aided Diagnosis,Foundation Models,"Zeng, Jiajun | Albarqouni, Shadi","Large-scale biomedical vision-language models (VLMs) adapted on high-end imaging (e.g., CT) often fail to transfer to frontline low-end modalities (e.g., radiography), collapsing into modality-specific shortcuts. We propose K-MaT (Knowledge-Anchored Manifold Transport), a prompt-learning framework that transfers decision structures to low-end modalities without requiring low-end training images. K-MaT factorizes prompts, anchors them to clinical text descriptions, and aligns the low-end prompt manifold to the visually-grounded high-end space using Fused Gromov-Wasserstein optimal transport. We evaluate K-MaT on four cross-modal benchmarks, including dermoscopy, mammography to ultrasound, and CT to chest X-ray. K-MaT achieves state-of-the-art results, improving the average harmonic mean of accuracy to 44.1% (from BiomedCoOp’s 42.0%) and macro-F1 to 36.2%. Notably, on the challenging breast imaging task, it mitigates the catastrophic forgetting seen in standard methods like CoOp (which drops to 27.0% accuracy on the low-end), preserving robust performance across modalities. Aligning prompt manifolds via optimal transport provides a highly effective route for the zero-shot cross-modal deployment of medical VLMs.",ok,
KANEx: Translating Kolmogorov-Arnold Networks’ Interpretability to Medical Explainability,https://papers.miccai.org/miccai-2026/0525-Paper4330.html,https://papers.miccai.org/miccai-2026/paper/4330_paper.pdf,https://github.com/cerai-iitm/KANEx,VLM,Lung / Thoracic,Computer-Aided Diagnosis,Deep Learning; Evaluation / Benchmarking / Reproducibility; Interpretability / Explainability; Multimodal Models / LLMs / VLMs,"Shailya, Krithi | Ravi, Ananya Lakshmi | K. V., Venkatanathan | S. Sundaram, Sowmya | S. Krishnan, Gokul | Anand, Aditi | Ravindran, Balaraman","Deep learning models in clinical workflows increasingly pair chest X-ray classifiers with Vision-Language Models (VLMs) to generate natural-language justifications, but no prior work explores whether Kolmogorov-Arnold Networks (KANs), whose spline functions yield interpretable units, translate architectural interpretability to trustworthy text explainability. We introduce KANEx, a framework that leverages the symbolic transparency of Kolmogorov-Arnold Networks (KANs) to ground VLM reasoning. Unlike traditional post-hoc explanations (e.g., Grad-CAM) which often approximate model behavior, our approach derives Interpretability-Grounded Heatmaps and Context Aided Explanations bridging the gap between the mathematical interpretability and medical explainability. Benchmarked on the MIMIC-CXR dataset, we demonstrate that KAN-based architectures achieve AUC parity with SOTA ResNet/ViT baselines while providing significantly more faithful saliency maps. By feeding these grounded contexts into downstream VLMs, we show a measurable boost in semantic alignment and clinical reasoning accuracy compared to baselines. Our results suggest that grounding linguistic explanations in mathematically interpretable units is a necessary step toward verifiable and trustworthy medical AI.",ok,
KANResDiff: Learning Local Residual Diffusion via Kolmogorov-Arnold Network for Ambiguous Medical Image Segmentation,https://papers.miccai.org/miccai-2026/0526-Paper0621.html,https://papers.miccai.org/miccai-2026/paper/0621_paper.pdf,https://github.com/PerceptionComputingLab/KANResDiff,segmentation,Lung / Thoracic; Skin,Image Segmentation,Other,"Li, Fanding | Wang, Chenglin | Li, Xiangyu | Qiu, Xingyu | Ma, Xinghua | Yin, Xiangming | Li, Haiyang | Dong, Suyu | Wang, Wei | Wang, Kuanquan | Luo, Gongning | Li, Shuo","Ambiguous medical image segmentation aims to provide a series of diverse but plausible segmentation hypotheses. However, existing methods introduce stochasticity in a fixed and pre-defined manner, failing to form a progressive semantic modeling process. To address these challenges, we propose KANResDiff to learn local residual diffusion with Kolmogorov-Arnold Network, thereby assigning distinct roles across stages for ambiguity modeling. Specifically, we propose Independent Time Encoding that offers spline-based time embeddings instead of linear ones from MLPs, which enhances the independence across inference stages and assigns progressive semantic roles to different stages. We propose Residual Schr""odinger Bridge that injects deterministic residual prior with learnable weights by constructing local Schr""odinger Bridge instead of following manually settings, achieving a flexible deterministic–stochastic interaction and stage-aware ambiguity modeling thanks to local optimal diffusion path. Extensive experimental results on two public datasets demonstrate that KANResDiff achieves SOTA performance on GED and HM-IoU, with maximum improvements of $16.8\%$ and $7.7\%$, respectively, while maintaining competitive performance on the MDM metric. Source code is available at \url{https://github.com/PerceptionComputingLab/KANResDiff}.",ok,
KEPIL: Knowledge-Enhanced Prompt-Image Learning for Prompt-Robust Disease Detection,https://papers.miccai.org/miccai-2026/0527-Paper1810.html,https://papers.miccai.org/miccai-2026/paper/1810_paper.pdf,https://github.com/Roypic/KEPIL,VLM,Lung / Thoracic,Computer-Aided Diagnosis,Fairness / Safety / Reliability; Multimodal Models / LLMs / VLMs,"Luo, Haozhe | Shu, Shelley Zixin | Zhou, Ziyu | Berke, Robert | Reyes, Mauricio","Vision–language models (VLMs) show promise for clinical decision support in radiology because they enable joint reasoning over radiological images and clinical text, thereby leveraging complementary clinical information. However, radiological findings are long-tailed in practice, leaving some conditions underrepresented and making zero-shot inference essential. Yet current CLIP-style medical VLMs are sensitive to prompt variations and often lack trustworthy external knowledge at inference time, which hinders reliable clinical deployment. We present \textit{KEPIL}, a prompt-robust framework that integrates curated medical knowledge to stabilize zero-shot generalization. KEPIL comprises: (i) \emph{dynamic prompt enrichment} using ontologies with LLM assistance, (ii) a \emph{semantic-aware contrastive loss} aligning embeddings of equivalent prompt variants via a dual-embedding objective, and (iii) \emph{entity-centric report standardization} to yield ontology-aligned representations. Across seven benchmarks, KEPIL achieves state-of-the-art zero-shot/finetuning performance in classification and segmentation; under prompt-variation tests, it improves AUC by (6.37\%) on \textit{CheXpert} and by (4.11\%) on average. Ablations and qualitative analyses validate the contributions of enriched prompts and semantic alignment, while attention maps highlight clinically relevant regions. These results suggest that structured knowledge and robust prompt design are key to clinically reliable radiology-facing VLMs. Code will be released at \texttt{***}",ok,
Keypoint Correspondence Learning for CBCT–IOS Registration,https://papers.miccai.org/miccai-2026/0528-Paper5399.html,https://papers.miccai.org/miccai-2026/paper/5399_paper.pdf,,classification&segmentation,Head & Neck,Image Registration,Deep Learning,"Park, Jeonglok | Jo, SeungKwan | An, Jonghoon | Chung, Minyoung","Accurate CBCT–IOS registration is essential for dental diagnosis and implant planning, yet the modality gap between CBCT volumetric intensity and IOS surface geometry substantially increases correspondence uncertainty. Conventional segmentation-based pipelines reduce the modality gap by converting CBCT into a surface-like representation, but their accuracy is highly sensitive to unstable segmentation and does not explicitly enforce reliable correspondences. We reformulate CBCT-IOS registration as direct keypoint correspondence estimation in feature space, and propose a correspondence-centric end-to-end framework. Our method learns modality-aligned embeddings, selects registration-relevant keypoints by favoring points with peaked cross-modal matching distributions (i.e., unambiguous matches) while regularizing intra-modality distinctiveness, and predicts correspondences jointly with their validity. To further suppress residual near-tie mismatches in repetitive dental geometry, we refine the rigid transform by iterative SVD while annealing the matching criterion from feature similarity to geometric consistency. Experiments on a clinical CBCT–IOS dataset demonstrate that our approach consistently outperforms previous segmentation-based approaches.",ok,
KS-SAM: Kolmogorov-Arnold-driven Shape Alignment for Single-Domain Generalization in 3D Medical Image Segmentation,https://papers.miccai.org/miccai-2026/0540-Paper1258.html,https://papers.miccai.org/miccai-2026/paper/1258_paper.pdf,,segmentation,Abdomen,Computer-Aided Diagnosis; Image Segmentation,Deep Learning; Foundation Models,"Wu, Rengmin | Li, Jiaqiang | Luo, Junqin | Wei, Yuxing | Liang, Dan | Zhou, Hui | Li, Guangming | Wei, Xinhua | Wang, Tianfu | Lei, Baiying","Single-Domain Generalization (SDG) in 3D medical image segmentation is inherently unstable: naive fine-tuning entangles domain-specific textures with anatomical semantics, leading to overfitting and catastrophic forgetting. The domain shifts caused by variations in imaging modalities and protocols make robust adaptation even more challenging. We argue that effective cross-domain adaptation requires constraining the model to rely on domain-invariant 3D geometry, rather than domain-specific textures.To address these challenges, we present Kolmogorov-Arnold Shape-aware Segment Anything Model (KS-SAM), a dual-engine framework that enforces geometry-driven adaptation for the Segment Anything Model (SAM). A domain-expert 3D network performs Uncertainty-Aware Feature Fusion (UAFF), adding noise to the input CT image and performing K forward passes to refine the SDF priors. These geometry-aware priors are injected into SAM via the Kolmogorov-Arnold-driven Prior-Semantic Synergistic Distillation (KPSSD) module, enabling bidirectional geometric-semantic anchoring without leaking appearance statistics. In parallel,Kolmogorov-Arnold-driven Low-Rank Adaptation ( KAN-LoRA ) introduces spline-based localized activations to model nonlinear modality shifts while mitigating catastrophic forgetting. Across multi-center and public benchmarks, KS-SAM significantly outperforms state-of-the-art methods on unseen domains, demonstrating that geometry-anchored adaptation is critical for reliable 3D medical SDG.",ok,
LAD: Learnable Anisotropic Deformation for 3D Medical Image Analysis,https://papers.miccai.org/miccai-2026/0541-Paper0291.html,https://papers.miccai.org/miccai-2026/paper/0291_paper.pdf,https://github.com/chengcailiu/LAD,classification&segmentation,Lung / Thoracic; Whole-body / Multi-organ / Other,Computer-Aided Diagnosis; Image Segmentation,Deep Learning; Domain Adaptation / Harmonization; Foundation Models,"Liu, Chengcai | Sang, Haolin | Huang, Xingyu | Wu, Yi | Wang, Chenghao | Wu, Weiqiang | Zeng, Guangjian | Tian, Jie | Wang, Shuo","Three-dimensional medical images inherently exhibit spatial anisotropy due to non-uniform slice spacing and heterogeneous acquisition protocols. However, most 3D Transformer architectures assume isotropic voxel grids and rely on fixed resampling to standardize inputs. This mismatch introduces two key limitations: (1) forced resampling distorts native anatomical geometry and may degrade fine structural details; (2) isotropic positional encoding may overlook instance-specific spacing, limiting spatial precision. While recent anisotropy-aware designs introduce direction-specific priors, they typically depend on static, dataset-level scaling factors that require manual hyperparameter tuning and lack instance-specific adaptivity. To address these limitations, we propose Learnable Anisotropic Deformation (LAD), a geometry-aware adaptation framework for 3D Transformers. LAD learns instance-specific spatial scaling factors directly from image features and incorporates them into both positional encoding and feature modulation. We design a frequency-modulated anisotropic Rotary Positional Embedding (RoPE) to adjust spatial phase and an adaptive anisotropic feature modulation module to recalibrate semantic responses along biased axes. This design enables Transformers to respect native volumetric structure without requiring explicit spacing metadata. We integrate LAD into three representative 3D backbones and evaluate it on volumetric segmentation and multi-disease classification benchmarks. Across four datasets (17,359 3D volumes) and six tasks spanning CT and MRI, LAD consistently improves performance across backbones. Further analysis shows that the learned scales correlate with physical spacing in segmentation and adapt across classification tasks, supporting both geometric consistency and task adaptivity. The code is available at https://github.com/chengcailiu/LAD.",ok,
Landmark-Free Assessment of Lower-Limb Alignment with Implicit Neural Shape Functions from Knee Radiographs,https://papers.miccai.org/miccai-2026/0543-Paper5630.html,https://papers.miccai.org/miccai-2026/paper/5630_paper.pdf,,detection/localization,Musculoskeletal / Orthopedic,Computer-Aided Diagnosis,Deep Learning,"Hu, Zhisen | Kemppainen, Antti | Johnson, David | Panfilov, Egor | Nguyen, Huy Hoang | Cootes, Timothy | Lindner, Claudia | Tiulpin, Aleksei","Radiographic assessment of lower-limb alignment (LLA) is important for predicting joint health and surgical outcomes in total knee arthroplasty. Traditional measurement methods are manual and time-consuming, while recent machine learning approaches typically rely on locating a fixed set of anatomical landmarks. This dependence limits flexibility and may require re-annotation when clinical definitions change. To address this, we propose an automated workflow using Implicit Neural Shape Functions (INSF). Rather than relying on explicit landmark coordinates, we encode the anatomy into a compact latent space and regress clinical alignment measurements directly from these latent codes. This architecture allows for rapid extendability to new tasks without altering the backbone representation. We trained our method on an internal dataset of 566 knee radiographs, each annotated with the outline of the femur and tibia. We evaluated it on both an internal test dataset of 50 patients and a separate external set of 402 preoperative cases from the MRKR dataset. Performance was comparable to state-of-the-art landmark-based methods and manual agreement, while offering a flexible shape representation that can be extended to additional measurement tasks. The MRKR measurement data is available at https://huggingface.co/datasets/imedslab/mrkr-knee-alignment.",ok,
Latent-to-Latent Flow for Volumetric Stochastic Segmentation,https://papers.miccai.org/miccai-2026/0551-Paper3260.html,https://papers.miccai.org/miccai-2026/paper/3260_paper.pdf,https://github.com/biomedia-mira/L2L-Flow,segmentation,Pelvis / Reproductive System; Whole-body / Multi-organ / Other,Image Segmentation,Deep Learning; Uncertainty Quantification,"Todd, Omar | Kim, Sooha | Mehta, Raghav | Mackay, Katherine | Bernstein, David | Taylor, Alexandra | De Sousa Ribeiro, Fabio | Glocker, Ben","Uncertainty arising from inter-observer variability in medical image segmentation plays an important role in developing treatment plans. Research in this area is inhibited by the lack of multiple annotations for large-scale medical datasets, especially for volumetric data, which suffers from additional scaling and computational complexity challenges. Flow matching has emerged as a powerful framework for generative modelling and has also been demonstrated to maintain strong performance when working with latent representations of images. In this work, we introduce a latent-to-latent flow technique for stochastic segmentation of medical volumes via encoded representations of both the image and label space. We evaluate our method on two challenging applications covering delineation uncertainty for radiotherapy planning and multiple organ structure segmentation, improving efficiency up to 14x compared with full resolution models while maintaining clinically relevant performance. Code available at: https://github.com/biomedia-mira/L2L-Flow.",ok,
Learning Directional Semantic Transitions for Longitudinal Chest X-Ray Analysis,https://papers.miccai.org/miccai-2026/0556-Paper3762.html,https://papers.miccai.org/miccai-2026/paper/3762_paper.pdf,https://github.com/RPIDIAL/ProTrans,VLM,Lung / Thoracic,Computer-Aided Diagnosis,Deep Learning; Multimodal Models / LLMs / VLMs,"Hu, Zhangfeng | Yang, Zefan | Wang, Ge | Syeda-Mahmood, Tanveer | Burade, Anushree | Kalra, Mannudeep K. | Yan, Pingkun","Chest X-ray (CXR) interpretation often requires longitudinal comparison to assess disease progression. Existing approaches typically rely on temporal feature fusion or inter-study discrepancy modeling, yet remain limited in capturing subtle progression semantics and overlook the inherently directional nature of disease trajectories. In this paper, we propose ProTrans, a novel vision-language pretraining framework that formulates disease progression as a directional semantic transition between paired CXR studies. ProTrans leverages radiology reports to anchor individual CXR representations within interpretable disease states, and introduces a learnable progression feature map to explicitly encode semantic shifts between states, aligned with report-derived progression descriptions. To enforce direction-aware perception, ProTrans incorporates a reversed temporal modeling process and imposes bidirectional reconstruction consistency across states and transitions, thereby disentangling directional semantics and promoting coherent trajectory modeling. Extensive experiments on longitudinal downstream tasks, including disease progression classification and progression captioning, demonstrate that ProTrans consistently outperforms existing methods, establishing a unified pretraining framework for longitudinal CXR understanding.",ok,
Learning Dual Prior Presentation for Opportunistic Screening of Visceral Artery Aneurysms on Non-Contrast CT,https://papers.miccai.org/miccai-2026/0558-Paper2314.html,https://papers.miccai.org/miccai-2026/paper/2314_paper.pdf,,segmentation,Abdomen,Anomaly / Lesion Detection; Computer-Aided Diagnosis; Image Segmentation,,"Zhang, Jianfeng | Liu, Tianyi | Bai, Long | Xu, Zhuowei | Hu, Yujian | Zhou, Yide | He, Yangyan | Wang, Zirui | Zhou, Min | Zhang, Hongkun | Xu, Minfeng","Visceral artery aneurysms (VAAs) are relatively rare but potentially life-threatening vascular dilatations that are frequently detected incidentally on abdominal CT, making opportunistic screening on non-contrast CT (NCT) clinically important. However, automated VAA detection on NCT is fundamentally challenging due to weak vessel–tissue contrast, complex vascular branching, and the continuous transition between normal vessel wall and aneurysmal dilation. We reformulate VAA screening as a dual-prior representation learning problem rather than a pure segmentation task. Built upon a multi-label vascular segmentation backbone, the proposed DeepVAA jointly learns two complementary priors defined in continuous target spaces: a geometric confidence prior that models aneurysmal dilation as a smooth structural response along the vessel wall, and an anatomical reliability prior that encodes geometry-induced ambiguity, such as bifurcations and high-curvature segments, as a continuous penalty field. During inference, the learned reliability prior explicitly calibrates the confidence map through structured prior projection and multiplicative suppression, yielding a prior-calibrated lesion probability. Extensive experiments on multi-center cohorts demonstrate consistent performance improvements and strong cross-site generalization, highlighting the robustness and effectiveness of the proposed dual-prior framework for opportunistic VAA screening on NCT.",ok,
Learning from Good Neighbors: Slice-wise Quality-aware CT-to-Diffusion MRI Synthesis,https://papers.miccai.org/miccai-2026/0559-Paper0206.html,https://papers.miccai.org/miccai-2026/paper/0206_paper.pdf,https://github.com/YouKyoung-Na/LGN,image synthesis,Brain,Image Reconstruction; Image Synthesis / Augmentation / Super-Resolution,Deep Learning,"Na, You-Kyoung | Choi, Kang-Ho | Yang, Hyung-Jeong | Kim, Jahae | Cho, Yeong-Jun","Cross-modality synthesis from CT to MRI provides MRI-level soft-tissue detail without additional scans, yet existing approaches face three major limitations: the substantial modality gap between CT and MRI, slice-level quality variation without explicit estimation, and underutilization of 3D anatomical continuity. While prior work has primarily focused on MRI-to-CT synthesis, CT-to-MRI generation remains challenging. We propose LGN (Learning from Good Neighbors), a framework for synthesizing MRI from CT, consisting of three components: (1) a Latent Diffusion Model (LDM) for draft MRI generation, (2) a slice-level Quality Predictor trained via LPIPS-based teacher–student learning, and (3) a 3D context-aware Cross-Attention Refiner that selectively improves suboptimal slices using high-quality neighboring slices. Experiments on 398 patients demonstrate consistent improvements in LPIPS, PSNR, and MAE with reduced artifacts and enhanced anatomical consistency, highlighting the effectiveness of quality-guided cross-slice refinement for CT-to-MRI synthesis. The source code is available at https://github.com/YouKyoung-Na/LGN.",ok,
Learning Hierarchical Anatomy-Grounded Representation for Cross-Modal Registration,https://papers.miccai.org/miccai-2026/0561-Paper0927.html,https://papers.miccai.org/miccai-2026/paper/0927_paper.pdf,https://github.com/jiaem1/HAGR,reconstruction,Abdomen; Whole-body / Multi-organ / Other,Image Registration,Deep Learning,"Mi, Jia | Jiang, Caiwen | Yuan, Haoyue | Li, Fan | Li, Xiaoye | Sun, Kaicong | Shen, Dinggang","Accurate cross-modal deformable medical image registration is essential for integrating complementary clinical information across modalities such as MRI and CT. However, the significant modality gap makes it difficult to establish reliable correspondences from raw image appearances. Contrastive learning has emerged as a promising approach for extracting modality-agnostic features for correspondence estimation. However, existing methods typically treat voxels as independent instances in contrastive learning, without explicitly modeling hierarchical anatomical context and topology, which are critical for disambiguating correspondences and preserving deformation plausibility. To address this limitation, we propose the Hierarchical Anatomy-Grounded Representation (HAGR) framework. HAGR augments contrastive learning with cross-view feature reconstruction to encourage structurally consistent, anatomy-aware representations beyond isolated local features. It further learns a hierarchical feature space in a coarse-to-fine manner, where a matchability-aware coarse stage provides global anatomical context priors and a coarse-guided fine stage improves local discriminability through implicit hard-sample mining. Extensive experiments on cross-modal registration benchmarks demonstrate that HAGR achieves accurate and robust registration compared with existing registration methods, providing a generalizable and reusable foundation for reliable cross-modal information fusion. (https://github.com/jiaem1/HAGR)",ok,
Learning Modality-Invariant Structure and Distribution Alignment for Multimodal Medical Image Registration,https://papers.miccai.org/miccai-2026/0563-Paper2472.html,https://papers.miccai.org/miccai-2026/paper/2472_paper.pdf,https://github.com/47-XIAO/MMreg,registration,Abdomen; Brain,Image Registration,,"Xiao, Siqi | Feng, Zetian | Zou, Quanling | Wang, Yi","Multimodal medical image registration remains challenging due to substantial cross-modal intensity discrepancies. While recent deep learning methods attempt to reduce modality gaps, they often underexploit modality-invariant anatomical structures or decouple representation alignment from deformation estimation. In this work, we propose a multimodal registration framework that jointly enhances shared anatomical representations and mitigates cross-modal discrepancies. Specifically, we introduce a Structure-Aware Frequency Enhancement (SAFE) module to decompose features into frequency components and selectively reinforce structure-sensitive high-frequency responses, promoting modality-invariant anatomical encoding. In addition, we develop a Registration-guided Multimodal Contrastive Alignment (RMCA) strategy that embeds contrastive learning into the registration process, enabling joint optimization of feature alignment and deformation estimation without requiring pre-aligned supervision. Extensive comparative and ablation experiments on three public datasets demonstrate that our method consistently outperforms state-of-the-art approaches, confirming its efficacy for multimodal medical image registration. The code is available at https://github.com/47-XIAO/MMreg.",ok,
Learning Quantitative Calibration of Computed Tomography for Bone Mineral Density Estimation Using Multi-Center Data,https://papers.miccai.org/miccai-2026/0565-Paper5051.html,https://papers.miccai.org/miccai-2026/paper/5051_paper.pdf,https://github.com/Jobs27/QCT-translation,image synthesis,Musculoskeletal / Orthopedic,Computer-Aided Diagnosis,Deep Learning,"Schöller, Job H. J. | Gu, Yi | Uemura, Keisuke | Takao, Masaki | Okada, Seiji | Sugano, Nobuhiko | Sato, Yoshinobu | Otake, Yoshito","Opportunistic osteoporosis screening using routine CT scans enables bone mineral density (BMD) assessment without additional imaging modalities. However, conversion from Hounsfield Units (HU) to physical density requires calibration, and scanner-dependent variations limit generalizability across clinical centers. We propose a supervised 3D image to-image translation framework that learns to synthesize voxel-wise Quantitative Computed Tomography (QCT) density maps of the proximal femur directly from routine CT. For clinical evaluation, volumetric BMD (vBMD) is computed as the mean calibrated density within the proximal femur mask. Agreement is assessed between predicted vBMD and phantom-calibrated reference vBMD using mean absolute error (MAE), Pearson correlation coefficient (PCC), and intra-class correlation coefficient (ICC). We evaluate the method on a large multi-center dataset of 2157 patients from 9 centers, using leave-one-center-out cross-validation. Centers with a similar calibration factors distribution are considered in distribution (ID), while centers with distinct calibration factors are considered out-of-distribution (OOD), representing a more challenging scenario for model generalization. Performance is compared against conventional calibration baselines. Simply applying the mean calibration factors of the training dataset achieve high agreement on ID data (ICC = 0.981, MAE = 10.0 ± 8.6), but their reliability deteriorates on OOD data (ICC =0.620, MAE=40.8±7.4). In contrast, our image-to-image translation model maintains robust agreement on OOD data (ICC = 0.877, MAE=19.1 ± 10.5), demonstrating resilience to center-specific calibration shifts and improved generalizability across clinical settings.",ok,
Learning Role-Conditioned Alignment for Medical Image Referring Segmentation,https://papers.miccai.org/miccai-2026/0567-Paper2035.html,https://papers.miccai.org/miccai-2026/paper/2035_paper.pdf,https://github.com/lik1996/RCA,classification&segmentation,Lung / Thoracic,Image Segmentation,Multimodal Models / LLMs / VLMs,"Li, Kun | Wang, Fu | Zhou, Feixiang | Zhao, He | Xu, Xiaowei | Meng, Yanda | Zhao, Yitian | Zheng, Yalin","Accurate segmentation of infected regions in radiological imagery is fundamental for the diagnosis and treatment of pulmonary infectious diseases. While recent advancements in multi-modal learning have introduced clinical reports as textual guidance for medical image segmentation, existing early- and late-fusion frameworks predominantly treat textual input as a monolithic global feature. Such approaches neglect the distinctive semantic roles of individual text tokens–specifically infection type, quantity, and location–resulting in diffuse, non-specific guidance. This lack of granularity leads to feature redundancy and suboptimal performance in complex clinical scenarios where diverse lesion morphologies require precise grounding. To address these limitations, we propose a novel Role-Conditioned Alignmnet model (RCA) for medical image referring segmentation. RCA effectively integrates text-guided cues into visual features by explicitly exploiting the unique functional characteristics of different text tokens to enhance cross-modal feature alignment. Furthermore, we introduce a Boundary Refinement Module (BRM) that leverages edge-aware information to precisely delineate fuzzy boundaries where lesions overlap with healthy tissue. Extensive experiments conducted on the QaTa-COV19 and MosMedData+ benchmarks demonstrate the effectiveness of our proposed method, which achieves state-of-the-art results and significantly outperforms current unimodal and multimodal approaches. The code is publicly available at https://github.com/lik1996/RCA.",ok,
Learning to Optimize Radiotherapy Plans via Fluence Maps Diffusion Model Generation and LSTM-Based Optimization,https://papers.miccai.org/miccai-2026/0571-Paper3613.html,https://papers.miccai.org/miccai-2026/paper/3613_paper.pdf,,image synthesis,Pelvis / Reproductive System,Image-Guided Interventions,Deep Learning,"Poles, Isabella | Arberet, Simon | Gao, Riqiang | Kraus, Martin | Santambrogio, Marco D. | Ghesu, Florin C. | Kamen, Ali | Comaniciu, Dorin","Volumetric Modulated Arc Therapy (VMAT) is a cornerstone of modern radiation therapy, enabling highly conformal tumor irradiation and healthy-tissue sparing. Yet, its planning solves inverse and nested optimization for multi-leaf collimators, monitor units and dose parameters, while enforcing their consistency to ensure mechanical deliverability. Nevertheless, this process often requires repeated re-optimization when treatment configurations change, resulting in substantial planning time per patient. To address these problems, we present a diffusion-driven Learning-to-Optimize (L2O) method for end-to-end VMAT planning. A distribution-matching distilled diffusion model learns a clinically feasible manifold of fluence maps, enabling their one-shot generation. On top of this, an LSTM-based L2O module learns gradient update dynamics to swiftly refine fluence maps toward prescribed dose objectives during inference. Experimental results on clinical and public prostate cancer cohorts demonstrate improved planning efficiency, flexibility, and machine deliverability over currently available end-to-end VMAT planners.",ok,
Learning to Read Where to Look: Disease-Aware Vision–Language Pretraining for 3D CT,https://papers.miccai.org/miccai-2026/0572-Paper3986.html,https://papers.miccai.org/miccai-2026/paper/3986_paper.pdf,https://github.com/lmb-freiburg/radfinder,VLM,Abdomen; Breast; Lung / Thoracic,Computer-Aided Diagnosis,Deep Learning; Foundation Models; Multimodal Models / LLMs / VLMs; Semi- / Weakly- / Self-supervised Learning,"Ging, Simon | Arnold, Philipp | Walter, Sebastian | Alnahas, Hani | Bast, Hannah | Kotter, Elmar | Yang, Jiancheng | Bozorgtabar, Behzad | Brox, Thomas","Recent 3D CT vision–language models align volumes with reports via contrastive pretraining, but typically rely on limited public data and provide only coarse global supervision. We train a 3D CT vision–language model on 98k report–volume pairs (50k patients) collected at a single hospital, combined with public datasets, using SigLIP-style contrastive pretraining together with prompt-based disease supervision in the shared vision–text embedding space. On CT-RATE, our model achieves state-of-the-art text-to-image retrieval (R@10 31.5 vs. 22.2) and competitive disease classification (AUC 83.8 vs. 83.8), with consistent results on Rad-ChestCT (AUC 77.0 vs. 77.3). We further observe that radiologists routinely reference specific images within their reports (e.g., “series X, image Y”), linking textual descriptions to precise axial locations. We automatically mine 262k such snippet–slice pairs and introduce the task of intra-scan snippet localization—predicting the axial depth referred to by a text snippet—reducing mean absolute error to 36.3 mm at 12 mm feature resolution, compared with 67.0 mm for the best baseline. Adding this localization objective leaves retrieval and classification broadly unchanged within confidence bounds, yielding a single unified model for retrieval, classification, and intra-scan grounding.",ok,
Learning to Trim: End-to-End Causal Graph Pruning with Dynamic Anatomical Feature Banks for Medical VQA,https://papers.miccai.org/miccai-2026/0574-Paper0307.html,https://papers.miccai.org/miccai-2026/paper/0307_paper.pdf,,VLM,Lung / Thoracic; Whole-body / Multi-organ / Other,Computer-Aided Diagnosis,Causal Inference / Counterfactual Reasoning; Deep Learning; Interpretability / Explainability,"Xu, Zibo | Li, Qiang | Nie, Weizhi | Su, Yuting","Medical Visual Question Answering (MedVQA) models often exhibit limited generalization due to reliance on dataset-specific correlations, such as recurring anatomical patterns or question-type regularities, rather than genuine diagnostic evidence. Existing causal approaches are typically implemented as static adjustments or post-hoc corrections and do not explicitly refine representations during training. To address this issue, we propose a Learnable Causal Trimming (LCT) framework that integrates causal pruning into end-to-end optimization. We introduce a Dynamic Anatomical Feature Bank (DAFB), updated via a momentum mechanism, to capture global prototypes of frequent anatomical and linguistic patterns, serving as an approximation of dataset-level regularities. We further design a differentiable trimming module that estimates the dependency between instance-level representations and the global feature bank. Features highly correlated with global prototypes are softly suppressed, while instance-specific evidence is emphasized. This learnable mechanism encourages the model to prioritize causal signals over spurious correlations adaptively. Experiments on VQA-RAD, SLAKE, SLAKE-CP and PathVQA demonstrate that LCT consistently improves robustness and generalization over existing debiasing strategies.",ok,
Learning What Can Move: Patient-Specific Motion Subspaces from a Single Scan,https://papers.miccai.org/miccai-2026/0576-Paper1989.html,https://papers.miccai.org/miccai-2026/paper/1989_paper.pdf,,reconstruction,Abdomen; Lung / Thoracic,Connectivity & Network Analysis; Image Reconstruction; Image Registration; Image-Guided Interventions; Other,Deep Learning; Interpretability / Explainability,"Zhu, Yinheng | Chen, Mingli | Wang, Qingying | Gu, Xuejun | Lu, Weiguo","Learning-based registration treats motion as the first citizen, yet motion is inherently \emph{relational}, requiring two time points to define, and entangles learned parameters with both the fixed and moving domains. Any change in modality, dimensionality, or acquisition protocol therefore demands specialized adaptations. We approach this differently: rather than learning motion itself, we learn the \emph{motion subspace}. Unlike motion, the subspace of plausible deformations is an \emph{intrinsic} property of anatomy, potentially inferable from a single scan. This reframing leads to an asymmetric architecture in which only the fixed image couples the network, predicting patient-specific scalar \emph{motion modes} that span the subspace, instantiating motion then reduces to estimating a small set of coefficients from various observations via a closed-form solver. A mode normalization layer resolves the signed-scale ambiguity inherent in mode–coefficient decomposition, making network integration feasible. On 4D-lung CT dataset, the learned modes approach iterative pTVReg in accuracy while the coefficient solver runs in 7.5\,ms. Without retraining, the same modes unify four observation modalities (3D image, 2D image, 2D mask, surface points), all achieving Dice above 0.9, demonstrating that patient-specific motion subspaces can be inferred from static anatomy and serve as unified modes for multi-modality motion reconstruction.",ok,
LeGend: Lesion-Guided Longitudinal CXR Generation via Gaussian-Biased Causal Attention,https://papers.miccai.org/miccai-2026/0580-Paper3214.html,https://papers.miccai.org/miccai-2026/paper/3214_paper.pdf,,VLM,Lung / Thoracic,Image Synthesis / Augmentation / Super-Resolution; Outcome Prediction / Prognosis / Longitudinal Modeling,Deep Learning; Multimodal Models / LLMs / VLMs,"Wang, Yiran | Yue, Xiaoyu | Zhao, Haimei | Chen, Xinyu | Zhou, Luping","Generating follow-up chest X-rays (CXRs) conditioned on a reference study and progression description can support controllable longitudinal visualization and data completion, and recent autoregressive (AR) models have shown promising fidelity for this task. However, they often display limited lesion-centric spatial awareness, leading to disease-inconsistent follow-up synthesis. In this work, we identify and quantify a previously unrecognized corner/edge attention bias in AR generation, where follow-up queries disproportionately attend to peripheral, non-lesional reference regions. We further introduce LeGend, a lesion-guided framework for longitudinal CXR generation built on Gaussian-Biased Causal Attention (GBCA), a lightweight, causally aligned, plug-and-play correction that injects a lesion-conditioned 2D Gaussian prior into causal self-attention logits to provide sample-specific guidance without modifying the backbone architecture. The prior is obtained from sparse lesion coordinates predicted by an offline vision–language model and smoothed into a disease-relevant salience map to softly steer decoding toward lesion-relevant regions. Experiments show that LeGend improves lesion-relevant attention, image fidelity, and classifier-assessed disease consistency, while yielding more interpretable attention patterns with negligible computational overhead.",ok,
Lesion-Centric Structured Report Generation for 3D CT with Multimodal Large Language Models via Hierarchical Evidence Tokens,https://papers.miccai.org/miccai-2026/0581-Paper1990.html,https://papers.miccai.org/miccai-2026/paper/1990_paper.pdf,,VLM,Lung / Thoracic; Pelvis / Reproductive System,Computer-Aided Diagnosis,Deep Learning; Multimodal Models / LLMs / VLMs,"Zhao, Xiuheng | Shi, Yiming | Zhu, Xun | Wang, Chen | Cong, Fuze | Yang, Jingzhi | Wu, Ji | He, Yonglan | Li, Miao","Structured clinical report generation for 3D CT requires reasoning over long visual contexts while grounding predictions in lesion-relevant evidence. In practice, multimodal large language models (MLLM) often suffer from attention dispersion under long visual sequences, where critical cues are overwhelmed by background tokens, especially in low-data and imbalanced settings. We present a lesion-aware multimodal framework that addresses this challenge through two complementary mechanisms. First, we introduce a lesion-guided attention loss that regularizes cross-modal attention during training to encourage focus on lesion-relevant evidence without altering the inference interface. Second, we propose a compact set of Global Evidence Slots (GES) that summarize long visual sequences via cross-attention pooling and act as an explicit evidence bottleneck injected into the MLLM input, facilitating task-dependent routing of visual evidence. Together, these components form a hierarchical evidence token interface that combines fine-grained image tokens with compact evidence slots for robust lesion-centric reasoning. We evaluate our method on an ovarian tumor CT cohort with 12 structured attributes and validate its generalization on LIDC-IDRI. Experiments demonstrate consistent improvements over strong baselines.",ok,
Leveraging Pathology Co-occurrence for Test-Time Adaptation in Chest X-Ray Diagnosis,https://papers.miccai.org/miccai-2026/0583-Paper4786.html,https://papers.miccai.org/miccai-2026/paper/4786_paper.pdf,https://github.com/woojin716/CoWA,classification,Lung / Thoracic,Computer-Aided Diagnosis,Deep Learning; Domain Adaptation / Harmonization,"Jeong, Woojin | Choi, Yujin | Kim, Dongbin | Park, Soyeon | Lee, Jaewook","Medical imaging models often degrade when deployed at new clinical sites due to differences in imaging equipment, protocols, and patient populations. Test-time adaptation (TTA) addresses this by updating a pretrained model using only unlabeled target data, without access to source data. However, existing TTA methods were designed for single-label classification on natural image benchmarks, minimizing entropy uniformly across all samples without considering label dependencies. This overlooks a key property of multi-label medical imaging: pathologies do not occur independently but exhibit structured co-occurrence patterns. In this work, we propose Co-occurrence Weighted Adaptation (CoWA), which leverages disease co-occurrence patterns as a reliability signal for adaptation. CoWA estimates label co-occurrence structure from model predictions and downweights samples that deviate from expected patterns, enabling adaptation to rely more on consistent predictions while reducing the impact of noisy ones. We evaluate CoWA on chest X-ray benchmarks under domain shifts and demonstrate consistent improvements over established baselines.",ok,
LinGuinE: Longitudinal Guidance Estimation for Volumetric Tumour Segmentation,https://papers.miccai.org/miccai-2026/0584-Paper3584.html,https://papers.miccai.org/miccai-2026/paper/3584_paper.pdf,https://github.com/n-e-garibli/LinGuinE,segmentation,Abdomen; Lung / Thoracic,Image Reconstruction; Image Registration; Image Segmentation,Deep Learning; Foundation Models; Multimodal Models / LLMs / VLMs,"Garibli, Nadine | Csiba, Bence | Sidiropoulos, Konstantinos | Wei, Yi | Patwari, Mayank","Longitudinal volumetric tumour segmentation is critical for radiotherapy planning and response assessment, yet this problem is underexplored and most methods produce single-timepoint semantic masks, lack lesion correspondence, and offer limited radiologist control. We introduce LinGuinE (Longitudinal Guidance Estimation), a PyTorch framework that combines image registration and guided segmentation to deliver lesion-level tracking and volumetric masks across all scans in a longitudinal study from a single radiologist prompt. LinGuinE is temporally direction agnostic, requires no training on longitudinal data, and allows any registration and semi-automatic segmentation algorithm to be repurposed for the task. We evaluate various combinations of registration and segmentation algorithms within the framework. LinGuinE achieves state-of-the-art segmentation and tracking performance across four datasets with a total of 456 longitudinal studies. Tumour segmentation performance shows minimal degradation with increasing temporal separation.We conduct ablation studies to determine the impact of autoregression, pathology specific finetuning, and the use of real radiologist prompts. We release our code (https://github.com/n-e-garibli/LinGuinE) and substantial public benchmarking for longitudinal segmentation, facilitating future research.",ok,
LLM-Bootstrapped Targeted Finding Guidance for Factual MLLM-based Medical Report Generation,https://papers.miccai.org/miccai-2026/0586-Paper1671.html,https://papers.miccai.org/miccai-2026/paper/1671_paper.pdf,https://github.com/UCPRER/Fact-Flow,VLM,Eye; Lung / Thoracic,Anomaly / Lesion Detection; Computer-Aided Diagnosis,Deep Learning; Multimodal Models / LLMs / VLMs,"Yang, Cunyuan | Song, Dejuan | Pang, Xiaotao | Shen, Qianqian | Nie, Wenjie | Huang, Yifan | Han, Wei | Bu, Jiajun | Wu, Lei | Wang, Haishuai","The automatic generation of medical reports utilizing Multimodal Large Language Models (MLLMs) frequently encounters challenges related to factual instability, which may manifest as the omission of findings or the incorporation of inaccurate information, thereby constraining their applicability in clinical settings. Current methodologies typically produce reports based directly on image features, which inherently lack a definitive factual basis. In response to this limitation, we introduce Fact-Flow, an innovative framework that separates the process of visual fact identification from the generation of reports. This is achieved by initially predicting clinical findings from the image, which subsequently directs the MLLM to produce a report that is factually precise. A pivotal advancement of our approach is a pipeline that leverages a Large Language Model (LLM) to autonomously create a dataset of labeled medical findings, effectively eliminating the need for expensive manual annotation. Extensive experimental evaluations conducted on two disease-focused medical datasets validate the efficacy of our method, demonstrating improved tuberculosis clinical efficacy and most NLG metrics over state-of-the-art models. The code is available at https://github.com/UCPRER/Fact-Flow.",ok,
LLM-Steered Clinical Knowledge Discovery for CVD Outcome Modeling,https://papers.miccai.org/miccai-2026/0587-Paper4195.html,https://papers.miccai.org/miccai-2026/paper/4195_paper.pdf,https://github.com/liangyuxuan1/EGL,other,Cardiac,Multimodal Integration with Clinical / Genomic / Biomarkers,Deep Learning; Interpretability / Explainability; Uncertainty Quantification,"Liang, Yuxuan | Xu, Xuanang | Wang, Ge | Yan, Pingkun","Cardiovascular disease (CVD) modeling has become highly accurate, yet most models remain “black boxes” that prioritize predictive scores over reliable and reusable clinical knowledge. We propose Evidence-Grounded Learning (EGL), which repeatedly tests candidate variable sets under a fixed evaluation budget and records auditable evidence about which factors and pairwise relationships are consistently supported. EGL–LLM adds an interpretable large language model (LLM) control plane that uses a semantic agenda to decide what to test next, while keeping the evidence definitions and budget unchanged. On the COPDGene cohort, EGL shows reliable convergence of core evidence and recovers clinically plausible dominant factors and cohort-relevant interaction patterns. Semantic steering broadens the exploration path while preserving stable dominant factors and redirecting evidence acquisition toward alternative interaction neighborhoods, supporting evidence-grounded discovery that yields auditable cohort-level insights. Code is available at https://github.com/liangyuxuan1/EGL.",ok,
Localization-Grounded Supervision: Revisiting Vanilla SFT of Large Vision-Language Models for Medical Image Analysis,https://papers.miccai.org/miccai-2026/0588-Paper3411.html,https://papers.miccai.org/miccai-2026/paper/3411_paper.pdf,https://github.com/MSIIP/LGS,VLM,Head & Neck; Lung / Thoracic,Anomaly / Lesion Detection,Deep Learning; Domain Adaptation / Harmonization; Fairness / Safety / Reliability; Interpretability / Explainability; Multimodal Models / LLMs / VLMs,"Shi, Yiming | Zhang, Hengyu | Chen, Jiawei | Yang, Shaoshuai | Chen, Xi | Zhu, Xun | Wang, Kaiwen | Li, Haolin | Zhao, Xiuheng | Zhang, Shuheng | Li, Miao | Wu, Ji","Large vision-language models (LVLMs) achieve strong performance on general-domain tasks. Supervised fine-tuning (SFT) is commonly used for domain adaptation. However, unlike traditional pretrain-finetune paradigms, the benefits of large-scale pretraining do not reliably transfer to LVLMs in medical image analysis. Using the proposed DePass-VL framework, we quantitatively analyze the failure of LVLMs. Together with attention-based qualitative analysis, we find that LVLMs struggle to effectively focus on task-relevant regions, indicating a lack of fine-grained vision-language semantic alignment. Although pretrained LVLMs exhibit strong 2D spatial alignment, this capability is not effectively activated during SFT. To address this gap, we propose Localization-Grounded Supervision (LGS), which introduces explicit localization signals to accelerate semantic alignment and improve both performance and interpretability. For 3D medical imaging tasks, pretrained LVLMs lack intrinsic 3D spatial alignment due to limited volumetric exposure. We therefore incorporate 3D anatomical localization data through multi-task learning to jointly build spatial and semantic alignment in 3D space. Experiments across anatomical regions, imaging modalities, model architectures, and parameter scales demonstrate that LGS is a simple yet effective paradigm for LVLM adaptation in medical image analysis. The code is available at: https://github.com/MSIIP/LGS",ok,
LoFi: Location-Aware Fine-Grained Representation Learning for Chest X-Ray,https://papers.miccai.org/miccai-2026/0589-Paper2716.html,https://papers.miccai.org/miccai-2026/paper/2716_paper.pdf,https://github.com/myeongkyunkang/lofi,VLM,Cardiac; Lung / Thoracic,Anomaly / Lesion Detection,Deep Learning; Foundation Models; Multimodal Models / LLMs / VLMs,"Kang, Myeongkyun | Yang, Yanting | Li, Xiaoxiao","Fine-grained representation learning is crucial for retrieval and phrase grounding in chest X-rays, where clinically relevant findings are often spatially confined. However, existing methods remain limited on these tasks, as contrastive models lack explicit region-level supervision and large vision language models often fail to generalize fine-grained representations under external validation. To address these limitations, we propose Location-aware Fine-grained representation learning (LoFi), which jointly optimizes sigmoid, captioning, and location-aware captioning losses using a lightweight large language model. The location-aware captioning loss enables region-level supervision through grounding and dense captioning objectives, thereby facilitating fine-grained representation learning. Building upon these representations, we integrate a fine-grained encoder into retrieval-based in-context learning to enhance chest X-ray grounding across diverse settings. Extensive experiments demonstrate that our method achieves superior retrieval and phrase grounding performance on MIMIC-CXR and PadChest-GR.",ok,
Longitudinal Multi-view Modeling for Breast Cancer Risk Prediction,https://papers.miccai.org/miccai-2026/0591-Paper2399.html,https://papers.miccai.org/miccai-2026/paper/2399_paper.pdf,https://github.com/sot176/LMV-Net,classification,Breast,Outcome Prediction / Prognosis / Longitudinal Modeling,Deep Learning,"Thrun, Solveig | Sun, Zijun | Salahuddin, Suaiba A. | Wickstrøm, Kristoffer | Wetzer, Elisabeth | Hansen, Stine | Jenssen, Robert | Kampffmeyer, Michael","Accurate breast cancer risk prediction from screening mammography is critical for enabling personalized screening intervals and early detection. Recent deep learning methods have shown the value of longitudinal data and explicit temporal alignment. However, existing approaches either perform explicit alignment using a single mammographic view or model multiple views without explicit longitudinal alignment, limiting their ability to exploit the complementary spatial–temporal information used in clinical practice. To address this gap, we propose LMV-Net, a longitudinal multi-view breast cancer risk prediction model that jointly analyzes anatomically complementary CC and MLO views within an explicitly aligned longitudinal framework. We evaluate our approach on the public EMBED and CSAW-CC datasets, comparing it to state-of-the-art breast cancer risk prediction methods. Our model consistently outperforms existing approaches in overall risk prediction performance and across different breast density and cancer subgroups. Importantly, these improvements highlight the potential of longitudinal multi-view modeling to enhance risk stratification, paving the way for future work on personalized screening, earlier identification of high-risk patients, and more efficient screening resource allocation. The code is publicly available \href{https://github.com/sot176/LMV-Net}{here}.",ok,
Lost in the Folds: When Cross-Validation Is Not a Deep Ensemble for Uncertainty Estimation,https://papers.miccai.org/miccai-2026/0594-Paper2355.html,https://papers.miccai.org/miccai-2026/paper/2355_paper.pdf,https://github.com/Kirscher/LostInFolds,segmentation,Whole-body / Multi-organ / Other,Image Segmentation,Uncertainty Quantification,"Kirscher, Tristan | Bujotzek, Markus | Kirchhoff, Yannick | Rokuss, Maximilian | Isensee, Fabian | Kahl, Kim-Celine | Kovacs, Balint | Maier-Hein, Klaus","Ensemble disagreement is widely used as a proxy for epistemic uncertainty in medical image segmentation. In practice, many studies form ensembles via K-fold cross-validation (CV), yet refer to them as “deep ensembles” (DE). Because CV members are trained on different data subsets, their disagreement mixes seed-driven variability with data-exposure effects, which can change how uncertainty should be interpreted. We audit recent segmentation uncertainty studies and find that terminology–implementation mismatches are common. We then compare a standard 5-fold CV ensemble to a 5-member DE (fixed training set, different random seeds) under otherwise identical configurations on three multi-rater segmentation datasets spanning three modalities. We evaluate uncertainty for calibration, failure detection, ambiguity modeling, and robustness under distribution shift. DE match segmentation accuracy while improving calibration and failure detection, whereas CV ensembles sometimes correlate more strongly with inter-rater variability on the studied datasets. Thus, ensemble construction should be chosen to match the research question: DE for reliability-oriented use (e.g., selective referral/failure detection) and CV ensembles as a proxy for ambiguity. We provide a lightweight nnU-Net modification enabling DE training within the default pipeline; code will be released upon acceptance.",ok,
Lost in Volume: The CT-SpatialVQA Benchmark for Evaluating Semantic-Spatial Understanding of 3D Medical Vision–Language Models,https://papers.miccai.org/miccai-2026/0595-Paper4615.html,https://papers.miccai.org/miccai-2026/paper/4615_paper.pdf,https://github.com/BioMedIA-MBZUAI/CT-SpatialVQA,VLM,Whole-body / Multi-organ / Other,Multimodal Integration with Clinical / Genomic / Biomarkers,Evaluation / Benchmarking / Reproducibility; Multimodal Models / LLMs / VLMs,"Monon, Mashrafi | Rahman, Umaima | Hanif, Asif | Saeed, Numan | Yaqub, Mohammad","Recent advances in 3D medical vision–language models have enabled joint reasoning over volumetric images and text, showing strong performance in medical visual question-answering (VQA) and report generation. Despite this progress, it remains unclear whether these models learn spatially grounded anatomy from 3D volumes or rely primarily on learned priors and language correlations. This uncertainty stems from the lack of systematic evaluation of semantic–spatial reasoning in volumetric medical VLMs for clinically reliable decision support. To address this gap, we introduce CT-SpatialVQA, a benchmark designed to evaluate semantic–spatial reasoning in 3D CT data. The benchmark comprises 9077 clinically grounded question-answer (QA) pairs derived directly from 1601 radiology reports and CT volumes, which are validated via a robust LLM-assisted pipeline with a 95\% human consensus agreement rate. Our dataset, requires explicit anatomical localization, laterality awareness, structural comparison, and 3D inter-structure relational reasoning. We also introduce standardized evaluation protocol and benchmark eight 3D medical VLMs, finding severe degradation on semantic-spatial reasoning task, averaging 34\% accuracy and often below random, highlighting the need for deeper integration of volumetric evidence for trustworthy clinical use. The code is available at: \url{https://github.com/BioMedIA-MBZUAI/CT-SpatialVQA}.",ok,
LOT-Bridge: A Latent Optimal Transport Bridge Based on Signed Distance Fields for Automatic Skull Defect Reconstruction,https://papers.miccai.org/miccai-2026/0596-Paper1071.html,https://papers.miccai.org/miccai-2026/paper/1071_paper.pdf,https://github.com/yanaynghui1998/LOT-Bridge,image synthesis,Head & Neck,Digital Twins / Simulation / Synthetic Data; Other,Deep Learning,"Yan, Yanghui | Wang, Xingce | Wu, Zhongke | Ju, Xiaodong | Liu, Jingyi | Ji, Changkai | Zhu, Yicheng | Shui, Wuyang","Due to the reliance on manually designed implants, traditional skull defect reconstruction is time-consuming. Although latent diffusion models based on Signed Distance Fields (SDFs) accelerate the implant design, Gaussian noise initialization and stochastic differential equations lead to many iterations and may introduce incorrect geometric details. Moreover, separately training the decoder and latent-space network can accumulate errors across stages. To address these limitations, a Latent Optimal Transport Bridge (LOT-Bridge) based on SDFs is proposed. We model automatic skull reconstruction as an Optimal Transport (OT) problem in the latent and data spaces, and design an efficient training strategy to achieve accurate generation with fewer iterations. Firstly, to accelerate inference and improve the determinism of generation, we introduce a latent bridge model, where the reverse sampling begins from the defective data and follows an ordinary differential equation. Secondly, a joint training strategy performs OT-based optimization in the latent and data spaces while ensuring high-quality implant SDF prediction. Finally, the adaptive morphological block refines SDF features through dilation and erosion, enhancing surface reconstruction. Extensive experiments on three datasets demonstrate that LOT-Bridge generates more accurate implants with faster inference than existing methods.",ok,
Low-Rank Velocity Fields as a Structural Prior for Unsupervised 4D Medical Image Interpolation,https://papers.miccai.org/miccai-2026/0598-Paper0472.html,https://papers.miccai.org/miccai-2026/paper/0472_paper.pdf,https://github.com/JingHuaMan/LRVF,image synthesis,Cardiac; Lung / Thoracic,Image Synthesis / Augmentation / Super-Resolution,Deep Learning,"Li, Haojin | Wang, Hengzhuo | Liu, Chang | Ma, Zhiheng | Li, Heng | Liu, Jiang","Endpoint-only unsupervised 4D medical image interpolation synthesizes intermediate volumes from sparsely sampled sequences with only the start and end volumes available for training; however, this weakly constrained setting often yields intermediates with unstable boundaries and non-physiological motion, limiting interpretability and downstream analysis. We propose low-rank velocity fields as a structural prior, constraining motion to a structured Tucker low-rank velocity field space that decomposes motion into globally shared spatial bases and a compact sample-specific core, thereby encouraging spatially correlated, anatomy-consistent deformation while suppressing voxel-wise high-frequency artifacts. To capture global coordination and local non-rigid details, we model motion in a coarse-to-fine multi-scale scheme and compose scale-wise deformations at inference to synthesize volumes at arbitrary times. We further provide a theoretical analysis showing that, under Tucker parameterization, bounded low-rank parameters control the smoothness energy of the velocity field, offering an energy-based interpretation of smoother motion. Experiments on ACDC and 4D-Lung demonstrate state-of-the-art performance, remaining competitive with methods trained with intermediate-frame supervision, and producing intermediates with improved structural coherence and more stable anatomical contours. The code is available at https://github.com/JingHuaMan/LRVF.",ok,
M3D-QAdapter: 3D Medical VQA with Lesion-Level Finding-Segmentation Alignment and Query-Driven Adaptive Token Reduction,https://papers.miccai.org/miccai-2026/0604-Paper1643.html,https://papers.miccai.org/miccai-2026/paper/1643_paper.pdf,https://github.com/ccarliu/M3D-QAdapter,VLM,Lung / Thoracic,Computer-Aided Diagnosis,Multimodal Models / LLMs / VLMs,"Liu, Hong | Wei, Dong | Zhu, Hongze | Zhang, Yinghao | Zheng, Yefeng | Wu, Xian | Wang, Liansheng","Volumetric medical visual question answering (Med-VQA) for 3D imaging, such as CT, holds great potential for clinical diagnosis support. Existing approaches based on multimodal large language models often employ predefined token compression to reduce computational cost without considering question context, and none have investigated the impact of fine-grained, lesion-level vision-language alignment on 3D Med-VQA. In this work, we propose M3D-QAdapter, a novel framework with lesion-level finding-segmentation alignment and query-driven adaptive token reduction. To overcome the issues of incomplete annotations and extreme negative-positive imbalance for finding-segmentation alignment, a newly proposed safe negative mining strategy heuristically identifies likely unannotated findings and excludes them from loss computation, thereby preventing the suppression of unannotated lesions while reducing negative samples. To adaptively compress visual tokens with query awareness, our framework dynamically plans which anatomical regions to scrutinize for a given question. It then acts to invoke two tools in order: 1) a text-prompted segmentation tool to obtain 3D masks of the planned regions, and 2) a hybrid geometry-semantics farthest point sampling tool to select a compact set of representative tokens from the masked regions. Extensive experiments on the 3D-RAD benchmark demonstrate that M3D-QAdapter achieves state-of-the-art results while maintaining low computational complexity, and the efficacy of its novel designs.",ok,
MAGEFormer: Learning Metric-Consistent Representations for Anisotropic CT Segmentation,https://papers.miccai.org/miccai-2026/0606-Paper3539.html,https://papers.miccai.org/miccai-2026/paper/3539_paper.pdf,,segmentation,Whole-body / Multi-organ / Other,Image Segmentation,Deep Learning,"Li, Jiaying | Remagnino, Paolo","Vision Transformers (ViTs) have shown strong performance in volumetric segmentation, but their effectiveness on clinical CT is limited by an isotropic Euclidean lattice assumption. This conflicts with anisotropic CT acquisition, leading to two key issues: (1) a metric mismatch between voxel indices and physical anatomy, and (2) accuracy degradation from isotropic resampling. To address this, we propose MAGEFormer, a geometry-calibrated framework that embeds physical metric constraints directly into representation learning. Our method introduces Metric-Adaptive Spatial Embedding (MASE) to calibrate positional frequencies using voxel spacing, Geometry-Constrained Attention (GCA) to suppress physically implausible feature correlations, and Geometric View Voting (GVV) to reduce discretization bias during inference. We evaluate MAGEFormer on two multi-organ abdominal CT benchmarks, BTCV and FLARE 22, under a unified protocol against strong CNN and Transformer-based baselines. MAGEFormer achieves the strongest boundary accuracy among the compared methods, with 10.58 mm HD95 on BTCV and 3.40 mm HD95 on FLARE 22, and shows consistent gains in Dice under the same protocol. These results show that geometry-aware internal calibration is more effective than relying solely on isotropic preprocessing for anisotropic CT segmentation.",ok,
MamaDino: Mammography-Aware Multi-view Attentional DINO for 3-Year Breast Cancer Risk Prediction,https://papers.miccai.org/miccai-2026/0608-Paper3605.html,https://papers.miccai.org/miccai-2026/paper/3605_paper.pdf,,classification,Breast,Outcome Prediction / Prognosis / Longitudinal Modeling; Public Health Imaging & Epidemiology,Deep Learning,"Santeramo, Ruggiero | Zubarev, Igor | Jug, Florian","Breast cancer screening programmes increasingly seek to move from one-size-fits-all intervals to risk-adapted, personalised strategies. Deep learning has enabled image-based risk models that improve short- to medium-term (1–5 year) prediction over traditional risk models, but leading approaches such as Mirai typically rely on convolutional backbones, high-resolution inputs and relatively simple multi-view fusion, with limited explicit modelling of contralateral asymmetry. We hypothesised that combining complementary inductive biases (convolutional and transformer-based) with explicit contralateral modelling could match state-of-the-art 3-year risk prediction even at substantially lower input resolution. We present MamaDino, a Mammography-Aware Multi-view Attentional DINO-based model that fuses frozen self-supervised DINOv3 (ViT-S) features with a trainable CNN encoder at 512×512 resolution and aggregates left–right information via a BilateralMixer to output a 3-year breast cancer risk score. The 512×512 input size was chosen for computational feasibility, not as a preferred clinical resolution. We train on 53,883 women from OPTIMAM and evaluate on matched 3-year case-control cohorts: an in-distribution test set from four UK screening sites and an external out-of-distribution (OOD) set from an unseen site. At breast level, MamaDino was comparable to Mirai on in-distribution and OOD tests while using ~13x fewer input pixels. Adding the BilateralMixer yields an AUC of 0.736 (vs Mirai 0.713) in-distribution and 0.677 (vs 0.666) out-of-distribution with overlapping confidence intervals (CIs), with consistent performance across age, ethnicity, scanner, tumour type and grade. These results indicate that explicit contralateral reasoning plus complementary inductive biases can recover Mirai-level performance despite lower-resolution mammograms.",ok,
MammoFlow: Multiview Mammogram Synthesis with Anatomically Consistent Flow Matching,https://papers.miccai.org/miccai-2026/0610-Paper3745.html,https://papers.miccai.org/miccai-2026/paper/3745_paper.pdf,https://github.com/XYPB/MammoFlow,image synthesis,Breast,Image Synthesis / Augmentation / Super-Resolution,Deep Learning; Foundation Models; Synthetic Data / Data-centric AI,"Du, Yuexi | Barrientos, Leya | Sheiman, Laura | Lewin, John | Tagare, Hemant D. | Dvornek, Nicha C.","Multiview mammography relies on paired craniocaudal (CC) and mediolateral oblique (MLO) views to provide complementary projections of a 3D breast volume, enabling precise anomaly localization. However, acquiring high-quality, balanced datasets remains challenging for deep learning applications. We propose a novel method to synthesize multiview mammograms by leveraging the inherent geometric relationship between CC and MLO views. To enforce an implicit 3D consistency prior during generation, we develop an alignment module that searches a 2D affine transformation subspace to establish optimal anatomical correspondence. Leveraging this alignment, we introduce a pixel-space self-consistency loss based on the Earth Mover’s Distance (EMD) between the 1D anteroposterior (AP) axis tissue distributions of the generated images. Integrated into a pretrained flow matching model, MammoFlow forces synthesized pairs to share physically plausible tissue distributions from the chest wall to the nipple. To our knowledge, this is the first work to guide multiview mammogram generation using implicit geometric tissue correspondence. Our method demonstrates superior image quality, passes expert radiologist evaluation, and generates physically consistent pairs that improve downstream classification AUC by 5%.",ok,
MaRS: Robust Out-of-Distribution Detection via Mahalanobis Residual Scoring,https://papers.miccai.org/miccai-2026/0614-Paper0289.html,https://papers.miccai.org/miccai-2026/paper/0289_paper.pdf,https://github.com/francescodisalvo05/mars,reconstruction,Abdomen; Eye; Skin,Anomaly / Lesion Detection,Deep Learning; Foundation Models,"Di Salvo, Francesco | Doerrich, Sebastian | Ledig, Christian","Foundation models provide highly descriptive representations for medical images, yet their reliability degrades under distribution shifts arising from changes in patients, devices, or acquisition conditions. Reliable out-of-distribution (OOD) detection is therefore essential for safe deployment. Recent post-hoc detectors efficiently exploit frozen embeddings (e.g., kNN), whereas reconstruction-based OOD detection in latent feature space has seen limited adoption due to inconsistent performance. In this work, we show that the limitation of reconstruction-based methods in latent space does not stem from poor reconstruction quality, but from how reconstruction errors are scored. Standard L2 residual norms collapse the anisotropic residual structure, thereby suppressing informative deviations. To address this limitation, we introduce MaRS (Mahalanobis Residual Scoring), a label-free OOD detector that learns an in-distribution manifold using a lightweight autoencoder and measures deviation via a Mahalanobis distance on reconstruction residuals, yielding variance-aware OOD scores. Across three imaging modalities, multiple types of distribution shift, and different model families and scales, MaRS outperforms established confidence-, distance-, and reconstruction-based baselines, while remaining fully post-hoc and lightweight. The code is available at github.com/francescodisalvo05/mars.",ok,
Mask-Guided Attention Regulation for Anatomically Consistent Counterfactual CXR Synthesis,https://papers.miccai.org/miccai-2026/0616-Paper5497.html,https://papers.miccai.org/miccai-2026/paper/5497_paper.pdf,,image synthesis,Lung / Thoracic,Image Synthesis / Augmentation / Super-Resolution,Deep Learning,"Zhang, Zichun | Nie, Weizhi | Guo, Honglin | Su, Yuting","Counterfactual generation for chest X-rays (CXR) aims to simulate plausible pathological changes while preserving patient-specific anatomy. However, diffusion-based editing methods often suffer from structural drift, where stable anatomical semantics propagate globally through attention and distort non-target regions, and unstable pathology expression, since subtle and localized lesions induce weak and noisy conditioning signals. We present an inference-time attention regulation framework for reliable counterfactual CXR synthesis. An anatomy-aware attention regularization module gates self-attention with organ masks, confining structural interactions to anatomical ROIs and reducing unintended distortions. A pathology-guided module enhances pathology-token cross-attention within target anatomical regions during early denoising and performs lightweight latent corrections driven by an attention-concentration energy, enabling controllable lesion localization and extent. Extensive evaluations on CXR datasets show improved anatomical consistency and more precise, controllable pathological edits compared with standard diffusion editing, supporting localized counterfactual analysis and data augmentation for downstream tasks.",ok,
MDPNet: A Multi-Scale Deformable Prototype Network for Accurate and Interpretable Medical Image Classification,https://papers.miccai.org/miccai-2026/0621-Paper4123.html,https://papers.miccai.org/miccai-2026/paper/4123_paper.pdf,,classification,Cardiac; Eye; Lung / Thoracic,Anomaly / Lesion Detection; Computer-Aided Diagnosis,Deep Learning; Evaluation / Benchmarking / Reproducibility; Interpretability / Explainability,"Yan, Qinglan | Gu, Fei | Li, Wenlin | Li, Chaozhuo | Sun, Shikun | Wu, Jing | Ma, Changsheng","There is an increasing demand for medical image classifiers that deliver both high diagnostic accuracy and clinically actionable interpretability. Existing post-hoc explanation methods, such as saliency maps and Grad-CAM, can highlight discriminative regions but often provide limited insight into the underlying decision logic, which can reduce clinical confidence. Prototype learning offers a promising case-based alternative; however, conventional prototype-based models are often limited by single-scale feature representations and sensitivity to class imbalance, which can degrade accuracy and yield less stable explanations. To address these limitations, we propose MDPNet, a Multi-Scale Deformable Prototype Network that improves classification performance while providing prototype-grounded interpretability. MDPNet integrates a multi-scale feature extraction module to capture both fine-grained morphological patterns and global contextual semantics, and introduces a deformable prototype learning mechanism that adaptively aligns prototypes with spatial variability in clinical images. In addition, we adopt a logit-adjusted loss to mitigate the impact of class imbalance during training. Extensive experiments show that MDPNet achieves 93.28±1.54% accuracy on a private premature ventricular contraction (PVC) dataset, 97.90±0.37% accuracy on the public OCT dataset, and 87.65±2.54% accuracy on the public CT dataset, consistently outperforming strong CNN/Transformer baselines and recent prototype-learning approaches.",ok,
Measuring What VLMs Don’t Say: Validation Metrics Hide Clinical Terminology Erasure in Radiology Report Generation,https://papers.miccai.org/miccai-2026/0624-Paper2453.html,https://papers.miccai.org/miccai-2026/paper/2453_paper.pdf,https://pypi.org/project/clinical-cad/,VLM,Lung / Thoracic,Computer-Aided Diagnosis; Multimodal Integration with Clinical / Genomic / Biomarkers,Algorithmic Fairness / Safety / Regulation; Fairness / Safety / Reliability; Multimodal Models / LLMs / VLMs,"Parikh, Aditya | Feragen, Aasa | Das, Sneha | Frank, Stella","Reliable deployment of Vision-Language Models (VLMs) in radiology requires validation metrics that go beyond surface-level text similarity to ensure clinical fidelity and demographic fairness. This paper investigates a critical blind spot in current model evaluation: the use of decoding strategies that lead to high aggregate token-overlap scores despite succumbing to template collapse, in which models generate only repetitive, safe generic text and omit clinical terminology. Unaddressed, this blind spot can lead to metric gaming, where models that perform well on benchmarks prove clinically uninformative. Instead, we advocate for lexical diversity measures to check model generations for clinical specificity. We introduce Clinical Association Displacement (CAD), a vocabulary-level framework that quantifies shifts in demographic-based word associations in generated reports. Weighted Association Erasure (WAE) aggregates these shifts to measure the clinical signal loss across demographic groups. We show that deterministic decoding produces high levels of semantic erasure, while stochastic sampling generates diverse outputs but risks introducing new bias, motivating a fundamental rethink of how “optimal” reporting is defined.",ok,
MEC: Medical Evidence Capsules for Retrieval-Augmented Generation in Medical Multimodal Question Answering,https://papers.miccai.org/miccai-2026/0626-Paper2354.html,https://papers.miccai.org/miccai-2026/paper/2354_paper.pdf,https://github.com/fruitbitlab/MEC,image synthesis,Whole-body / Multi-organ / Other,Computer-Aided Diagnosis; Digital Twins / Simulation / Synthetic Data,Deep Learning; Foundation Models; Multimodal Models / LLMs / VLMs; Other; Synthetic Data / Data-centric AI,"Xu, Zhenghua | Dai, Xinwei | Wang, Bo | Tian, Tian","In medical multimodal question answering (QA), retrieval-augmented generation (RAG) serves as a core paradigm for improving model accuracy and mitigating hallucinations, yet existing approaches typically rely on a single source of evidence and thus struggle to support reliable and consistent reasoning. In practice, medical questions often require the integration of multiple evidence carriers, including narrative medical texts such as textbooks and clinical guidelines, structured medical knowledge systems, experiential priors implicitly encoded in expert models, and multimodal clinical examinations such as medical images and their associated reports. These evidence sources differ substantially in representation and granularity, making it difficult to accurately bind conclusions to traceable evidence snippets during retrieval, thereby increasing the risk of hallucinated answers. We propose Medical Evidence Capsules (MEC), an evidence organization mechanism for medical multimodal QA. MEC reformulates evidence from heterogeneous sources into compact capsule structures, enabling unified utilization of multiple evidence sources. We further construct a medical multimodal retrieval corpus that integrates both textual and imaging evidence, and evaluate MEC on five medical QA benchmarks. Experimental results demonstrate that MEC consistently yields performance improvements across both text-only QA and visual question answering (VQA) benchmarks. The resources of our work are available at https://github.com/fruitbitlab/MEC.",ok,
Med-CAP: Counterfactual Evidence and Adaptive Prior Suppression for Robust Medical Visual Question Answering,https://papers.miccai.org/miccai-2026/0628-Paper3867.html,https://papers.miccai.org/miccai-2026/paper/3867_paper.pdf,https://github.com/ZaiqiangHuang/Med-CAP,classification,Brain; Lung / Thoracic,Computer-Aided Diagnosis,Deep Learning,"Huang, Zaiqiang | Zhu, Zhihong | Huang, Zixuan | Zhang, Yunyan | Zhang, Hui | Wu, Xian","Medical Visual Question Answering (Med-VQA) aims to provide clinical decision support by jointly reasoning over medical images and text. While existing research has made significant strides in addressing data scarcity through advanced representation learning and ensemble-based debiasing, current models still suffer from two critical issues: imbalance bias arising from skewed training distributions and modality shortcut bias where models rely on superficial linguistic patterns. In this paper, we propose Med-CAP, a counterfactual-and-calibration framework for robust Med-VQA. Specifically, to mitigate modality shortcuts, we introduce Counterfactual Evidence Modeling (CEM), which extracts prediction-relevant visual features via gradient attribution and enforces decision-making to be visually grounded through sufficiency-and-necessity constraints. To alleviate imbalance bias, we propose Adaptive Prior Suppression (APS), which calibrates fused logits by dynamically subtracting sample-adaptive language priors based on evidence strength. Experiments on SLAKE, VQA-RAD, SLAKE-CP and VQA-RAD-CP benchmarks show that Med-CAP achieves state-of-the-art robustness and accuracy across both standard and out-of-domain (OOD) settings. The code is available at \url{https://github.com/ZaiqiangHuang/Med-CAP}.",ok,
Med3D-R1: Mitigating Narrative Bias and Enhancing Reasoning Consistency in 3D Medical Vision-Language Models,https://papers.miccai.org/miccai-2026/0627-Paper0550.html,https://papers.miccai.org/miccai-2026/paper/0550_paper.pdf,https://github.com/laihaoran/Med3D-R1,VLM,Lung / Thoracic,Computer-Aided Diagnosis,Deep Learning; Foundation Models; Multimodal Models / LLMs / VLMs,"Lai, Haoran | Jiang, Zihang | Zhang, Kun | Yao, Qingsong | Wang, Rongsheng | He, Zhiyang | Tao, Xiaodong | Wei, Wei | Zhou, Shaohua Kevin","Developing 3D vision-language models (VLMs) with robust clinical reasoning remains challenging due to the high-dimensional complexity of volumetric imaging and biases in clinical narratives. We propose Med3D-R1, a unified framework that enhances diagnostic accuracy and interpretability for 3D CT-based abnormality diagnosis. First, we identify a structural narrative bias in standardized radiology reports and introduce an Abnormality Re-Weighting (ARW) strategy to counteract positional priors, together with a Residual Alignment Mechanism (RAM) that stabilizes cross-modal mapping between volumetric features and textual embeddings. Furthermore, we implement a reasoning-aware reinforcement learning stage with a consistency reward that encourages intermediate reasoning traces to align with report-supported evidence under report-based supervision. Evaluated on CT-RATE and the external RAD-ChestCT Multiple-choice Visual Question Answer benchmark, Med3D-R1 achieves state-of-the-art performance and improves diagnostic consistency and reasoning transparency in 3D medical VLMs. Code is available at: https://github.com/laihaoran/Med3D-R1.",ok,
MedCenterDet: A Center-Based Object Detection Framework for 3D Medical Image,https://papers.miccai.org/miccai-2026/0629-Paper0759.html,https://papers.miccai.org/miccai-2026/paper/0759_paper.pdf,https://github.com/WiDayn/MedCenterDet,classification&segmentation,Whole-body / Multi-organ / Other,Other,Deep Learning,"Zeng, Qiang | Shen, Ao | Du, Xiangtong | Xu, Xiaoyu | Zhi, Shaohua | Xue, Wufeng | Pan, Fei","Precise object localization in three-dimensional (3D) medical imaging is critical for clinical diagnosis, yet voxel-level segmentation remains labor-intensive and sensitive to boundary ambiguity. While object detection offers a more efficient alternative, current methods heavily rely on predefined anchors, which require extensive hyperparameter tuning and exponentially increase computational complexity within 3D search spaces. In this paper, we propose MedCenterDet, a novel anchor-free, center-based object detection framework tailored for 3D medical images. Our approach directly predicts object centers via heatmap regression and analytically decodes bounding box dimensions using an anisotropic Gaussian target generation strategy, inherently capturing morphological shape priors. To enhance feature discriminative power in dense 3D volumes, we introduce a counterfactual attention learning (CAL) module. By contrasting factual target-structure regions with counterfactual noise interventions, this module explicitly optimizes attention quality, forcing the network to focus on clinically relevant patterns. A subsequent two-stage refinement module leverages multi-scale features to correct spatial misalignments and ensure geometric precision. We comprehensively evaluated MedCenterDet on two public datasets. Experimental results demonstrate that our framework achieves state-of-the-art performance across both benchmarks, while maintaining a significantly lower parameter count compared to established methods. The code is available at https://github.com/WiDayn/MedCenterDet.",ok,
MedConcept: Unsupervised Concept Discovery for Interpretability in Medical VLMs,https://papers.miccai.org/miccai-2026/0630-Paper5647.html,https://papers.miccai.org/miccai-2026/paper/5647_paper.pdf,https://github.com/RakibulHaqueSajal/MedConcept,VLM,Abdomen,Multimodal Integration with Clinical / Genomic / Biomarkers; Other,Foundation Models; Interpretability / Explainability; Multimodal Models / LLMs / VLMs,"Haque, Md Rakibul | Sultan, K. M. Arefeen | Kataria, Tushar | Elhabian, Shireen Y.","While medical Vision-Language models (VLMs) achieve strong performance on tasks such as tumor or organ segmentation and diagnosis prediction, their opaque latent representations limit clinical trust and the ability to explain predictions. Interpretability of these multimodal representations are therefore essential for the trustworthy clinical deployment of pre trained medical VLMs. However, current interpretability methods, such as gradient or attention-based visualizations, are often limited to specific tasks such as classification. Moreover, they do not provide concept-level explanations derived from shared pretrained representations that can be reused across downstream tasks. We introduce MedConcept, a framework that uncovers latent medical concepts in a fully unsupervised manner and grounds them in clinically verifiable textual semantics. MedConcept identifies sparse neuron-level concept activations from pretrained VLM representations and translates them into pseudo-report-style summaries, enabling physician-level inspection of internal model reasoning. To address the lack of quantitative evaluation in concept-based interpretability, we introduce a quantitative semantic verification protocol that leverages an independent pretrained medical LLM as a frozen external evaluator to assess concept alignment with radiology reports. We define three concept scores, Aligned, Unaligned, and Uncertain, to quantify semantic support, contradiction, or ambiguity relative to radiology reports and use them exclusively for post hoc evaluation. These scores provide a quantitative baseline for assessing interpretability in medical VLMs. Code is available at https: //github.com/RakibulHaqueSajal/MedConcept.",ok,
MedExpMem: Adapting Experience Memory for Differential Diagnosis,https://papers.miccai.org/miccai-2026/0632-Paper4886.html,https://papers.miccai.org/miccai-2026/paper/4886_paper.pdf,,Agent,Whole-body / Multi-organ / Other,Computer-Aided Diagnosis,Multimodal Models / LLMs / VLMs,"Feng, Qianhan | Huang, Zhongzhen | Zhu, Yakun | Gu, Yannian | Chu, Winnie Chiu Wing | Zhang, Xiaofan | Dou, Qi","Experienced physicians develop diagnostic expertise through clinical practice, acquiring not only disease knowledge but also the ability to differentiate confusable conditions. Current medical vision-language models (VLMs) lack this capability—their parameters encode static knowledge that does not evolve across diagnostic encounters. We propose MedExpMem, an experience memory framework enabling VLM-based diagnostic agents to accumulate differential diagnosis expertise. Unlike retrieval-augmented generation, which retrieves encyclopedic disease descriptions, MedExpMem memorizes discriminative experience derived from the agent’s own diagnostic failures and organizes them as pairwise differential notes encoding key discriminators, actionable decision rules and reasoning error patterns. The framework adopts a two-phase construction process mirroring physician learning: initial practice exposes knowledge gaps, and reflective re-diagnosis refines understanding. When encountering new cases, the agent retrieves experience memory to guide differential reasoning. We evaluate MedExpMem on a radiology benchmark spanning 11 subspecialties. Results demonstrate consistent accuracy improvements, maximum 7.0%, across diverse models and scales. Analytical experiments validate experience quality and robustness, demonstrating MedExpMem as a competitive method addresses medical adaptation needs beyond the reach of parameteric learning. keywords: Medical AI; Agent Memory; Differential Diagnosis",ok,
MedFM-Robust: Benchmarking Robustness of Medical Foundation Models,https://papers.miccai.org/miccai-2026/0633-Paper2490.html,https://papers.miccai.org/miccai-2026/paper/2490_paper.pdf,https://github.com/AbnerAI/MedFM-Robust,segmentation,Brain; Breast; Skin,Image Segmentation,Fairness / Safety / Reliability; Foundation Models; Multimodal Models / LLMs / VLMs,"Cui, Xiangxiang | Huang, Tianjin | Wang, Yifang | Hu, Lijie | Yin, Lu","Medical foundation models have achieved remarkable clinical performance, yet their robustness under real-world perturbations remains underexplored. We present a robustness benchmark comprising 40 perturbation types (12 base, 28 medical-specific) across eight imaging modalities, evaluating five VLMs (LLaVA-Med, MedGemma, MedGemma-1.5, Gemini-2.5-flash and GPT-4o-mini) on VQA, visual grounding, and captioning, alongside two segmentation models (MedSAM, SAM-Med2D) with five fine-tuning strategies. Our findings reveal: (1) Fine-tuning strategy dominates robustness, with LoRA exhibiting nearly double the degradation of full fine-tuning, while SAM-Med2D’s Adapter offers favorable efficiency-robustness trade-off. (2) Medical-specific perturbations disproportionately damage segmentation, with 9 of 15 top corruptions being domain-specific. (3) LoRA-tuned visual grounding drops over 40 points, whereas zero-shot captioning remains stable (<7\% drop). Zero-shot VQA shows model-dependent robustness—medical models drop under 20\% while Gemini-2.5-flash drops 54\%. General-purpose VLMs achieve higher VQA accuracy but fail on grounding; among medical VLMs, MedGemma demonstrates the best overall stability. These results provide deployment guidelines and underscore the necessity of domain-specific robustness evaluation for medical AI. Our code is available at: https://abnerai.github.io/MedFM-Robust.",ok,
MedFuse-Seg: Multi-level Visual and Semantic Context Fusion for Segmentation-Based Medical Reasoning,https://papers.miccai.org/miccai-2026/0634-Paper2934.html,https://papers.miccai.org/miccai-2026/paper/2934_paper.pdf,https://github.com/biodatlab/medfuse-seg,classification&segmentation,Whole-body / Multi-organ / Other,Image Segmentation,Deep Learning; Evaluation / Benchmarking / Reproducibility; Foundation Models; Multimodal Models / LLMs / VLMs; Synthetic Data / Data-centric AI,"Limaroon, Keetawan | Chiewhawan, Monrada | Timklaypachara, Watcharapong | Vateekul, Peerapon | Achakulvisut, Titipat","Language-driven medical image segmentation is critical for clinical workflows, yet existing models struggle with linguistic variability and complex diagnostic queries. These architectures often process semantic and spatial information in isolation, making it difficult to merge abstract clinical reasoning with precise anatomical boundaries. To address these limitations, we introduce MedFuse-Seg, an architecture that combines complex reasoning via Q&A generation with multi-level visual feature injection for prompt-based medical image segmentation. First, we construct Med-ReasonSeg, a large-scale reasoning segmentation dataset consisting of 539,383 image-mask-Q&A triplets and encompassing 9 modalities from 16 datasets. We generate referring and semantic Q&A pairs that are post-processed with a hierarchical LLM-based pipeline to ensure logical fidelity and reduce hallucinations. Second, we propose a Multi-Level Context Fusion mechanism that injects hierarchical features from MedSigLIP (L6-L24) directly into the MedSAM encoder, while leveraging MedGemma reasoning to guide mask decoding. MedFuse-Seg outperforms zero-shot BiomedParse and the fine-tuned LISA-7B by 13.49% and 4.89% in Dice Similarity Coefficient (DSC), and reduces 95th percentile Hausdorff Distance (HD95) by 54.04 and 15.29 pixels, respectively. These results demonstrate that combining reasoning-augmented training data with multi-level feature injection can address semantic and spatial gaps in medical segmentation. Our code and dataset are publicly available at https://github.com/biodatlab/medfuse-seg.",ok,
Medical Image Spatial Grounding with Semantic Sampling,https://papers.miccai.org/miccai-2026/0635-Paper2003.html,https://papers.miccai.org/miccai-2026/paper/2003_paper.pdf,https://github.com/asy51/mis-ground,VLM,Abdomen; Musculoskeletal / Orthopedic,Other,Deep Learning; Evaluation / Benchmarking / Reproducibility; Foundation Models,"Yu, Andrew Seohwan | Hariri, Mohsen | Nakamura, Kunio | Yang, Mingrui | Li, Xiaojuan | Chaudhary, Vipin","Vision language models (VLMs) have shown significant promise in visual grounding for images as well as videos. In medical imaging research, VLMs represent a bridge between object detection and segmentation, and report understanding and generation. However, spatial grounding of anatomical structures in the three-dimensional space of medical images poses many unique challenges. In this study, we examine image modalities, slice directions, and coordinate systems as differentiating factors for vision components of VLMs, and the use of anatomical, directional, and relational terminology as factors for the language components. We then demonstrate that visual and textual prompting systems such as labels, bounding boxes, and mask overlays have varying effects on the spatial grounding ability of VLMs. To enable measurement and reproducibility, we introduce MIS-Ground, a benchmark that comprehensively tests a VLM for vulnerabilities against specific modes of Medical Image Spatial Grounding. We release MIS-Ground to the public at github.com/asy51/mis-ground. In addition, we present MIS-SemSam, a low-cost, inference-time, and model-agnostic optimization of VLMs that improves their spatial grounding ability with the use of Semantic Sampling. We find that MIS-SemSam improves the accuracy of Qwen3-VL-32B on MIS-Ground by 13.06%.",ok,
MedObvious: Exposing the Medical Moravec’s Paradox in VLMs via Clinical Triage,https://papers.miccai.org/miccai-2026/0637-Paper4379.html,https://papers.miccai.org/miccai-2026/paper/4379_paper.pdf,https://github.com/Ufaqkhan/MedObvious,VLM,Whole-body / Multi-organ / Other,Multimodal Integration with Clinical / Genomic / Biomarkers,Evaluation / Benchmarking / Reproducibility; Multimodal Models / LLMs / VLMs,"Khan, Ufaq | Nawaz, Umair | Sai Teja, Lekkala | Saeed, Numan | Bilal, Muhammad | Xie, Yutong | Yaqub, Mohammad | Khan, Muhammad Haris","Vision Language Models (VLMs) are increasingly used for tasks like medical report generation and visual question answering. However, fluent diagnostic text does not guarantee safe visual understanding. In clinical practice, interpretation begins with pre-diagnostic sanity checks: verifying that the input is valid to read (correct modality and anatomy, plausible viewpoint and orientation, and no obvious integrity violations). Existing benchmarks largely assume this step is solved, and therefore miss a critical failure mode: a model can produce plausible narratives even when the input is inconsistent or invalid. We introduce MedObvious, a 1,880-task benchmark that isolates input validation as a set-level consistency capability over small multi-panel image sets: the model must identify whether any panel violates expected coherence. MedObvious spans five progressive tiers, from basic orientation/modality mismatches to clinically motivated anatomy/viewpoint verification and triage-style cues, and includes five evaluation formats to test robustness across interfaces. Evaluating 17 different VLMs, we find that sanity checking remains unreliable: several models hallucinate anomalies on normal (negative-control) inputs, performance degrades when scaling to larger image sets, and measured accuracy varies substantially between multiple-choice and open-ended settings. These results show that pre-diagnostic verification remains unsolved for medical VLMs and should be treated as a distinct, safety-critical capability before deployment.",ok,
MedPro: Dual-View Propagation and Prototypical Assessment for Training-Free Few-Shot Medical Segmentation,https://papers.miccai.org/miccai-2026/0638-Paper1552.html,https://papers.miccai.org/miccai-2026/paper/1552_paper.pdf,https://github.com/CVL-hub/MedPro,segmentation,Abdomen; Cardiac,Image Segmentation,Foundation Models; Semi- / Weakly- / Self-supervised Learning,"Zhang, Jingyi | Liu, Mingyi | Shu, Xiangbo | Zhang, Xu-Yao | Xie, Guo-Sen","The emergence of foundation models enables a training-free paradigm for medical image segmentation. While previous frameworks relied on heavy prompt engineering for the original SAM, SAM2 enables direct mask propagation from support sets, obviating manual prompt extraction. However, naïve propagation in a fixed field of view often fails to adapt to subtle anatomical variations and intensity shifts. To fully harness the sequence propagation capability of SAM2, we propose Dual-view Propagation and Prototypical Assessment for Training-free Few-shot Medical Segmentation (MedPro), which integrates three synergistic strategies. First, histogram matching aligns intensity distributions across subjects, improving cross-subject statistical consistency prior to propagation. Building upon this, a focus zoom-in mechanism generates dual-view pseudo-video sequences that incorporate both global contextual information and localized ROI details. These sequences are then processed via SAM2 for bidirectional mask propagation, providing a fine-grained perspective while mitigating spatial drift. Finally, a prototypical assessment is developed for automated semantic confirmation. By generating representative prototypes from DINOv2 features, it evaluates candidate masks via semantic similarity to reliably identify the optimal segmentation. Extensive experiments demonstrate that MedPro achieves competitive results across multiple datasets. Code is available at: https://github.com/CVL-hub/MedPro.",ok,
MedPruner: Training-Free Hierarchical Token Pruning for Efficient 3D Medical Image Understanding in Vision-Language Models,https://papers.miccai.org/miccai-2026/0639-Paper3756.html,https://papers.miccai.org/miccai-2026/paper/3756_paper.pdf,https://github.com/CUHK-AIM-Group/MedPruner,VLM,Abdomen; Whole-body / Multi-organ / Other,Computer-Aided Diagnosis,Deep Learning; Foundation Models; Multimodal Models / LLMs / VLMs,"Liu, Shengyuan | Ye, Zanting | Lin, Yunrui | Hu, Chen | Geng, Wanting | Han, Xu | Ibragimov, Bulat | Zheng, Yefeng | Yuan, Yixuan","While specialized Medical Vision-Language Models (VLMs) have achieved remarkable success in interpreting 2D and 3D medical modalities, their deployment for 3D volumetric data remains constrained by significant computational inefficiencies. Current architectures typically suffer from massive anatomical redundancy due to the direct concatenation of consecutive 2D slices and lack the flexibility to handle heterogeneous information densities across different slices using fixed pruning ratios. To address these challenges, we propose MedPruner, a training-free and model-agnostic hierarchical token pruning framework specifically designed for efficient 3D medical image understanding. MedPruner introduces a two-stage mechanism: an Inter-slice Anchor-based Filtering module to eliminate slice-level temporal redundancy, followed by a Dynamic Information Nucleus Selection strategy that achieves adaptive token-level compression by quantifying cumulative attention weights. Extensive experiments on three 3D medical benchmarks and across three diverse medical VLMs reveal massive token redundancy in existing architectures. Notably, MedPruner enables models such as MedGemma-1.5 to maintain or even exceed their original performance while retaining fewer than 5\% of visual tokens, thereby reducing visual-token overhead and validating the necessity of dynamic token selection for practical clinical deployment. Our code is available at https://github.com/CUHK-AIM-Group/MedPruner.",ok,
MedTri: Structured Medical Report Normalization for Enhanced Vision–Language Pretraining,https://papers.miccai.org/miccai-2026/0642-Paper0601.html,https://papers.miccai.org/miccai-2026/paper/0601_paper.pdf,https://github.com/Arturia-Pendragon-Iris/MedTri,VLM,Lung / Thoracic,Computer-Aided Diagnosis,Multimodal Models / LLMs / VLMs,"Chu, Yuetan | Ma, Xinghua | Jin, Xinran | Luo, Gongning | Gao, Xin","Medical vision–language pretraining increasingly relies on medical reports as large-scale supervisory signals; however, raw reports often exhibit substantial stylistic heterogeneity, variable length, and a considerable amount of image-irrelevant content. Although text normalization is frequently adopted as a preprocessing step in prior work, its design principles and empirical impact on vision–language pretraining remain insufficiently and systematically examined. In this study, we present MedTri, a deployable normalization framework for medical vision–language pretraining that converts free-text reports into a unified [Anatomical Entity: Radiologic Description + Diagnosis Category] triplet. This structured, anatomy-grounded normalization preserves essential morphological and spatial information while removing stylistic noise and image-irrelevant content, providing consistent and image-grounded textual supervision at scale. Across multiple datasets spanning both X-ray and computed tomography (CT) modalities, we demonstrate that structured, anatomy-grounded text normalization is an important factor in medical vision–language pretraining quality, yielding consistent improvements over raw reports and existing normalization baselines. In addition, we illustrate how this normalization can easily support targeted text-level augmentation strategies, including knowledge enrichment and anatomy-grounded counterfactual supervision, which provide complementary gains in robustness and generalization without altering the core normalization process. Together, our results position structured text normalization as a critical and generalizable preprocessing component for medical vision–language learning, and establish MedTri as a practical implementation of this approach. The source code is available at https://github.com/Arturia-Pendragon-Iris/MedTri.",ok,
MedTriFlow: Efficient Resolution-Agnostic 3D Medical Image Generation with Implicit Triplane Representation,https://papers.miccai.org/miccai-2026/0644-Paper0683.html,https://papers.miccai.org/miccai-2026/paper/0683_paper.pdf,https://github.com/ShanghaiTech-IMPACT/MedTriFlow,image synthesis,Abdomen; Brain; Head & Neck; Spine,Image Reconstruction; Image Synthesis / Augmentation / Super-Resolution,,"Xu, Chenfan | Dou, Yulong | Luo, Tao | Wang, Qian | Cui, Zhiming","3D medical image generation is crucial for data augmentation and downstream analysis but remains computationally expensive. Existing voxel-based generative models operate on fixed-resolution grids, where the latent representation is coupled with output resolution. This leads to cubic scaling of computational costs and inability to generate volumes at varying resolutions without retraining. Triplane representations offer a more compact and efficient alternative. However, current triplane-based approaches either require costly instance-level optimization or are constrained by discrete voxel supervision, preventing resolution-agnostic generation. To address these challenges, we propose MedTriFlow, an efficient generative framework that bridges a discrete triplane latent space with a continuous anatomical field. The framework employs a triplane-based autoencoder with 3D-aware projection to compress volumetric data into a compact latent space, where generative modeling is performed for efficient generation. A continuous anatomical field, modeled by an implicit neural representation, then reconstructs volumetric anatomy at arbitrary resolutions, effectively enabling resolution-agnostic generation beyond the discrete voxel grid. Extensive experiments on diverse 3D datasets demonstrate that the proposed method, with fast inference (2.6s per volume at $256^3$) and resolution-agnostic generation (demonstrated up to $1024^3$), achieves superiority over recent 3D generative methods in generation quality, sparse-view CBCT and accelerated MRI reconstruction. Code and pre-trained models are available at \url{https://github.com/ShanghaiTech-IMPACT/MedTriFlow}.",ok,
MedTSC-Net: Bridging Semantic and Scale Gaps in Text-Guided Medical Image Segmentation,https://papers.miccai.org/miccai-2026/0645-Paper0644.html,https://papers.miccai.org/miccai-2026/paper/0644_paper.pdf,https://github.com/DYcheng-tech/MedTSCNet,classification&segmentation,Lung / Thoracic,Image Segmentation,Deep Learning; Domain Adaptation / Harmonization; Multimodal Models / LLMs / VLMs,"Chen, Zhaomin | Cheng, Danyang | Ge, Yisu | Zhang, Guodao | Huang, Hui | Chen, Huiling","Leveraging diagnostic reports as auxiliary guidance has emerged as a promising solution to data scarcity in medical referring image segmentation. However, existing methods often suffer from modality heterogeneity due to shallow interaction strategies and scale mismatch between pre-trained encoders and task-specific decoders. In this paper, we propose MedTSC-Net, a systematic and optimized framework designed to bridge these semantic and scale gaps through a harmonized encoding-decoding paradigm. Specifically, we introduce a Visual-Linguistic Harmonizer (VLH) that projects image and text representations into a shared latent space, mitigating semantic shifts at the early encoding stage. To ensure precise lesion delineation, a Channel-Spatial Attention (CASA) module is devised to model complementary text-guided dependencies across multiple dimensions. Furthermore, we address the receptive field inconsistency via a Receptive Field Alignment (RFA) mechanism, which recalibrates feature scales to enhance boundary localization. Extensive experiments on the QaTa-COV19 and MosMedData+ datasets demonstrate that MedTSC-Net significantly outperforms state-of-the-art methods, achieving Dice scores of 91.89% and 80.64%, respectively. Notably, our framework exhibits superior robustness in few-shot scenarios, highlighting its potential for clinical applications with limited annotations. Our code is publicly available at https://github.com/DYcheng-tech/MedTSCNet.",ok,
MedVol-R1: Reward-Driven Evidence Grounding for Volumetric Reasoning Segmentation,https://papers.miccai.org/miccai-2026/0647-Paper2593.html,https://papers.miccai.org/miccai-2026/paper/2593_paper.pdf,https://github.com/AdvancingEther/MedVol-R1,segmentation,Whole-body / Multi-organ / Other,Image Segmentation,Multimodal Models / LLMs / VLMs,"Wang, Zichun | Shi, Hairong | Wei, Bingzheng | Xu, Yan | Wang, Zihua","Volumetric Reasoning Segmentation (VRS) aims to segment a target region in a 3D medical scan from a free-form clinical query, where the referent is often implicit and requires both medical knowledge and volume-grounded reasoning. Existing methods typically rely on specialized segmentation tokens to connect language with mask decoding, but this coupling collapses the decision process into opaque latent representations, limiting interpretability and generalization to diverse narrative expressions. In this paper, we present MedVol-R1, a reinforcement learning-based framework for VRS that explicitly decouples evidence grounding from volumetric delineation: the LVLM grounds clinical reasoning to a verifiable 2D evidence anchor (key axial slice and 2D bounding boxes), which is then propagated into a coherent 3D mask by a frozen MedSAM2 module. We train MedVol-R1 with cold-start supervised fine-tuning followed by GRPO, guided by a multi-component reward that encourages informative evidence selection, accurate 2D spatial grounding, and cross-slice volumetric coherence, without requiring costly chain-of-thought annotations. Experiments on CT-ORG, AbdomenCT-1K, and KiTS23 from the M3D-Seg benchmark demonstrate that MedVol-R1 consistently outperforms strong baselines and achieves state-of-the-art performance, with reinforcement learning providing clear gains over pure supervised fine-tuning.",ok,
MedXEdit-GRPO: Reasoning-Aware Online RL for Counterfactual Medical Image Generation,https://papers.miccai.org/miccai-2026/0648-Paper0241.html,https://papers.miccai.org/miccai-2026/paper/0241_paper.pdf,https://github.com/MedXEdit-GRPO/MedXEdit-GRPO,image synthesis,Cardiac; Lung / Thoracic,Image Synthesis / Augmentation / Super-Resolution,Deep Learning; Multimodal Models / LLMs / VLMs,"Pan, Yaning | Xiao, Renwei | Li, Qingqiu | Li, Xiaoyi | Li, Xiaoling | Feng, Rui | Zhang, Xiaobo","Counterfactual medical image generation enables what-if'' clinical exploration through instruction-conditioned editing. However, existing methods often lack the multimodal reasoning required to align abstract directives with precise visual modifications, failing to balance instruction compliance with anatomical preservation. Reinforcement learning offers a promising solution, but it remains largely unexplored in this field. In this paper, we propose MedXEdit-GRPO, a reinforcement learning framework for counterfactual medical image editing. To provide stable and comprehensive feedback, we curate MedXEdit-Reward, a large-scale dataset of 30,000 samples with rationales, and develop MedXEdit-Score, a reward model enforcing a reasoning-before-scoring’’ paradigm for semantically grounded optimization. We optimize our generative policy via Group Relative Policy Optimization (GRPO), which effectively harmonizes diverse clinical objectives into a unified, stable training process. Quantitative and qualitative evaluations demonstrate that MedXEdit-GRPO significantly outperforms state-of-the-art methods in both instruction compliance and anatomical consistency, highlighting its potential for robust and interpretable medical analysis.",ok,
"Merlin Plus: A Large-Scale, Multi-cancer, Image-Mask-Report Dataset",https://papers.miccai.org/miccai-2026/0651-Paper4063.html,https://papers.miccai.org/miccai-2026/paper/4063_paper.pdf,https://github.com/MrGiovanni/MerlinPlus,segmentation,Abdomen,Image Segmentation,Deep Learning,"Bassi, Pedro R. A. S. | Li, Wenxuan | Płotka, Szymon | Honjol, Ruby | Prządo, Jakub | Zhou, Xinze | Wang, Kang | Yang, Yang | Jensen, Malte | Chaudhari, Akshay S. | Langlotz, Curtis P. | Yuille, Alan L. | Zhou, Zongwei","Multi-cancer segmentation in computed tomography (CT) is fundamentally limited by the scarcity of tumor masks across different organs. We present Merlin Plus, the first large-scale CT dataset with radiologist-created tumor masks across 9 organs. Merlin Plus extends the Merlin dataset by adding 1,153 per-voxel tumor masks and longitudinal metadata. To create these tumor masks, we developed a report-based active-learning framework in which radiology reports identify tumor cases for annotation and support training of a tumor segmentation model. The model generates initial masks, which radiologists review and correct to produce the final masks, reducing annotation burden while maintaining high-quality annotations. Besides tumor masks, the longitudinal metadata in Merlin Plus enables temporal modeling of cancer progression. By directly addressing the major bottleneck of limited multi-cancer segmentation masks, Merlin Plus supports scalable multi-organ cancer detection, segmentation, and longitudinal analysis in CT. Dataset is available at: https://github.com/MrGiovanni/MerlinPlus",ok,
MIL-PF: Multiple Instance Learning on Precomputed Features for Mammography Classification,https://papers.miccai.org/miccai-2026/0657-Paper0943.html,https://papers.miccai.org/miccai-2026/paper/0943_paper.pdf,https://github.com/nikolaJovisic/mil-pf-research,classification,Breast,Anomaly / Lesion Detection; Computer-Aided Diagnosis; Public Health Imaging & Epidemiology,Foundation Models; Interpretability / Explainability; Semi- / Weakly- / Self-supervised Learning,"Jovišić, Nikola | Škipina, Milica | Dall’Asen, Nicola | Ćulibrk, Dubravko","Modern foundation models provide highly expressive visual representations, yet adapting them to high-resolution medical imaging remains challenging due to limited annotations and weak supervision. Mammography, in particular, is characterized by large images, variable multi-view studies, and predominantly breast-level labels, making end-to-end fine-tuning computationally expensive and often impractical. We propose Multiple Instance Learning on Precomputed Features (MIL-PF), a scalable framework that combines frozen foundation encoders with a lightweight MIL head for mammography classification. By precomputing the semantic representations and training only a small task-specific aggregation module (40k parameters), the method enables efficient experimentation and adaptation without retraining large backbones. The architecture explicitly models the global tissue context and the sparse local lesion signals through attention-based aggregation. MIL-PF achieves state-of-the-art classification performance at a clinical scale while substantially reducing training complexity. We release the code for full reproducibility on https://nikolajovisic.github.io/mil-pf/.",ok,
Missingness-Aware Multimodal Learning for Four-Class Adrenal Tumor Classification,https://papers.miccai.org/miccai-2026/0660-Paper1243.html,https://papers.miccai.org/miccai-2026/paper/1243_paper.pdf,https://github.com/fj-sunny/AMAF-Net,classification,Abdomen,Computer-Aided Diagnosis,Deep Learning; Domain Adaptation / Harmonization; Multimodal Models / LLMs / VLMs,"Chen, Dehua | Fang, Jing | Wu, Qihong | Xia, Pengfei | An, Huimin","Accurate classification of adrenal tumors is essential for distinguishing hormonally active tumors from non-functioning adenomas and guiding appropriate management. Current diagnostic workflows typically rely on multi-step endocrine testing and contrast-enhanced CT, which may introduce additional radiation exposure and contrast-related risks. In this study, we investigate four-class adrenal tumor classification—Cushing’s syndrome, primary aldosteronism, pheochromocytoma, and non-functioning adenoma—using non-contrast CT combined with routinely collected non-hormonal clinical variables.This task is challenged by substantial variable-level missingness in structured clinical data and pronounced class imbalance in real-world surgical cohorts. We propose a missingness-aware multimodal learning framework that explicitly encodes missing patterns and conditions cross-modal fusion on input reliability. Structured embeddings modulate imaging features via feature-wise affine transformation to enable interaction, while a reliability descriptor derived from missing patterns predicts adaptive fusion weights to dynamically integrate imaging, clinical, and interaction representations under incomplete inputs. To further address imbalance, we introduce a distribution-aware prototype regularization objective on the fused embedding space, encouraging compact intra-class representations and enlarged inter-class margins.Experiments on a retrospective cohort of 1,108 patients demonstrate that the proposed method achieves a macro-F1 of 0.822, balanced accuracy of 0.825, and AUC of 0.963 on a held-out test set, outperforming state-of-the-art unimodal and multimodal baselines. Notably, the method improves recall for minority tumor categories while maintaining stable performance on the majority class. Code is available at https://github.com/fj-sunny/AMAF-Net.",ok,
Mitigating Grade Boundary Conflicts for Disease Severity Grading with Ambiguous Labels,https://papers.miccai.org/miccai-2026/0661-Paper1642.html,https://papers.miccai.org/miccai-2026/paper/1642_paper.pdf,,classification,Eye; Lung / Thoracic,Computer-Aided Diagnosis,Deep Learning; Semi- / Weakly- / Self-supervised Learning,"Liao, Zehui | Hu, Shishuai | Xia, Yong","Accurate disease severity grading is essential in medical image analysis, but label ambiguity due to inter-annotator variability and unclear grade boundaries often reduces model performance. While ordinal prior-based methods address this by incorporating ordering information into model training, they still fail to effectively resolve the underlying conflicts at grade boundaries, which arise from inconsistent grading standards across different annotators. To address this challenge, we propose the Label Harmonization via Deconflicted Grade Boundaries and Unimodal Projection (HDU) framework. HDU introduces two key modules: the Grade Boundaries Harmonizing (GBH) module, which resolves conflicts at grade boundaries by recalibrating labels through prototype-guided re-estimation, and the Unimodal Projection (UniProj) module, which projects calibrated labels onto a unimodal distribution to preserve the ordinal nature of grading tasks. Additionally, an early learning regularization strategy mitigates overfitting to ambiguous labels. We validate HDU through experiments on two disease grading datasets, LIDC-IDRI and Kaggle DR, both of which exhibit label ambiguity. The results show that HDU outperforms existing methods, excelling in handling ambiguous labels while effectively harmonizing grade boundaries and incorporating ordinal constraints.",ok,
MM-UNet: Meta Mamba UNet for Volumetric Medical Image Segmentation,https://papers.miccai.org/miccai-2026/0664-Paper6340.html,https://papers.miccai.org/miccai-2026/paper/6340_paper.pdf,https://github.com/bxie9/MM-UNet,segmentation,Abdomen,Image Segmentation,,"Xie, Bin | Yan, Yan | Agam, Gady","State Space Models (SSMs) have recently demonstrated outstanding performance in long-sequence modeling, particularly in natural language processing. However, their direct application to medical image segmentation poses several challenges. SSMs, originally designed for 1D sequences, struggle with 3D spatial structures in medical images due to discontinuities introduced by flattening. Additionally, SSMs have difficulty fitting high-variance data, which is common in medical imaging. In this paper, we analyze the intrinsic limitations of SSMs in medical image segmentation and propose a unified U-shaped encoder-decoder architecture, Meta Mamba UNet (MM-UNet), designed to leverage the advantages of SSMs while mitigating their drawbacks. MM-UNet incorporates hybrid modules that integrate SSMs within residual connections, reducing variance and improving performance. Furthermore, we introduce a novel bi-directional scan order strategy to alleviate discontinuities when processing medical images. Extensive experiments on AMOS22, ACDC, and BTCV datasets demonstrate the superiority of MM-UNet over state-of-the-art methods. MM-UNet achieves a Dice score of 91.5% and 89.0% on AMOS22 task 1 and task 2, surpassing nnUNet by 1.7% and 1.0%, 93.2% Dice on ACDC, and 87.1% Dice on BTCV. These results confirm the effectiveness of integrating SSMs in medical image segmentation through architectural design optimizations. We release our code at https://github.com/bxie9/MM-UNet.",ok,
MoCaf-Mamba: Modality Completion and Alignment in Feature Space for Missing-Modality Segmentation,https://papers.miccai.org/miccai-2026/0665-Paper3091.html,https://papers.miccai.org/miccai-2026/paper/3091_paper.pdf,https://github.com/wekiqs/MoCaf-Mamba,segmentation,Brain; Cardiac; Whole-body / Multi-organ / Other,Image Segmentation,Deep Learning,"Zhou, Yongsong | Wang, Gui | Shen, Linlin","Multimodal medical image segmentation is often challenged by two factors: (i) missing modalities that disrupt cross-modal feature consistency, and (ii) residual inter-modality misalignment that degrades feature fusion. To this end, we propose MoCaf-Mamba (Modality Completion and Alignment in feature space), a Mamba-based framework that unifies feature-space modality completion and deformable feature alignment for missing-modality segmentation. Specifically, the \textbf{M}odality \textbf{C}ompletion in \textbf{F}eature \textbf{S}pace (\textbf{MCFS}) predicts missing-modality representations from available modalities and is trained with explicit reconstruction constraints to preserve segmentation-relevant semantics. The \textbf{D}eformable \textbf{F}eature \textbf{A}lignment (\textbf{DFA}) is integrated hierarchically into the encoder and predicts a bounded dense displacement field for feature-level warping, mitigating geometric discrepancies during fusion. Finally, the \textbf{S}pace \textbf{T}oken \textbf{M}ixer (\textbf{STM}) aggregates completed and aligned multi-scale features via a dual-branch design with a global consensus token, producing a robust representation for decoding under arbitrary missing patterns. Experiments on MM-WHS, BraTS2023, and Prostate158 show that MoCaf-Mamba consistently improves missing-modality segmentation and achieves state-of-the-art results across diverse missing settings. The code is available at: https://github.com/wekiqs/MoCaf-Mamba",ok,
Modality-Agnostic Domain Generalizable Medical Image Segmentation via Self-Coordinated Focusing,https://papers.miccai.org/miccai-2026/0666-Paper1055.html,https://papers.miccai.org/miccai-2026/paper/1055_paper.pdf,,segmentation,Breast; Lung / Thoracic; Skin,Anomaly / Lesion Detection; Image Segmentation,Deep Learning; Domain Adaptation / Harmonization,"Tang, Wentao | Deng, Hongmin | Qing, Linbo | Tan, Rui","The domain gap caused by variations in image appearance is a primary obstacle to transferring medical image segmentation models from laboratory research to clinical practice. To address this issue, domain generalization techniques have been introduced to enhance the transferability of the model. However, due to the static nature of existing perception and feature extraction mechanisms, current methods still lack sufficient adaptability in practical generalization scenarios. Inspired by the highly generalizable dynamic information focusing and fusion capabilities of the human visual system, this paper proposes the Self-Coordinated Focusing Network (SCFNet), a novel model designed for modality-agnostic medical image segmentation with domain generalization ability. The model comprises two core components: Dynamic Focusing Convolution (DFC) and the Interactive Attention Fusion Decoding (IAFD) module. DFC dynamically adjusts convolutional aggregation weights and receptive-field scales by pre-perceiving target types and their spatial scale distributions, enabling input-adaptive, target-aware feature perception. Furthermore, IAFD enhances feature fusion efficiency and information interaction during decoding by decomposing semantic information and introducing interactive attention across semantic hierarchies. We evaluate SCFNet on ten datasets spanning four imaging modalities. Experimental results demonstrate that SCFNet consistently outperforms multiple state-of-the-art methods in multi-modal settings, exhibiting superior segmentation accuracy and stronger generalization capability.",ok,
Modeling Clinical Workflow for SYNTAX Scoring from Coronary Angiography Videos,https://papers.miccai.org/miccai-2026/0667-Paper5426.html,https://papers.miccai.org/miccai-2026/paper/5426_paper.pdf,https://github.com/VersaceSu7/SYNTAX_score_777,classification&segmentation,Cardiac,Anomaly / Lesion Detection; Computer-Aided Diagnosis,Interpretability / Explainability,"Fu, Suzhong | Dong, Jingqi | Ding, Xuan | Sun, Rui | Yang, Yiming | Cui, Shuguang | Li, Zhen","The SYNTAX score is a clinically established tool for assessing anatomical lesion complexity in coronary artery disease and guiding subsequent treatment. However, automated SYNTAX scoring is commonly formulated as a direct regression problem from coronary angiography videos to patient-level scores. In this work, we reformulate SYNTAX scoring as a vessel segment identity-preserving anatomical reasoning problem and propose a hierarchical modeling framework that explicitly aligns learning with the clinical workflow. Our approach maintains vessel segment identity across frames and views, estimates stenosis severity at the segment level, and aggregates evidence hierarchically according to coronary anatomy. Simultaneously, to address the scarcity of domain-specific data, we integrate and complete multiple public coronary angiography datasets, constructing a large-scale resource featuring completed vessel segmentation and derived structural annotations. Experiments demonstrate that vessel segment-level stenosis embedding enhances explanatory power and reduces prediction variability compared to baseline models, with the R^2 score improving by 0.201 and dev STD decreasing by 18.4%. These results highlight the necessity of structure-aligned modeling for reliable and stable automated SYNTAX scoring from multi-view coronary angiography videos. The GitHub link is https://github.com/VersaceSu7/SYNTAX_score_777.",ok,
MoSE: Mixture-of-Scale-Experts for Medical Image Restoration,https://papers.miccai.org/miccai-2026/0669-Paper1425.html,https://papers.miccai.org/miccai-2026/paper/1425_paper.pdf,https://github.com/xli839/MoSE,classification,Whole-body / Multi-organ / Other,Image Reconstruction; Image Synthesis / Augmentation / Super-Resolution,Deep Learning,"Li, Xingyu | Xing, Zhaohu | Liu, Zekai | Li, Shuaibo | Wang, Hongqiu | Fei, Song | Zhu, Lei","Medical image restoration (MedIR) is crucial for obtaining high-quality medical images and enabling accurate diagnosis. Existing unified restoration models often suffer from parameter redundancy and high computational cost due to their shared architecture design. While Mixture-of-Experts (MoE) introduces sparse computation, the homogeneous design of experts struggles to handle diverse degradation patterns, resulting in texture distortions and anatomical structure loss. To address these challenges, we propose Mixture-of-Scale-Experts (MoSE) framework, which employs scale-heterogeneous experts operating with different anatomical context ranges, and dynamically selects the most suitable expert for each input. A scale-aware load-balancing loss further promotes balanced expert utilization. Furthermore, we develop an Orientation-Contrast Guided (OCG) filter, combining Haar wavelet–based directional sensing with local contrast enhancement to guide high-frequency reconstruction of fine-grained structures. Finally, we propose a novel Anatomical Texture-Level Similarity (ATLS) metric to better evaluate the structural fidelity of restored anatomical textures. Extensive experiments on a private endoscopic super-resolution dataset and a public all-in-one MedIR benchmark (CT, PET, and MRI) demonstrate that MoSE significantly outperforms state-of-the-art methods in both quantitative metrics and visual quality while maintaining high inference efficiency.",ok,
MRSeg3D: A Perturbation-Resilient Model for 3D Medical Reasoning Segmentation,https://papers.miccai.org/miccai-2026/0673-Paper0767.html,https://papers.miccai.org/miccai-2026/paper/0767_paper.pdf,,segmentation,Whole-body / Multi-organ / Other,Image Segmentation,Deep Learning; Multimodal Models / LLMs / VLMs,"Hao, Qin | Yu, Long | Tian, Shengwei | Chen, Bonian | Zhou, Cheng | Zhang, Lei | Ye, Xujiong","Reasoning-based medical image segmentation has recently gained prominence by enabling complex target identification through natural language instructions. However, current research in 3D Reasoning Segmentation often prioritizes performance on curated benchmarks, leaving models vulnerable to realistic variations in instructions. To enable a systematic analysis of this fragility, we introduce a novel progressive perturbation benchmark spanning three difficulty levels. On this benchmark, state-of-the-art models show unstable performance and semantic drift, where reasoning becomes misaligned with visual evidence under perturbed instructions. We trace this issue to a critical bottleneck: insufficient visual information flow during the reasoning and mask decoding stages, which leads to cascading errors and significant performance degradation under perturbed inputs. To address these challenges, we propose MRSeg3D, a single-encoder architecture designed to facilitate tighter visual-semantic coupling. The core innovation lies in a suite of cascaded vision injectors that enforce persistent visual grounding by anchoring the model to invariant features at key decision points, thereby mitigating reasoning drift. We further introduce a Seg-Local Projector that collaborates with the mask prompt encoder to refine text-visual cues and improve the precision of [SEG] token execution. Experimental results demonstrate significant and consistent performance improvements in the Dice coefficient and text generation quality. This work provides actionable insights for next-generation intelligent clinical systems. Our code and models are available at https://github.com/lihaoqin168/MRSeg3D.",ok,
MSHF-Net: Multimodal Breast Cancer Molecular Subtype Prediction via Segmentation-Guided Hierarchical Fusion Network,https://papers.miccai.org/miccai-2026/0675-Paper2496.html,https://papers.miccai.org/miccai-2026/paper/2496_paper.pdf,https://github.com/knot41/MSHF-Net,classification&segmentation,Breast,Multimodal Integration with Clinical / Genomic / Biomarkers; Outcome Prediction / Prognosis / Longitudinal Modeling,Deep Learning; Multimodal Models / LLMs / VLMs,"Jiang, Xinjie | Zhou, Chengye | Li, Yueyuan | Wang, Yuqian | Zhang, Yue | Nian, Qingyu | Zhang, Lingyan | Qin, Feiwei | Wang, Changmiao","Breast cancer treatment and prognosis depend strongly on molecular subtype. However, conventional invasive biopsy and postoperative pathology can be affected by tumor heterogeneity and sampling bias, which motivates non-invasive, preoperative subtype prediction. While recent deep learning approaches have enabled imaging-based subtype prediction, relying on a single imaging modality often provides incomplete information. Current multimodal fusion methods also struggle to capture differences in information scale and the complementary relationships among Mammography (MG), Ultrasound (US), and clinical data. In addition, because breast lesions often occupy only a small region of the image, weakly supervised classification can be distracted by surrounding background tissue, reducing reliability. To address these limitations, we propose a Multimodal Segmentation-Guided Hierarchical Fusion Network (MSHF-Net) to classify breast cancer into Luminal and Non-luminal subtypes. The model uses Hierarchical Tri-modal Fusion (H-TMF) to better integrate complementary signals from MG, US, and clinical features. It also introduces a Segmentation-Guided Aggregation (SGA) module to strengthen discrimination by combining global context with localized lesion information. Finally, a Class-Balanced Focal (CBF) Loss improves recognition of minority subtypes and mitigates the Luminal/Non-luminal class imbalance. Experiments on the self-collected LGCH-Breast dataset show that MSHF-Net outperforms existing methods across multiple metrics, indicating strong potential for non-invasive multimodal subtype prediction. Code is available at https://github.com/knot41/MSHF-Net.",ok,
Multi-agent Test-Time Adaptation for Robust Medical Image-to-Image Translation,https://papers.miccai.org/miccai-2026/0680-Paper2376.html,https://papers.miccai.org/miccai-2026/paper/2376_paper.pdf,https://github.com/arco-group/Multi-Agent-TTA,Agent,Abdomen; Brain; Lung / Thoracic,Image Synthesis / Augmentation / Super-Resolution,Domain Adaptation / Harmonization,"Iele, Irene | Di Feola, Francesco | Soda, Paolo | Sicilia, Rosa | Tortora, Matteo","Test-Time Adaptation (TTA) has emerged as a strategy to adapt pretrained models to unseen data during inference without requiring retraining or access to large datasets. Despite recent progress, most existing TTA approaches rely on fixed adaptation strategies, lacking explicit mechanisms to determine whether a test sample requires adaptation and to what extent. As a consequence, adaptation may be unnecessary or suboptimal, especially in scenarios where test samples exhibit heterogeneous degrees of distribution shift, as in the case of medical imaging. Moreover, existing TTA methods are typically developed as by-design solutions that are tightly coupled to specific tasks. This limits modularity and hinders the development of adaptation frameworks that can be flexibly attached to pretrained models. To address these limitations, we propose a novel TTA framework based on a Multi-Agent System formulation that enables sample-specific adaptation and separates adaptation control from the pretrained task model. Our method decomposes TTA into four interacting agents responsible for task execution, distribution shift monitoring, adaptation selection, and model update. We validate our approach by carrying out extensive experiments on two medical image-to-image translation tasks, T1-to-T2 MRI translation and low-dose CT denoising, across four publicly available datasets. Results show consistent improvements over the state-of-the-art. Code is available at https://github.com/arco-group/Multi-Agent-TTA.",ok,
Multi-regional CT Radiomics Fusion to Quantify Pathology-Derived Pollutant Burden in Lung Cancer,https://papers.miccai.org/miccai-2026/0694-Paper1327.html,https://papers.miccai.org/miccai-2026/paper/1327_paper.pdf,,classification,Lung / Thoracic,Computational / Integrative Pathology; Computer-Aided Diagnosis; Multimodal Integration with Clinical / Genomic / Biomarkers,Radiomics / Radiogenomics,"Li, Yutong | Pan, Xiaoxi | Balachandran, Abishek | Behrens, Carmen | Salvatierra, Maria Esther | Solis Soto, Luisa Maren | Young, Chingyi | Yuan, Yinyin | Wu, Chengyue","Anthracotic carbon pigment deposition reflects cumulative inhaled particulate exposure and is only visible in histopathology, which is however invasive, limiting scalability for screening and longitudinal monitoring. We developed a CT-based radi-omics framework to non-invasively estimate pollutant burden using pathology-derived lung pollutant measure as reference. We extracted standardized radiomic features from six anatomical regions (tumor, whole lung, normal lung, and 5/10/15-mm peritumoral rings) and trained region-specific classifiers with nested cross-validation. Region-specific classifiers trained via cross-validated feature selection were integrated through weighted late-fusion. In an in-houe cohort (n=145), multi-regional fusion achieved AUC=0.733 (95% CI: 0.644–0.812), outperforming single-region models (best AUC=0.664). Normal lung parenchyma contributed most strongly (weight=0.40), with texture heterogeneity features dominating. External evaluation on a subset of National Lung Screening Trial (NLST) (n=194) demon-strated maintained discriminative performance under domain shift (AUC=0.609, 95% CI: 0.513–0.702). Subgroup analyses suggested the model is not driven by smoking status, confirming pollution-specific signal capture. This framework pro-vides a noninvasive, mechanism-anchored approach to quantify pollutant-associated phenotypes from routine chest CT.",ok,
Multi-stage NeRF for Efficient 3D Coronary Artery Reconstruction from Two Narrow-Angle Angiographic Projections,https://papers.miccai.org/miccai-2026/0697-Paper5185.html,https://papers.miccai.org/miccai-2026/paper/5185_paper.pdf,https://github.com/MultiMeDIA-Oxford/NeCAPP,reconstruction,Cardiac,Image Reconstruction,Semi- / Weakly- / Self-supervised Learning,"Meng, Deyu | Lashgari, Mojtaba | Wang, Yiying | Banerjee, Abhirup","X-ray coronary angiography is the clinical gold standard for coronary artery disease during real-time cardiac interventions, but provides only 2D projections of inherently 3D vessels. Existing learning-based 2D-to-3D reconstruction methods typically require wide angular coverage or multiple views, assumptions that are rarely satisfied in routine practice where only two projections with narrow angular separation are available. To address these challenges, we propose NeCA++, a multi-stage self-supervised neural radiance field (NeRF) framework tailored to clinically realistic acquisition constraints. The framework decomposes reconstruction into two stages that progressively refine spatial support and representation capacity. In the first stage, a coarse 3D representation of the vasculature is reconstructed, restricting the subsequent optimisation to regions with a higher likelihood of vessel presence, termed an active region. Afterward reconstruction is restricted to this region while higher-resolution representations are progressively activated to recover fine vascular details. This multi-stage strategy focuses learning on anatomically plausible regions, mitigates gradient dilution under extreme sparsity, and stabilises global topology before recovering fine vascular branches. Furthermore, two vessel-specific regularisations are introduced: a ray-aligned constraint to reduce projection-induced ambiguity, and a bimodal density penalty to enable early vessel-background separation. Extensive experiments across three datasets (ImageCAS, ASOCA, and Synthetic RCA) and four angular configurations demonstrate consistent superiority over state-of-the-art baselines, particularly under clinically realistic narrow-angle settings, while achieving reconstruction within 58 seconds per case. The code is available at https://github.com/MultiMeDIA-Oxford/NeCAPP.",ok,
Multimodal Large Language Model-Driven Self-Verification Reasoning for Interpretable Diagnosis of Diffuse Cystic Lung Diseases,https://papers.miccai.org/miccai-2026/0690-Paper1577.html,https://papers.miccai.org/miccai-2026/paper/1577_paper.pdf,https://github.com/JQW2006/dcld-gsp-msvr,VLM,Lung / Thoracic,Computer-Aided Diagnosis,Interpretability / Explainability; Multimodal Models / LLMs / VLMs,"Jia, Qiwei | Li, Haoqing | Shi, Jun | Chen, Xianmeng | Wang, Rui | Peng, Yating | Gao, Li | Chen, Qianyi | An, Hong | Ouyang, Ruoyun | Hu, Xiaowen","Diffuse Cystic Lung Diseases (DCLDs) comprise a group of rare pulmonary disorders with heterogeneous morphological patterns and overlapping imaging manifestations, posing a significant challenge for differential diagnosis. Although Multimodal Large Language Models (MLLMs) have shown promising zero-shot capabilities for DCLDs recognition, their limited context length prevents them from processing the entire CT scan, and the resulting incomplete spatial perception often leads to prediction hallucinations, characterized by poor accuracy and interpretability. To address these problems, we propose an interpretable MLLM-driven diagnostic reasoning framework for DCLDs inspired by the clinical workflow. To enable effective utilization of CT images, we design a Global Spatial Perception (GSP) strategy that projects critical 3D lesion characteristics into compact 2D representations, preserving essential spatial distribution and morphology information while substantially reducing input context. Furthermore, we introduce a Multistep Self-Verification Reasoning (MSVR) mechanism that guides the model to identify and validate discriminative visual evidence from representative axial slices, iteratively refining diagnostic probabilities and enhancing interpretability. We construct a large-scale, multi-center dataset comprising diverse DCLDs subtypes and conduct extensive experimental evaluations. Our method achieves a diagnostic accuracy of 82.5%, significantly outperforming state-of-the-art approaches, while ablation studies confirm the contribution of each key component. These results demonstrate the feasibility and clinical potential of MLLMs for reliable DCLDs diagnosis. Code available at https://github.com/JQW2006/dcld-gsp-msvr.",ok,
Mutual Distillation of Dual-Foundation Models for Semi-supervised PET/CT Segmentation,https://papers.miccai.org/miccai-2026/0699-Paper0353.html,https://papers.miccai.org/miccai-2026/paper/0353_paper.pdf,https://github.com/Wubeining/MuDuo,segmentation,Whole-body / Multi-organ / Other,Image Segmentation,Domain Adaptation / Harmonization; Foundation Models; Multimodal Models / LLMs / VLMs,"Mao, Fuyou | Wu, Beining | Jiang, Yanfeng | Xu, Bohan | Lin, Lixin | Ji, Naye | Zhang, Hao | Tang, Yan","Organ segmentation from PET/CT is critical for quantitative analysis and radiotherapy planning in oncology. To ease the high annotation cost for PET/CT annotation, semi-supervised learning provides a practical and effective solution for developing deep models with limited labeled data. Recent developments in visual foundation models have demonstrated remarkable adaptability with improved efficiency. In this work, we propose a mutual distillation framework to seamlessly exploit both structural and functional foundation models, which act as modality-specific generalists for distillation of knowledge from structural CT and metabolic PET imaging. By bridging the gap between the task-specific precision of specialist models and the segmentation priors of different generalist foundation models, we propose a mutual distillation framework MuDuo that synergistically exploits structural and functional foundation models SAM-Med3D for CT and SegAnyPET for PET to mutually distill knowledge to a lightweight student network. Our approach eliminates the need for manual prompts while maximizing the utility of unlabeled data for automatic segmentation, achieving state-of-the-art performance on the AutoPET dataset with only 5 labeled cases.Our source code is available at https://anonymous.4open.science/r/MuDuo/",ok,
MVDA-Net: Multi-View Dual-Alignment Network for 3D Carotid Artery Segmentation,https://papers.miccai.org/miccai-2026/0702-Paper1321.html,https://papers.miccai.org/miccai-2026/paper/1321_paper.pdf,https://github.com/Vi-cai/MVDA-Net,segmentation,Vasculature,Image Segmentation,,"Wen, Yang | Wang, Xiaoyao | Song, Wenfeng | Shi, Wuzhen | Fu, Huazhu | Zhu, Lei | Sheng, Bin","Accurate segmentation of the carotid artery from computed tomography angiography (CTA) images is essential to manage atherosclerotic vascular disease. However, studies specifically targeting carotid artery segmentation in CTA imaging remain relatively limited, and existing 3D segmentation methods face significant challenges when applied to this task, including discontinuous lesion distribution, extreme foreground scarcity, inadequate capture of the vessel wall’s low-contrast subtle double-edge boundaries and irregular calcification contours. Moreover, these methods suffer from insufficient spatial and semantic complementarity modeling in encoder-decoder feature alignment. To address these limitations, we propose a novel Multi-View Dual-Alignment Network (MVDA-Net) that integrates three key innovations: (1) a Spatially-Aware Orthogonal Projection (SAOP) module that enhances global context modeling and representation of small vascular structures through multi-view projection across orthogonal anatomical planes with spatial attention; (2) a Hierarchical Inverted Attention Refinement (HIAR) module that propagates boundary-enhancing inverted attention from deep features to shallow layers for progressive boundary refinement; and (3) a Synergistic Feature Alignment (SFA) module that suppresses redundancy and enhances complementarity through feature differences while modeling semantic relationships via summation for effective spatial-semantic alignment. Comprehensive experiments on one in-house carotid artery CTA dataset (named CA) and three public benchmarks demonstrate that our proposed MVDA-Net achieves state-of-the-art performance. The code for MVDA-Net is publicly available at: https://github.com/Vi-cai/MVDA-Net.",ok,
NASD-Diff: A Noise-Assisted Structural Difference Diffusion Model for CT Angiography Generation from NCCT,https://papers.miccai.org/miccai-2026/0704-Paper0935.html,https://papers.miccai.org/miccai-2026/paper/0935_paper.pdf,,Agent,Head & Neck,Image Synthesis / Augmentation / Super-Resolution,Deep Learning,"Xie, Zeng | Guo, Lijun | Chen, Bang | Pan, Yuning | He, Wenming | Ye, Xianwang | Zhang, Rong","Generating CT Angiography (CTA) from the latent vascular structural information in Non-Contrast CT (NCCT) has significant clinical value and remains highly challenging. With the successful application of diffusion models in medical image modality conversion tasks, research on NCCT-to-CTA generation has been promoted. However, most diffusion-based methods still use random noise to model the entire CTA image, lacking explicit modeling of vascular enhancement changes caused by contrast agent injection, which limits the quality of vascular visualization in generated images. To address this limitation, we propose a Noise-Assisted Structural Difference Diffusion Model (NASD-Diff) for NCCT-to-CTA generation. In the forward process, a noise-assisted structural difference degradation operator explicitly models the attenuation of contrast-enhanced vascular signals while incorporating controllable noise for high-frequency texture modeling. In the reverse process, a dual-decoder network decouples the prediction of vascular structural differences and noise components. Furthermore, a cross-slice conditional embedding module leverages contextual information to enhance the quality of image generation, and a global perception refinement module improves the overall visual perception of the generated images. Experiments on a real clinical dataset demonstrate that NASD-Diff significantly outperforms existing methods in PSNR, SSIM, RMSE, and multiple perceptual metrics, highlighting its effectiveness and clinical potential for high-quality CTA synthesis without contrast agents.",ok,
NEARL: Interacted Query Adaptation with Orthogonal Regularization for Medical Vision-Language Understanding,https://papers.miccai.org/miccai-2026/0705-Paper0040.html,https://papers.miccai.org/miccai-2026/paper/0040_paper.pdf,,VLM,Lung / Thoracic,Computer-Aided Diagnosis,Multimodal Models / LLMs / VLMs,"Peng, Zelin | Zhao, Yichen | Huang, Yu | Yang, Piao | Tang, Feilong | Xu, Zhengqin | Yang, Xiaokang | Shen, Wei","Computer-aided medical image analysis is crucial for disease diagnosis and treatment planning. While vision-language models (VLMs) such as CLIP exhibit strong generalization ability, their direct application to medical imaging remains hindered by a substantial domain gap. Existing methods for bridging this gap, including prompt learning and unidirectional modality interaction, typically introduce domain knowledge into only one modality. However, such approaches fail to fully exploit CLIP’s inherent dual-modality structure and overlook the synergistic effect of bidirectional cross-modal interaction, resulting in persistent modality misalignment. In this paper, we propose NEARL (iNteracted quEry Adaptation with oRthogonaL Regularization), a novel parameter-efficient VLM framework for bidirectional cross-modal interaction. NEARL consists of two key components: (1) the Unified Synergy Embedding Transformer (USEformer), which dynamically generates compact cross-modal queries to facilitate interaction; and (2) the Orthogonal Cross-Attention Adapter (OCA), which decouples new knowledge into truly novel and incremental components through orthogonal regularization. This design reduces interference from incremental components, enabling more focused learning of novel information and improving modality interaction in VLMs. Notably, NEARL introduces only 1.46M learnable parameters. Extensive experiments on three medical imaging modalities demonstrate state-of-the-art performance (e.g., a 2.3% relative improvement on the pneumonia dataset), along with fast inference and low memory overhead, highlighting its effectiveness for real-world medical vision-language understanding.",ok,
NeuroSymb-MRG: Differentiable Abductive Reasoning with Active Uncertainty Minimization for Radiology Report Generation,https://papers.miccai.org/miccai-2026/0712-Paper6461.html,https://papers.miccai.org/miccai-2026/paper/6461_paper.pdf,,image synthesis,Lung / Thoracic,Computer-Aided Diagnosis,Multimodal Models / LLMs / VLMs,"Fu, Rong | Lyu, Yiqing | Meng, Chunlei | Qi, Muge | Jin, Yabin | Zhao, Qi | Bao, Li | Gao, Juntao | Shi, Fuqian | Dey, Nilanjan | Luo, Wei | Zhang, Wenxin | Fong, Simon","Automatic generation of radiology reports seeks to reduce clinician workload while improving documentation consistency. Existing methods that adopt encoder-decoder or retrieval-augmented pipelines achieve progress in fluency but remain vulnerable to visual-linguistic biases, structural misalignment, and lack of explicit multi-hop clinical reasoning. We present NeuroSymb-MRG, a unified framework that integrates NeuroSymbolic abductive reasoning with active uncertainty minimization to produce structured, interpretable reports. The system maps image features to probabilistic clinical concepts, composes differentiable logic-based reasoning chains, decodes those chains into templated clauses, and refines the textual output via retrieval and constrained language-model editing. An active sampling loop driven by rule-level uncertainty and diversity guides targeted training optimization and promptbook refinement. Experiments on standard benchmarks demonstrate consistent improvements in structural coherence and interpretability and standard language metrics compared to representative baselines.",ok,
NoiBox: Safeguard Frontier via Reverse Adversarial Diffusion for Noisy-Box-Supervised 3D Tumor Segmentation,https://papers.miccai.org/miccai-2026/0713-Paper1665.html,https://papers.miccai.org/miccai-2026/paper/1665_paper.pdf,,classification&segmentation,Whole-body / Multi-organ / Other,Image Segmentation,Semi- / Weakly- / Self-supervised Learning,"Ji, Kailun | Zhai, Shaoqing | Lian, Cheng | Su, Yixin | Huang, Baoru | Xiao, Feng | Zhou, Quan","Voxel-wise 3D tumor segmentation is clinically essential yet prohibitively expensive to annotate at scale. In clinical workflows, radiologists can instead provide a single coarse 3D bounding box as a fast region-of-interest cue. However, such boxes are typically noisy, introducing background contamination near the inner boundary and tumor leakage beyond the box. Naive approaches that enforce hard box-as-mask constraints or use rigid pseudo-labels in self-training amplify confirmation bias and degrade boundary accuracy. To overcome this, we propose a safeguard frontier paradigm that learns 3D tumor segmentation from a noisy box by constructing a soft frontier supervision target. Specifically, we partitions 3D space into a far-field safe background and an inner/outer uncertainty band around the box. Within such band, we mine reliable foreground-core and safe-background seeds via entropy-based reliability, then generates a detached soft frontier target through reverse adversarial diffusion integrating the affinity-driven diffusion evolution with annealed prediction gate to jointly build the safeguard frontier between outward-diffusing foreground evidence and inward-diffusing background evidence. The model training combines a distance-decayed safe-background constraint with a adversarial diffusion consistency constraint. Importantly, the approach is plug-and-play with any 3D backbones. Experiments on MSD-Lung and MSD-Pancreas demonstrate that our method outperforms state-of-the-art (SOTA) box-supervised approaches by at least 8.0% in Dice score and exhibits strong robustness to controlled looseness and leakage perturbations, highlighting the practical value of scalable single-box annotation. Codes are at https://anonymous.4open.science/r/Noibox-0xAEE499A7.",ok,
Non-linear INR-Based Motion Modeling for 4D Radiotherapy,https://papers.miccai.org/miccai-2026/0716-Paper5263.html,https://papers.miccai.org/miccai-2026/paper/5263_paper.pdf,https://github.com/IPMI-ICNS-UKE/INR-Motion-Modeling,registration,Lung / Thoracic,Image Registration,Deep Learning,"Gebauer, Johannes B. | Büttgen, Laura E. | Sentker, Thilo | Werner, René","Accurate motion management via patient-specific motion models is critical for motion compensation and tumor tracking in 4D radiotherapy. Existing approaches typically rely on a two-step pipeline combining deformable image registration (DIR) and linear surrogate-based regression, limiting their ability to capture complex, nonlinear surrogate-to-motion relationships. We propose a novel implicit neural representation (INR) motion model that jointly optimizes DIR and surrogate regression, directly predicting continuous deformation vector fields from arbitrary surrogate states. The framework simultaneously learns forward and backward motion models with enforced cyclic consistency, and adapts the SIREN architecture with anisotropic frequency scaling to account for the differing spatial and temporal dynamics of the input. Evaluated on the DIR-Lab 4DCT dataset, our method achieves a mean TRE of 1.08 mm and DSC of 0.625, outperforming classical and INR-based two-step baselines while yielding strictly zero folding across all cases. Source code is available at https://github.com/IPMI-ICNS-UKE/INR-Motion-Modeling.",ok,
NR-Align: Non-rigid Alignment for Non-simultaneous Two-View 3D Coronary Reconstruction in Complex Cardiac Interventions,https://papers.miccai.org/miccai-2026/0719-Paper3825.html,https://papers.miccai.org/miccai-2026/paper/3825_paper.pdf,https://github.com/wpbzs/NR-Align,image synthesis,Cardiac; Vasculature,Image Reconstruction; Image Registration; Image-Guided Interventions,Domain Adaptation / Harmonization; Synthetic Data / Data-centric AI,"Wang, Pengbo | Meng, Zhu | Yu, Qiwan | Su, Fei | Di, Chunxia","Accurate 3D coronary artery reconstruction from two non-simultaneous Digital Subtraction Angiography (DSA) projections is important for guidance in complex cardiac interventions, yet remains unreliable in practice. Cardiac pulsation and respiration introduce non-rigid motion between views, breaking rigid-geometry assumptions and causing cross-view misregistration, which often leads to vessel discontinuities, ghosting artifacts, and topology errors in reconstructed volumes. We propose NR-Align, a motion-aware non-rigid alignment module that reduces cross-view mismatch on dual-view backprojected volumes before downstream 3D reconstruction. To enable controlled training and analysis, we further build a physiology-driven simulation pipeline that synthesizes realistic cardiopulmonary deformations and provides paired 3D vascular ground truth from Coronary Computed Tomography Angiography (CCTA) volumes. Experiments on a synthesized dual-async benchmark constructed from the ImageCAS dataset and on unseen real clinical DSA cases show that NR-Align improves 3D Dice and reprojection agreement, and consistently reduces motion-induced artifacts, yielding more coherent coronary reconstructions. Code will be made publicly available.",ok,
On the Behavior of Calibration Error Under Rater Disagreement,https://papers.miccai.org/miccai-2026/0725-Paper4416.html,https://papers.miccai.org/miccai-2026/paper/4416_paper.pdf,https://github.com/whiterabbit-ai/calibration-under-rater-disagreement,classification,Breast,Computer-Aided Diagnosis,Evaluation / Benchmarking / Reproducibility; Fairness / Safety / Reliability; Uncertainty Quantification,"Kumar, Harshit | Truong Vu, Yen Nhi | Su, Jason | Matthews, Thomas Paul","Medical AI systems are often evaluated on datasets where ground truth labels suffer from inter-rater variability. Calibration is typically computed against majority-vote consensus to assess whether predicted probabilities reflect correctness. However, recent work argues that calibration to human majority is theoretically flawed in inherently subjective tasks, calling into question the utility of calibration error in such settings. In this work, we demonstrate that this flaw is not with calibration itself but arises from label aggregation strategies, such as majority voting, that induce a mismatch between the calibration target and the intended meaning of the model predictions. Specifically, we show that this mismatch breaks the oracle guarantee that a predictor returning the true probabilities should achieve zero calibration error in expectation. We then consider two principled alternatives to eliminate this mismatch: (i) computing calibration directly against individual rater labels, and (ii) retaining consensus labels while analytically aligning predictions with the aggregation rule. We prove that both approaches recover consistent calibration estimates that restore the oracle guarantee, showing that calibration remains meaningful under label stochasticity. Through controlled sensitivity analyses and a real-world breast density case study, we empirically validate the theoretical behavior of the two protocols. Together, this work establishes the first principled framework that demonstrates the oracle guarantee of calibration error under subjective labeling.",ok,
One Sequence to Segment Them All: Efficient Data Augmentation for CT and MRI Cross-Domain 3D Spine Segmentation,https://papers.miccai.org/miccai-2026/0727-Paper1360.html,https://papers.miccai.org/miccai-2026/paper/1360_paper.pdf,https://github.com/neuropoly/AugLab,classification&segmentation,Spine,Image Segmentation; Image Synthesis / Augmentation / Super-Resolution,Domain Adaptation / Harmonization; Evaluation / Benchmarking / Reproducibility,"Molinier, Nathan | Möller, Hendrik | Dagonneau, Thomas | Curto-Vilalta, Anna | Graf, Robert | Atad, Matan | Rueckert, Daniel | Kirschke, Jan S. | Cohen-Adad, Julien","Deep learning–based medical image segmentation is increasingly used to support clinical diagnosis and develop new treatment strategies. However, model performance remains limited by the scarcity of high-quality annotated data and insufficient generalization across imaging protocols. This limitation is particularly evident in MRI and CT, where models are typically trained on a single acquisition sequence and exhibit reduced robustness when applied to unseen sequences or contrasts. Although data augmentation is widely used to improve general robustness on medical images, its impact on cross-modality generalization has not been quantitatively explored. In this work, we study a targeted set of data augmentation techniques designed to improve cross-modality transfer. We train three spine segmentation models, each on a single-modality/sequence dataset, and evaluate them across seven out-of-distribution datasets (spanning CT and MRI), reflecting a realistic single-sequence training and multi-sequence/contrast/modality deployment scenario. Our results demonstrate substantial performance gains on unseen domains (average Dice gain of 155%) while preserving in-domain accuracy (average Dice decrease of 0.008%), including effective transfer between CT and MRI. To mitigate the computational cost typically associated with strong data augmentation, we implement GPU-optimized augmentations that maintain, and even improve, training efficiency by approximately 10%. We release our approach as an open-source toolbox, enabling seamless integration into commonly used frameworks such as nnUNet and MONAI. These augmentations significantly enhance robustness to heterogeneous clinical imaging scenarios without compromising training speed.",ok,
One-Shot Data Selection for Medical Image Classification via Graph Coverage,https://papers.miccai.org/miccai-2026/0729-Paper3438.html,https://papers.miccai.org/miccai-2026/paper/3438_paper.pdf,https://github.com/zahiriddin-rustamov/graph-coverage-selection,image synthesis,Whole-body / Multi-organ / Other,Computer-Aided Diagnosis,Deep Learning; Evaluation / Benchmarking / Reproducibility; Foundation Models; Semi- / Weakly- / Self-supervised Learning; Synthetic Data / Data-centric AI,"Rustamov, Zahiriddin | Badawi, Nadia | Damseh, Rafat | Zaki, Nazar","Training medical image classifiers on entire datasets is wasteful when labeling or compute budgets are constrained: not all samples contribute equally to downstream accuracy. Active learning reduces annotation cost through iterative querying, but assumes repeated access to an oracle and requires multiple rounds of model training. One-shot geometry-based methods such as facility location avoid retraining but operate on pairwise distances that ignore the local structure of the data manifold. We propose a graph-based one-shot selection method that prunes a labeled training pool using frozen foundation model embeddings. Given embeddings from a pretrained encoder, we construct a k-nearest neighbor graph over all training samples and derive a two-term coverage kernel from the heat diffusion kernel, capturing both direct and two-hop neighborhood relationships. Greedy facility location on this kernel selects class-balanced subsets that maximize coverage of the data manifold. The two-term kernel matches the full spectral heat kernel in selection behavior while reducing computation to sparse matrix operations with a single hyperparameter. We evaluate on five MedMNIST datasets spanning histopathology, radiology, and microscopy, comparing against both training-dynamics and geometry-based baselines. Our method achieves the highest balanced accuracy on nine of ten dataset-ratio conditions, with the largest gains on class-imbalanced datasets where global graph construction captures cross-class structure that per-class methods miss, all without any model training during selection. Code is available at https://github.com/zahiriddin-rustamov/graph-coverage-selection.",ok,
Ontology-Grounded Structured Prediction for Dental CBCT Reporting,https://papers.miccai.org/miccai-2026/0731-Paper0618.html,https://papers.miccai.org/miccai-2026/paper/0618_paper.pdf,https://github.com/AImageLab-zip/CBCT-Report,classification,Head & Neck,Other,Multimodal Models / LLMs / VLMs,"Lumetti, Luca | Di Bartolomeo, Mattia | Pellacani, Arrigo | Anesi, Alexandre | Grana, Costantino | Bolelli, Federico","We present a dataset and baseline for ontology-grounded structured prediction from dental Cone-Beam Computed Tomography (CBCT) volumes. Building on the public ToothFairy3 benchmark (532 volumes with expert-level segmentations), we contribute (i) a total of 893 free-text clinical reports for 529 publicly available CBCT volumes, (ii) their conversion into validated RDF/Turtle (Resource Description Framework) instances aligned with a clinician-designed OWL (Web Ontology Language) ontology spanning 13 finding types and multiple qualifier axes, and (iii) a strong baseline demonstrating the effectiveness of our setup and establishing a foundation for future work. We formulate CBCT reporting as a three-stage structured prediction problem—i.e., finding detection, anatomical slot allocation, and property prediction—and introduce a hierarchical evaluation suite of six clinically interpretable metrics that decouple detection, localization, and characterization. A baseline model using frozen multi-scale VoxTell features, a structure-indexed encoder, and ontology-driven prediction heads achieves strong results under 5-fold cross-validation, with stage-decoupled analysis identifying presence detection as the primary deployment bottleneck. Dataset, ontology, and code are publicly released: https://github.com/AImageLab-zip/CBCT-Report.",ok,
Open-PMC-18M: A High-Fidelity Large Scale Medical Dataset for Multimodal Representation Learning,https://papers.miccai.org/miccai-2026/0733-Paper2639.html,https://papers.miccai.org/miccai-2026/paper/2639_paper.pdf,https://github.com/vectorInstitute/pmc-data-extraction,VLM,Whole-body / Multi-organ / Other,Computer-Aided Diagnosis; Multimodal Integration with Clinical / Genomic / Biomarkers,Foundation Models; Multimodal Models / LLMs / VLMs; Semi- / Weakly- / Self-supervised Learning,"Baghbanzadeh, Negin | Islam, Mohammed Saidul | Ashkezari, Sajad | Dolatabadi, Elham | Afkanpour, Arash","In biomedical vision-language modeling, datasets are typically mined from scientific literature where compound figures are paired with short and often partially informative captions. Prior work on sub-figure extraction has been limited in both dataset size and generalizability. In addition, no existing effort has incorporated rich medical context in image-text pairs. We revisit data curation as a foundational component of effective biomedical representation learning. We address this by introducing a scalable curation pipeline that integrates transformer-based subfigure detection, subcaption extraction, and contextual text enrichment to improve alignment quality. We introduce Open-PMC-18M, a large-scale high-fidelity biomedical dataset comprising 18 million image-text pairs, spanning radiology, microscopy, and visible light photography. We train vision-language models on our dataset and perform extensive evaluation on 6 retrieval and 19 zero-shot classification tasks across three major modalities. The models trained on our dataset establish new state-of-the-art results in medical representation learning. We release our dataset, models, and code for reproducibility and further study into biomedical vision-language modeling and representation learning.",ok,
OPGAgent: An Agent for Auditable Dental Panoramic X-ray Interpretation,https://papers.miccai.org/miccai-2026/0735-Paper0308.html,https://papers.miccai.org/miccai-2026/paper/0308_paper.pdf,https://github.com/Zhaolin-Yu/OPGAgent,Agent,Whole-body / Multi-organ / Other,Computer-Aided Diagnosis; Other,Evaluation / Benchmarking / Reproducibility; Interpretability / Explainability; Other,"Yu, Zhaolin | Yang, Litao | Babicka, Ben | Hu, Ming | Hao, Jing | Huang, Anthony | Huang, James | Jin, Yueming | Wu, Jiasong | Ge, Zongyuan","Orthopantomograms (OPGs) are the standard panoramic radiograph in dentistry, used for full-arch screening across multiple diagnostic tasks. While Vision Language Models (VLMs) now allow multi-task OPG analysis through natural language, they underperform task-specific models on most individual tasks. Agentic systems that orchestrate specialized tools offer a path to both versatility and accuracy, this approach remains unexplored in the field of dental imaging. To address this gap, we propose OPGAgent, a multi-tool agentic system for auditable OPG interpretation. OPGAgent coordinates specialized perception modules with a consensus mechanism through three components: (1) a Hierarchical Evidence Gathering module that decomposes OPG analysis into global, quadrant, and tooth-level phases with dynamically invoking tools, (2) a Specialized Toolbox encapsulating spatial, detection, utility, and expert zoos, and (3) a Consensus Subagent that resolves conflicts through anatomical constraints. We further propose OPG-Bench, a structured-report protocol based on (Location, Field, Value) triples derived from real clinical reports, which enables a comprehensive review of findings and hallucinations, extending beyond the limitations of VQA indicators. On our OPG-Bench and the public MMOral-OPG benchmark, OPGAgent outperforms current dental VLMs and medical agent frameworks across both structured-report and VQA evaluation. Code will be released upon acceptance.",ok,
OPS: One-Shot Point Prompted Semantics-Aware Learning for Medical Image Registration,https://papers.miccai.org/miccai-2026/0738-Paper0160.html,https://papers.miccai.org/miccai-2026/paper/0160_paper.pdf,https://github.com/xiehousheng/OPS,image synthesis,Abdomen; Brain,Image Registration,Deep Learning; Foundation Models,"Xie, Housheng | Gao, Xiaoru | Zheng, Guoyan","Unsupervised learning is the dominant paradigm in medical image registration, primarily due to its straightforward deployment and independence from labor-intensive manual annotations. However, its optimization objective fails to differentiate between semantically distinct anatomical structures and background regions, resulting in suboptimal registration performance. To introduce semantic priors into unsupervised registration with minimal annotation cost, we propose OPS, a One-shot Point prompt-driven Semantics-aware registration framework. Leveraging the powerful semantic clustering capabilities of the pre-trained vision foundation model DINOv3, OPS requires only extremely sparse point prompts (i.e., one point per organ) on a single reference image slice to extract global semantic anchors. These anchors are then propagated across the entire unlabeled dataset to compute feature similarities with the DINOv3 embeddings of each image volume, thereby localizing semantically consistent regions. This process enables the offline generation of dense semantic similarity maps, which serve as nearly annotation-free anatomical localization priors. Subsequently, we integrate these anatomical localization priors into the registration learning through a dual mechanism: (1) semantic feature embedding to modulate the feature representations, and (2) semantics-aware loss optimization to spatially re-weight the similarity loss, enabling semantic guidance for the registration learning. Comprehensive experiments on two datasets demonstrate that the proposed method enhances the registration performance of state-of-the-art methods. The code is available at https://github.com/xiehousheng/OPS.",ok,
Optimal Steps for Fast Diffeomorphic Shape Registration,https://papers.miccai.org/miccai-2026/0739-Paper3666.html,https://papers.miccai.org/miccai-2026/paper/3666_paper.pdf,,registration,Musculoskeletal / Orthopedic,Computational Anatomy & Physiology; Image Registration,,"Bigo-Balland, Hadrien | Boeken, Tom | Feydy, Jean","This paper presents a fast, learning-free registration method tailored to clinical constraints. While shape registration is fundamental to medical imaging, existing techniques often force a trade-off between computational scalability and strict topology preservation. Current diffeomorphic methods are either computationally expensive or demand extensive pre-processing, such as training neural networks on large datasets. This renders them impractical for clinical studies, which often rely on limited cohorts. Image-based methods also require large memory banks to process high-resolution data, while surface-based approaches have received less attention in the deep learning era. In this context, we propose a principled registration algorithm that alternates between a feature-aware matching scheme, a conjugate gradient solver and a diffeomorphic shooting step. Our pipeline can handle point clouds, curves and surface meshes. It is compatible with clinical workflows and can register a pair of shapes sampled with 10k points each in less than a second, without landmarks or supervision. We demonstrate consistent results on several anatomical structures and showcase the efficiency of our method by computing an atlas from hundreds of complex vertebra scans in a few minutes. Upon publication, our code will be released under the permissive MIT license at: scikit-shapes.github.io.",ok,
OrthoFlow: Decoupled Landmark Prediction and Image Synthesis for Orthodontic Treatment Outcome Visualization,https://papers.miccai.org/miccai-2026/0745-Paper2224.html,https://papers.miccai.org/miccai-2026/paper/2224_paper.pdf,https://github.com/ShanghaiTech-IMPACT/OrthoFlow,image synthesis,Whole-body / Multi-organ / Other,Image Synthesis / Augmentation / Super-Resolution; Image-Guided Interventions; Outcome Prediction / Prognosis / Longitudinal Modeling,Deep Learning,"Wang, Leyuan | Dou, Yulong | Yang, Jiancheng | Song, Guangying | Cui, Zhiming","Predicting post-treatment facial profiles from lateral cephalograms is clinically valuable for orthodontic planning and patient communication, yet remains challenging due to the complex interplay between skeletal, dental, and soft-tissue changes. Conventional approaches either predict discrete clinical indices without visual output or apply direct image-to-image translation that fails to preserve anatomical consistency. We propose OrthoFlow, a two-stage decoupled generative framework that separates geometric prediction from image synthesis. In the first stage, a Flow Matching model with a Graph-Transformer hybrid backbone predicts post-treatment landmark displacements conditioned on textual treatment plans. In the second stage, a conditional Flow Matching model synthesizes high-fidelity lateral cephalograms guided by the predicted anatomical contours. Experiments on a large-scale orthodontic dataset demonstrate that OrthoFlow achieves superior geometric accuracy and visual fidelity compared to existing methods, validated by both quantitative metrics and clinical evaluation by orthodontists. Our code and dataset are available at https://github.com/ShanghaiTech-IMPACT/OrthoFlow.",ok,
OsteoFlow: Lyapunov-Guided Flow Distillation for Predicting Bone Remodeling after Mandibular Reconstruction,https://papers.miccai.org/miccai-2026/0748-Paper5704.html,https://papers.miccai.org/miccai-2026/paper/5704_paper.pdf,https://github.com/hamidreza-aftabi/OsteoFlow,image synthesis,Head & Neck,Computer-Aided Diagnosis,Deep Learning,"Aftabi, Hamidreza | Yu, Faye | Switzer, Brooke | Fishman, Zachary | Prisman, Eitan | Hodgson, Antony | Whyne, Cari M. | Fels, Sidney | Hardisty, Michael","Predicting long-term bone remodeling after mandibular reconstruction would be of great clinical benefit, yet standard generative models struggle to maintain trajectory-level consistency and anatomical fidelity over long horizons, particularly in low-data regimes. We introduce OsteoFlow, a flow-based framework predicting Year-1 post-operative CT scans from Day-5 scans. Our core contribution is Lyapunov guided trajectory distillation: Unlike one-step distillation, our method distills a continuous trajectory over transport time from a registration derived stationary velocity field teacher. Combined with a resection aware image loss, this enforces geometric correspondence without sacrificing generative capacity. Evaluated on 344 paired regions of interest, OsteoFlow significantly outperforms state-of-the-art baselines, reducing mean absolute error in the surgical resection zone by ~20%. This highlights the promise of trajectory distillation for long-term prediction in low-data clinical settings. Code is available on GitHub: https://github.com/hamidreza-aftabi/OsteoFlow.",ok,
OTCHA: Optimal Transport-Driven Confidence-Aware Latent Hub Alignment for Multi-view Medical Image Classification,https://papers.miccai.org/miccai-2026/0749-Paper4914.html,https://papers.miccai.org/miccai-2026/paper/4914_paper.pdf,https://github.com/labhai/OTCHA,classification,Breast; Lung / Thoracic; Musculoskeletal / Orthopedic,Anomaly / Lesion Detection; Computer-Aided Diagnosis,Deep Learning,"Yang, Jiwoong | Chung, Haejun | Jang, Ikbeom","Multi-view imaging, such as mammography and chest radiography, is a standard component of clinical practice. However, medical images are often unregistered and contain view-specific artifacts or irrelevant background cues that can obscure diagnostically relevant findings. Many existing methods directly fuse per-view representations, allowing such irrelevant content to contaminate the fused embedding and reducing robustness under varying view configurations. We propose OTCHA, a confidence-aware latent hub token alignment module based on optimal transport (OT) that refines patch tokens before fusion for multi-view classification. OTCHA introduces a set of learnable latent hub tokens shared across views. For each view, we compute an OT plan between patch tokens and hub tokens that jointly considers feature similarity and geometry, and augment the OT formulation with token-conditional dustbins to enable partial matching and discard irrelevant tokens. The resulting transport plan provides token-wise matching confidence, which gates hub-mediated message passing and weights a novel optimal-transport-based representation alignment loss to stabilize refinement. Experiments on three multi-view medical image datasets demonstrate consistent improvements over competing baselines across diverse anatomies and view configurations. Our code is available at https://github.com/labhai/OTCHA.",ok,
OTFusion: Optimal Transport-Driven 3D Multi-modal Medical Image Fusion for Enhanced Cross-Modality Representation,https://papers.miccai.org/miccai-2026/0751-Paper2836.html,https://papers.miccai.org/miccai-2026/paper/2836_paper.pdf,,image synthesis,Brain,Image Synthesis / Augmentation / Super-Resolution,Deep Learning,"Wei, Xinjian | Xiong, Yafei | Chen, Chunyuan | Yang, Haorui | Lu, Haotian | Yu, Mingyang | Xu, Jing","Multi-modal medical image fusion aims to integrate complementary information across heterogeneous modalities into a unified and informative representation for clinical analysis. However, most existing approaches rely on heuristic or implicit feature aggregation strategies, lacking a principled mechanism to explicitly align cross-modal distributions, which often results in compromised structural consistency and semantic coherence. To address this, we propose a paradigm shift by reformulating multi-modal fusion task as a cross-domain distribution alignment problem, inspired by Optimal Transport (OT) framework. Specifically, we interpret fusion as seeking one minimum-cost matching between the source modalities and the idealized fused distribution, thereby providing a theoretically grounded criterion for cross-modal integration. Building upon this, we develop OTFusion, an end-to-end 3D framework driven by OT principles. OTFusion leverages the collaborative dual-network architecture, the U-Net-based mapping network that generates the fused representation, and the latent potential network estimates Kantorovich potentials to regularize the fusion process toward the optimal transport objective. Furthermore, we introduce a Cross-Dimensional Interaction Module (CroDIM) to explicitly capture complex inter-modal dependencies across spatial and feature dimensions, enabling effective multi-perspective information coupling. An adaptive optimization constraint is additionally incorporated to enhance cross-modal complementarity while preserving feature consistency. Experiments on various datasets demonstrate the OTFusion consistently outperforms state-of-the-art methods in both qualitative visualization and quantitative evaluation, validating its effectiveness and robustness for multi-modal medical image fusion.",ok,
PAVL: Enhancing Feature Prototype Alignment with Vision–Language Model for Semi-supervised Medical Image Segmentation,https://papers.miccai.org/miccai-2026/0761-Paper0625.html,https://papers.miccai.org/miccai-2026/paper/0625_paper.pdf,,VLM,Lung / Thoracic,Image Segmentation,Semi- / Weakly- / Self-supervised Learning,"Kuang, Junchang | Chen, Jiale | Feng, Siyang | Liu, Zaiyi | Lin, Huan | Lan, Rushi | Pan, Xipeng","Semi-supervised medical image segmentation (SSMIS) has garnered significant attention for its ability to reduce radiologists’ manual annotation burden. However, inadequate distinction between different categories in the feature space can lead to difficulty in distinguishing visually similar classes. Vision–language models like CLIP excel at disambiguating such categories through rich semantic representations, but their coarse‑grained embeddings struggle to capture fine structural details in complex medical scans. To address these challenges, we propose a CLIP-based SSMIS framework, which comprises three key components: unified representation matching (URM), prototype alignment (PA) and embedding fusion CLIP (EFCLIP). Specifically, URM aligns spatial feature representations between teacher and student networks to mitigate the impact of high-uncertainty voxels and ambiguous boundaries. Building on this, PA selects high-confidence voxels based on voxel-level uncertainty to construct robust class prototypes. Furthermore, EFCLIP integrates CLIP’s text embeddings with voxel-level visual features, fusing global semantic priors with local spatial structure to enhance the discriminative ability for visually similar voxels categorize. Extensive experiments on one public and one in-house medical image datasets demonstrate that PAVL consistently outperforms state-of-the-art SSMIS methods.",ok,
Perfusion Aware Infarct Core and Penumbra Segmentation on NCCT with Region Constraints,https://papers.miccai.org/miccai-2026/0767-Paper1122.html,https://papers.miccai.org/miccai-2026/paper/1122_paper.pdf,https://github.com/Zzz0251/COMPASS-Net,segmentation,Brain,Image Segmentation,,"Zhang, Donghao | Zhang, Jianhai | Jiang, Ruizhou | Jing, Shuang | Duarte, Kaue Tartarotti Nepomuceno | Ganesh, Aravind | Menon, Bijoy | Qiu, Wu","Accurate lesion segmentation in acute ischemic stroke (AIS) is critical for treatment decision-making, particularly in emergency settings where non-contrast CT (NCCT) is often the only available imaging modality. While most existing studies focus on infarct core segmentation, joint segmentation of infarct core and penumbra under NCCT-only conditions remains largely underexplored. In this work, we propose a collaborative learning framework for joint infarct core and penumbra segmentation on NCCT, leveraging a foundation model as a unified visual encoder and incorporating multi-level clinical constraints to improve robustness and structural plausibility. Specifically, we adopt a DINOv3-ViT backbone pretrained on large-scale natural images and introduce two auxiliary tasks to regularize the segmentation process. First, a clinically-inspired region constraint, {\it{i.e.}}, mismatch ratio, is employed to enforce structural consistency between infarct core and penumbra. Second, a segmentation-guided conditional diffusion module is introduced to learn a perfusion-aware intermediate representation under supervision from perfusion maps, providing stable regional highlighting of perfusion abnormalities rather than voxel-wise reconstruction. Extensive experiments demonstrate that the proposed framework improves segmentation performance and robustness for NCCT-only stroke assessment.",ok,
PhyDiCT: Plug-and-Play CT Reconstruction from Sparse X-Rays via Differentiable Rendering and Strong Priors,https://papers.miccai.org/miccai-2026/0773-Paper1942.html,https://papers.miccai.org/miccai-2026/paper/1942_paper.pdf,https://github.com/batmanlab/PhyDiCT,image synthesis,Lung / Thoracic,Image Reconstruction; Image Synthesis / Augmentation / Super-Resolution,Deep Learning; Synthetic Data / Data-centric AI,"Dai, Weicheng | Ghosh, Shantanu | Batmanghelich, Kayhan","Reconstructing 3D Computed Tomography (CT) images from a few X-ray projections is a highly ill-posed inverse problem due to the loss of volumetric information. We propose PhyDiCT a training-free framework that integrates a differentiable Physics-based forward model, grounded in the Beer–Lambert law, with a text-conditioned Diffusion as a strong prior to reconstruct 3D lung CT images. We refer to our approach as training-free since the prior model is used without fine-tuning, and our goal is to steer the denoising procedure to generate samples consistent with X-ray observations. We guide the diffusion generation using Split Gibbs sampling to jointly optimize for projection fidelity (reward) and consistency with prior knowledge. Also, we introduce a test-time refinement step that enhances image realism and anatomical coherence. We extensively evaluate our method on publicly available 3D CT datasets using both perceptual and semantic metrics, demonstrating that it surpasses existing plug-and-play diffusion and fully trained reconstruction approaches. Our findings highlight that combining a strong generative prior with the underlying physics of image formation substantially improves reconstruction quality, e.g., 7.5% improvement on SSIM compared to full training methods. Code will be released at https://github.com/batmanlab/PhyDiCT.git.",ok,
PhyRadGS: Physics-Aware Radiative Gaussian Splatting for Fly-Scanning CBCT Reconstruction,https://papers.miccai.org/miccai-2026/0774-Paper0017.html,https://papers.miccai.org/miccai-2026/paper/0017_paper.pdf,https://github.com/liaw05/PhyRadGS,reconstruction,Whole-body / Multi-organ / Other,Image Reconstruction,Deep Learning; Semi- / Weakly- / Self-supervised Learning,"Li, Anwei | Zheng, Zhongyang | Sun, Tianyuan | Zhang, Yubing | Wang, Rongqiu","Cone-Beam CT (CBCT) systems utilizing continuous gantry rotation and flat-panel detector readout introduce complex acquisition dynamics, such as angular motion blur and rolling shutter distortion. Conventional reconstruction algorithms, however, typically rely on a static geometry assumption, inevitably leading to the blurred structures and geometric inconsistencies. In this paper, we propose PhyRadGS, a physics-aware 3DGS framework that integrates a novel spatial temporal discretization strategy. Specifically, We explicitly model rolling shutter by spatially partitioning projections and motion blur by temporally segmenting the exposure duration. Furthermore, we implement a parallelized multi-pose batch rendering pipeline to mitigate computational overhead, maintaining the real-time efficiency inherent to 3DGS. Experiments on synthetic and real-world datasets demonstrate PhyRadGS significantly outperforms state-of-the-art static baselines, improving PSNR by +2.3 dB and SSIM by +0.043. Qualitative comparisons further confirm that PhyRadGS effectively recovers high-frequency clinical details even under rapid scanning protocols. The source code and dataset is available at https://github.com/liaw05/PhyRadGS.",ok,
Physics-Inspired Continuous Transformer for Fast QDSA Reconstruction,https://papers.miccai.org/miccai-2026/0780-Paper2583.html,https://papers.miccai.org/miccai-2026/paper/2583_paper.pdf,https://github.com/LY-SUSTech/PIC-Former.git,image synthesis,Head & Neck; Vasculature,Image-Guided Interventions; Outcome Prediction / Prognosis / Longitudinal Modeling,,"Liu, Yang | Liu, Zehua | Liao, Xiangyun | Duan, Chuanzhi | Si, Weixin","Intra-operative endovascular treatment of intracranial aneurysms calls for rapid and reliable hemodynamic quantification. Angiographic Parametric Imaging (API) is derived from DSA time-density curves (TDCs), yet irregular frame rates and dose-reduction gaps often make conventional pixel-wise Gamma-variate fitting unstable and computationally expensive. We propose PIC-Former, a physics-inspired continuous transformer that reconstructs a physiologically plausible TDC function ĉ(t) from irregular DSA samples. PIC-Former uses Δt-aware causal attention for inter-frame gaps and physics-inspired regularization to encourage valid contrast arrival, peak, and washout dynamics. On 52 paired DSA-4D Flow MRI cases and an independent 11-case CFD cohort, QDSA velocities computed from the reconstructed TDCs achieve relative MAEs of 3.1% and 2.01%, respectively, outperforming Gamma-variate fitting (11.8% on DSA-4D Flow MRI). PIC-Former generates full-field parametric maps for a complete DSA run in 12.45 s and remains stable under a 20% frame-drop stress test. In a retrospective intra-operative risk stratification study, the proposed pipeline improves stratification accuracy from 87.5% to 95.0% compared to the Gamma-variate-based baseline. The code and reproducibility test set is available at https://github.com/LY-SUSTech/PIC-Former.git.",ok,
PICA: Physics-Guided Implicit Neural Fields with Boundary Conditioning for Intracranial Aneurysm Hemodynamics,https://papers.miccai.org/miccai-2026/0788-Paper6349.html,https://papers.miccai.org/miccai-2026/paper/6349_paper.pdf,,image synthesis,Brain,Computer-Aided Diagnosis; Digital Twins / Simulation / Synthetic Data,Deep Learning,"Hu, Mengfan | Li, Siyu | Zhang, Zeng","Patient-specific hemodynamic assessment is critical for intracranial aneurysm rupture risk stratification, yet standard computational fluid dynamics (CFD) pipelines are too time-consuming for routine clinical use. Existing learning-based surrogates enable fast inference but often produce over-smoothed velocity fields, obscuring near-wall gradients and fine-scale vortical structures that are important for clinically relevant biomarkers. We propose PICA, a boundary-conditioned implicit neural field for continuous 3D hemodynamic prediction directly from voxelized aneurysm geometries. PICA encodes signed distance field (SDF)-augmented inputs with a multi-scale backbone and conditions the representation on patient-specific inlet parameters via feature-wise modulation, enabling robust adaptation across flow regimes. An implicit coordinate-based decoder queries the learned representation at arbitrary 3D locations to generate dense velocity fields without meshing or geometric reconstruction. To improve physical fidelity, we incorporate physics-guided regularization that enforces incompressibility and steady-state Navier–Stokes consistency, together with a progressive two-stage training curriculum to enhance cross-anatomy generalization. On the Aneumo benchmark, PICA achieves sub-second inference and reduces Mean Normalised Absolute Error by 25.4% compared to DeepONet-SwinT, while better recovering complex intra-saccular vortices and near-wall flow patterns.",ok,
PINNOCHIO: Physics-Informed Neural Network for Coupled Hyperelastic Interface-Volume Simulation in Orthognathic Surgery,https://papers.miccai.org/miccai-2026/0792-Paper1982.html,https://papers.miccai.org/miccai-2026/paper/1982_paper.pdf,https://github.com/RPIDIAL/PINNOCHIO,other,Head & Neck; Skin,Computer-Aided Diagnosis; Image Synthesis / Augmentation / Super-Resolution,Multimodal Models / LLMs / VLMs,"Lee, Jungwook | Kim, Daeseung | Gu, Kevin | Hu, Zhangfeng | Kuang, Tianshu | Hopeman, Finn | Liebschner, Michael A. K. | Gateno, Jaime | Yan, Pingkun","Predicting patient-specific facial soft-tissue deformation is critical for iterative orthognathic surgery planning. However, current computational methods face a strict accuracy-efficiency trade-off: high-fidelity Finite Element Methods (FEM) are computationally prohibitive, whereas pure deep learning models often produce biomechanically inconsistent results. While Physics-Informed Neural Networks (PINNs) offer a promising avenue, learning the complex heterogeneous mechanics of bone–soft-tissue interactions with only partial clinical supervision (i.e., outer facial surfaces) remains highly unstable. To overcome these challenges, we present PINNOCHIO, a novel physics-informed framework for facial soft-tissue simulation. PINNOCHIO introduces a hybrid sequential decomposition that explicitly decouples discontinuous bone–soft-tissue interface movements from continuous volumetric hyperelastic deformation. This structural separation enables stable training and facilitates a physics-enabled sim-to-real adaptation strategy, ensuring internal biomechanical consistency without requiring volumetric ground truth. Evaluated on a 40-patient clinical cohort, PINNOCHIO outperforms existing baselines in both surface accuracy and physical validity. Furthermore, it achieves a substantial speedup over FEM, successfully resolving the accuracy-efficiency trade-off to provide a highly reliable and practical tool for interactive surgical planning. Source code is available at https://github.com/RPIDIAL/PINNOCHIO.",ok,
PlaneCycle: Training-Free 2D-to-3D Lifting of Foundation Models Without Adapters,https://papers.miccai.org/miccai-2026/0794-Paper0966.html,https://papers.miccai.org/miccai-2026/paper/0966_paper.pdf,https://github.com/HINTLab/PlaneCycle,classification&segmentation,Whole-body / Multi-organ / Other,Computer-Aided Diagnosis; Image Segmentation,Deep Learning; Foundation Models,"Yu, Yinghong | Li, Guangyuan | Yang, Jiancheng","Large-scale 2D foundation models exhibit strong transferable representations, yet extending them to 3D data typically requires retraining, adapters, or architectural redesign. We introduce PlaneCycle, a training-free, adapter-free operator for architecture-agnostic 2D-to-3D lifting of foundation models. PlaneCycle reuses the original pretrained 2D backbone by cyclically distributing spatial aggregation across orthogonal HW, DW, and DH planes throughout network depth, enabling progressive 3D fusion while preserving pretrained inductive biases. Using pretrained DINOv3 models, we evaluate PlaneCycle on six 3D classification and three 3D segmentation benchmarks. Without any training, the lifted models exhibit intrinsic 3D fusion capability and, under linear probing, outperform slice-wise 2D baselines and strong 3D counterparts, approaching the performance of fully trained models. With full fine-tuning, PlaneCycle matches standard 3D architectures, highlighting its potential as a seamless and practical 2D-to-3D lifting operator. These results demonstrate that 3D capability can be unlocked from pretrained 2D foundation models without structural modification or retraining. Code is available at https://github.com/HINTLab/PlaneCycle.",ok,
Planning the Perfect Burn: Multi-objective PSO for Multi-needle Thermal Ablation,https://papers.miccai.org/miccai-2026/0796-Paper5166.html,https://papers.miccai.org/miccai-2026/paper/5166_paper.pdf,,other,Abdomen,Image-Guided Interventions,,"Mehtali, Jonas | Verde, Juan Manuel | Essert, Caroline","Percutaneous thermal ablation is a localized treatment for hepatic tumors for which multi-needle planning remains mostly manual, while the difficulty grows sharply with the number of needles and the complexity of the targets. We present a GPU-accelerated pipeline that jointly optimizes all needle placements and ablation parameters in a single run, to aim for a perfect burn. Our pipeline uses a decomposition-based multi-objective particle swarm optimizer, with four clinical objectives (coverage, efficiency, safety, insertion depth), per-needle activation variables to optimize needle count, a CUDA-based fitness evaluation, and Vulkan-rendered safety maps. Tested on 94 tumors, the method achieves better coverage, larger distance to critical structures, and less collateral damage than the expert plan, in less than 6 seconds. An expert rated 88% of auto-plannings as clinically acceptable as is (≥4/5) and 99% as requiring only minor adjustments (≥3/5), with 97% judged equivalent or superior to manual plans (87% preferred, 10% equivalent).",ok,
Precision Recall Controllable Radiology Report Generation via Hybrid Natural Language and Clinical Reward Learning,https://papers.miccai.org/miccai-2026/0804-Paper4076.html,https://papers.miccai.org/miccai-2026/paper/4076_paper.pdf,https://github.com/98lingchen/MICCAI2026/,image synthesis,Lung / Thoracic,Computer-Aided Diagnosis; Multimodal Integration with Clinical / Genomic / Biomarkers; Outcome Prediction / Prognosis / Longitudinal Modeling,Deep Learning; Evaluation / Benchmarking / Reproducibility,"Chen, Ling | Jin, Ruinan | Luo, Jun | Chen, Hanliang | Strotzer, Quirin | Yan, Rongkai | Xue, Yuan | Prevedello, Luciano | Wu, Dufan","Automated radiology report generation (RRG) has gained increasing attention because it can reduce the heavy workload of clinical report writing. However, most existing methods mainly optimize for natural language generation (NLG) metrics that focus on language fluency, while providing little control over clinically important factors such as precision and recall. As consequence, generated reports may be fluent but not well aligned with different clinical needs. To address this challenge, we propose a reinforcement learning framework for precision recall controllable RRG, where a control parameter explicitly adjusts the trade-off between clinical precision and recall during inference. This design allows the model to flexibly generate reports according to different clinical requirements. To ensure clinical correctness, we introduce a clinical reward into the training objective, which helps improve clinical efficacy (CE) beyond standard language based optimization. In addition, we apply a group-relative training strategy that normalizes rewards within each training group, reducing reward variance and improving training stability. Extensive experiments on the MIMIC-CXR dataset show that our method consistently outperforms state-of-the-art approaches in both NLG and CE evaluation metrics, while providing reliable control over the CE precision recall trade-off.",ok,
Predicting Radiologist Expertise from 3D Gaze Patterns During CT Interpretation,https://papers.miccai.org/miccai-2026/0805-Paper1535.html,https://papers.miccai.org/miccai-2026/paper/1535_paper.pdf,https://github.com/leiluk1/GazeToSkill,classification,Lung / Thoracic,Computer-Aided Diagnosis,Deep Learning,"Khaertdinova, Leila | Anikina, Anna | Mello-Thoms, Claudia | Ibragimov, Bulat","Accurate interpretation of volumetric CT requires efficient navigation of 3D image volumes and attention to diagnostically relevant regions. While eye-tracking has been widely studied in 2D medical imaging, its use for expertise assessment in CT settings remains limited. We propose a gaze-informed transformer framework for expertise classification in thoracic CT. Using a DINOv2 backbone, radiologist fixation patterns are integrated into volumetric feature learning through (1) a learnable log-space bias in self-attention and (2) gaze-weighted pooling of patch embeddings. We trained and evaluated our approach on 182 CT reading sessions from five radiologists with varying levels of experience. On a held-out test set, the model achieves an ROC-AUC of 0.91 and F1 score of 0.86, outperforming adapted methods. These findings suggest that incorporating visual search behavior into transformers may support objective, process-based expertise assessment in radiology. Code is available via https://github.com/leiluk1/GazeToSkill.",ok,
Preoperative Simulation of Personalized Breast Reconstruction via Implant Prior Controllable Diffusion,https://papers.miccai.org/miccai-2026/0806-Paper4830.html,https://papers.miccai.org/miccai-2026/paper/4830_paper.pdf,https://github.com/wangyz0915/DiffuBreast/,image synthesis,Breast,Outcome Prediction / Prognosis / Longitudinal Modeling; Visualization in Biomedical Imaging,Deep Learning,"Wang, Yizhi | Yu, Tianze | Yu, Hengjie | Liu, Maoling | Pan, Wenxuan | Ding, Zhongxiang | Fu, Peifen | Jin, Yaochu","Breast reconstruction plays a crucial role in restoring body image and psychosocial well-being after mastectomy, yet preoperative planning relies heavily on surgeons’ experience and lacks practical planning tools. In this work, we present a controllable generative framework to simulate postoperative breast reconstruction outcomes from preoperative chest CT. Our pipeline comprises three components: (1) a conditional 3D latent diffusion model with an inpainting scheme that enables high-fidelity synthesis within the surgical region; (2) an implant canonical template library and anatomy-aware alignment method to construct a physiologically plausible implant spatial prior for guiding the generation; (3) a dedicated control branch that injects the implant prior into the diffusion process to enforce the implant and breast geometry changes. Experiments show that our framework can generate realistic postoperative volumes, and spatial prior injection substantially improves the geometry accuracy, leading to superior performance over competing baselines in both fidelity and controllability. We further demonstrate that simulated outcomes vary coherently with the user-defined implant configurations. Overall, our work enables preoperative visualization under diverse surgical configurations and supports decision-making with a flexible, patient-specific planning tool for breast reconstruction. The source code is available at https://github.com/wangyz0915/DiffuBreast.",ok,
PriLoRA: Prior-Conditioned Low-Rank Adapters for Medical Vision Models,https://papers.miccai.org/miccai-2026/0808-Paper5999.html,https://papers.miccai.org/miccai-2026/paper/5999_paper.pdf,https://github.com/xmindflow/PriLoRA,classification&segmentation,Skin; Whole-body / Multi-organ / Other,Image Reconstruction; Image Segmentation; Image Synthesis / Augmentation / Super-Resolution,Deep Learning; Domain Adaptation / Harmonization; Foundation Models,"Kazerouni, Amirhossein | Karimijafarbigloo, Sanaz | Aghayari, Ali | Ghasemzadeh Khorzoughi, Ali | Azad, Reza | Samek, Wojciech | Merhof, Dorit | Brudno, Michael | Taati, Babak","Adapting large foundation models to medical imaging is costly due to limited curated data, dense expert annotation requirements, and the expense of full fine-tuning. Parameter-efficient fine-tuning (PEFT) methods such as LoRA mitigate these costs, but linear low-rank updates can be expressivity-limited. Recent sinusoidal variants such as SineLoRA improve capacity, yet depend on a fixed frequency hyperparameter that is difficult to transfer across modalities and tasks. We propose \textbf{Prior-Conditioned Low-Rank Adapters (PriLoRA)}, an input-conditioned sinusoidal adapter that leverages input-derived prior features to modulate the adapter response per block and per sample while preserving LoRA’s modularity and parameter efficiency. PriLoRA predicts lightweight modulation parameters that control the sinusoidal update, enabling adaptive expressivity without increasing the adapter rank or requiring task-specific frequency search. We evaluate PriLoRA across multiple medical backbones, modalities, and tasks, including generation, classification, segmentation, and CT reconstruction, and observe consistent improvements in robustness and transfer over standard LoRA and representative PEFT baselines across datasets and modalities.",ok,
Prior-Guided Hierarchical Vector Quantized-VAE for Digital Subtraction Angiography Generation,https://papers.miccai.org/miccai-2026/0810-Paper1534.html,https://papers.miccai.org/miccai-2026/paper/1534_paper.pdf,,image synthesis,Head & Neck,Image Synthesis / Augmentation / Super-Resolution,Deep Learning,"Liu, Yunbi | Yang, Zheyun | Tang, Enqi | Li, Shiyu | Tian, Yifei | Suo, Shiteng | Liu, Qingshan","Digital Subtraction Angiography (DSA) is the clinical gold standard for vascular imaging but is frequently degraded by motion artifacts due to patient physiological movement. While deep learning offers a potential alternative to traditional subtraction, existing models often fail to handle cases with severe motion artifacts and frequently yield incomplete vessel reconstructions. To address these challenges, we propose a Prior-guided Hierarchical Vector Quantized Variational Autoencoder (PH-VQVAE). First, our model features a dual-branch encoder that extracts features from both the pre-contrast mask and contrast images at multiple scales. We introduce a window-based cross-attention mechanism at each level to efficiently capture local contrast differences and fuse anatomical priors, enabling precise “soft subtraction” robust to local misalignments. Second, we abandon the continuous latent representations used in conventional generative models in favor of a hierarchical discrete modeling approach. By mapping multi-scale features to learned discrete codebooks, our method effectively filters out background noise and motion inconsistencies, which lack compact representations in the discrete space, while preserving the topological integrity of vessels. Experimental results demonstrate that our approach significantly reduces motion artifacts and achieves superior reconstruction accuracy compared to the state-of-the-art generative models, offering a promising tool for safer and more efficient interventional imaging.",ok,
Probabilistic Multi-rater Segmentation via Style-Aware Boundary Conditioning,https://papers.miccai.org/miccai-2026/0814-Paper5829.html,https://papers.miccai.org/miccai-2026/paper/5829_paper.pdf,https://github.com/sanazkarimi/style-aware,classification&segmentation,Whole-body / Multi-organ / Other,Anomaly / Lesion Detection; Image Segmentation,Deep Learning,"Karimijafarbigloo, Sanaz | Kazerouni, Amirhossein | Kheirkhah, Alireza | Protserov, Sergey | Azad, Reza | Brudno, Michael | Taati, Babak | Samek, Wojciech | Merhof, Dorit","Multi-rater medical image segmentation reflects the inherent ambiguity of clinical interpretation, where experts often agree on the semantic extent of a target but differ in fine-grained boundary precision and textural cues. Existing approaches frequently collapse this variability into consensus labels or treat inter-rater differences as noise, leading to overconfident predictions and limited control over personalized outputs. In this work, we view rater variability as structured and preference-driven, modeling it through a style factor that captures individual expert delineation of ambiguous regions while preserving a shared content representation for anatomical consistency. We introduce a unified probabilistic framework that disentangles shared content from rater-specific style and employs lightweight rater conditioning to generate personalized yet anatomically consistent segmentations without decoder duplication. To better align learning with actual expert disagreement, we propose a novel disagreement-aware boundary loss that focuses supervision within a controllable band around regions of annotation divergence. This loss heightens sensitivity to contour-level mismatches where inter-rater ambiguity is greatest, while remaining stable in regions of agreement, thereby tying uncertainty estimation and personalization to clinically meaningful boundary disagreement. Extensive experiments on LIDC-IDRI and NPC-170 show that our method surpasses strong multi-rater baselines in both aggregated and per-rater performance, while producing diverse, plausible segmentations.",ok,
ProMoE-FL: Prototype-conditioned Mixture of Experts for Multimodal Federated Learning with Missing Modalities,https://papers.miccai.org/miccai-2026/0817-Paper1724.html,https://papers.miccai.org/miccai-2026/paper/1724_paper.pdf,https://github.com/bhattarailab/ProMoE-FL,image synthesis,Lung / Thoracic,Federated / Privacy-Preserving Analysis,Deep Learning; Domain Adaptation / Harmonization,"Chhetri, Aavash | Niroula, Bibek | Vazquez, Eduard | Shrestha, Yash Raj | Gyawali, Prashnna | Bazzani, Loris | Bhattarai, Binod","In this paper, we address the problem of multimodal federated learning with missing modality. Existing methods utilize an additional public dataset or perform naive feature synthesis that is based solely on the available modality. To address these limitations, we propose ProMoE-FL, a Prototype-conditioned Mixture-of-Experts framework for robust missing-modality feature synthesis in multimodal federated learning. ProMoE-FL builds a global client-aware prototype bank that captures clinically meaningful modality priors across institutions. Our Mixture of Experts is conditioned on these prototypes and modality indices to enable direction-aware expert routing for dynamically synthesizing missing features. We perform extensive quantitative and qualitative evaluations on four public chest X-ray datasets (MIMIC-CXR, NIH Open-I, PadChest, and CheXpert) and demonstrate that ProMoE-FL consistently outperforms state-of-the-art methods in both homogeneous as well as the more challenging heterogeneous settings. Code available at: https://github.com/bhattarailab/ProMoE-FL.",ok,
PromptGate: Client-Adaptive Vision–Language Gating for Open-Set Federated Active Learning,https://papers.miccai.org/miccai-2026/0820-Paper5058.html,https://papers.miccai.org/miccai-2026/paper/5058_paper.pdf,https://github.com/albarqounilab/promptgate,VLM,Breast; Skin,Federated / Privacy-Preserving Analysis; Other,Deep Learning; Multimodal Models / LLMs / VLMs,"Nesturi, Adea | Gaviria, David Dueñas | Zeng, Jiajun | Albarqouni, Shadi","Deploying medical AI across resource-constrained institutions demands data-efficient learning pipelines that respect patient privacy. Federated Learning (FL) enables collaborative medical AI without centralizing data. Yet, real-world clinical pools are inherently open-set: beyond the in-distribution (ID) target classes, the unlabeled pool also holds out-of-distribution (OOD), non-target samples such as imaging artifacts, background tissue, and other pathologies. Standard Active Learning (AL) query strategies mistake this noise for informative samples, wasting scarce annotation budgets. We propose PromptGate, a dynamic VLM-gated framework for Open-Set Federated AL that purifies unlabeled pools before querying. PromptGate introduces a federated Class-Specific Context Optimization: lightweight, learnable prompt vectors that adapt a frozen BiomedCLIP backbone to local clinical domains and aggregate globally via FedAvg—without sharing patient data. As new annotations arrive, prompts progressively sharpen the ID/OOD boundary, turning the VLM into a dynamic gatekeeper that is strategy-agnostic: a plug-and-play pre-selection module enhancing any downstream AL strategy. Experiments on distributed dermatology and breast imaging benchmarks, with a random acquisition rule, show that while static VLM prompting degrades to ∼60% ID purity, PromptGate maintains >95% purity with 98% OOD recall. The source code is available at http://github.com/albarqounilab/promptgate.",ok,
PromptMedCT: A Training-Free LLM-Guided Framework for Volumetric CT Data Realization with Quantifiable Disease Manifestations and Multi-Tier Annotations,https://papers.miccai.org/miccai-2026/0821-Paper4691.html,https://papers.miccai.org/miccai-2026/paper/4691_paper.pdf,https://github.com/Owais-CodeHub/PromptMedCT,VLM,Lung / Thoracic,Image Segmentation; Image Synthesis / Augmentation / Super-Resolution,Multimodal Models / LLMs / VLMs,"Owais, Muhammad | Shafay, Muhammad | Velayudhan, Divya | Zubair, Muhammad | Syed, Naveed | Werghi, Naoufel | Rustum, Quatullah | Hussain, Irfan","Explainable foundation models in radiology are fundamentally limited by the lack of datasets with structured multi-tier annotations (i.e., descriptive prompts, infection/lobar masks, and bounding boxes), which are critical for learning clinically grounded temporal, causal, and diagnostic reasoning. While accurate data realization offers a potential solution, existing data generation approaches either rely on large-scale supervised training or generate raw data without the structured multi-tier annotations. To overcome these limitations, we propose PromptMedCT, the first LLM-guided, training-free disease realization framework that bridges clinical semantics with anatomical constraints to synthesize lung CT scans with multi-tier annotations. The proposed framework can be operated in two modes: a prompt mode for high-fidelity synthesis (as a domain-specific GPT) and a parametric mode for large-scale data generation with multi-tier annotations. Using the proposed PromptMedCT framework (with parametric mode), we construct a dataset comprising 10K 2D CT scans with comprehensive multi-tier annotations. We validate the realism and effectiveness of our framework through a two-step validation strategy that combines comprehensive quantitative and qualitative evaluations. Quantitatively, we perform synthetic-to-real generalization by training a vision–language model on our generated data and testing it on real clinical datasets, achieving 59.22% DICE and 42.46% IoU. For further qualitative evaluation, we perform a medical expert review in which specialists assess a set of generated data and annotations, with 92% of scans rated realistic and 79.5% of the prompts accurately described. Finally, a qualitative comparison against five state-of-the-art domain-specific and general LLM-based generators shows that our method consistently outperforms them in visual realism and multi-tier annotation quality. Additional implementation details: https://github.com/Owais-CodeHub/PromptMedCT",ok,
ProSMA-UNet: Decoder Conditioning for Proximal-Sparse Skip Feature Selection,https://papers.miccai.org/miccai-2026/0823-Paper5245.html,https://papers.miccai.org/miccai-2026/paper/5245_paper.pdf,,segmentation,Abdomen; Breast,Image Segmentation,Deep Learning,"Cheng, Chun-Wun | Cheng, Yanqi | Jing, Peiyuan | Yang, Guang | Montoya-Zegarra, Javier A. | Schönlieb, Carola-Bibiane | Aviles-Rivero, Angelica I.","Medical image segmentation commonly relies on U-shaped encoder–decoder architectures such as U-Net, where skip connections preserve fine spatial detail by injecting high-resolution encoder features into the decoder. However, these skip pathways also propagate low-level textures, background clutter, and acquisition noise, allowing irrelevant information to bypass deeper semantic filtering—an issue that is particularly detrimental in low-contrast clinical imaging. Although attention gates have been introduced to address this limitation, they typically produce dense sigmoid masks that softly reweight features rather than explicitly removing irrelevant activations. We propose ProSMA-UNet (Proximal-Sparse Multi-Scale Attention U-Net), which reformulates skip gating as a decoder-conditioned sparse feature selection problem. ProSMA constructs a multi-scale compatibility field using lightweight depthwise dilated convolutions to capture relevance across local and contextual scales, then enforces explicit sparsity via an ℓ1 proximal operator with learnable per-channel thresholds, yielding a closed-form soft-thresholding gate that can remove noisy responses. To further suppress semantically irrelevant channels, ProSMA incorporates decoder-conditioned channel gating driven by global decoder context. Extensive experiments on challenging 2D and 3D benchmarks demonstrate state-of-the-art performance, with particularly large gains (≈20%) on difficult 3D segmentation tasks. Project page:https://math-ml-x.github.io/ProSMA-UNet/",ok,
ProtoReg: Prototype Guidance and Dual-Level Uncertainty-Weighted Consistency for Semi-supervised Pulmonary Perfusion Regression,https://papers.miccai.org/miccai-2026/0828-Paper0875.html,https://papers.miccai.org/miccai-2026/paper/0875_paper.pdf,https://github.com/johnhamtom/ProtoReg_main,dataset/benchmark,Lung / Thoracic,Image Synthesis / Augmentation / Super-Resolution,Deep Learning; Semi- / Weakly- / Self-supervised Learning,"Zhuang, Yitao | Pu, Yao | Zhang, Zhenxi | Yu, Peixin | Li, Zihan | Zhao, Mayang | Ho, Wai Yin | Chu, Jocelyn | Chan, Gary Ka Wai | Cai, Jing | Ren, Ge","Pulmonary perfusion imaging is clinically important, but paired 3D CT-perfusion annotations are difficult to obtain. Semi-supervised learning (SSL) can exploit abundant unlabeled CT volumes, yet existing SSL methods are less effective for voxel-wise dense regression because continuous pseudo-labels lack reliable confidence estimates and strong consistency may amplify teacher noise. To address this, we propose ProtoReg, a semi-supervised framework for 3D non-contrast CT-to-perfusion regression with prototype-guided uncertainty modeling and sub-unit-aware learning. ProtoReg adopts a teacher–student framework with weak-to-strong consistency and maintains a learnable functional prototype bank to estimate uncertainty via prototype-induced entropy. Based on this uncertainty, we introduce a Dual-level Uncertainty-weighted Consistency Loss (DUW-CL), which re-weights consistency at both voxel and lung sub-unit levels to suppress noisy pseudo-label propagation. We further incorporate 1,000 external unlabeled CT volumes from public datasets to improve generalization without additional perfusion annotations. Experiments on two independent CT-perfusion cohorts show consistent improvements over strong SSL baselines, and ablations validate the effectiveness of prototype guidance, DUW-CL, and supervoxel-aware modeling. Code is publicly available at https://github.com/johnhamtom/ProtoReg_main.",ok,
Prototype-based Physiological Transfer Enables NCCT-only Hyperacute Stroke Tissue-Window Segmentation Under Missing Perfusion,https://papers.miccai.org/miccai-2026/0832-Paper1889.html,https://papers.miccai.org/miccai-2026/paper/1889_paper.pdf,https://github.com/CUHK-BMEAI/ProPhyT,segmentation,Brain,Computer-Aided Diagnosis,Deep Learning; Foundation Models,"Dan, Ying | Xu, Zhe | Zhou, Longxi | Zhang, Lu | Ma, Xiangyuan | Yuan, Yading | Tong, Raymond Kai-yu","Accurate delineation of ischemic core and salvageable penumbra is critical for guiding reperfusion therapy in acute ischemic stroke (AIS). While CT perfusion (CTP) provides quantitative hemodynamic parameters for tissue-window assessment, its availability remains limited in many emergency settings. In contrast, non-contrast CT (NCCT) is nearly universally accessible but lacks explicit perfusion information, making core and penumbra segmentation highly challenging. We study stroke tissue-window segmentation under missing perfusion, where only NCCT is available at inference. In this setting, specialist NCCT models struggle due to subtle contrast and limited supervision, while reconstructing CTP from NCCT constitutes an ill-posed inverse problem prone to hemodynamic hallucination. To address this, we propose \textbf{ProPhyT}, a prototype-based physiological transfer framework that injects CTP-derived hemodynamic semantics into NCCT-based segmentation without reconstructing perfusion maps. ProPhyT consists of three processes: (i) Hemodynamic Prototype Support Bank Construction, where a self-supervised CTP encoder learns a hemodynamic embedding space and CTP features are clustered to form representative physiological prototypes; (ii) Cross-Modal Prototype Retrieval Learning, where an NCCT encoder is aligned to the CTP embedding space to enable prototype retrieval from NCCT alone; and (iii) Physiological Prototype-Conditioned Segmentation, where retrieved prototypes are converted into similarity-aware dense prompts to parameter-efficiently fine-tune a medical foundation model for core and penumbra segmentation. Extensive experiments demonstrate consistent improvements over top-performing methods, supporting more reliable reperfusion decision-making in CTP-limited clinical settings. Code will be available upon acceptance.",ok,
Proxy-CAC: Learning Coronary Calcium Segmentation from Volume-Level Scores,https://papers.miccai.org/miccai-2026/0834-Paper4314.html,https://papers.miccai.org/miccai-2026/paper/4314_paper.pdf,,classification&segmentation,Cardiac,Image Segmentation,Deep Learning; Interpretability / Explainability; Semi- / Weakly- / Self-supervised Learning,"Sato Imuro, Sandra Emi | Khan, Salman Siddique | Balakrishnan, Guha | Alkhaleefah, Mohammad | Al-Kindi, Sadeer | Sabharwal, Ashutosh","Coronary Artery Calcification (CAC) is a key predictor of atherosclerotic cardiovascular risk and is typically quantified by the Agatston score, a non-differentiable metric derived by segmenting CAC from a patient’s ECG-gated CT scan. Automated segmentations of coronary calcifications can enable streamlining of clinical workflows. However, real-world cardiac CT databases typically only store the volume-level Agatston score without also storing the underlying coronary calcium segmentations. To enable automated CAC segmentation and Agatston score computation, we propose Proxy-CAC, an end-to-end 3D U-Net framework for CAC quantification trained primarily with a loss function leveraging a differentiable Agatston score approximation, along with limited supervision over a small set of scans with per-voxel annotations. We trained and evaluated Proxy-CAC on an in-house, clinical dataset of 27,700 gated CT scans with associated Agatston scores from a large hospital. Proxy-CAC outperforms baseline models trained on segmentation masks at predicting Agatston scores by a substantial margin, increasing Cohen’s Kappa values from 0.71 to 0.81 when stratifying patients into standard risk tiers. This work opens the door to automated, interpretable CAC risk prediction relying only on the limited, clinically relevant supervision available in real-world clinical datasets.",ok,
PSP: Harnessing Position and Shape Priors for Cross-Domain Few-Shot Medical Image Segmentation,https://papers.miccai.org/miccai-2026/0836-Paper1456.html,https://papers.miccai.org/miccai-2026/paper/1456_paper.pdf,https://github.com/xubin471/PSP,classification&segmentation,Abdomen; Cardiac,Image Segmentation,Deep Learning,"Xu, Bin | Zhu, Yazhou | Zhang, Haofeng","Few-Shot Medical Image Segmentation (FSMIS) offers a powerful solution to data scarcity but struggles to generalize across different imaging modalities (e.g., CT to MRI). This performance collapse stems primarily from the drastic texture discrepancies between domains, which mislead models trained on source-specific intensity distributions. While existing methods attempt to align frequency or local texture features, they often fail to decouple semantic structure from domain-specific appearance. To address this, we identify a critical invariance: despite distinct imaging physics, the position and geometric shape of organs remain robustly consistent across modalities. Therefore, we propose PSP, a novel framework that harnesses Position and Shape Priors for cross-domain medical image segmentation. Specifically, PSP first introduces a Position Coordinate Embedding (PCE) module to inject relative spatial coordinates for rapid organ localization. Subsequently, a Shape Prototype Modulation (SPM) module constructs domain-invariant structural prototypes via explicit shape priors, effectively filtering out texture noise. Furthermore, the Hybrid-Prototype Prediction (HPP) module adaptively calibrates the support prototype to the query feature distribution, mitigating feature misalignment. Extensive experiments on two public medical imaging datasets demonstrate that PSP significantly outperforms state-of-the-art methods.",ok,
Pulmonary Embolism Risk Stratification from CTPA and Medical Records: Vascular Graphs Are Not All You Need,https://papers.miccai.org/miccai-2026/0837-Paper5113.html,https://papers.miccai.org/miccai-2026/paper/5113_paper.pdf,https://github.com/creatis-myriad/GENESIS,classification,Lung / Thoracic; Vasculature,Computer-Aided Diagnosis; Multimodal Integration with Clinical / Genomic / Biomarkers,Deep Learning; Evaluation / Benchmarking / Reproducibility; Multimodal Models / LLMs / VLMs,"Painchaud, Nathan | Habémont, Tristan | des Ligneris, Morgane | Serva, Allan | Croisille, Pierre | Bertoletti, Laurent | Lampert, Thomas | Lutzeyer, Johannes F. | Merveille, Odyssée","Risk stratification for pulmonary embolism (PE) is critical for clinical decision-making. Stratification guidelines are based on patient medical records, parameters measured from computed tomography pulmonary angiography (CTPA), and blood tests. However, blood tests are often missing in routine practice. This work studies whether state-of-the-art models can accurately classify risk stratification from only medical records and biomarkers extracted from CTPA images. We benchmark different approaches to combine medical records and cardiac biomarkers with rich pulmonary vascular information; we add vascular biomarkers to tabular models and apply graph neural networks (GNNs) on the vascular tree’s intrinsic graph representation. We use a private dataset (n=353) with uniquely complete data for PE risk stratification. Our results show that, among global features, medical records and cardiac biomarkers are the most significant predictors, while vascular biomarkers do not further improve stratification. Even more surprising, even GNNs on vascular graphs fail to outperform strong tabular baseline on global features. We consider hypotheses, on both models and data, that could explain this suboptimal performance. Our investigation suggests that, counter-intuitively, vascular graphs may not help predict PE guidelines risk better than simpler clinical biomarkers. Code is available from https://github.com/creatis-myriad/GENESIS.",ok,
Quantification of 3D Musculoskeletal CT Image-Based Biomarkers in the Lumbar Spine: Application in Metastatic Prostate Cancer,https://papers.miccai.org/miccai-2026/0841-Paper6617.html,https://papers.miccai.org/miccai-2026/paper/6617_paper.pdf,,segmentation,Musculoskeletal / Orthopedic,Computer-Aided Diagnosis; Outcome Prediction / Prognosis / Longitudinal Modeling,Deep Learning,"Tabatabaei, Saleh | Ross, Tayler D. | Emmenegger, Urban | Whyne, Cari M. | Hardisty, Michael","Osteosarcopenia, characterized by concurrent deterioration of bone and muscle, is increasingly recognized as a major contributor to frailty, fractures, and mortality, particularly in prostate cancer. However, quantitative longitudinal assessment of osteosarcopenia remains limited by existing manual methods based on 2D analysis at a single time point, which are impractical for large-scale monitoring and cannot detect subtle changes over time due to slice-selection variability. This study introduces an AI-enabled pipeline to quantify musculoskeletal (MSK) changes from 3D serial CT scans in prostate cancer. The pipeline integrates deep learning–based vertebrae detection and 3D vertebral body and psoas muscle segmentation. Lumbar vertebral bone density, psoas muscle volume and density were retrospectively quantified from 5,966 CT scans acquired from a cohort of 916 metastatic prostate cancer patients (2008–2024). The pipeline demonstrated strong agreement with a manually contoured test set for vertebral density (R^2=0.874-0.986), psoas density (R^2=0.955), and psoas volume (R^2=0.830). In repeated short-interval scans, the proposed 3D biomarkers showed higher reliability than conventional 2D measurements for psoas density (ICC(3,1)=0.86 vs. 0.72) and psoas volume versus cross-sectional area (ICC(3,1)=0.94 vs. 0.87). Longitudinal mixed-effects modeling showed that declining muscle and bone biomarkers were associated with increasing lumbar metastatic burden (p<0.05). The combined muscle model explained the greatest proportion of variance (marginal R^2=0.424). These findings demonstrate that automated 3D CT-based biomarkers provide reliable and clinically meaningful measures of progressive MSK decline. This framework enables scalable opportunistic monitoring of osteosarcopenia and may support earlier identification of patients at risk for treatment-related deterioration, metastatic progression, and fracture.",ok,
RADAR: A Multimodal Benchmark for 3D Image-Based Radiology Report Review,https://papers.miccai.org/miccai-2026/0847-Paper5740.html,https://papers.miccai.org/miccai-2026/paper/5740_paper.pdf,https://github.com/GeraldSun/RADAR,classification,Abdomen,Multimodal Integration with Clinical / Genomic / Biomarkers,Multimodal Models / LLMs / VLMs,"Sun, Zhaoyi | Jagtiani, Minal | Yim, Wen-wai | Xia, Fei | Gunn, Martin | Yetisgen, Meliha | Ben Abacha, Asma","Radiology reports for the same patient examination may contain clinically meaningful discrepancies arising from interpretation differences, reporting variability, or evolving assessments. Systematic analysis of such discrepancies is important for quality assurance, clinical decision support, and multimodal model development, yet remains limited by the lack of standardized benchmarks. We present RADAR, a multimodal benchmark for radiology report discrepancy analysis that pairs 3D medical images with a preliminary report and corresponding candidate edits for the same study. The dataset reflects a standard clinical workflow in which trainee radiologists author preliminary reports that are subsequently reviewed and revised by attending radiologists. RADAR defines a structured discrepancy assessment task requiring models to evaluate proposed edits by determining image-level agreement, assessing clinical severity, and classifying edit type (correction, addition, or clarification). In contrast to prior work emphasizing binary error detection or comparison against fully independent reference reports, RADAR targets fine-grained clinical reasoning and image–text alignment at the report review stage. The benchmark consists of expert-annotated abdominal CT examinations and is accompanied by standardized evaluation protocols to support systematic comparison of multimodal models. RADAR provides a clinically grounded testbed for evaluating multimodal systems as reviewers of radiology report edits.",ok,
RadHiera: Semantic Hierarchical Reinforcement Learning for Medical Report Generation,https://papers.miccai.org/miccai-2026/0848-Paper1791.html,https://papers.miccai.org/miccai-2026/paper/1791_paper.pdf,https://github.com/xmed-lab/RadHiera,VLM,Whole-body / Multi-organ / Other,Computer-Aided Diagnosis,Multimodal Models / LLMs / VLMs,"Du, Bodong | Yang, Honglong | Li, Xiaomeng","Vision-language models have shown promising results in radiology report generation. However, most existing methods generate reports as flat text and do not explicitly model the semantic dependency between the Findings and Impression sections, which can lead to inconsistencies between clinical observations and diagnostic conclusions. In this paper, we propose RadHiera, a semantic hierarchical reinforcement learning framework for radiology report generation. RadHiera follows the semantic organization of radiology reports by first optimizing overall report quality, then improving the diagnostic accuracy of the Impression section, and finally enforcing consistency between Findings and Impression so that diagnostic conclusions are supported by clinical evidence. Specifically, we begin with a base reward that combines linguistic quality and medical factuality to provide supervision on the whole report. On this basis, we introduce a severity-aware reward for the Impression section that places greater emphasis on errors involving clinically critical conditions, thereby reducing both missed diagnoses and overstatement. We further enforce cross-section consistency using Expert Model-derived label sets, with subset constraints and hallucination penalties to ensure that impressions remain faithful to the findings. Experiments on three public chest X-ray benchmarks show that RadHiera consistently improves diagnostic accuracy and inter-section consistency over state-of-the-art methods, while also demonstrating good adaptability to ultrasound report generation. The source code is available at https://github.com/xmed-lab/RadHiera.",ok,
RadSLDP: Selective Local Differential Privacy for Radiology Vision-Language Models,https://papers.miccai.org/miccai-2026/0852-Paper3168.html,https://papers.miccai.org/miccai-2026/paper/3168_paper.pdf,https://github.com/Epiphany625/RadSLDP,VLM,Lung / Thoracic,Computer-Aided Diagnosis; Federated / Privacy-Preserving Analysis; Multimodal Integration with Clinical / Genomic / Biomarkers,Multimodal Models / LLMs / VLMs,"Zhao, Konghao | Xu, Xinyang | Xu, Runhui | Natsuaki, Yutaka | Xiong, Wenjie | Karimireddy, Sai Praneeth | Liu, Ruishan","Medical Vision–Language Models (VLMs) for radiology report generation are often fine-tuned by external developers due to hospitals’ limited computational infrastructure. It requires sensitive patient data to be transmitted to untrusted training environments, which creates privacy risks. Standard Differential Privacy protects the trained model but assumes trusted access to raw data, making it unsuitable for untrusted external training. Local Differential Privacy (LDP) enables privacy-preserving training in untrusted settings by perturbing all text token embeddings before transmission but significantly degrading clinical utility. We observe that clinical reports contain both image-inferable and non-inferable content and define the non-inferable portion as non-visual clinical context (NVCC), such as demographics and medical history, which constitutes the primary privacy risk. To preserve privacy while maintaining utility, we propose RadSLDP, a selective LDP mechanism that perturbs only expert-validated NVCC token embeddings, with each protected embedding satisfying formal (ε, δ)-LDP via the Gaussian mechanism. As a result, RadSLDP matches or outperforms uniform LDP in 94% of comparisons. It improves BLEU-4 by 24–77% and CheXbert Micro-F1 by 87–108% on ReXGradient dataset. RadSLDP also exhibits lower performance variability across privacy budgets, enabling practical privacy-preserving VLM fine-tuning in untrusted settings.",ok,
RAM-Missing: Retrieval-Augmented Missing-Aware Fusion for Robust Lung Cancer Subtyping,https://papers.miccai.org/miccai-2026/0854-Paper5091.html,https://papers.miccai.org/miccai-2026/paper/5091_paper.pdf,https://github.com/Flliin/RAMMissing,image synthesis,Lung / Thoracic,Computer-Aided Diagnosis; Multimodal Integration with Clinical / Genomic / Biomarkers; Outcome Prediction / Prognosis / Longitudinal Modeling,Deep Learning; Multimodal Models / LLMs / VLMs; Uncertainty Quantification,"Li, Fulin | Cai, Qing | Zhang, Shugang | Li, Jinxing","In real-world clinical settings, multimodal medical data are often characterized by severe modality imbalance and structured missingness. In our tri-modal lung cancer cohort (WSI, CT, RNA), 75.4% of patients lack CT scans. Most existing multimodal learning methods implicitly assume complete modality availability or rely on naive imputation, leading to catastrophic performance collapse when applied to highly incomplete deployment data. To address this challenge, we propose RAM-Missing, a Retrieval-Augmented Missing-aware fusion framework designed for robust lung cancer subtyping under severe missingness. Specifically, our framework introduces three key components: (1) We design a Retrieval-Augmented Proxy Generator that constructs proxy embeddings for missing CTs by querying a historical memory bank. (2) We introduce a Retrieval Uncertainty Quantifier that mathematically estimates retrieval entropy to gauge the reliability of these proxies. (3) We propose an Uncertainty-Guided Conditional Router that dynamically allocates fusion experts based on the modality mask and uncertainty signal, effectively preventing the model from over-trusting low-quality imputed features. Extensive experiments using patient-level 5-fold cross-validation demonstrate that RAM-Missing consistently mitigates catastrophic degradation under extreme missing ratios, achieving superior prevalence-weighted AUROC and cross-fold stability compared to conventional fusion strategies. The source code is publicly available at https://github.com/Flliin/RAMMissing.",ok,
RAPO: Risk-Aware Anatomical Prior Optimization via Reinforcement Learning for CAC Detection in Rheumatoid Arthritis,https://papers.miccai.org/miccai-2026/0855-Paper1391.html,https://papers.miccai.org/miccai-2026/paper/1391_paper.pdf,https://github.com/Jiashu-Xu/RAPO,classification,Cardiac,Anomaly / Lesion Detection,Multimodal Models / LLMs / VLMs; Reinforcement Learning / Control / Decision-Making,"Xu, Jiashu | Zhou, Haipeng | Ma, Jianda | Zou, Yaowei | Dai, Lie | Zhu, Lei","Rheumatoid Arthritis (RA) markedly increases the risk of cardiovascular disease (CVD), with coronary artery calcification (CAC) serving as a pivotal biomarker for early risk stratification. RA patients exhibit significantly elevated CAC-related mortality rates, making opportunistic CAC screening on routine chest CT scans highly valuable in clinical practice. However, to the best of our knowledge, automated CAC detection has not been systematically investigated in the RA cohorts, where calcifications often present as minute and low-contrast. To fill this critical gap, we construct the first high-quality CAC dataset for RA patients, comprising 415 cases with professional annotations. We propose Risk-aware Anatomical Prior Optimization (RAPO), a reinforcement learning framework that addresses the challenges of detecting minute and low-contrast lesions. RAPO incorporates a Chan-Vese Anatomical Prior that enforces geometric compactness to improve localization precision, and an Intrinsic Risk Penalty that modulates predictions based on uncertainty to reduce false negatives. Extensive experiments demonstrate that RAPO achieves superior performance, substantially outperforming state-of-the-art methods. The resources will be available at https://github.com/Jiashu-Xu/RAPO.",ok,
RareGCD: Toward Rare Disease Discovery via Generalized Category Discovery,https://papers.miccai.org/miccai-2026/0856-Paper1264.html,https://papers.miccai.org/miccai-2026/paper/1264_paper.pdf,https://github.com/myyy777/RareGCD,dataset/benchmark,Abdomen; Brain,Computer-Aided Diagnosis,Deep Learning; Semi- / Weakly- / Self-supervised Learning,"Ma, Yuan | Feng, Wei | Hou, Junlin | Zhang, Chao | Ge, Zongyuan | Xie, Haoran | Ju, Lie","Generalized Category Discovery (GCD) aims to identify known disease categories while discovering unseen ones in medical images, without relying on exhaustive manual annotations. However, existing GCD methods for medical imaging are typically evaluated under balanced settings, overlooking a critical characteristic of practical scenarios: novel categories often correspond to rare diseases and exhibit severe long-tailed distributions. To address this limitation, we propose RareGCD, a framework tailored for long-tailed medical data. Specifically, RareGCD leverages labeled data from known categories as a strong prior to guide sample association, enabling reliable grouping of unlabeled instances under explicit category constraints. Furthermore, we propose a prototypical contrast learning strategy with density-aware instance-wise temperature scaling, which strengthens contrast supervision for reliable samples and reduces over-confident updates for boundary samples, improving representation stability under imbalance. To better reflect practical scenarios, we construct long-tailed benchmarks on multiple medical datasets and evaluate RareGCD under both standard and long-tailed settings. Extensive experiments demonstrate that RareGCD consistently outperforms state-of-the-art methods, particularly in recognizing novel disease categories.",ok,
RDE-Seg: Role-Disentangled Experts with Residual Routing and Anatomy Constraints for DSA Guidewire Segmentation,https://papers.miccai.org/miccai-2026/0859-Paper2147.html,https://papers.miccai.org/miccai-2026/paper/2147_paper.pdf,https://github.com/singer502/RDE-Seg,segmentation,Vasculature,Image Segmentation,Deep Learning,"Zhang, Yining | Long, Chengjiang | Xu, Wenju | Zhang, Tingbao | Feng, Yu | Zhao, Jianhui","Accurate guidewire segmentation is essential for safe navigation in fluoroscopy-guided interventions but remains challenging in Digital Subtraction Angiography (DSA) images. Beyond pixel-level difficulties, guidewires are tightly constrained by vascular anatomy, a dependency often ignored by existing methods that segment them independently. To address this problem, we propose RDE (Role-Disentangled Experts), a framework combining parameter-efficient domain specialization, role-disentangled decoding, and conservative residual fusion. We instantiate RDE on the Segment Anything Model (SAM), resulting in RDE-SAM. RDE-SAM injects LoRA into the image encoder and role-disentangled experts with residual routing into the decoder. We further incorporate a lightweight anatomy-constrained refinement that uses the predicted vessel mask to define a tolerance band and repair small guidewire discontinuities, improving structural consistency. On a clinically collected DSA dataset of over 3,000 images with dual pixel-level annotations, RDE-SAM consistently outperforms strong baselines, demonstrating the benefit of explicitly modeling anatomical constraints for thin-structure instrument segmentation.",ok,
Reducing Expert Annotation Effort for CTA Vessel Delineation with Synthetic Pretraining,https://papers.miccai.org/miccai-2026/0869-Paper5035.html,https://papers.miccai.org/miccai-2026/paper/5035_paper.pdf,,classification&segmentation,Vasculature,Image Segmentation,Deep Learning; Evaluation / Benchmarking / Reproducibility,"Bracci, Jacopo | Katzmann, Alexander | Nguyen, Tri-Thien | Sühling, Michael | Maier, Andreas","Computed tomography angiography is widely used to visualize vascular anatomy. Accurately distinguishing the inner lumen from the outer vessel wall is essential for many clinical and research tasks, yet in routine practice this delineation is typically performed manually by radiologists. Recent deep learning approaches aim to automate this process, but they generally rely on large, and often private, manually annotated datasets, incurring substantial labeling cost and observer-dependent variability. To address these limitations, we propose a pipeline that is pre-trained on a large set of synthetically generated contour annotations (requiring no manual labeling) and then fine-tuned using a small set of manually corrected data. We evaluate the method with a multi-annotator study to benchmark performance against human variability. After fine-tuning with n=400 cases, our method achieves a mean MAE of 0.493 mm (vs. Reader 1) and 0.643 mm (vs. Reader 2), closely matching inter-annotator variability (0.500 mm). We also report labeling cost, where n=400 corresponds to approximately 6 hours of correction time in our setting. We also analyze performance as a function of variable n manual supervision. In a blinded preference test, an independent radiologist selected the model prediction over the human annotation in 56.8% (vs. Reader 1) and 67.6% (vs. Reader 2) of comparisons. Overall, these results indicate that the proposed approach substantially reduces annotation effort while approaching observed inter-reader variability, enabling scalable and reproducible lumen and vessel-wall delineation for downstream analysis with limited manual supervision.",ok,
Reference-Guided Gradient Balancing Loss for Long-Tailed Multi-label Medical Image Classification,https://papers.miccai.org/miccai-2026/0870-Paper0566.html,https://papers.miccai.org/miccai-2026/paper/0566_paper.pdf,https://github.com/xup6YJ/RGB-Loss,classification,Lung / Thoracic,Anomaly / Lesion Detection; Computer-Aided Diagnosis,Deep Learning,"Lin, Ying-Chih | Peng, Hsiao-Chu | Kuo, Po-Chih | Chen, Yong-Sheng","Multi-label classification (MLC) is a central problem in medical image analysis (MIA), as a single medical image often contains multiple coexisting abnormalities. While ranking-based loss methods have been widely adopted for MLC, their effectiveness in MIA is limited by two major challenges: the dominance of negative gradients during optimization, and the uniform suppression of all negative logits without accounting for class-specific logit distribution. To address these limitations, we propose Reference-Guided Gradient Balancing (RGB) loss, a novel loss function designed for long-tailed multi-label medical image classification, which comprises an adaptive negative suppression loss and a positive enhancement loss. The adaptive negative suppression loss operates based on whether the correction and incorrect prediction coexist within a batch. When both are present, correct predictions serve as references that reveal the class-specific logit distributions and guide the rectification of hard sample logits, thereby refining the decision boundary of each class. Otherwise, negative gradients are adaptively reduced based on prediction confidence. Additionally, the positive enhancement loss incorporates sample difficulty and class frequency to enhance the recognition of low-prevalence diseases. Extensive experiments on NIH ChestXRay14, CXR-LT, and CheXpert demonstrate that RGB consistently outperforms state-of-the-art methods, with further analysis confirming the effectiveness in suppressing negative gradients and increasing the separation between positive and negative logits. The code is available at https://github.com/xup6YJ/RGB-Loss.",ok,
Reformulating Chest X-Ray Report Generation as Fine-Grained Visual Question Answering with Structured Clinical Report Templates,https://papers.miccai.org/miccai-2026/0872-Paper1715.html,https://papers.miccai.org/miccai-2026/paper/1715_paper.pdf,,VLM,Lung / Thoracic,Computer-Aided Diagnosis,Multimodal Models / LLMs / VLMs,"Xiao, Ziqin | Liao, Zehui | Lu, Zilin | Hu, Shishuai | Leng, Shaoyi | Zhang, Jingfeng | Xia, Yong","Automated radiology report generation for chest X-ray (CXR) is essential for reducing radiologists’ workload and enhancing diagnostic efficiency in pulmonary screening. While vision-language models (VLMs) have shown promise, most existing methods rely on holistic free-text supervision, which often provides highly concise, incomplete clinical signals and leads to factual hallucinations. To address this issue, we propose TGST, a Template-Guided Structured Training framework that reformulates report generation as a fine-grained, clinically-aligned visual question answering (VQA) task. Specifically, we first construct a tree-structured clinical template for pulmonary findings, decomposing complex reports into anatomical entities and their specific attributes. We then introduce a two-stage pipeline that maps original reports to the template and leverages a medical VLM to infer missing visual details, creating dense supervision signals. By supervising the model on these localized clinical queries, TGST enforces precise visual-textual alignment and penalizes reliance on linguistic priors. Extensive experiments on the IU-Xray dataset demonstrate that TGST significantly outperforms state-of-the-art methods. Notably, our framework achieves substantial gains in factual correctness (GREEN score) and node-level observation accuracy across multiple VLM backbones, highlighting its potential for reliable and systematic automated pulmonary screening.",ok,
RefTr: Recurrent Refinement of Confluent Trajectories for 3D Tubular Tree Centerlines,https://papers.miccai.org/miccai-2026/0873-Paper1612.html,https://papers.miccai.org/miccai-2026/paper/1612_paper.pdf,https://github.com/RomStriker/RefTr,image synthesis,Vasculature,Connectivity & Network Analysis,Deep Learning,"Naeem, Roman | Hagerman, David | Alvén, Jennifer | Kahl, Fredrik","Tubular tree structures such as blood vessels and lung airways are central to many clinical tasks, including diagnosis, treatment planning, and surgical navigation. Accurate centerline extraction with correct topology is essential, as missing small branches can lead to incomplete assessments or overlooked abnormalities. We propose RefTr, a 3D image-to-graph framework that generates tubular tree centerlines via recurrent refinement of confluent trajectories. RefTr adopts a Transformer-based Producer–Refiner architecture in which the Producer predicts candidate trajectories and a shared Refiner iteratively aligns with target branches. The confluent trajectory representation enables whole-branch refinement while explicitly enforcing valid topology. This recurrent scheme improves precision and reduces decoder parameters by 2.4× compared to the state-of-the-art. We further introduce an efficient non-maximum suppression algorithm for spatial tree graphs to merge duplicate branches and extend evaluation metrics to be radius-aware for robust comparison. Experiments on multiple public datasets demonstrate higher recall and precision, faster inference, and substantially fewer parameters, highlighting the effectiveness of RefTr for 3D tubular tree analysis. Code is available at https://github.com/RomStriker/RefTr.",ok,
Reliability-Aware Cross-Prompt Aggregation for Propagation-Based Segmentation of Arbitrary 3D Medical Objects,https://papers.miccai.org/miccai-2026/0874-Paper1506.html,https://papers.miccai.org/miccai-2026/paper/1506_paper.pdf,,classification&segmentation,Whole-body / Multi-organ / Other,Image Segmentation,Deep Learning,"Li, Haoshen | Chen, Zifan | Yang, Guangzhengao | Chen, Guanyu | Lin, Ziling | Nan, Xinyu | Zhao, Jie | Zhang, Li","Segment Anything Models (SAM) enable prompt-driven medical image segmentation with minimal annotation. Propagation-based methods extend this paradigm to volumetric data by iteratively propagating semantic guidance from a single prompted slice. However, existing approaches suffer from two critical limitations: error accumulation, where early prediction errors compound, and fixed propagation strategies that fail to adapt to heterogeneous anatomical structures. To address these issues, we propose a training-free Reliability-Aware Cross-Prompt Aggregation framework. Instead of relying on a single evolving prompt, our method jointly leverages two complementary prompts at each propagation step: the initial prompted slice providing stable global guidance, and the dynamically propagated front slice capturing local appearance. Their predictions are adaptively fused through a reliability-aware mechanism that combines spatial distance weighting with an unsupervised estimation of prompt reliability. This allows the model to intelligently down-weight unreliable predictions and prevent error compounding. Experiments on ten external multi-modal medical imaging datasets demonstrate that our approach consistently outperforms state-of-the-art Medical SAM baselines across all six evaluation metrics, achieving an average Dice score improvement of 4.6% over the best baseline.",ok,
ReScan-IA: A Spatially-Adaptive Diffusion Framework for Controllable 3D Intracranial Aneurysm Inpainting,https://papers.miccai.org/miccai-2026/0882-Paper5128.html,https://papers.miccai.org/miccai-2026/paper/5128_paper.pdf,https://github.com/9xEzreaL/ReScan-IA,segmentation,Brain; Vasculature,Digital Twins / Simulation / Synthetic Data; Image Synthesis / Augmentation / Super-Resolution,Deep Learning; Synthetic Data / Data-centric AI,"Chuang, Tzu I | Aydin, Orhun Utku | Tanioka, Satoru | Frey, Dietmar | Hilbert, Adam","Intracranial aneurysms exhibit substantial variability in size, morphology, and anatomical location, limiting the availability of diverse and balanced training data for CTA-based learning tasks such as detection and segmentation. Existing synthesis and augmentation approaches either lack explicit spatial control or struggle to generate anatomically consistent aneurysms in 3D angiography volumes. We propose ReScan-IA, a spatially-adaptive 3D diffusion framework for controllable aneurysm synthesis. We frame aneurysm inpainting as a virtual re-scan, where a clinically plausible aneurysm is introduced into an existing CTA volume as if it had been captured in a repeat acquisition. ReScan-IA integrates spatially-adaptive conditioning to control aneurysm placement and morphology. A binary vessel prior promotes vascular continuity, while multiclass Circle of Willis labels are used during synthetic sampling to select anatomically corresponding vessel territories, insertion sites, and aneurysm templates. We train on 1,223 multi-center CTA volumes from the LargeIA and RSNA datasets and evaluate utility on two independent external datasets under real-only, synthetic-only, and augmented training settings. Augmenting 250 real cases with synthetic samples improves voxel-wise Dice on External A from 41.1\% to 62.2\%, while reducing false positives per case from 5.07 to 1.83 and improving recall over the real-only baseline across both external cohorts. Implementation is available at: https://github.com/9xEzreaL/ReScan-IA",ok,
Rethinking RAG: Mitigating Text-Driven Hallucinations via Feature-Level Retrieval Integration in Medical LVLMs,https://papers.miccai.org/miccai-2026/0889-Paper3169.html,https://papers.miccai.org/miccai-2026/paper/3169_paper.pdf,,VLM,Breast; Eye; Lung / Thoracic,Computer-Aided Diagnosis; Multimodal Integration with Clinical / Genomic / Biomarkers,Multimodal Models / LLMs / VLMs,"Kim, Yujoong | Kim, Soopil | An, Sion | Park, Sang Hyun","Medical Large Vision-Language Models (Med-LVLMs) achieve strong capability but remain prone to hallucinations that pose serious diagnostic risks. Retrieval-Augmented Generation (RAG) has been explored to mitigate this issue. However, existing approaches append retrieved evidence as text to the language input, which shifts the model’s focus toward textual cues instead of visual reasoning and increases the risk of copying retrieved reports. To address this, we propose a RAG framework that leverages retrieved image–text pairs to enhance the visual representation of a query image through modified cross-attention. We incorporate a novel training objective into this module to prevent over-reliance on a few references and promote semantically faithful alignment. In addition, we observe that commonly used CLIP-based retrieval often assigns high similarity to negated and non-negated sentences with contradictory clinical meanings, resulting in mismatched references and potential hallucinations. To mitigate this, we design a negation-aware retrieval strategy that filters clinically inconsistent cases prior to feature fusion. Experiments on three benchmarks in radiology and ophthalmology demonstrate consistent improvements over the base model and text-prompt RAG baselines, by reducing language shortcuts and reinforcing visual evidence utilization. Source code will be released upon publication.",ok,
Retrieval-Augmented Anatomical Guidance for Text-to-CT Generation,https://papers.miccai.org/miccai-2026/0892-Paper1917.html,https://papers.miccai.org/miccai-2026/paper/1917_paper.pdf,https://github.com/arco-group/RAGText2CT,VLM,Lung / Thoracic,Image Synthesis / Augmentation / Super-Resolution,Synthetic Data / Data-centric AI,"Molino, Daniele | Caruso, Camillo Maria | Soda, Paolo | Guarrasi, Valerio","Text-conditioned generative models for volumetric medical imaging provide semantic control but lack explicit anatomical guidance, often resulting in outputs that are spatially ambiguous or anatomically inconsistent. In contrast, structure-driven methods ensure strong anatomical consistency but typically assume access to ground-truth annotations, which are unavailable when the target image is to be synthesized. We propose a retrieval-augmented approach for Text-to-CT generation that integrates semantic and anatomical information under a realistic inference setting. Given a radiology report, our method retrieves a semantically related clinical case using a 3D vision-language encoder and leverages its associated anatomical annotation as a structural proxy. This proxy is injected into a text-conditioned latent diffusion model via a ControlNet branch, providing coarse anatomical guidance while maintaining semantic flexibility. Experiments on the CT-RATE dataset show that retrieval-augmented generation improves image fidelity and clinical consistency compared to text-only baselines, while additionally enabling explicit spatial controllability, a capability inherently absent in such approaches. Further analysis highlights the importance of retrieval quality, with semantically aligned proxies yielding consistent gains across all evaluation axes. This work introduces a principled and scalable mechanism to bridge semantic conditioning and anatomical plausibility in volumetric medical image synthesis. Code is available at https://github.com/arco-group/RAGText2CT.",ok,
"Right Answer, Wrong Evidence: Revealing Visual Confabulation in Multi-Image Medical VLMs with the Evidence Attribution Score",https://papers.miccai.org/miccai-2026/0899-Paper3813.html,https://papers.miccai.org/miccai-2026/paper/3813_paper.pdf,https://github.com/chidwipak/eas-medical-vlm,VLM,Whole-body / Multi-organ / Other,Computer-Aided Diagnosis; Outcome Prediction / Prognosis / Longitudinal Modeling,Algorithmic Fairness / Safety / Regulation; Evaluation / Benchmarking / Reproducibility; Fairness / Safety / Reliability; Multimodal Models / LLMs / VLMs,"Kuppani, Chidwipak | Halavar, Bheemappa","Vision-language models achieve increasing accuracy in medical imaging tasks, but accuracy alone cannot reveal whether models rely on the correct visual evidence. In clinical settings, decisions must be justified by evidence, not merely correct outcomes. Correct answers built on wrong evidence undermine clinical trust. We introduce the Evidence Attribution Score (EAS), a behavior-based metric for evaluating visual grounding in model decisions. It compares the images a model actually depends on, measured through leave-one-out ablation, with the images it claims to use, measured through repeated prompting. Unlike accuracy, EAS reveals whether a model genuinely relied on the relevant images when arriving at a correct answer, a distinction that is critical for clinical trust. Evaluating eight vision-language models across multi-image medical questions, we find that 40 to 79 percent of correct answers are confabulated, meaning the model identified the right answer without using the right visual evidence. Three independent causal validations support that EAS captures genuine visual grounding. Chain-of-thought prompting dramatically increases EAS in open-source models while leaving closed-source models unchanged, revealing a systematic behavioral divide between model families that is invisible to accuracy alone. Our results show that accuracy-only evaluation can systematically overestimate reliability, and that EAS highlights scenarios where deployment may require additional safeguards.",ok,
Robust automatic brain vessel segmentation in 3D CTA scans using dynamic 4D-CTA data,https://papers.miccai.org/miccai-2026/0902-Paper1486.html,https://papers.miccai.org/miccai-2026/paper/1486_paper.pdf,https://github.com/alceballosa/robust-vessel-segmentation,segmentation,Brain; Head & Neck; Vasculature,Image Segmentation,Deep Learning; Synthetic Data / Data-centric AI,"Ceballos Arroyo, Alberto Mario | Yadav, Shrikanth M. | Lin, Chu-Hsuan | Kim, Jisoo | Young, Geoffrey S. | Qin, Lei | Jiang, Huaizu","Existing datasets for brain vessel segmentation in CTA are limited in scale and largely restricted to major vessels, leaving peripheral vasculature underrepresented. We address this data-level bottleneck by introducing DynaVessel, a richly annotated dynamic 4D-CTA dataset, alongside a novel annotation pipeline that exploits multi-phase contrast enhancement and background subtraction to reduce the effort required for expert manual annotation of vessels. This not only enlarges our dataset by 5-6 fold, but also provides a novel data-driven method for training deep learning models to detect arteries and veins despite the wide variation in vessel contrast encountered in single-phase CTA scans. DynaVessel comprises 110 training volumes from 29 patients and 165 test volumes from 14 patients. By comparing with two similarly-sized datasets for brain vessel segmentation in CTA, we demonstrate that DynaVessel-trained nnUNet models produce superior segmentations compared to the same model trained on single phase data, with an average mDC of 0.846/0.957 for arteries/veins, shorter average directed Hausdorff distance (0.304 mm/0.08 mm for arteries/veins) and improved topology sensitivity (0.877/0.974 for arteries/veins) in the TopBrain dataset. Code, model weights, and instructions to access the dataset are available online: https://github.com/alceballosa/robust-vessel-segmentation.",ok,
Robust Mitigation of Age-Dependent Confounding Effects via Sample-Difficulty Decorrelation,https://papers.miccai.org/miccai-2026/0904-Paper2145.html,https://papers.miccai.org/miccai-2026/paper/2145_paper.pdf,,classification,Lung / Thoracic,Computer-Aided Diagnosis,Algorithmic Fairness / Safety / Regulation; Deep Learning; Fairness / Safety / Reliability,"Kurian, Nikhil Cherian | Parra, Victor Caquilpan | Shoby, Abin | Whitbread, Luke | Palmer, Lyle J.","Age-dependent performance disparities in medical image classification often arise because age acts as a confounder, linking imaging morphology with disease prevalence. In practice, disparities can manifest as overdiagnosis at ages where disease prevalence is higher and underdiagnosis at ages where prevalence is lower, and can become more pronounced under train–test shifts in the age distribution. Conventional mitigation approaches that enforce strict age invariance may suppress diagnostically meaningful information encoded in age. We therefore propose a robust framework that mitigates the effects of age-dependent confounding by targeting first-order, label-conditioned age–error trends rather than enforcing invariance. Following a warm-up phase, we characterize model-perceived difficulty and model its age-dependent trends in a label-conditioned manner. We decorrelate age from dominant age–difficulty trends using robust, Huber-weighted affinity weights, attenuating confounding driven shortcuts while preserving clinically meaningful, non-linear age information. We further introduce an Age Coverage Score that scales the decorrelation penalty by mini-batch age variance to ensure stable optimization under limited age diversity. Across two radiology datasets, our approach reduces age-dependent true- and false-positive disparities with minimal AUC impact and remains robust to increasing train–test age distribution shifts.",ok,
Robust Tooth Segmentation Under Orthodontic CBCT: A Metal Artifact-Aware Approach,https://papers.miccai.org/miccai-2026/0905-Paper4686.html,https://papers.miccai.org/miccai-2026/paper/4686_paper.pdf,https://github.com/joosk3R/MAM,classification&segmentation,Head & Neck,Image Segmentation,Deep Learning,"Jo, SeungKwan | Park, Jeonglok | Kim, So Hyun | Chung, Minyoung","Tooth instance segmentation in Cone-Beam Computed Tomography (CBCT) is essential for clinical diagnosis, treatment planning, and prognosis prediction. Practical pipelines commonly adopt a two-stage detection–segmentation framework, where accurate bounding boxes are critical: incorrect boxes either incompletely cover the target tooth or include adjacent teeth, increasing input variability and destabilizing subsequent segmentation. However, orthodontic CBCT suffers from severe metal artifacts that corrupt structural cues, hinder robust detection, and degrade final segmentation. To address this, we propose a two-stage framework that leverages metal artifacts as informative cues for robust tooth localization while suppressing their residual influence during boundary delineation. Specifically, we improve bbox localization by minimizing the intensity-weighted center-of-mass discrepancy between predicted and ground-truth patches, and stabilize boundary delineation by regressing a normalized distance map to suppress artifact responses near the tooth surface. Our method achieves robust localization and accurate instance segmentation even under severe orthodontic metal artifacts. Our code is publicly available at https://github.com/joosk3R/MAM.",ok,
RT-Super: Learning Tumor Segmentation from Longitudinal Images and Reports,https://papers.miccai.org/miccai-2026/0908-Paper4075.html,https://papers.miccai.org/miccai-2026/paper/4075_paper.pdf,https://github.com/MrGiovanni/RT-Super,classification&segmentation,Abdomen,Anomaly / Lesion Detection,Deep Learning,"Bassi, Pedro R. A. S. | Li, Wenxuan | Gu, Hanxue | Chen, Jieneng | Zhou, Xinze | Zhu, Zheren | Er, Sezgin | Hamamci, Ibrahim E. | Menze, Bjoern H. | Akan, Gulhan E. | Wang, Kang | Yang, Yang | Yuille, Alan L. | Zhou, Zongwei","Multi-tumor segmentation is important for early cancer detection and allows radiologists to visualize, verify, and understand AI predictions. However, tumor segmentation masks are expensive, time-consuming, and unavailable for many tumor types in public data. Instead, hospitals have vast, readily-available data that can guide segmentation: radiology reports and longitudinal images with multiple contrast phases. We use this readily-available data to substitute for tumor masks in training AI for tumor segmentation. To this end, we propose a new architecture, RT-Super. It has a teacher network, which analyzes the patient’s longitudinal images and reports to create high-quality tumor masks. These masks train a student network, which sees a single image and no report. In inference, when longitudinal images and reports are unavailable, we use the student. RT-Super uses a new CNN-Transformer architecture and novel Consistency Losses that exploit tumors location consistency across longitudinal images. We train RT-Super to segment esophagus, uterus and spleen tumors, which have few or no public masks. Even without training masks, RT-Super can segment these tumors and surpass public AI models. Overall, we demonstrate that learning from longitudinal images, multi-phase images, and reports can overcome mask scarcity and advance multi-cancer detection and segmentation. Code: https://github.com/MrGiovanni/RT-Super",ok,
SAFE-Diff: Structurally Anchored Diffusion for Anatomically Faithful CT Image Super-Resolution,https://papers.miccai.org/miccai-2026/0914-Paper1196.html,https://papers.miccai.org/miccai-2026/paper/1196_paper.pdf,https://github.com/nature0012300/SAFE-Diff.git,image synthesis,Abdomen,Image Synthesis / Augmentation / Super-Resolution,Deep Learning,"Sneha | Gupta, Nivedita | Paul, Angshuman",NA,ok,
SAM2 as a Key Bridge Between 2D Slices and 3D Volumes for Sparsely-supervised Medical Image Segmentation,https://papers.miccai.org/miccai-2026/0916-Paper3034.html,https://papers.miccai.org/miccai-2026/paper/3034_paper.pdf,https://github.com/DeepMedLab-ECNU/SAM2-bridge,classification&segmentation,Abdomen,Image Segmentation,,"Yu, Peng | Chen, Duowen | Bai, Yunhao | Wang, Yan","Deep learning-based 3D medical image segmentation is limited by the high cost of voxel-level annotation. A practical alternative is to label only three orthogonal central slices per volume, yet such sparse 2D supervision provides insufficient constraints to reconstruct topologically consistent 3D structures. Existing methods struggle to bridge this dimensional gap, often failing to segment 2D slices far from the labeled slices, and cannot transfer morphological priors from 2D labeled slices into 3D structures. To overcome these limitations, we propose a novel framework that pioneers the use of the Segment Anything Model 2 (SAM2) as a dimensional bridge. SAM2 has the ability to propagate 2D annotations throughout the 3D volume, but it suffers from propagation drift, i.e., the progressive accumulation of segmentation errors during long-range propagation. To mitigate the drift, we not only propose a cross-view consensus mechanism for adaptively fusing these 2D slice-wise predictions and extending sparse 2D annotations to more robust dense annotations, but also introduce a dynamic 3D refinement module to capture inherent volumetric continuity. Then a confidence-weighted fusion method is designed to obtain the final segmentation results. Experiments on three public benchmarks demonstrate that our method achieves consistent gains (6.7% in Dice on LA2018 dataset) over state-of-the-art baselines. Code is publicly available at https://github.com/DeepMedLab-ECNU/SAM2-bridge.",ok,
Scalable Training of Spatially Grounded 2D Vision–Language Models for Radiology,https://papers.miccai.org/miccai-2026/0923-Paper4764.html,https://papers.miccai.org/miccai-2026/paper/4764_paper.pdf,https://github.com/lmb-freiburg/radgrounder,VLM,Whole-body / Multi-organ / Other,Computer-Aided Diagnosis; Image Segmentation,Deep Learning; Foundation Models; Interpretability / Explainability; Multimodal Models / LLMs / VLMs; Semi- / Weakly- / Self-supervised Learning,"Salcan, Yusuf | Ging, Simon | Schirrmeister, Robin Tibor | Arnold, Philipp | Kotter, Elmar | Bozorgtabar, Behzad | Brox, Thomas","We study how to train visually grounded vision–language models (VLMs) for radiology without manual spatial annotations. We introduce RefRad2D, a large-scale bilingual (German/English) dataset of 1.2M CT and MR image–text pairs derived from clinical practice, with task-specific VQA and spatial grounding subsets generated automatically via LLM-based curation and automated segmentation. Trained on this data, our model RadGrounder jointly performs report generation, visual question answering, and spatial grounding via bounding-box detection or segmentation. On external VQA benchmarks (Slake, VQA-RAD), RadGrounder achieves competitive results with specialized medical VLMs. Adding our clinical data to the training mixture improves open-ended VQA over fine-tuning on the downstream datasets alone, showing the transferability of our dataset. Crucially, adding grounding supervision does not degrade language quality, enabling spatially verifiable outputs at no cost to VQA performance.",ok,
SCKAN: Structural Consensus-Based KAN Prototype Learning for Semi-supervised Pancreas Segmentation,https://papers.miccai.org/miccai-2026/0926-Paper0226.html,https://papers.miccai.org/miccai-2026/paper/0226_paper.pdf,https://github.com/rhodaliu17/SCKAN,classification&segmentation,Abdomen,Image Segmentation,Semi- / Weakly- / Self-supervised Learning,"Liu, Yuqi | Chen, Yufei | Fu, Wei | Yue, Xiaodong | Li, Shuo","Accurate pancreas segmentation is critical for early cancer diagnosis, where annotation scarcity necessitates Semi-Supervised Learning (SSL). However, due to significant inter-sample morphological variability, existing SSL methods face severe generalizability limitations under sparse supervision, leading to the Supervision Bias problem. To address this, we propose Structural Consensus-based KAN Prototype Learning (SCKAN), which constructs the first cross-sample structural consensus learning with Kolmogorov-Arnold Networks (KANs), to achieve more generalizable and accurate segmentation. Specifically, SCKAN contains two key designs: Structure-constrained Prototype Consistency Learning (SPCL), which prompts unbiased structural representation by enforcing cross-sample consistency via prototype-level contrastive optimization, and Consensus-based Kolmogorov-Arnold Fusion (CKaF), which reduces morphology-specific bias by aggregating stable consensus and filtering sample-wise noise via KAN’s adaptive B-spline nonlinearity. Extensive experiments on two public pancreas datasets demonstrate the effectiveness of SCKAN. Code is at https://github.com/rhodaliu17/SCKAN.",ok,
ScribbleDose: Scribble-Guided Dose Prediction in Radiotherapy,https://papers.miccai.org/miccai-2026/0927-Paper1119.html,https://papers.miccai.org/miccai-2026/paper/1119_paper.pdf,https://github.com/iCherishxixixi/ScribbleDose,classification&segmentation,Head & Neck; Lung / Thoracic,Outcome Prediction / Prognosis / Longitudinal Modeling,Deep Learning; Semi- / Weakly- / Self-supervised Learning,"Zhang, Zhenxi | Zhuang, Yitao | Pu, Yao | Yu, Peixin | Li, Zirong | Xia, Yan | Li, Hui | Li, Bin | Zheng, Fuchen | Ren, Ge","Anatomical structure masks are widely adopted in radiotherapy dose prediction, as they provide explicit geometric constraints for structure-dose modeling. However, conventional manual delineation of these masks requires precise annotation of radiotherapy-relevant anatomical boundaries, which is time-consuming and labor-intensive. To reduce the dependence on dense structural masks, we propose ScribbleDose, a scribble-guided dose prediction framework that learns dose distributions from sparsely annotated anatomical structures. Specifically, we design a Scribble Completion Module (SCM) to reconstruct dense anatomical priors by propagating sparse scribble labels to semantically correlated voxels. During label propagation, a supervoxel-based regularization is introduced to preserve boundary consistency and improve anatomical plausibility. Furthermore, we propose a Structure-Guided Dose Generation Module (SGDGM) to incorporate the reconstructed structural priors into dose prediction through mask-guided attention. The completed masks derived from scribbles serve as intermediate structural guidance, forming an end-to-end scribble-mask-dose learning pipeline under sparse annotation. Experiments on the GDP-HMM dataset demonstrate that ScribbleDose achieves competitive dose prediction performance using only scribble-level structural annotations. The source code and reannotated scribble annotations are publicly available at https://github.com/iCherishxixixi/ScribbleDose.",ok,
SeedPro: Place Brachytherapy Seeds Like Expert Clinicians via Hierarchical Reinforcement Agents,https://papers.miccai.org/miccai-2026/0930-Paper3635.html,https://papers.miccai.org/miccai-2026/paper/3635_paper.pdf,https://github.com/Haitao-Lee/SeedPro.git,dataset/benchmark,Abdomen; Cardiac,Image-Guided Interventions,Reinforcement Learning / Control / Decision-Making,"Li, Haitao | Liu, Jiaxuan | Huang, Wei | Wang, Zhongmin | Chen, Xiaojun","Brachytherapy is an evidence-based, well-established treatment for intracorporeal tumors. A high-quality preoperative planning scheme is critical to ensuring optimal intraoperative efficacy. However, existing preoperative planning approaches often suffer from poor reproducibility, suboptimal dose distributions, and labor-intensive workflows. To address these limitations, we propose SeedPro, an automatic and fine-grained preoperative planning framework for brachytherapy that efficiently produces expert-level treatment plans with reduced computational costs, driven by hierarchical reinforcement learning agents. Experiments show that SeedPro achieves 12–20% reduction in OAR exposure and reduces puncture numbers by 25% compared to SOTA on both internal and external datasets. This work establishes a practical paradigm for intelligent and precision-oriented brachytherapy. The source code is available at https://github.com/Haitao-Lee/SeedPro.",ok,
Seeing Through Multiple Views: Parameter-Efficient Fine-Tuning via Selective Neurons for Consistent Radiology Report Generation,https://papers.miccai.org/miccai-2026/0931-Paper1298.html,https://papers.miccai.org/miccai-2026/paper/1298_paper.pdf,,image synthesis,Cardiac; Lung / Thoracic,Computer-Aided Diagnosis,Deep Learning; Multimodal Models / LLMs / VLMs,"Chen, Yucheng | Zhu, Jinjing | Yu, Yang | Shi, Yufei | Naghshbandi, Hane | Liu, Jinhua | Koh, Angela S. | Fen, Fang | Ong, Kian Eng | Yeo, Si Yong","Recent years have seen substantial advances in radiology report generation (RRG), yet existing approaches predominantly adopt direct feature fusion when handling multi-view X-ray images. Such approaches overlook the potential clinical inconsistencies and inaccuracies arising when a single model processes different views, adversely impacting performance and clinical reliability. To this end, we introduce View-PNDF (View-specific Pattern Neuron Detection and Fine-tuning), a parameter-efficient framework that fosters view-consistent report generation from a neuronal perspective. Specifically, View-PNDF comprises: (i) a view-specific neuron detection module identifying neurons responsive to particular views, (ii) a verification module quantifying the existence of these neurons, and (iii) a selective fine-tuning strategy strengthening detected neurons while preserving view-agnostic representations. By updating only view-specific neurons, View-PNDF achieves consistent diagnoses across different views with reduced computational costs. Subsequently, we employ Large Language Models (LLMs) to consolidate the view-specific reports into a complete radiology report. Furthermore, we use traditional Natural Language Generation (NLG) metrics-based assessment on integrated reports for baseline comparison and employ LLM-based assessment (e.g., GPT-4o) on view-specific reports to capture clinical significance. Extensive experiments on two medical RRG benchmarks demonstrate that View-PNDF substantially improves view-specific chest X-ray report generation quality while maintaining robust general-view performance.",ok,
SegDINO: Introducing Multi-Scale Structure into DINO for Efficient Medical Image Segmentation,https://papers.miccai.org/miccai-2026/0933-Paper0067.html,https://papers.miccai.org/miccai-2026/paper/0067_paper.pdf,https://github.com/script-Yang/segdino_v2,segmentation,Whole-body / Multi-organ / Other,Image Segmentation,Deep Learning,"Yang, Sicheng | Wang, Hongqiu | Xing, Zhaohu | Chen, Sixiang | Yang, Qiuxia | Mao, Yize | Yang, Guang | Zhu, Lei","Self-supervised DINO models provide strong transferable visual representations, yet applying them directly to image segmentation remains challenging. Existing approaches commonly rely on heavy decoders with complex upsampling, introducing substantial parameter and computational overhead. We observe that introducing scale into DINO features is far more critical than increasing decoder capacity. In this work, we present SegDINO, an efficient segmentation framework that integrates a DINOv3 backbone with lightweight scale modeling. SegDINO introduces Token Pyramid Adaptation (TPA) to reorganize intermediate DINO features into a pseudo multi-scale hierarchy, and Scale-Aware Decoding (SAD) for efficient intra-scale refinement and top-down multi-scale propagation. We further curate PanCT, a new CT dataset containing 284 patients with expert-annotated pancreatic tumors, to assess SegDINO’s ability to handle difficult small-lesion cases. Extensive experiments on PanCT and three public benchmarks demonstrate that SegDINO achieves state-of-the-art results with high efficiency. The code is available at https://github.com/script-Yang/segdino_v2.",ok,
Self-auditing Parameter-Efficient Fine-Tuning for Few-Shot 3D Medical Image Segmentation,https://papers.miccai.org/miccai-2026/0937-Paper3785.html,https://papers.miccai.org/miccai-2026/paper/3785_paper.pdf,https://github.com/tsly123/SEA_PEFT,segmentation,Whole-body / Multi-organ / Other,Image Segmentation,Domain Adaptation / Harmonization,"Ly, Son Thai | Nguyen, Hien V.","Adapting foundation models to new clinical sites remains challenging in practice. Domain shift and scarce annotations must be handled by experts, yet many clinical groups do not have ready access to skilled AI engineers to tune adapter designs and training recipes. As a result, adaptation cycles can stretch from weeks to months, particu larly in few-shot settings. Existing PEFT methods either require manual adapter configuration or automated searches that are computationally infeasible in few-shot 3D settings. We propose SEA-PEFT (self-auditing parameter-efficient fine-tuning) to automate this process, moving towards realistic deployment in clinical environments. SEA-PEFT treats adapter configuration as an online allocation problem solved during fine-tuning rather than through manual, fixed-topology choices. SEA-PEFT uses a search–audit–allocate loop that trains active adapters, estimates each adapter’s Dice utility by momentarily toggling it off, and then reselects the active set under a parameter budget using a greedy knapsack allo cator. Exponential Moving Average and Interquartile Range smoothing, together with a Finite-State Ranking controller, stabilize the loop and improve reliability in high-noise few-shot regimes. On TotalSegmentator and FLARE’22, SEA-PEFT improves mean Dice by 2.4–2.8 points over the strongest fixed-topology PEFT baselines across 1/5/10-shot settings while training <1% of parameters. For reproducibility purposes, we made our code publicly available at https://github.com/tsly123/SEA_PEFT",ok,
Semantic Feature Modulation for Mammographic Lesion Classification,https://papers.miccai.org/miccai-2026/0943-Paper1039.html,https://papers.miccai.org/miccai-2026/paper/1039_paper.pdf,,image synthesis,Breast,Anomaly / Lesion Detection,Deep Learning,"Mahpod, Shahar | Ben Artzi, Gil","Most mammography AI systems predict benign versus malignant from the image alone, ignoring the structured reasoning radiologists perform through the BI-RADS descriptor lexicon. We introduce a conditional modulation framework that dynamically shifts intermediate feature statistics based on BI-RADS descriptors. Rather than considering descriptors as static labels, our method produces \emph{sample-specific} modulation parameters: the same attribute generates different feature-space transformations depending on the image, capturing context-dependent diagnostic meaning. We show that our approach is highly effective. Across CBIS-DDSM and CMMD, our model improves AUC by up to +8.3\% and F1 by up to +5.0\% over the image-only baseline. By representing descriptors as conditional continuous embeddings, our framework enables exact interpolation between attributes within the same BI-RADS category; interpolation experiments confirm monotonic risk paths aligned with clinical severity, despite training only on hard categorical labels. Our model enables a post-detection decision-support mode using probabilistic outputs from emerging BI-RADS prediction models. Perturbation analysis confirms approximately 25\% of joint-setting predictions change when all descriptors are removed. \footnote{The code is available on \url{https://github.com/shahrma/semantic-mammo}}",ok,
Semantic-Aware Organ-Level Esophageal Tumor Synthesis via Latent Rectified Flow,https://papers.miccai.org/miccai-2026/0945-Paper2223.html,https://papers.miccai.org/miccai-2026/paper/2223_paper.pdf,,image synthesis,Lung / Thoracic,Image Synthesis / Augmentation / Super-Resolution,,"Yu, Qinji | Guo, Guangyu | Yao, Jiawen | Zheng, Zhilin | Lin, Tiancheng | Xia, Yingda | Guo, Yi | Wang, Qifeng | Zhou, Jian | Zhang, Ling",N/A,ok,
Semantic-Consistent Dual-Image Vision-Language Alignment via Modality Routing for 3D PET/CT,https://papers.miccai.org/miccai-2026/0946-Paper5633.html,https://papers.miccai.org/miccai-2026/paper/5633_paper.pdf,https://github.com/Linn60/PETCT-DiVLA,VLM,Breast,Anomaly / Lesion Detection,Deep Learning; Multimodal Models / LLMs / VLMs,"Lu, Lin | Li, Hang | Liu, Zihan | Tang, Chaoxiang | Zhang, Hui","Positron Emission Tomography-Computed Tomography (PET/CT) provides complementary anatomical and metabolic information essential for cancer diagnosis. While vision-language pre-training has shown promise in medical imaging, existing approaches treat PET/CT as a unified modality, failing to capture the distinct characteristics of CT and PET imaging. We propose PETCT-DiVLA, a novel framework that introduces: (1) a token-level modality router that automatically identifies PET-specific, CT-specific, and shared text tokens; (2) a semantic-consistency guided SigLIP loss that leverages organ abnormality labels to define positive and negative pairs dynamically; and (3) dual-granularity alignment at both global and local levels. Our framework employs dual-branch 3D Vision Transformers and achieves mask-free inference. Experiments demonstrate state-of-the-art performance on image-text retrieval and classification tasks, including CT abnormality detection and PET uptake grading. Code is available at https://github.com/Linn60/PETCT-DiVLA.",ok,
ShapKO: Shapley-Adaptive Modality Knockout for Robust Multimodal Learning,https://papers.miccai.org/miccai-2026/0956-Paper3767.html,https://papers.miccai.org/miccai-2026/paper/3767_paper.pdf,https://github.com/sumona00/ShapKO,classification,Brain; Whole-body / Multi-organ / Other,Multimodal Integration with Clinical / Genomic / Biomarkers,Deep Learning,"Nizam, Nusrat Binta | Liu, Fengbei | Kwak, Sunwoo | Nguyen, Minh | Deng, Ruining | Sabuncu, Mert R.","Multimodal medical models often degrade when inputs are missing, a common scenario in real-world clinical workflows. Separately, even when all modalities are present, modality dominance is observed during training, where optimization over-relies on a highly predictive modality and undertrains complementary sources, resulting in poor robustness under partial availability. While training-time modality knockout improves missing-modality robustness, existing approaches use static masking rates that cannot adapt to evolving modality utility during training. We introduce ShapKO (Shapley-Adaptive Modality Knockout), a dynamic training strategy that learns modality-specific knockout probabilities based on validation utility. ShapKO periodically evaluates performance across modality subsets, estimates modality importance via Shapley values, and updates masking probabilities to suppress dominant modalities more frequently. This adaptive process promotes complementary representations, while requiring no architectural modifications. We evaluate ShapKO on three datasets covering multitask clinical classification, survival prediction, and cancer detection. ShapKO consistently improves performance under modality absence and yields interpretable trajectories of learned masking behavior. Code is available at: https://github.com/sumona00/ShapKO",ok,
Skill-Evolving Grounded Reasoning for Free-Text Promptable 3D Medical Image Segmentation,https://papers.miccai.org/miccai-2026/0966-Paper3761.html,https://papers.miccai.org/miccai-2026/paper/3761_paper.pdf,https://seer-medseg.github.io/,VLM,Whole-body / Multi-organ / Other,Image Segmentation,Fairness / Safety / Reliability; Multimodal Models / LLMs / VLMs,"Zhang, Tongrui | Wang, Chenhui | Li, Yongming | Chen, Zhihao | Zhan, Xufeng | Shan, Hongming","Free-text promptable 3D medical image segmentation offers an intuitive and clinically flexible interaction paradigm. However, current methods are highly sensitive to linguistic variability: minor changes in phrasing can cause substantial performance degradation despite identical clinical intent. Existing approaches attempt to improve robustness through stronger vision-language fusion or larger vocabularies, yet they lack mechanisms to consistently align ambiguous free-form expressions with anatomically grounded representations. We propose Skill-Evolving groundEd Reasoning (SEER), a novel framework for free-text promptable 3D medical image segmentation that explicitly bridges linguistic variability and anatomical precision through a reasoning-driven design. First, we curate the SEER-Trace dataset, which pairs raw clinical requests with image-grounded, skill-tagged reasoning traces, establishing a reproducible benchmark. Second, SEER constructs an evidence-aligned target representation via a vision-language reasoning chain that verifies clinical intent against image-derived anatomical evidence, thereby enforcing semantic consistency before voxel-level decoding. Third, we introduce SEER-Loop, a dynamic skill-evolving strategy that distills high-reward reasoning trajectories into reusable skill artifacts and progressively integrates them into subsequent inference, enabling structured self-refinement and improved robustness to diverse linguistic expressions. Extensive experiments demonstrate superior performance of SEER over state-of-the-art baselines. Under linguistic perturbations, SEER reduces performance variance by 81.94% and improves worst-case Dice by 18.60%. Project resources are available at: https://seer-medseg.github.io",ok,
SLICE-MIL: Counterfactual Semantic Anchoring of Disentangled Evidence for Child-Pugh Grading,https://papers.miccai.org/miccai-2026/0968-Paper2557.html,https://papers.miccai.org/miccai-2026/paper/2557_paper.pdf,https://github.com/cutecattutu/SLICE-MIL,classification,Abdomen,Computer-Aided Diagnosis,Causal Inference / Counterfactual Reasoning; Interpretability / Explainability,"Deng, Yihan | Huang, Hongwei | Peng, Yunsong | He, Lei | Cui, Wenju | Leng, Yilin | Wang, Shuai | Cheng, Qi | Zheng, Jian","Child-Pugh (CP) grading, a widely used clinical standard for therapeutic decision-making in hepatocellular carcinoma, integrates biochemical and clinical markers to assess hepatic reserve. Estimating CP grade from routinely acquired contrast-enhanced CT (CECT) may provide opportunistic, complementary imaging evidence and facilitate investigation of associations between structural imaging phenotypes and clinically assessed hepatic reserve. However, inferring CP-related functional status from structural imaging requires overcoming a fundamental structure-function semantic gap. Because CP grade is determined by multiple biochemical and clinical factors, its imaging manifestations are heterogeneous and deeply entangled. Conventional Multiple Instance Learning (MIL) architectures do not explicitly decouple these complex representations, making them susceptible to associative shortcut learning rather than capturing stage-relevant pathological patterns. To explicitly model this structure-function mapping, we propose SLICE-MIL, a spatial-logical framework for ordinal evidence disentanglement. Structurally, an anatomical mask-guided mechanism explicitly decouples the entangled intra- and extra-hepatic features. Functionally, a hierarchical evidence disentanglement module employs representation-level counterfactual ablations to anchor stage-specific semantics, encouraging the decoupled representations to align with the progression logic of CP deterioration. Multicenter validation demonstrates that explicitly bridging this semantic gap mitigates reliance on spurious correlations, substantially improving cross-domain robustness and interpretability.",ok,
Sparse Autoencoders for Interpretable Medical Image Representation Learning,https://papers.miccai.org/miccai-2026/0976-Paper4497.html,https://papers.miccai.org/miccai-2026/paper/4497_paper.pdf,https://github.com/pwesp/sail,reconstruction,Whole-body / Multi-organ / Other,Computational Anatomy & Physiology; Computer-Aided Diagnosis; Visualization in Biomedical Imaging,Foundation Models; Interpretability / Explainability; Multimodal Models / LLMs / VLMs; Semi- / Weakly- / Self-supervised Learning,"Wesp, Philipp | Holland, Robbie | Sideri-Lampretsa, Vasiliki | Gatidis, Sergios","Vision foundation models (FMs) achieve state-of-the-art performance in medical imaging. However, they encode information in abstract latent representations that clinicians cannot interrogate or verify. The goal of this study is to investigate Sparse Autoencoders (SAEs) for replacing opaque FM image representations with human-interpretable, sparse features. We train SAEs on embeddings from BiomedParse (biomedical) and DINOv3 (general-purpose) using 909,873 CT and MRI 2D images from the TotalSegmentator dataset. We find that learned sparse features: (a) reconstruct original embeddings with high fidelity (R2 up to 0.941) and recover up to 87.8% of downstream performance using only 10 features (99.4% dimensionality reduction), (b) preserve semantic fidelity in image retrieval tasks, (c) correspond to specific concepts that can be expressed in language using large language model (LLM)-based auto-interpretation, (d) bridge clinical language and abstract latent representations in zero-shot language-driven image retrieval. Our work indicates SAEs are a promising pathway towards interpretable, concept-driven medical vision systems. Code repository: https://github.com/pwesp/sail.",ok,
Sparse Local Latents for Explainable Zero-Shot Reasoning in Medical Vision-Language Models,https://papers.miccai.org/miccai-2026/0977-Paper1037.html,https://papers.miccai.org/miccai-2026/paper/1037_paper.pdf,https://github.com/martingoe/sparse_local_latents,VLM,Lung / Thoracic,Computer-Aided Diagnosis,Interpretability / Explainability; Multimodal Models / LLMs / VLMs,"Goetze, Martin | Wienholt, Patrick | Eschweiler, Dennis | Gazibaric, Marvin | Kuhl, Christiane | Nebelung, Sven | Truhn, Daniel","Vision–language models trained on large-scale medical image–text data achieve strong zero-shot performance but typically rely on global, dense representations that are difficult to interpret and provide little to no visual grounding. We introduce a framework to extract and exploit sparse, local features from a medical vision–language model (MedSigLIP) while preserving text-aligned capabilities. First, we obtain local, text-aligned image embeddings using (1) distillation and (2) token alignment. We analyze these local embeddings using a sparse autoencoder, yielding sparse latents and show that they correspond to recurring, clinically meaningful image patterns. By ranking these latents using MedSigLIP’s text embeddings and selectively recombining latents back into the teacher embedding space, we construct new classification probes that focus on interpretable local evidence. We do not fine-tune MedSigLIP and thus retain text-aligned capabilities. Evaluated on VinDR-CXR with external testing on NIH ChestXray, our approach improves mean AUROC on VinDR by up to 0.05 and significantly increases pointing game localization recall by up to 9% on both datasets, across multiple attribution methods. These results demonstrate that sparse latent structure in distilled local features provides an effective mechanism for interpretable and clinically grounded reasoning in medical vision–language models.",ok,
Spatially-Aware Graph Geometric Representation for Lung Nodules Detection,https://papers.miccai.org/miccai-2026/0979-Paper6009.html,https://papers.miccai.org/miccai-2026/paper/6009_paper.pdf,https://gitlab.com/luis.guayacan1/miccai_2026-nodulesdetection,detection/localization,Lung / Thoracic,Anomaly / Lesion Detection; Computer-Aided Diagnosis,Deep Learning,"Guayacán, Luis | Leal, Santiago | Patiño, Diego | Martinez, Fabio","In clinical routine, expert radiologists localize peripheral or central features in lung tissue, including vessels, bronchi, and other structures, to identify and categorize pulmonary nodules (PN). However, current computational PN detection methods rely on standard convolutional and transformer-based models without exploiting this irregular anatomical and contextual coherence within the parenchyma, which may be key to detecting nodular lesions in early stages. Emulating expert analysis, this work proposes a hierarchical, geometric graph representation that considers non-local and non-rigid relationships among lung regions. Using this representation, we learn a differentiable soft cluster assignment via a graph pooling operation, converging into a binary background/nodule representation. We encode each node’s features with a second-order embedding to capture local inter-feature covariances, enabling spatially and contextually coherent detection. Moreover, we introduce an orthogonality regularization to enforce dissimilarity between the two embeddings in the grouping-matrix space. We evaluated our method on the LIDC-IDRI dataset, achieving a CPM of 0.51, which outperforms baselines such as YOLOv5, Faster R-CNN, DETR, and Grounding-DINO. In a controlled subset designed to validate the contribution of lung structures to the localization task, our method achieved a notable CPM of 0.74 (IoU=0.1), supporting the initial hypothesis.",ok,
Spatiotemporal Modeling of Tumor Dynamics via Optimal Transport for Enhanced Longitudinal Analysis,https://papers.miccai.org/miccai-2026/0981-Paper5716.html,https://papers.miccai.org/miccai-2026/paper/5716_paper.pdf,,image synthesis,Lung / Thoracic,Digital Twins / Simulation / Synthetic Data,Deep Learning,"Yang, Jiannan | Jiang, Jue | Ma, Tengfei | Veeraraghavan, Harini","Data-driven longitudinal monitoring of tumor treatment response from computed tomography (CT) is challenged by temporally sparse and irregular follow-ups between patients. Naïve interpolation or unconstrained generative augmentation to fill missing scans often produces anatomically and temporally unrealistic tumor evolution, reducing realism and utility for tasks that reason about response trajectories. We propose OxFlow, a framework combining geometry conditioning via optimal transport (OT) mask interpolation and flow matching to synthesize smoothly varying tumor morphology. Our approach models tumor shape evolution as Wasserstein geodesic interpolation in mask space, yielding smooth and geometrically consistent intermediate shapes. These masks are then used to condition a flow matching model to produce anatomically coherent CT images. We evaluated the proposed framework on a longitudinal CT cohort of patients with lung cancer. Quantitative evaluations confirmed that our approach produced geometrically smooth tumor trajectories and highly consistent anatomical images. Furthermore, we observed that utilizing these synthesized sequences of temporal scans enhanced model accuracy for predicting immunotherapy response compared to standard augmentation techniques. Overall, this work highlights the value of incorporating geometric constraints into generative modeling for longitudinal medical imaging and suggests a general strategy for geometry-aware medical image synthesis.",ok,
Spherical Clinical Embedding with Adaptive Multi-expert Fusion for AAA Rupture Classification,https://papers.miccai.org/miccai-2026/0988-Paper3622.html,https://papers.miccai.org/miccai-2026/paper/3622_paper.pdf,https://github.com/anmspro/xmoe-miccai,classification,Cardiac,Outcome Prediction / Prognosis / Longitudinal Modeling,Deep Learning; Domain Adaptation / Harmonization; Evaluation / Benchmarking / Reproducibility; Multimodal Models / LLMs / VLMs,"Roby, Merjulah | Sakib, Abu Noman Md | Zhang, Zijie | Muluk, Satish C. | Eskandari, Mark K. | Kashyap, Vikram S. | Finol, Ender A.","Abdominal aortic aneurysm (AAA) rupture risk prediction remains a complex and clinically important task, largely due to substantial variability in morphology, texture characteristics, and the frequent presence of incomplete clinical information. Many existing approaches rely on single-modality representations or static fusion strategies, which can limit robustness when data are missing or partially observed. To address these limitations, we propose an adaptive multi-expert multimodal fusion framework for AAA rupture classification. The proposed approach includes geometric measurements, region-based radiomics texture features, deep semantic representations extracted from mask-guided CTA slices, and structured clinical variables within an uncertainty-guided routing architecture. A missingness-aware spherical clinical embedding module jointly models clinical feature values and their corresponding missingness patterns, enabling stable representation learning under incomplete observations. In addition, a unified cross-modal expert is introduced to capture higher-order interactions between imaging and clinical representations. An adaptive routing mechanism further refines the fusion process by dynamically weighing expert contributions according to confidence-driven descriptors, allowing case-specific integration under heterogeneous structural and clinical conditions. We evaluated XMoE on a private AAA dataset and the publicly available OASIS dataset. XMoE achieves 91.25% accuracy on AAA, outperforming state-of-the-art multimodal fusion approaches, and 88.08% accuracy on OASIS. In addition, it maintains 86.25% accuracy on AAA with 30% simulated missing modality conditions.",ok,
SSPT: Spiking Serialized Point Transformer for Couinaud Segmentation in 3D Medical Data,https://papers.miccai.org/miccai-2026/0995-Paper2435.html,https://papers.miccai.org/miccai-2026/paper/2435_paper.pdf,https://github.com/Yan0918/SSPT,segmentation,Abdomen,Image Segmentation,Deep Learning; Other,"Li, Yan | Li, Ruiyang | Qiu, Yue | Liu, Qixuan | Pei, Jialun | Qiu, Shi | Heng, Pheng-Ann","Couinaud segmentation is a fundamental step in surgical planning for anatomical liver resection. Anatomically, Couinaud liver segments are defined by the vascular system. However, in medical imaging, the critical issue is that the defining landmarks, i.e., vessels, are extremely sparse within the vast liver parenchyma. Current methods employ handcrafted dense sampling strategies to exploit more vascular data points, leading to high energy consumption and a heavy dependency on manual data rebalancing. We propose Spiking Serialized Point Transformer (SSPT), a Spiking Neural Network (SNN) architecture, to tackle these challenges efficiently and effectively. In particular, SSPT devises Leaky Integrate-and-Fire (LIF) neurons to enable a 3D transformer framework, serializing unordered point cloud data into structured temporal spike trains. This spike-based design enables temporally consistent aggregation of critical anatomy (e.g., vessels) context from sparse medical imaging data, while avoiding manually designed sampling strategies and their associated biases. Experimental results on MSD8 and LiTS datasets demonstrate that SSPT delivers high-fidelity segmentation (up to 92.14% Dice) and robust boundary precision (down to 2.24 mm ASD) with a minimal energy footprint of 10.97mJ. Moreover, our experimental results demonstrate that spiking dynamics can inherently capture sparse anatomical topologies, presenting a robust and energy-efficient solution for offline preoperative liver surgery planning. Code is available at https://github.com/Yan0918/SSPT.",ok,
"Steer the Sampling, Not the Kernel Grid: Geometry-Guided Sampling Operator for Volumetric Segmentation",https://papers.miccai.org/miccai-2026/0999-Paper2940.html,https://papers.miccai.org/miccai-2026/paper/2940_paper.pdf,https://github.com/AndyWanng/GeoSample,segmentation,Abdomen; Brain; Breast,Image Segmentation,Deep Learning,"Wang, Sizhe | Peiris, Himashi | Chen, Zhaolin","Accurate 3D segmentation is central to quantitative lesion assessment and anatomy mapping for clinical planning and follow-up. Thin, elongated, and fine anatomical/pathological structures (e.g., ves sels) are a particularly stress case: small boundary error can disrupt apparent continuity and bias quantitative measurements. In encoder–decoder networks (e.g., U-Net), repeated downsampling and fixed-grid convolution blur/alias fine structures and weaken orientation cues, so early mistakes propagate across scales. We propose a geometry-guided local operator that steers where features are sampled (rather than deforming convolutional kernels) under a single formulation for both feature refinement (stride 1) and resolution reduction (stride > 1). At each voxel, it predicts a local orientation and bounded step sizes, samples symmetrically along these directions, and transforms paired samples into compact geometric/boundary cues with lightweight mixing; a cross-scale consensus aligns encoder and decoder features at skip connections to reduce geometric mismatch. Replacing all stride 1 and stride 2 operators in a 3D U-Net yields consistent improvements on BraTS, MSD Hepatic Vessel, and TDSC-ABUS, with notably better boundary metrics (e.g., BraTS Dice 86.1→88.9, HD95 7.1→6.2; TDSC-ABUS HD95 39.1→27.8) while substantially reducing parameters (2.3M→0.8M). We further demonstrate that the operator plugs into other backbones (e.g. nnU-Net, Swin-UNETR, and MedNeXt) without changing their macro-architectures while providing consistent performance gains. Code available at GeoSample repo.",ok,
StrokeTimer: Robust Representation Learning for Ischemic Stroke Onset-Time Estimation from Non-Contrast CT,https://papers.miccai.org/miccai-2026/1000-Paper0549.html,https://papers.miccai.org/miccai-2026/paper/0549_paper.pdf,https://github.com/BrainVas/StrokeTimer.git,dataset/benchmark,Brain; Head & Neck,Anomaly / Lesion Detection; Computer-Aided Diagnosis,Deep Learning; Domain Adaptation / Harmonization,"Wang, Weiru | Olthuis, Susanne G. H. | Lavrova, Elizaveta | van Oostenbrugge, Robert J. | Majoie, Charles B. L. M. | van Zwam, Wim H. | Su, Ruisheng","Ischemic stroke is a major global disease. Treatment decisions are highly time-sensitive, as eligibility for reperfusion therapies relies on the interval between stroke onset and intervention. However, the true onset time is often uncertain in clinical practice, necessitating imaging-based assessment of tissue age as a surrogate marker. Early ischemic changes on routinely acquired non-contrast CT (NCCT) are often subtle, and real-world clinical datasets exhibit pronounced onset-time class imbalance and center-scanner-related heterogeneity. In this work, we propose StrokeTimer, a fully automated framework for onset-time estimation in acute ischemic stroke. StrokeTimer integrates self-supervised disentanglement learning with energy-guided contrastive learning to capture subtle ischemic patterns while addressing long-tailed data distributions under acquisition variability. Onset time is categorized into three clinically relevant windows (<4.5 h, 4.5–6 h, and >6 h). Experimental results on a large multi-center NCCT dataset from two national cohorts, show that StrokeTimer achieves a macro AUC of 0.69 and a macro F1-score of 0.57, improving the strongest baseline by nearly 50% (p < 0.005). In this realistic, challenging setting, representative baseline approaches exhibit near-chance macro performance. Model explanations further highlight subtle gray–white matter blurring and hypodense regions consistent with established radiological biomarkers. These findings demonstrate the potential of StrokeTimer to support treatment decision-making in acute ischemic stroke. We will make the code publicly available.",ok,
Structural Congruence Matters: Biological Pretraining for Vascular Graph Extraction,https://papers.miccai.org/miccai-2026/1001-Paper2313.html,https://papers.miccai.org/miccai-2026/paper/2313_paper.pdf,https://github.com/erc-caravel/Vascular-Graph-Extraction.git,dataset/benchmark,Vasculature,Other,Deep Learning; Synthetic Data / Data-centric AI,"Scavone, Alessandro | Borrego, Lucia | Marcianò, Vincenzo | Mata, Christian | Giraldo, Beatriz | Munuera, Josep | Zuluaga, Maria A.","Vascular graph extraction converts medical images into structured representations of vessel connectivity, enabling quantitative analysis of branching topology. However, training image-to-graph models requires expert-annotated vascular graphs, creating a substantial annotation bottleneck. Recent work leverages large non-medical datasets for structural pretraining, yet the structural alignment between source and vascular domains remains underexplored. We introduce a nature-to-nature pretraining paradigm that uses botanical branching networks as a biologically aligned source domain for vascular graph extraction. Leveraging large-scale annotated grapevine skeleton graphs and geometry-preserving graph representations, our approach promotes relational priors consistent with vascular growth and connectivity. Across heterogeneous 2D and 3D benchmarks, botanical pretraining consistently outperforms infrastructure-based pretraining under identical training settings. In addition, biologically aligned supervision achieves comparable performance with substantially fewer annotated vascular volumes. Multi-domain training further enhances robustness to previously unseen vascular datasets. These findings demonstrate that structural congruence between source and target domains provides a stronger inductive bias for vascular graph extraction than scale alone.",ok,
Structure-Adaptive Sparse Diffusion in Voxel Space for 3D Medical Image Enhancement,https://papers.miccai.org/miccai-2026/1003-Paper5369.html,https://papers.miccai.org/miccai-2026/paper/5369_paper.pdf,https://github.com/mirthAI/sparse-3d-diffusion,image synthesis,Cardiac; Lung / Thoracic,Image Synthesis / Augmentation / Super-Resolution,Deep Learning,"Jiang, Hongxu | Li, Fei | Yu, Boxiao | Zhang, Ying | Smith, Kaleb | Gong, Kuang | Shao, Wei","Three-dimensional (3D) medical image enhancement, including denoising and super-resolution, is critical for clinical diagnosis in CT, PET, and MRI. Although diffusion models have shown remarkable success in 2D medical imaging, scaling them to high-resolution 3D volumes remains computationally prohibitive due to lengthy diffusion trajectories over high-dimensional volumetric data. We observe that in conditional enhancement, strong anatomical priors in the degraded input render dense noise schedules largely redundant. Leveraging this insight, we propose a sparse voxel-space diffusion framework that trains and samples on a compact set of uniformly subsampled timesteps. The network predicts clean data directly on the data manifold, supervised in velocity space for stable gradient scaling. A lightweight Structure-aware Trajectory Modulation (STM) module recalibrates time embeddings at each network block based on local anatomical content, enabling structure-adaptive denoising over the shared sparse schedule. Operating directly in voxel space, our framework preserves fine anatomical detail without lossy compression while achieving up to 10x training acceleration. Experiments on four datasets spanning CT, PET, and MRI demonstrate state-of-the-art performance on both denoising and super-resolution tasks. Our code is publicly available at: https://github.com/mirthAI/sparse-3d-diffusion.",ok,
SuRe-Flow: Surface-to-CT Synthesis via Retrieval-Augmented Rectified Flow for CT-Free Superficial Radiotherapy,https://papers.miccai.org/miccai-2026/1010-Paper3125.html,https://papers.miccai.org/miccai-2026/paper/3125_paper.pdf,,image synthesis,Whole-body / Multi-organ / Other,Image Synthesis / Augmentation / Super-Resolution,,"Liu, Cong | Ni, Xinye | Xie, Kai","Background: Superficial radiotherapy still relies on CT simulation for dose calculation, adding resource burden and imaging radiation for benign or shallow disease. Optical surface scanning is non-ionizing, but surface-to-CT synthesis is ill-posed because one surface can match multiple internal anatomies. Methods: We propose SuRe-Flow (Surface Retrieval Flow), a retrieval-augmented rectified-flow framework for superficial synthetic CT generation. A contrastive surface encoder retrieves topologically matched bulk anatomical priors to reduce 1-to-N ambiguity; ControlNet injects these priors into a pretrained RF backbone, and a dose-aware frequency loss preserves tissue-interface detail for electron dosimetry. Results: Trained on 20,022 patients and evaluated on 1,000 patients, SuRe-Flow outperformed adversarial and rectified-flow baselines, achieving 5.0 HU MAE in the superficial therapeutic zone (0-20 mm). Treatment-planning-system dosimetry yielded a 96.7% 3D Gamma Index passing rate (2% 2mm). Conclusion: SuRe-Flow enables dosimetrically accurate surface-conditioned CT synthesis, supporting the feasibility of CT-free superficial radiotherapy.",ok,
SurfMark3D: Surface-Based Graph Convolution Framework for Distal Femoral Landmark Localisation in Total Knee Arthroplasty,https://papers.miccai.org/miccai-2026/1011-Paper6540.html,https://papers.miccai.org/miccai-2026/paper/6540_paper.pdf,https://github.com/IGRS-Imaging/SurfMark3D,detection/localization,Musculoskeletal / Orthopedic,Computer-Aided Diagnosis; Image-Guided Interventions,Deep Learning; Domain Adaptation / Harmonization,"B., Dharshan | Hyagreev, Pranav | Maik, Vivek | Ansari T. A., Suhail | Lakshmanan, Manojkumar | Sivaprakasam, Mohanasankar","Accurate localisation of anatomical landmarks on distal femur is a critical prerequisite for surgical planning in image-based Total Knee Arthroplasty (TKA). Manual annotation is time-consuming and prone to variability, which can lead to inconsistent implant sizing. Existing classical and deep learning methods remain limited by latency, computational cost, and modality dependence. To address these issues, we operate on segmented 3D surface point clouds and formulate distal femoral landmark localisation as a heatmap regression task that predicts dense probability fields. Ground-truth heatmaps are constructed as Euclidean Gaussians on the femoral surface using learnable landmark specific sigmas. We introduce a hybrid graph-convolution backbone that combines Low-Rank Adaptive Graph Convolution (LR-AGConv) for local feature extraction and Bi-level Routing Point Attention (BRPA) for efficient global semantic modelling. The network is trained using Adaptive Wing (AWing) loss and PointSTAR, a novel point-cloud adaptation of Self-adaptive Ambiguity Reduction (STAR) loss, with uncertainty based multi-task weighting. We curate and release a clinically validated dataset of 550 distal femurs derived from the ShapeMed Knee study with expert landmark annotations. Experimental results demonstrate that the proposed method consistently outperforms state-of-the-art baselines, achieving a Mean Euclidean Error (MEE) of 1.24 ± 0.84 mm across all 11 anatomical landmarks. Code and dataset are available at https://github.com/IGRS-Imaging/SurfMark3D.",ok,
SurgRFO: Foundation Model Based Compositional Synthesis of Critical Retained Foreign Objects in Intraoperative Chest X-Rays,https://papers.miccai.org/miccai-2026/1017-Paper1483.html,https://papers.miccai.org/miccai-2026/paper/1483_paper.pdf,https://github.com/Yuanyun936/SurgRFO,image synthesis,Lung / Thoracic,Anomaly / Lesion Detection,Algorithmic Fairness / Safety / Regulation; Evaluation / Benchmarking / Reproducibility; Synthetic Data / Data-centric AI,"Hu, Yuanyun | Wang, Yuli | Acevedo Rodriguez, Noemi | Yang, Ronald | Hsu, Wen-Chi | Luo, Siwei | Bai, Zihao | Wu, Jing | Dai, Yuwei | Wu, Shaoju | Lindquist, Jonathon | Honce, Justin | Trivedi, Premal | Jiao, Zhicheng | Kamel, Ihab | Haut, Elliott | Johnson, Pamela | Eng, John | Lin, Cheng Ting | Su, Nan | Chen, Bo | Yu, Sun | Bai, Harrison","Critical retained foreign objects (RFOs) on intraoperative Chest radiographs are rare but high-risk events, and their scarcity limits robust automated detection model training and generalization. We introduce SurgRFO, a two-stage synthesis framework for generating realistic RFO-present intraoperative chest X-rays. In Stage 1, a Roentgen chest X-ray foundation model is fine-tuned on surgical-domain images to generate realistic, RFO-free backgrounds that preserve anatomy, indwelling lines and tubes, and intraoperative imaging characteristics. In Stage 2, a lightweight generator trained on localized RFO patches from limited positive cases synthesizes diverse RFO instances, which are composited onto backgrounds using conditional Poisson fusion for photometric consistency. We evaluate SurgRFO through (i) a blinded clinician study assessing realism and clinical plausibility, and (ii) downstream detection performances when augmenting Faster R-CNN, YOLOv8, and Retina with synthesized data. SurgRFO consistently improves sensitivity at low false-positive-per-image (FPPI) operating points on internal and external test sets. Clinician ratings indicate realism comparable to real intraoperative images. Ablation analyses examine fusion strategies and synthesis scale, and ethical safeguards for synthetic surgical data are discussed. The code is publicly available on GitHub at https://github.com/Yuanyun936/SurgRFO/.",ok,
SurvTTA: Order-Aware Test-Time Adaptation for Heterogeneous Domain Shifts in Multi-modal Survival Analysis,https://papers.miccai.org/miccai-2026/1020-Paper1250.html,https://papers.miccai.org/miccai-2026/paper/1250_paper.pdf,,classification,Head & Neck,Outcome Prediction / Prognosis / Longitudinal Modeling,Deep Learning; Domain Adaptation / Harmonization; Multimodal Models / LLMs / VLMs; Uncertainty Quantification,"Zhao, Rongchang | Deng, Hengzhang | Li, Shuo","Multi-modal survival analysis enables patient risk stratification and clinical decision-making in oncological prognosis. However, existing methods often suffer from heterogeneous domain shifts in real-world cross-site deployment, which refer to data discrepancies from inter-center equipment and modality-specific protocol variations. We observe that survival ordinal characteristics remain invariant across clinical sites and modalities. Leveraging this insight, we propose SurvTTA, the first test-time adaptation framework for accurate multi-modal survival analysis under heterogeneous domain shifts. SurvTTA bridges multi-modal domain gaps by maintaining reliable topological risk-order consistency and modality-wise aligned representation, enabling stable adaptation of pretrained models across different clinical sites with only unlabeled data. Specifically, a novel order-aware regularization is well-designed to account for the ordinal characteristic of survival prediction, enforcing stable risk ordering across data shifts. Meanwhile, modality-decoupled adaptation is proposed to balance modal-wise adaptation across multi-modal data distributions. Additionally, An uncertainty-aware gradient correction is introduced to stabilize optimization. Extensive experiments demonstrate the effectiveness of SurvTTA in multi-modal survival analysis, enabling stable test-time adaptation and remarkable performance.",ok,
SymmDiff: Symmetry-Guided Diffusion for Fracture Localization in Pelvic Radiographs,https://papers.miccai.org/miccai-2026/1024-Paper4114.html,https://papers.miccai.org/miccai-2026/paper/4114_paper.pdf,https://itsabdulrahman.github.io/symmdiff/,image synthesis,Musculoskeletal / Orthopedic,Anomaly / Lesion Detection; Computer-Aided Diagnosis,Deep Learning,"Rahman, Abdul | Ghafoor, Afnan | Lee, Bumshik","Unsupervised anomaly detection (UAD) offers a promising direction for fracture analysis where abnormal annotations are scarce, yet pelvic X-ray fracture detection remains exceptionally challenging due to overlapping anatomy, projection artifacts, and the inherently asymmetric presentation of fracture patterns. We introduce SymmDiff, a symmetry-aware diffusion framework that embeds contralateral anatomical consistency directly into the generative correction process, mirroring the clinical practice of bilateral comparison. By pairing anatomically corresponding left–right regions and enforcing symmetry-consistent reconstruction during diffusion, SymmDiff generates a normal-corrected radiograph that selectively suppresses fracture-induced asymmetries while preserving global anatomical structure, enabling precise fracture localization through residual discrepancies between the input image and its symmetry-corrected counterpart. Extensive evaluations on pelvic radiographs spanning subtle to severe fractures show that SymmDiff consistently outperforms existing anomaly-detection baselines, highlighting the effectiveness of symmetry-guided generative modeling for reliable fracture localization in clinical imaging. Code is available at https://itsabdulrahman.github.io/symmdiff.",ok,
Synergistic Perception-Reasoning Governance: Grounding Medical MLLMs with Verifiable Anatomical Evidence,https://papers.miccai.org/miccai-2026/1026-Paper0077.html,https://papers.miccai.org/miccai-2026/paper/0077_paper.pdf,https://github.com/Henry991115/SPRG,VLM,Whole-body / Multi-organ / Other,Other,Algorithmic Fairness / Safety / Regulation; Deep Learning; Foundation Models; Interpretability / Explainability,"Hao, Rui | Li, Qiankun | Mao, Junyuan | Meng, Linghao | Xie, Dirui | Tan, Dayu | Zeng, Zhigang","Multimodal large language models (MLLMs) show strong promise for clinical VQA and radiology report generation, yet inference-time hallucinations still undermine trustworthy use: models can produce fluent conclusions that conflict with imaging evidence. Existing mitigation strategies typically rely on additional training, external retrieval/knowledge bases, or multi-stage post-hoc verification, which increases cost and pipeline complexity and often generalizes poorly across models and tasks. To address this, we propose a holistic, training-free evidence-injection framework that systematically mitigates hallucinations through dual-side evidence injection. By leveraging ROI priors acquired using MedSAM in our implementation, we recalibrate the visual perception trajectory via ROI-guided activation modulation while anchoring the textual reasoning trajectory by mapping anatomical coordinates into discrete semantic tokens as verifiable external memory. Then we introduce a task-aware dynamic router to select modality-specific interventions based on task semantics, balancing perceptual grounding and linguistic fluency. We conduct systematic evaluations on 2 tasks and 5 datasets using LLaVA-1.5-7B, LLaVA-Med-1.5-7B, Qwen3-VL-8B/32B, and InternVL-3.5-8B/38B. Controlled ablations and visualizations further validate the framework, which consistently outperforms baselines across medical benchmarks, improving close-ended accuracy by up to ~6%↑ and reducing open-ended hallucinations by ~35%↓. The code has been made available on GitHub: https://github.com/Henry991115/SPRG.",ok,
SynMamba: Synergizing Visual Mamba with Synthesized Clinical Semantics for Boundary-Aware Segmentation,https://papers.miccai.org/miccai-2026/1028-Paper3043.html,https://papers.miccai.org/miccai-2026/paper/3043_paper.pdf,,classification&segmentation,Lung / Thoracic,Image Segmentation,Deep Learning; Foundation Models; Multimodal Models / LLMs / VLMs,"Wei, Xuan | Li, Zihan | Wu, Mengwei | Zhang, Ziheng | Wang, Zeyang | Li, Kaiheng | Hong, Qingqi","Precise medical image segmentation is vital for modern clinical diagnosis. Integrating multiple modalities, such as vision and text, offers a promising solution. However, two main challenges remain: the scarcity of high-quality image-text pairs and the structural flaws in current visual backbones. Specifically, CNNs lack global context, Transformers are computationally expensive, and Mamba-based models often miss fine-grained local details. We propose SynMamba, a dual-branch architecture. It combines the global modeling of Visual Mamba with the local edge-awareness of CNNs. To solve the data shortage, we introduce a modality synthesis framework. This framework converts masks into hallucination-free clinical narratives to guide the model during training. By embedding clinical semantics directly into the visual backbone, SynMamba excels in both text-guided and fixed-text tasks. Experiments on COVID-CT and COVID-Xray datasets show that SynMamba accurately delineates large overlapping tissues and small isolated lesions. It sets a new state-of-the-art across both unimodal and multimodal benchmarks.",ok,
TAIR: Text-Guided Adaptive Prompt Refinement for Coarse-to-Fine all-in-One Medical Image Restoration,https://papers.miccai.org/miccai-2026/1030-Paper1045.html,https://papers.miccai.org/miccai-2026/paper/1045_paper.pdf,https://github.com/gluucose/TAIR,image restoration/quality,Abdomen; Brain; Lung / Thoracic,Image Reconstruction; Image Synthesis / Augmentation / Super-Resolution,Deep Learning,"Cui, Jiaqi | Xiong, Haocheng | Han, Jize | Liu, Bo | Wu, Xi | Wang, Yan","All-in-one medical image restoration (MedIR) aims to recover high-quality images from diverse degradations. However, existing methods predominantly rely on visual features and adopt a one-step mapping from low-quality inputs to high-quality outputs, which limits their ability to identify and adapt to heterogeneous degradations. To tackle these limitations, we propose TAIR, a novel Text-guided AdaptIve prompt Refinement framework for coarse-to-fine all-in-one MedIR. TAIR leverages dual-level textual prompts to guide restoration, where the task-level prompt specifies the restoration objective, indicating what to restore; and the instruction-level prompt directs how to restore via a coarse-to-fine strategy, with a coarse instruction recovering global structures and a fine instruction refining textural details. Based on this design, TAIR further constructs two composite prompts, i.e., the coarse composite prompt (CCP), which integrates degradation-related visual cues with task-level prompt and coarse instruction to recover global structures in the coarse phase; and the composite fine prompt (CFP), which combines task-level prompt with fine instruction and the coarsely restored image for detailed refinement in the fine phase. During restoration, an adaptive multi-prompt interaction (AMPI) module dynamically weights the contributions of each component in CCP and CFP for effective guidance. In addition, a text-driven quality-aware loss aligns restored images with high-quality textual descriptions while suppressing low-quality associations, enhancing overall fidelity and seman-tic consistency. Experiments across MRI, CT, and PET demonstrate that TAIR achieves competitive performance in single-task and all-in-one MedIR. Code is available at https://github.com/gluucose/TAIR.",ok,
Task-Performance Routing for Multi-teacher Distillation in CT Medical Image Segmentation,https://papers.miccai.org/miccai-2026/1031-Paper0973.html,https://papers.miccai.org/miccai-2026/paper/0973_paper.pdf,https://github.com/EdvinCecilia/TPR_MultiTeacher,classification&segmentation,Abdomen; Lung / Thoracic,Image Segmentation,Deep Learning,"Yang, Jiaye | Liu, Yao | Dai, Die | Zhang, Hanwen | Jiang, Peiyuan | Liu, Qiao | Xie, Yutong | Wang, Peng","Large-scale pre-trained models have achieved remarkable performance in CT organ segmentation, yet individual models exhibit complementary strengths across different anatomical regions. While multi-teacher knowledge distillation can leverage these complementary advantages, existing methods assign teacher weights at the instance or global level, overlooking the inherent spatial heterogeneity of CT volumes where tissue contrast, boundary ambiguity, and organ morphology vary significantly across regions. We propose Task-Performance Routing (TPR), a novel framework that dynamically routes to the best-performing teacher at each spatial region based on actual prediction errors rather than learned parameters. TPR employs hierarchical spatial adaptation—fine-grained routing in shallow layers for boundary details and coarse-grained routing in deep layers for semantic coherence—and applies performance-based selection in hard regions while encouraging complementary learning in easy regions. Extensive experiments on BTCV, MSD-Liver, and MSD-Pancreas datasets demonstrate that TPR consistently outperforms individual teachers, adaptive ensemble methods, and existing multi-teacher distillation baselines, achieving superior segmentation accuracy without inference overhead. Code is available at \url{https://github.com/EdvinCecilia/TPR_MultiTeacher}.",ok,
TAVR-VLM: Risk-Conditioned Causal Grounding for Hallucination-Resistant Report Generation,https://papers.miccai.org/miccai-2026/1032-Paper2099.html,https://papers.miccai.org/miccai-2026/paper/2099_paper.pdf,https://github.com/Leo1998-Lu/TAVR-VLM,VLM,Cardiac,Outcome Prediction / Prognosis / Longitudinal Modeling,Evaluation / Benchmarking / Reproducibility; Foundation Models; Multimodal Models / LLMs / VLMs,"Lu, Zhixiang | Liu, Xiwei | Song, Sifan | Ji, Changkai | Nguyen, Anh | Su, Jionglong | Razzak, Imran | Wang, Jinfeng","Transcatheter Aortic Valve Replacement (TAVR) planning requires meticulous multimodal reasoning. However, adapting Multimodal Large Language Models (MLLMs) to this high-stakes domain is severely impeded by diagnostic hallucinations, where generated text lacks anatomical grounding. To address this, TAVR-VLM is introduced: a novel framework featuring Risk-Conditioned Causal Grounding Attention (R-CGA) that instantiates a model-internal ``Risk $\rightarrow$ Region $\rightarrow$ Word’’ structural grounding pathway. R-CGA compresses multimodal inputs into a causal risk bottleneck, purifying dense visual features into a global risk mask. During autoregressive generation, a support-projected causal consistency objective constrains token-level grounding within the risk-defined support mask. Evaluated on $\mathrm{M}^3\mathrm{TAVR}$, TAVR-VLM demonstrates consistently strong performance across risk stratification, report generation, hallucination reduction and spatial grounding. The results indicate that R-CGA can enhance both the factual reliability and anatomical interpretability of vision-language models for TAVR preoperative planning.",ok,
TCCT: Trajectory-Conditioned CBCT Reconstruction for Sinusoidal Non-circular Orbits with a Fourier Neural Operator,https://papers.miccai.org/miccai-2026/1033-Paper3821.html,https://papers.miccai.org/miccai-2026/paper/3821_paper.pdf,https://github.com/ChengzeYe/TCCT,reconstruction,Whole-body / Multi-organ / Other,Image Reconstruction,Deep Learning,"Ye, Chengze | Schneider, Linda-Sophie | Mei, Siyuan | Sun, Yipeng | Liu, Daiqi | Scheuplein, Joshua | Wu, Fei | Bayer, Siming | Pérez-Toro, Paula Andrea | Maier, Andreas","Robotic cone-beam computed tomography (CBCT) enables flexible, non-circular source trajectories, offering potential reductions in metal and cone-beam artifacts compared with standard circular orbits. Accurate reconstruction for such trajectories remains challenging: classical filtered backprojection (FBP) fails to account for view-dependent redundancy, while iterative methods are computationally expensive. To address sinusoidal non-circular trajectories, we present TCCT, a trajectory-conditioned CBCT reconstruction framework for a sinusoidal non-circular orbit family. TCCT employs a geometry-aware spectral operator to infer redundancy weights from the acquisition trajectory. Concretely, a Fourier neural operator learns the continuous mapping from per-view geometric descriptors to weights in the Radon domain, followed by a lightweight CNN that refines them spatially. During training, the predicted weights are integrated into a differentiable shift-variant FBP pipeline and end-to-end optimized using reconstruction-driven supervision on simulated volumes, without requiring ground-truth redundancy weights. Experimental results demonstrate high-quality reconstructions while achieving an order-of-magnitude speedup compared with iterative methods. TCCT lays the foundation for general non-circular trajectory CBCT reconstruction and enables future end-to-end dual-domain optimization for noise suppression, artifact reduction, and trajectory optimization. Code is available at: https://github.com/ChengzeYe/TCCT.",ok,
TCFD-Net: Temporal-Calibrated Feature Disentanglement Network for Dual-Timepoint CT-Based Immunotherapy Response Prediction in Advanced Non-small Cell Lung Cancer,https://papers.miccai.org/miccai-2026/1034-Paper3685.html,https://papers.miccai.org/miccai-2026/paper/3685_paper.pdf,https://github.com/YFSoaring/TCFD-Net,classification,Lung / Thoracic,Outcome Prediction / Prognosis / Longitudinal Modeling,Deep Learning,"Fu, Yao | Gao, Ziwei | Lu, Yinuo | Xu, Weixin | Qi, Mingxin | Wu, Yukun | Mu, Wei","Longitudinal CT imaging analysis, which captures the spatiotemporal evolu-tion of tumor characteristics across early treatment cycles, holds great promise for predicting immunotherapy response and optimizing personalized treatment strategies in advanced non-small cell lung cancer. However, existing methods that rely on shared-weight encoders often suffer from feature entanglement be-tween temporally stable and treatment-induced dynamic representations, where the dominant static features may suppress subtle dynamic signals that are most predictive of immunotherapy response. To address this challenge, we propose a Temporal-Calibrated Feature Disentanglement Network (TCFD-Net), which explicitly disentangles longitudinal CT features into temporal-invariant and temporal-variant components via a Temporal Invariant-Variant Disentangle-ment Module, supervised with cross-time mean squared error (MSE) con-sistency loss, batch distance loss and subspace orthogonality loss to ensure ef-fective disentanglement. Additionally, a Time-Gating Mechanism is designed to adaptively calibrate temporal-variant features based on inter-scan intervals, addressing the irregular scanning protocols common in clinical practice. Exper-iments on both internal and external testing dataset demonstrate that the pro-posed method out-performs existing multi-timepoint analysis approaches, achieving AUC improvements of 7.72%-18.84% and accuracy improvements of 10.72%-16.27% on the external testing dataset.",ok,
TeDyS: Temporal Dynamics with Spatial Context for Longitudinal Progression Prediction,https://papers.miccai.org/miccai-2026/1037-Paper4449.html,https://papers.miccai.org/miccai-2026/paper/4449_paper.pdf,https://github.com/Ewha-AI/TeDyS,classification,Abdomen; Brain,Outcome Prediction / Prognosis / Longitudinal Modeling,Deep Learning,"Hwang, Jeonghyun | Roslan, Nur Syamiela | Jeong, Jisoo | Woo, Sang Myung | Viriyasaranon, Thanaporn | Choi, Jang-Hwan","Accurate prediction of disease progression from longitudinal medical imaging is critical for personalized treatment planning, yet remains challenging due to subtle progression cues, scan-to-scan variability, and uneven visit timing. Existing methods often model either temporal consistency across visits or temporal change signals, but rarely capture both in a unified progression framework. We propose TeDyS, a temporal dynamics–conditioned query framework that jointly models short-term and long-term progression patterns under variable inter-visit spacing. TeDyS maintains a set of temporal queries that are conditioned on explicitly decomposed temporal dynamics, including short-term aligned residual changes and long-term baseline-referenced trends. This design enables robust modeling of both fine-grained progression signals and long-term disease trends within a compact latent representation. We evaluate the proposed framework on an in-house longitudinal pancreatic CT cohort and a public longitudinal brain MRI dataset, assessing its performance across different organs and imaging modalities under irregular real-world follow-up. Code will be released at https://github.com/Ewha-AI/TeDyS.",ok,
Temporal Phase-Difference Guided Spatiotemporal Learning for DSA Vessel Segmentation,https://papers.miccai.org/miccai-2026/1038-Paper1936.html,https://papers.miccai.org/miccai-2026/paper/1936_paper.pdf,https://github.com/kkk123lll/FPD-SegDSA,segmentation,Brain,Computer-Aided Diagnosis,Deep Learning,"Liu, Kun | He, Ziyang | Zheng, Bin | Zhao, Wenyi | Zhu, Mengke | Xu, Weijin | Liu, Wentao | He, Zijun | Chen, Hanlin | Lu, Bofeng | Liang, Zhiyuan | Yang, Huihua","Vessel segmentation in digital subtraction angiography (DSA) is crucial for intraoperative visualization and quantitative assessment during endovascular interventions. However, accurate segmentation remains challenging due to complex thin vascular branches and strong background interference from residual anatomical structures after subtraction. Although recent methods incorporate temporal modeling using CNNs, recurrent networks, or transformers, they often treat temporal information implicitly and fail to explicitly exploit the contrast flow dynamics in DSA sequences. In this work, we present a spatiotemporal DSA vessel segmentation framework that combines a forward phase-difference prior with Mamba-based temporal sequence modeling. The Mamba-based temporal encoder models long-range temporal dependencies and contrast flow dynamics with linear computational complexity. To capture contrast-driven intensity changes, we introduce a forward phase-difference projection that enhances contrast-responsive vascular structures while suppressing temporally stable background tissues. A minimum intensity projection (MinIP) is further used as a complementary static spatial prior to provide coarse vessel structural cues. These priors are integrated with temporal features through a lightweight domain-aware fusion module before decoding. Extensive experiments on the DIAS and DSCA datasets demonstrate that the proposed method consistently outperforms state-of-the-art approaches, particularly in preserving vascular connectivity and segmenting thin distal vessels. Code is available at https://github.com/kkk123lll/FPD-SegDSA.",ok,
Test-Time Adaptation in Optical Coherence Tomography Using Trajectory-Aligned Time-Independent Flow,https://papers.miccai.org/miccai-2026/1042-Paper1314.html,https://papers.miccai.org/miccai-2026/paper/1314_paper.pdf,https://github.com/Veit21/tta-flow,image synthesis,Eye,Image Reconstruction,Domain Adaptation / Harmonization,"Hucke, Veit | Pinetz, Thomas | Reiter, Gregor | Schmidt-Erfurth, Ursula | Bogunović, Hrvoje","Optical coherence tomography (OCT) is essential in ophthalmology, but inconsistent image quality especially in low-cost devices hinders automated analysis. To address this, we introduce a flow-matching-based test-time adaptation method that generates high-quality surrogate images from noisy inputs. Typically, domain gaps between test and training data cause pixel distribution mismatches during the denoising process. We overcome this by matching the test image’s histogram to synthetic reference trajectories, successfully aligning the input with expected distributions. Additionally, we remove the network’s time conditioning to account for slight deviations in real-world noise distributions. Our approach achieves state-of-the-art performance in segmenting critical biomarkers for two stages of Age-related Macular Degeneration (AMD). Code is available: https://github.com/Veit21/tta-flow.",ok,
Test-time Adaptation of Pelvic Bone Segmentation Models via Dynamic Reliability-Guided,https://papers.miccai.org/miccai-2026/1043-Paper1573.html,https://papers.miccai.org/miccai-2026/paper/1573_paper.pdf,https://github.com/Ren-ling/ReGA,classification&segmentation,Musculoskeletal / Orthopedic; Pelvis / Reproductive System,Image Segmentation; Image-Guided Interventions,Domain Adaptation / Harmonization,"Ren, Ling | Deng, Chao | Wang, Ziming | Xu, Yuecong | Zheng, Kai","Reliable pelvic bone segmentation (PBS) from CT is essential for robot-assisted pelvic trauma surgery, yet deploying a source-trained model to a new hospital suffers from severe performance degradation due to cross-center domain shifts. While test-time adaptation (TTA) enables online model adaptation without accessing source data, existing methods show limited effectiveness for PBS, facing challenges including boundary degradation, anatomical inconsistency under domain shifts, and voxel-level class imbalance. To address these challenges, we propose a novel closed-loop dynamic Reliability-Guided TTA framework (ReGA) for PBS. Specifically, we introduce a pseudo-label reliability criterion termed Segmentation Inference Consistency Evaluation (SICE), which jointly measures region overlap and boundary deviation via dropout-based ensemble predictions. Based on SICE, a trust-weighted refinement module adaptively updates features to mitigate boundary errors in pseudo-labels. Furthermore, a confidence-weighted region-level contrastive learning strategy is proposed to enforce anatomical consistency. Finally, ReGA follows the teacher-student (TS) scheme to alleviate voxel-level class imbalance. Experiments on three heterogeneous 3D pelvic CT datasets demonstrate that ReGA consistently outperforms state-of-the-art TTA methods, enabling effective adaptation of the source-trained PBS model to unseen clinical domains. The code is available at https://github.com/Ren-ling/ReGA.",ok,
Text as a Compass: Semantic-Navigated 3D Bone Collapse Prediction via Orthogonal Micro-volume Primitives,https://papers.miccai.org/miccai-2026/1044-Paper4518.html,https://papers.miccai.org/miccai-2026/paper/4518_paper.pdf,https://github.com/HKUSTGZ-ML4Health-Lab/COMPASS,classification,Musculoskeletal / Orthopedic,Multimodal Integration with Clinical / Genomic / Biomarkers; Outcome Prediction / Prognosis / Longitudinal Modeling,Multimodal Models / LLMs / VLMs,"Zeng, Qingyuan | Guan, Zixin | Chen, Yusen | Wu, Zifeng | Li, Hao | Ma, Qian | Lu, Zixiao | He, Wei | Chen, Leilei | Zhou, Wu | Chen, Jintai","Accurate collapse prediction is pivotal for joint-preserving treatment in osteonecrosis of the femoral head (ONFH). However, mainstream 3D-CNN-based methods struggle to capture decisive fine-grained pathological signs due to the intrinsic global receptive field dilution effect, where volumetric isotropic aggregation diffuses sparse pathological singularities. Conversely, clinical reports explicitly document key regional features indicative of collapse, providing critical semantic cues to guide visual focus and enhance prediction. Driven by this clinical insight and the critical need to mitigate the volumetric signal dilution effect, we propose COMPASS (Clinical Orthogonal Micro-volume Primitive Aligned Semantic Search), a novel text-guided fine-grained evidence identification framework for ONFH collapse prediction. First, we introduce the tri-planar orthogonal micro-volume primitive (OMVP), a topological manifold representation that concentrates singularity energy onto orthogonal bases to counteract volumetric smoothing. Second, we devise a dual-stage optimization strategy. It begins with semantic space alignment to proactively navigate from macro-ROIs to micro-lesions using textual priors. Furthermore, it incorporates counterfactual causal verification to eliminate spurious correlations via hybrid supervision. Independent evaluations across diverse clinical scenarios confirm COMPASS’s state-of-the-art accuracy, yielding 97.01% AUC on a cohort with fine-grained lesion masks and 84.91% on a public dataset relying solely on coarse regional annotations, alongside causally verified localization.",ok,
Text as Illumination: Spatial Contrastive Retinex Learning for Language-Guided Medical Image Segmentation,https://papers.miccai.org/miccai-2026/1045-Paper1662.html,https://papers.miccai.org/miccai-2026/paper/1662_paper.pdf,https://github.com/anaanaa/TIRNet,segmentation,Lung / Thoracic,Anomaly / Lesion Detection; Computer-Aided Diagnosis; Image Segmentation,Multimodal Models / LLMs / VLMs,"Shi, Jian | Zhen, Cheng | Zhang, Pingping | Xu, Rui | Lv, Yanan | Ma, Yili | Bi, Huan | Li, Haojie | Lu, Huchuan","Language-guided Medical Image Segmentation (LMIS) has shown great potential to improve the delineation of anatomical struc-tures and lesions by integrating clinical textual information. Existing methods generally rely on either implicit interaction between textual and visual features or auxiliary coarse-grained supervision for cross-modal alignment. However, these methods lack explicit and fine-grained constraints to ensure semantic consistency, causing a mismatch between language and the segmentation outputs. To address this issue, we propose Text-as-Illumination Retinex Network (TIRNet), a novel Retinex-inspired framework that treats text embeddings as semantic illumination for feature modulation, thereby improving semantic consistency in LMIS. TIRNet introduces two key blocks integrated at each decoder stage: (1) the Retinex-inspired Text Modulation Block (RTMB), which employs positive and negative illumination maps to enhance text-relevant foreground features and suppress background interference; and (2) the Consistent Detail Compensation Block (CDCB), which selectively recovers high-frequency details via a consistency-gated mechanism conditioned on illumination reliability. Furthermore, we propose a Multi-Scale Illumination Supervision Loss (MSIS-Loss), comprising a Region-Grounded Contrastive Loss (RGC-Loss) that enforces cross-modal similarity to be concentrated in text-relevant foreground regions and suppressed in background regions, and a Background Suppression Loss (BS-Loss) that provides pixel-level supervision for negative illumination maps, jointly ensuring a precise cross-modal alignment at each decoder stage. Extensive experiments on the MosMedData+ and QaTa-COV19 datasets demonstrate that TIRNet achieves state-of-the-art performance in LMIS. The code is available at: https://github.com/anaanaa/TIRNet.",ok,
Text as the Sieve: Information Bottleneck Guided Prototype Sieving for Text-Guided Medical Image Segmentation,https://papers.miccai.org/miccai-2026/1046-Paper0685.html,https://papers.miccai.org/miccai-2026/paper/0685_paper.pdf,,classification&segmentation,Lung / Thoracic,Computer-Aided Diagnosis; Image Segmentation; Multimodal Integration with Clinical / Genomic / Biomarkers,Deep Learning; Interpretability / Explainability; Multimodal Models / LLMs / VLMs,"Long, Jiake | Zeng, Xinyi | Wang, Yan","Accurate pulmonary lesion segmentation is vital for clinical diagnosis, yet conventional single-modal models often struggle to leverage the rich semantic priors available in diagnostic reports. While multimodal approaches have emerged to bridge this gap, recent research has transitioned from dense additive fusion to redundancy-reduction strategies such as token pruning. However, existing pruning-based methods remain suboptimal due to a mismatch in Token Scale—pruning concise text instead of redundant visual tokens—and a Delayed Interaction paradigm that allows background noise to propagate through the encoder. To address these limitations, we propose Text-driven Semantic Information-sieve (TeSi), an Information Bottleneck (IB) guided framework that shifts the focus to early encoder-side sieving. Specifically, to resolve the scale mismatch, an IB-Sieve mechanism treats text as a semantic filter to rank and hard-select informative visual prototypes; and to reform the interaction paradigm, our framework performs early visual sieving in the encoder, followed by an asymmetric decoder with adaptive context fusion that selectively refines textual guidance for precise boundary recovery without re-introducing noise. Extensive experiments on the QaTa-COV19-v2 and MosMedData+ datasets demonstrate that TeSi achieves competitive performance compared to current state-of-the-arts. Moreover, our method provides improved clinical interpretability through explicit prototype-to-report alignment, validating the effectiveness of the proposed sieving paradigm.",ok,
Text-Guided Multi-frequency Latent Diffusion for Medical Image Segmentation,https://papers.miccai.org/miccai-2026/1049-Paper2061.html,https://papers.miccai.org/miccai-2026/paper/2061_paper.pdf,https://github.com/qczggaoqiang/TMF-Seg,classification&segmentation,Lung / Thoracic,Computer-Aided Diagnosis; Image Segmentation,Multimodal Models / LLMs / VLMs,"Gao, Qiang | Wang, Yi | Zhang, Yong | Du, Lan | Li, Yong | Chen, Cunjian","In latent diffusion-based segmentation, the model is trained to recover anatomically consistent regions from noisy latent mask representations conditioned on the input image. Recent diffusion-based approaches provide strong generative priors, but their conditioning is often limited to image or latent features, without explicit structural or semantic guidance. This may lead to unstable predictions and imprecise boundary delineation. In this work, we propose a text-guided multi-frequency latent diffusion framework for medical image segmentation, termed TMF-Seg. The model introduces an Image–Text Conditional Fusion module that encodes image and text conditions and integrates them through cross-attention to obtain a semantically informed representation. We further design a Text-Guided Multi-Frequency Enhancement module that decomposes the fused features into high-, mid-, and low-frequency components and adaptively reweights them according to the textual context, providing complementary semantic and structural priors for the diffusion process. The enhanced conditional features are then fed into a latent diffusion U-Net for efficient single-step segmentation. Experiments on three public datasets, Kvasir-SEG, MosMedData+, and QaTa-COV19, show that TMF-Seg consistently improves segmentation accuracy over several strong baselines. The code is publicly available at https://github.com/qczggaoqiang/TMF-Seg.",ok,
TG-OT: Topology-Guided CCTA-IVUS Registration via Optimal Transport Matching,https://papers.miccai.org/miccai-2026/1052-Paper1931.html,https://papers.miccai.org/miccai-2026/paper/1931_paper.pdf,https://github.com/RoelvH97/TG_OT,classification&segmentation,Cardiac,Image Registration; Image Segmentation,Deep Learning; Semi- / Weakly- / Self-supervised Learning,"van Herten, Rudolf L. M. | Henriques, José P. | Planken, R. Nils | Daemen, Joost | Hartman, Eline M. J. | Wentzel, Jolanda J. | Paetzold, Johannes C. | Išgum, Ivana","Registering coronary CT angiography (CCTA) and intravascular ultrasound (IVUS) enables comprehensive coronary analysis that neither modality can provide alone, yet their fusion remains challenging due to differences in imaging geometry, resolution, and artifact profiles. Existing methods depend on pre-computed lumen or vessel wall segmentations that are unreliable under IVUS acoustic shadowing from calcifications, limiting their clinical applicability. We propose TG-OT, a fully automatic CCTA-IVUS registration framework that eliminates this dependency by integrating trained feature detectors directly into the registration pipeline. Lightweight CNNs are trained to predict calcifications, bifurcations, and lumen radii on the topological (theta, z) cylinder, encouraging topologically coherent detections without requiring explicit segmentation. Registration is formulated as an optimization over centerline warping parameters, driven by an unbalanced Sinkhorn optimal transport loss on the cylindrical geometry that provides spatially informative gradients even for spatially disjoint predictions, complemented by a lumen matching term. Evaluated on N=47 paired CCTA-IVUS cases in a 5-fold cross-validation setup, TG-OT achieves strong longitudinal (Dice_ctl = 0.99), rotational (S_=0.96), and lumen alignment (Dice_L=0.69) without manual interaction or prior segmentation, marking a meaningful step toward clinical integration of automatic CCTA-IVUS fusion.",ok,
TGBD-Net: Tumor-Guided Bridging Distillation for Joint EGFR Mutation and Survival Prediction in Lung Cancer from CT Imaging,https://papers.miccai.org/miccai-2026/1050-Paper0569.html,https://papers.miccai.org/miccai-2026/paper/0569_paper.pdf,https://github.com/MenchYoung/TGBD-Net.git,classification,Lung / Thoracic,Computer-Aided Diagnosis; Outcome Prediction / Prognosis / Longitudinal Modeling,Deep Learning,"Yang, Huihui | Wang, Shuo | Huang, Xingyu | Sang, Haolin | Liu, Chengcai | Wu, Yi | Tian, Jie","Epidermal growth factor receptor (EGFR) mutation prediction and progression-free survival (PFS) prediction are critical tasks for targeted therapy planning in lung cancer and can be jointly modeled from the same chest CT scan. In real-world clinical datasets, supervision is often inconsistent across patients: not all patients have labels for both tasks and tumor region annotations, leading to heterogeneous supervision across different patient subsets. However, most existing multi-task learning methods leverage a single shared representation across tasks, with limited consideration of representation consistency during training on these differently supervised patient subsets. In this study, we propose the Tumor-Guided Bridging Distillation Network (TGBD-Net), a unified framework for stabilizing representation learning under heterogeneous supervision, enabling joint EGFR mutation and PFS prediction. The proposed Tumor-Guided Feature Extraction (TGF) module regularizes feature learning using available tumor region annotations, while maintaining consistent behavior when such annotations are unavailable. In addition, a Bridging Distillation (BD) module enables cross-task knowledge transfer, allowing patients with single-task labels to contribute to joint representation learning. Experiments on a cohort of 7,348 patients with lung cancer demonstrate that TGBD-Net achieves an AUC of 0.823 for EGFR mutation prediction and a C-index of 0.743 for PFS prediction, highlighting its effectiveness in real clinical settings. Our code is available at https://github.com/MenchYoung/TGBD-Net.",ok,
The Learnability Gap in Medical Latent Diffusion,https://papers.miccai.org/miccai-2026/1053-Paper3049.html,https://papers.miccai.org/miccai-2026/paper/3049_paper.pdf,https://github.com/MischaD/LearnabilityGap,image synthesis,Abdomen; Cardiac; Skin,Image Reconstruction,,"Dombrowski, Mischa | Nützel, Felix | Kainz, Bernhard","Generative data augmentation with latent diffusion models is a promising strategy for addressing class imbalance in medical imaging, yet current approaches focus on perceptual fidelity and domain-specific autoencoder fine-tuning while neglecting a more fundamental bottleneck. We identify and formalize the learnability gap: large-scale pretrained autoencoders faithfully encode discriminative features for medical classification, as evidenced by near-lossless performance in reconstruction space, yet their latent representations are structured in ways that are difficult for classifiers to learn from. Across five autoencoder families and four medical benchmarks spanning chest radiography, dermatoscopy, computed tomography, and echocardiography, we show that this gap persists regardless of architecture, initialization strategy, or hyperparameter tuning, and that medical-domain fine-tuning of the autoencoder does not close it. To probe and partially narrow the gap, we introduce noise-conditioned latent classifiers with FiLM layers and image-space distillation, deploying them as diagnostic instruments and initial mitigations to evaluate latent space quality. These models offer 64x throughput and 120x memory gains over image-space models while serving as diagnostic tools for latent space quality. Our analysis provides a new framework for evaluating autoencoder latent spaces and identifies their structure, rather than their fidelity or domain specificity, as the primary obstacle to closing the performance gap between real and synthetic medical training data. Model and code made available at https://github.com/MischaD/LearnabilityGap.git.",ok,
Through-Plane Attention for Anisotropic CT Super-Resolution Improves Quantitative Lung Cancer Analysis,https://papers.miccai.org/miccai-2026/1058-Paper5469.html,https://papers.miccai.org/miccai-2026/paper/5469_paper.pdf,,classification&segmentation,Lung / Thoracic,Image Synthesis / Augmentation / Super-Resolution,Deep Learning; Radiomics / Radiogenomics,"Boubnovski Martell, Marc | Linton-Reid, Kristofer | Chen, Mitchell | Hindocha, Sumeet | Hunter, Benjamin | Calzado, Marco A. | Lee, Richard | Posma, Joram M. | Aboagye, Eric O.","Volumetric computed tomography (CT) often exhibits severe through-plane anisotropy due to thick-slice acquisition, disrupting structural continuity and degrading downstream lung cancer analysis. We propose TVSRN-V2, a volumetric super-resolution (SR) framework with an anisotropy-aware Through-Plane Attention Block (TAB) that models inter-slice dependencies by factoring attention into orthogonal sagittal and coronal planes. To broaden the degradation distribution during training, we use hybrid pseudo-low-resolution (pseudo-LR) augmentation combining real paired scans with synthetic degradations. Clinical utility is evaluated across pulmonary lobe and bronchi segmentation, histology classification, and survival prediction in 742 patients (539 from three independent external cohorts). TVSRN-V2 achieves PSNR 39.16 dB and SSIM 0.946, and yields an absolute Dice improvement of 0.16 for bronchi over bicubic interpolation on real low-resolution CT. SR features improve histology classification (F1 +0.03–0.07, $p < 0.05$) and internal survival prediction (C-index +0.06, $p=0.02$), with smaller non-significant external prognosis gains.",ok,
Time-Grounded Clinical Prediction from Longitudinal Multimodal Patient Histories,https://papers.miccai.org/miccai-2026/1060-Paper4415.html,https://papers.miccai.org/miccai-2026/paper/4415_paper.pdf,https://huggingface.co/datasets/wanqi16/MIMIC-MTE,VLM,Lung / Thoracic,Computer-Aided Diagnosis; Multimodal Integration with Clinical / Genomic / Biomarkers,Deep Learning; Multimodal Models / LLMs / VLMs,"Yang, Wanqi | Chen, Ling | Zhang, Jianpeng | Xie, Yutong","Medical vision–language models (VLMs) have achieved strong performance on chest X-ray (CXR) interpretation, yet they are predominantly trained and evaluated under single-visit or limited pairwise comparison settings, with insufficient support for modeling richer longitudinal trajectories. We introduce MIMIC-MTE (Multi-Time Events), a comprehensive longitudinal dataset featuring multi-visit trajectories (3–10 events). Each event pairs a timestamped CXR and untruncated radiology reports, rich routine clinical tests, and explicit treatment plans. We define time-grounded clinical tasks spanning next-event forecasting (report generation and severity/progression selection), longitudinal question answering over specified time intervals, and treatment plan inference using temporally bracketing outcome evidence. To establish foundational baselines, we comprehensively benchmark a diverse suite of medical and general-purpose VLMs (e.g., LLaVA-Med, Hulu-Med, MedGemma, and Qwen2.5-VL) under zero-shot and supervised fine-tuning (SFT) settings. Our extensive evaluation reveals that off-the-shelf models exhibit substantial limitations in temporal grounding and multi-event evidence aggregation. Conversely, SFT on MIMIC-MTE significantly unlocks their longitudinal reasoning capabilities, establishing a robust benchmark to drive future research in time-aware clinical foundation models. The data preprocessing pipeline is available on \href{https://huggingface.co/datasets/wanqi16/MIMIC-MTE}{MIMIC-MTE}.",ok,
ToothFairy3: Scaling CBCT Maxillofacial Segmentation to 77 Classes with U-Mamba2,https://papers.miccai.org/miccai-2026/1066-Paper0853.html,https://papers.miccai.org/miccai-2026/paper/0853_paper.pdf,https://github.com/zhiqin1998/U-Mamba2,segmentation,Head & Neck,Image Segmentation,Evaluation / Benchmarking / Reproducibility,"Lumetti, Luca | Tan, Zhi Qin | Borghi, Lorenzo | van Nistelrooij, Niels | Rosati, Gabriele | Addison, Owen | Li, Yunpeng | Vinayahalingam, Shankeeth | Grana, Costantino | Bolelli, Federico","Accurate delineation of maxillofacial anatomy in Cone-Beam Computed Tomography (CBCT) is essential for dental planning, but robust automated segmentation remains challenging, due to limited public multi-structure datasets and the high computational burden of 3D deep learning models. We present and release ToothFairy3, a large-scale CBCT benchmark that extends ToothFairy2 with 102 additional fully annotated scans and an expanded taxonomy covering 77 classes, including 32 tooth-specific pulp cavities and small neurovascular structures. ToothFairy3 comprises 582 volumes (over 40000 annotated objects), with 532 released with voxel-level labels and 50 held out for leakage-free, server-side evaluation. We also introduce U-Mamba2, an efficient U-Net-style architecture that inserts a Mamba2 state-space block at the bottleneck to capture global context with favorable computational scaling. Our proposed domain-informed training further improves the learning of maxillofacial anatomies. Across CNN, Transformer, and Mamba baselines, U-Mamba2 achieves competitive Dice/HD95 scores with lower latency and, compared with training on state-of-the-art public CBCT datasets, ToothFairy3-trained models generalize best to the hidden test set, particularly for maxillary structures.",ok,
TotalFM: An Organ-Separated 3D-CT Foundation Model Leveraging Large-Scale Routine Clinical Radiology Data,https://papers.miccai.org/miccai-2026/1069-Paper0127.html,https://papers.miccai.org/miccai-2026/paper/0127_paper.pdf,https://github.com/jichi-labo/TotalFM,VLM,Whole-body / Multi-organ / Other,Anomaly / Lesion Detection,Deep Learning; Foundation Models; Synthetic Data / Data-centric AI,"Yamamoto, Kohei | Kikuchi, Tomohiro","Developing robust 3D-CT foundation models (FMs) using large-scale, real-world clinical data is hindered by three barriers: unstructured report curation, the resolution-batch size trade-off, and vision-language correspondence ambiguity. We propose TotalFM, an organ-separated framework that automatically converts raw clinical CT images and reports into FM-optimized, organ-level volume–finding pairs. By decomposing whole CT volumes into anatomically meaningful units, this approach enables high-resolution 3D encoding with large batch sizes for efficient contrastive learning. The proposed framework was trained on 286,667 CT series and 401,501 organ-level volume-finding pairs. In zero-shot tasks, it consistently outperformed state-of-the-art models in organ-wise anomaly detection and finding-wise AUROC across the majority of disease categories. These results demonstrate that organ-separated learning is a scalable, clinically interpretable principle for bridging the gap between raw clinical archives and 3D-CT FMs. The source code and pretrained models are publicly available at https://github.com/jichilabo/ TotalFM.",ok,
Toward Synergistic Learning for Liver Vessel and Couinaud Segmentations,https://papers.miccai.org/miccai-2026/1071-Paper1418.html,https://papers.miccai.org/miccai-2026/paper/1418_paper.pdf,https://github.com/YueQiu0911/VSA-Liver,segmentation,Abdomen; Vasculature; Whole-body / Multi-organ / Other,Computational Anatomy & Physiology; Image Segmentation,Deep Learning,"Qiu, Yue | Li, Yan | Tong, Yuqi | Liu, Qixuan | Yang, Qian | Qiu, Shi | Heng, Pheng-Ann | Fu, Chi-Wing","Accurate modeling of liver anatomy and its vascular architecture from medical imaging is critical for surgical planning and navigation in liver cancer treatment. Although liver Couinaud segments are fundamentally defined by the branching topology of portal and hepatic veins, current methods typically treat vessel and Couinaud segmentation as isolated tasks, neglecting their intrinsic anatomical dependencies. To bridge this gap, we introduce a vascular skeleton-aware learning framework that jointly addresses both tasks through three key components. First, we propose a multi-branch Tri-directional Convolution (TriDConv) module to explicitly capture anisotropic vascular morphology from CT data along orthogonal spatial axes. Second, we design a Vascular Attention and Spatial-Topology (VAST) mechanism that enforces long-range structural coherence and topological continuity by integrating sequential attention with anatomical geometric constraints. Third, we introduce a novel point-sampling strategy leveraging vascular representations as geometric priors to guide 3D Couinaud segmentation. Extensive evaluations on public datasets demonstrate that our method consistently outperforms state-of-the-art approaches by significant margins across both volumetric and surface distance metrics. Code is available at https://github.com/YueQiu0911/VSA-Liver.",ok,
Towards Class-Aware Semantic Decoupling in Multi-modal Disease Diagnosis with Missing Modalities,https://papers.miccai.org/miccai-2026/1073-Paper1452.html,https://papers.miccai.org/miccai-2026/paper/1452_paper.pdf,,classification,Lung / Thoracic,Computer-Aided Diagnosis; Multimodal Integration with Clinical / Genomic / Biomarkers,Deep Learning; Multimodal Models / LLMs / VLMs,"Zhou, Feixiang | Xie, Jianyang | Gao, Zhuangzhi | Yu, Qinkai | Li, Jing | Chen, Long | Jiang, Zheheng | Zhao, Yitian | Meng, Yanda | Zhao, He | Lip, Gregory Y. H. | Zheng, Yalin","Multi-modal disease diagnosis benefits from integrating complementary information across heterogeneous modalities such as medical images, clinical texts, and tabular records. However, in real-world clinical settings, multimodal data are often incomplete, leading to missing modalities that severely degrade the performance of existing methods. Most prior approaches learn decoupled representations in a global feature space, which may overlook class-specific semantics that directly govern the downstream task, resulting in suboptimal cross-modal consistency and discriminative capability. In this paper, we propose Class-aware Semantic Decoupling, a novel paradigm that elevates global feature decoupling to class-level semantic decoupling, enabling explicit decoupling, alignment, and fusion of class-related shared-specific representations in a unified way. Specifically, we present Class-aware Shared-Specific Modeling (CSSM) to derive class-related shared and modality-specific components from multi-modal representations. Building on this, Semantic-guided Decoupling Learning (SDL) performs class-wise cross-modal alignment and shared–specific decoupling, which is guided by class semantic relevance. We further propose Class-aware Shared–Specific Fusion (CSSF) to adaptively integrate shared and specific class semantics, yielding more robust and discriminative predictions. Extensive experiments on image–text and image–tabular multi-label disease diagnosis benchmarks demonstrate that the proposed method significantly outperforms state-of-the-art methods.",ok,
Towards Direction-Equilibrated Segmentation in 3D Medical Images,https://papers.miccai.org/miccai-2026/1074-Paper1575.html,https://papers.miccai.org/miccai-2026/paper/1575_paper.pdf,https://github.com/pky888/DEM-Mamba,segmentation,Brain; Cardiac,Image Segmentation,,"Zhu, Zhiqin | Pu, Keyu | Liu, Yu | Qi, Guanqiu | Ding, Yan | Cong, Baisen","Due to structural anisotropy and complex anatomical boundaries, 3D medical image segmentation remains a challenging task. To address these issues, this paper proposes the Direction-Sensitive Equilibrium Mamba Network (DEM-Mamba). Through directional decoupling, balanced enhancement, and adaptive fusion, this network systematically enhances structure perception and boundary preservation capabilities in 3D space. Specifically, DEM-Mamba integrates three core designs: First, it employs an Orientation-Aware Module (OAM) based on learnable Riesz wavelets to decouple high-frequency directional features and mitigate information imbalance caused by anisotropic resolution. Second, it designs a Bidirectional Balanced Mamba (BBM), which effectively captures long-range anisotropic dependencies and maintains boundary clarity through complementary bidirectional scanning combined with adaptive normalization. Finally, it introduces an Orientation-Conflict Fusion (OCF) mechanism that dynamically aggregates multi-directional information based on correlation weights, enhancing the model’s adaptability to complex boundaries. Experiments across multiple 3D medical image datasets demonstrate that this method outperforms existing state-of-the-art approaches in both segmentation accuracy and boundary integrity, providing an effective new framework for 3D medical image segmentation.",ok,
Towards the Digital Dental Models: High-Fidelity CBCT-to-IOS Fusion via Anatomy-Aware Geometric Transformers,https://papers.miccai.org/miccai-2026/1075-Paper0251.html,https://papers.miccai.org/miccai-2026/paper/0251_paper.pdf,https://github.com/AI4MyBUPT/DIgital-dental,registration,Musculoskeletal / Orthopedic,Image Registration,Deep Learning,"Zhou, Hanqing | Ning, Xiner | Ren, Chunxia | Su, Hong | Xiao, Li","The precise fusion of Cone Beam Computed Tomography (CBCT) and 3D Intraoral Scans (IOS) is essential for constructing digital dental models in stomatology. Despite its importance, automated alignment remains challenging due to the scarcity and limited accessibility of open-source datasets, discrepancies in cross-source resolution, and the complex topology of dental structures. To address these limitations, we introduce a newly curated multimodal dataset comprising 425 patients, along with the Anatomy-Aware Geometric Transformers (AAGT)—a novel registration framework specifically designed for dental imaging fusion. Unlike conventional models, AAGT incorporates anatomy-aware priors to effectively capture high-frequency anatomical features. By integrating surface topologies and spatial attributes through a topology-enhanced attention mechanism, our framework emphasizes discriminative landmarks and robustly mitigates challenges posed by metal artifacts and resolution inconsistencies. Extensive experiments demonstrate that AAGT achieves state-of-the-art performance, and external validation confirms its effectiveness in preserving distinct dental anatomy, enabling reliable and fully automated clinical workflows. The data and code are publicly available at https://github.com/AI4MyBUPT/DIgital-dental.",ok,
TraceCXR: Verifiable Chest X-ray Reports via Evidence-Addressable Graph Prompting,https://papers.miccai.org/miccai-2026/1079-Paper3018.html,https://papers.miccai.org/miccai-2026/paper/3018_paper.pdf,https://github.com/Blaise-H02/TraceCXR,VLM,Cardiac; Lung / Thoracic,Anomaly / Lesion Detection; Computer-Aided Diagnosis,Deep Learning; Interpretability / Explainability; Multimodal Models / LLMs / VLMs,"Dong, Hang | Sun, Chao | Yan, Hao | Hu, Wei | Du, Bo","Automatic chest X-ray report generation can assist clinical reading, but vision–language models may hallucinate findings or miss subtle cues, and their localized evidence is often hard to inspect. We propose TraceCXR, an evidence-traceable framework that links generated clinical statements to concept-level node traces and localized visual evidence maps. TraceCXR constructs ProtoGraph, which makes clinical concepts evidence-addressable by associating them with disease-aware visual prototypes, so retrieved concepts can be traced back to candidate image evidence. Building on ProtoGraph, EviLoop Prompting retrieves patient-specific graph context from the image and grounds the retrieved cues to localized visual evidence; confidence-gated residual injection suppresses unreliable graph prompts. We further introduce Process-Supervised Node Planning to regularize clinically relevant node selection and concentrated evidence attribution during training. Experiments on IU X-ray, MIMIC-CXR, and CheXpert Plus improve report quality and clinical correctness, with stronger evidence-centric retrieval and competitive grounding and transfer performance. Code: https://github.com/Blaise-H02/TraceCXR.",ok,
U-ReLSE: Voxel-Wise Evidential Uncertainty-Regularized MIL for Vertebral Metastasis Detection with Hybrid Supervision,https://papers.miccai.org/miccai-2026/1120-Paper0632.html,https://papers.miccai.org/miccai-2026/paper/0632_paper.pdf,,classification&segmentation,Spine,Computer-Aided Diagnosis,Deep Learning; Evaluation / Benchmarking / Reproducibility; Interpretability / Explainability; Semi- / Weakly- / Self-supervised Learning; Uncertainty Quantification,"Koike, Tatsuki | Ichinose, Akimichi | Kudo, Akira | Kitamura, Yoshiro | Takei, Mizuki | Kobayashi, Kazuma | Nakatani, Fumihiko | Shibaki, Ryota | Ito, Kimiteru | Matsumoto, Hiromi | Hori, Masatoshi | Tomiyama, Noriyuki | Miyake, Mototaka","Detecting vertebral metastases on CT in real-world practice is challenging because high-quality lesion masks are scarce, while vertebra-level labels mined from radiology reports are plentiful but noisy. We propose U-ReLSE, an uncertainty-regularized log-sum-exp pooling method for multiple instance learning (MIL) that converts voxel-wise lesion predictions into vertebra-level malignancy probabilities. The key idea is to let the model “trust” voxels it is confident about and “down-weight” voxels it finds ambiguous: we learn voxel-wise evidential (Dirichlet) certainty under segmentation supervision and use it as deterministic weights inside a mask-aware pooling operator, softly suppressing unreliable regions while preserving interpretable lesion localization and uncertainty maps. We train a 3D vertebra ROI model with a shared encoder and segmentation/evidential heads using a unified hybrid objective (Dice loss, evidential losses, and vertebra-level BCE) that integrates strong voxel-level supervision and weak report-derived labels. On multi-institutional in-house data with two cross-national external test cohorts, U-ReLSE consistently improves vertebra-level detection over standard pooling baselines, including Spine-Mets-CT-SEG (AUC 0.861 vs. 0.838–0.839; DeLong p<0.05) and a US-private cohort (AUC 0.907 vs. 0.871–0.903), with favorable recall–false-positive trade-offs. Because U-ReLSE only replaces the pooling layer, it can be readily applied to other strong–weak supervised detection problems under label noise and domain shift.",ok,
Uncertainty-Aware Bayesian Prompt Adaptation for Robust Cross-Modality Medical Segmentation,https://papers.miccai.org/miccai-2026/1100-Paper6571.html,https://papers.miccai.org/miccai-2026/paper/6571_paper.pdf,https://github.com/Macs-Laboratory/bayesprompt,segmentation,Whole-body / Multi-organ / Other,Image Segmentation,Domain Adaptation / Harmonization; Uncertainty Quantification,"Hong, Sakang | Kim, Jun-Young | Lee, Kyungsu","Segmentation foundation models such as SAM2 generalize well to natural images, yet adapting them to heterogeneous medical modalities remains challenging due to severe domain shifts and scarce annotations. We propose BayesPrompt, a Bayesian prompt adaptation framework for few-shot cross-modality medical segmentation. BayesPrompt combines Bayesian Meta-Prior Adaptation (BMPA), which regularizes lightweight decoder updates via source-target posterior alignment, with a Probabilistic Prompt Module (PPM) that encodes class-wise feature statistics and predictive uncertainty into attention-conditioned prompt tokens. This design supports both gradient-free fast prompting and efficient Bayesian fine-tuning while mitigating overfitting and improving calibration. We evaluate BayesPrompt on ultrasound and MRI rotator cuff tear segmentation under single- and cross-modality transfer with k in {1,3,5,10} labeled target samples. BayesPrompt consistently improves Dice performance and robustness, demonstrating data-efficient adaptation of segmentation foundation models for medical imaging.",ok,
Uncertainty-Aware Spatio-Semantic Contextual Prompts for Multimodal Medical Segmentation,https://papers.miccai.org/miccai-2026/1102-Paper0892.html,https://papers.miccai.org/miccai-2026/paper/0892_paper.pdf,,segmentation,Abdomen,Image Registration; Image Segmentation,Domain Adaptation / Harmonization; Foundation Models; Semi- / Weakly- / Self-supervised Learning,"Chattopadhyay, Soumitri | Demir, Başar | Niethammer, Marc","The vast heterogeneity of medical imaging demands developing universal and modality-transferable segmentation models that can ideally work in low-data regimes. Although few-shot cross-domain, in-context learning, and promptable foundational models have emerged as promising data-efficient domain-agnostic solutions, they are all limited either in dimensionality (2D only), scalability (interactive prompting being too slow and iterative), or require re-training for each new task, limiting their general applicability. In this work, we address these limitations and propose a novel framework that harnesses the representational capabilities of foundational models to generate spatial and semantic contextual priors that holistically describe the target structure to be segmented. We also propose a confidence-weighted dynamic gating scheme to fuse these context maps into a single dense prompt, and re-purpose a frozen foundational segmentation model, SAM-Med3D, to predict segmentations using this fused representation instead of sparse points. Our framework is modality-agnostic, training-free, scalable, and enables rapid and robust universal segmentation. We validate our approach on two abdominal CT and MRI datasets under cross-modal and intra-modal settings, and show it outperforms existing state-of-the-art methods by significant margins. Source codes are available at: https://github.com/ucsdbiag/spatio-semantic-in-context-segmentation.",ok,
Uncertainty-Guided Conservative Propagation for Coronary Artery Segmentation,https://papers.miccai.org/miccai-2026/1104-Paper3907.html,https://papers.miccai.org/miccai-2026/paper/3907_paper.pdf,https://github.com/chenzhao2023/UGCP,classification&segmentation,Cardiac,Computer-Aided Diagnosis; Image Segmentation,Deep Learning; Uncertainty Quantification,"Huang, Huan | Xu, Zhihui | Esposito, Michele | Zhao, Chen","Accurate coronary artery segmentation plays a critical role in coronary artery disease diagnosis and treatment planning. However, existing deep learning approaches are predominantly formulated as point-wise classification paradigms, where predictions are produced in a single forward pass without an explicit inference-stage structured update mechanism. This limitation becomes particularly evident in regions with ambiguous image evidence or weak structural support. We propose an Uncertainty-Guided Conservative Propagation (UGCP) framework that reformulates segmentation inference as a finite-step, structure-aware state evolution process in logit space via constrained neighborhood updates guided by conservative-inspired local interaction. The update is driven by local prediction discrepancies and modulated by voxel-wise uncertainty, allowing high-confidence regions to guide structurally unstable areas in a controlled manner. A source term anchors the update to the initial logits, preventing excessive drift during structural correction. We evaluate the proposed framework on convolutional and Transformer-based segmentation backbones using public 2D invasive coronary angiography (ICA) and 3D coronary CT angiography (CCTA) datasets (616 ICA images and 1,000 CCTA volumes). Experimental results demonstrate consistent improvements in the Dice similarity coefficient (DSC), clDice, and boundary metrics across architectures. The proposed framework enhances inference-stage structural consistency and shows potential for improving the robustness of coronary artery analysis. Our code is available at: https://github.com/chenzhao2023/UGCP.",ok,
Uncovering Interpretable Point-Wise Image Correspondences from Deep Segmentation Features,https://papers.miccai.org/miccai-2026/1105-Paper5323.html,https://papers.miccai.org/miccai-2026/paper/5323_paper.pdf,,segmentation,Brain; Cardiac; Lung / Thoracic,Image Registration; Image Segmentation; Other,Deep Learning; Interpretability / Explainability,"Duval, Eli | Maes, Frederik","Establishing accurate point-wise correspondences between different images is crucial for various tasks in medical image computing, such as motion tracking, shape analysis and spatial normalization. Existing approaches mainly rely on deformable registration or (semi-) supervised landmark detection and typically require dedicated training or annotated correspondences. In this work, we propose a training-free framework for correspondence estimation that leverages internal representations from pretrained segmentation networks. We hypothesize that deep learning segmentation models implicitly encode rich anatomical structure within their feature maps. By computing voxel-wise similarities in this feature space, interpretable point-wise correspondences are obtained without need for additional training or landmark annotations. We evaluate our approach and the impact of design options, such as the granularity of the segmentation, the choice of feature maps and the similarity measure, for one-shot landmark detection in different applications involving different anatomies and modalities, demonstrating competitive performance in terms of mean target registration error (mean TRE: intra-subject cardiac MRI: 2.85mm; intra-subject lung CT: 2.76mm; inter-subject brain MRI: 3.08mm). We further illustrate the potential of the method for joint estimation of coupled landmarks by incorporating geometric constraints and for unsupervised salient keypoint discovery across a sequence of images. Our results show that accurate, interpretable, label- and training-efficient correspondence estimation is feasible by repurposing segmentation-derived representations in a generic manner.",ok,
UniCT: A Unified Joint Multi-Task Framework for 3D Chest CT Abnormality Analysis,https://papers.miccai.org/miccai-2026/1108-Paper1178.html,https://papers.miccai.org/miccai-2026/paper/1178_paper.pdf,https://theodpzz.github.io/projects/unict/,classification&segmentation,Cardiac; Lung / Thoracic,Anomaly / Lesion Detection; Computer-Aided Diagnosis; Image Segmentation; Other,Deep Learning; Other,"Di Piazza, Theo | Lazarus, Carole | Nempont, Olivier | Boussel, Loic","The increasing number of CT scan examinations has lead to the need of developing automated tools to support radiologists managing their growing workload. Multi-label abnormality analysis from 3D chest CT scans, including abnormality classification, segmentation and report generation, is therefore a key capability for clinical decision support. However, such tasks remain highly challenging due to the high-dimensional structure of the data, and the wide variety of abnormalities to detect. Existing approaches typically address abnormality classification, segmentation, or report generation in isolation, despite their strong semantic and clinical interdependence. In clinical workflows, radiologists identify abnormalities by simultaneously localizing regions of interest and synthesizing descriptive findings. In light of this, we propose UniCT, the first end-to-end unified framework that jointly performs multi-label abnormality classification, segmentation, and report generation from 3D chest CT scans. UniCT explicitly models cross-task interactions through a multi-task fusion mechanism and a segmentation-conditioned feature modulation, enabling shared spatial and semantic reasoning across tasks. Experimental results on two public datasets demonstrate that joint learning yields consistent mutual gains across tasks, achieving competitive performance and providing an effective inductive bias for CT analysis.",ok,
UniLiver: Gradient-Conditioned Unified Model for Multi-target Hepatic Segmentation,https://papers.miccai.org/miccai-2026/1112-Paper1416.html,https://papers.miccai.org/miccai-2026/paper/1416_paper.pdf,,classification&segmentation,Abdomen; Vasculature; Whole-body / Multi-organ / Other,Computational Anatomy & Physiology; Image Segmentation,Deep Learning,"Qiu, Yue | Qiu, Shi | Heng, Pheng-Ann | Fu, Chi-Wing","Segmentations of hepatic vessels, Couinaud segments, and tumors are crucial for precision liver surgery. Existing methods mostly handle them independently, without exploiting their correlation in the segmentations. We propose UniLiver, a unified model for multi-target hepatic segmentation. Specifically, we introduce Multi-Target Gradient-Conditioned Adapter (MTGCA) to resolve the optimization conflicts. By this new means, we address the morphological variations in different hepatic targets and allow the shared encoder to serve each target with minimized mutual degradation. In addition, to handle vast scale and shape disparities among liver anatomical data, we design Target-Aware Spectral-Spatial Encoding (TA-SSE) to modulate spatial positional cues as per target geometric demands. Further, we present VCT Sequential Denoising (VCT-SD) to progressively refine predictions following the anatomical hierarchy from vessels to segments and tumors. Evaluated on the composite LiTS and MSD8 datasets, UniLiver achieves consistent improvements over state-of-the-art methods for specific hepatic targets, confirming its compelling performance of jointly modeling the anatomical dependencies for precision liver surgery. Code is available at https://github.com/YueQiu0911/UniLiver.",ok,
UniSpine-GS: An Efficient Physics-Aware Gaussian Framework for Cross-Modality Multi-view Spine Image Synthesis,https://papers.miccai.org/miccai-2026/1113-Paper5041.html,https://papers.miccai.org/miccai-2026/paper/5041_paper.pdf,https://github.com/orangeisland66/UniSpine-GS,image synthesis,Breast; Spine,Computer-Aided Diagnosis; Image Reconstruction; Image Synthesis / Augmentation / Super-Resolution,Deep Learning; Interpretability / Explainability; Synthetic Data / Data-centric AI,"Chen, Qiuhua | Yu, Changning | Huang, Na | Sun, Chao | Du, Bo","The diagnosis of spinal diseases is often assisted by 3D imaging techniques in clinical practice. However, precise 3D spinal assessment is limited by the high costs of 3D imaging hardware and the challenges posed by the physical differences between imaging modalities, which hinder the generalizability of models. To address these issues, we propose UniSpine-GS, an efficient, physics-aware Gaussian framework designed for novel-view projection rendering in multi-view spine imaging via a 3D-aware representation. Instead of performing explicit 3D reconstruction, our approach learns a geometry-aware Gaussian representation that ensures anatomical consistency across different views. We introduce SPWM, a structure-guided loss reweighting strategy to improve boundary fidelity and local details. We evaluate our method on the CTSpine3D dataset and a newly constructed 3D fetal ultrasound dataset, FeSpine3D. Our results demonstrate that UniSpine-GS significantly outperforms existing methods across all metrics, offering a practical and cost-effective solution for unified multi-view medical imaging. Our code is publicly available at https://github.com/orangeisland66/UniSpine-GS.",ok,
Unleashing Video Language Models for Fine-grained HRCT Report Generation,https://papers.miccai.org/miccai-2026/1114-Paper2789.html,https://papers.miccai.org/miccai-2026/paper/2789_paper.pdf,https://github.com/ayanglab/CTRG_VideoLMs,image synthesis,Lung / Thoracic,Computer-Aided Diagnosis,Foundation Models; Multimodal Models / LLMs / VLMs,"Fang, Yingying | Zhou, Huichi | Lee, KinHei | Wang, Yijia | Zhang, Zhenxuan | Huang, Jiahao | Yang, Guang","Generating precise diagnostic reports from high-resolution computed tomography is critical for clinical workflows, yet remains challenging due to the high pathological diversity and spatial sparsity within 3D volumes. While video language models (VideoLMs) have demonstrated remarkable spatio-temporal reasoning in general domains, their adaptability to domain-specific, high-volume medical interpretation remains underexplored. In this work, we present AbSteering, an abnormality-centric framework that adapts general-domain VideoLMs to precise report generation. Specifically, AbSteering introduces: (i) an abnormality-centric Chain-of-Thought scheme that encourages finding-first abnormality reasoning, and (ii) a Direct Preference Optimization objective that uses clinically confusable abnormalities as hard negatives to enhance fine-grained discrimination. Our results demonstrate that general-purpose VideoLMs exhibit strong transferability to high-volume medical imaging when guided by AbSteering. Notably, VideoLMs outperform state-of-the-art domain-specific CT foundation models, achieving superior detection sensitivity while mitigating hallucinated findings. Our data and model weights are released at \url{https://github.com/ayanglab/CTRG_VideoLMs}.",ok,
Unsupervised Domain Adaptation for Pelvic Landmark Localization in CT and MR Using Landmark-Conditioned Synthesis,https://papers.miccai.org/miccai-2026/1118-Paper2218.html,https://papers.miccai.org/miccai-2026/paper/2218_paper.pdf,https://github.com/KangqingYe/LCS-UDA,image synthesis,Musculoskeletal / Orthopedic,Computer-Aided Diagnosis,Deep Learning; Domain Adaptation / Harmonization; Synthetic Data / Data-centric AI,"Ye, Kangqing | Luo, Simeng | Gao, Xiaoru | Zheng, Guoyan","Accurate 3D pelvic landmark localization is essential for hip morphology assessment and surgical planning. However, most models are trained on a single modality and therefore suffer substantial performance degradation when applied to a different modality due to severe domain shift. To alleviate this performance drop, unsupervised domain adaptation (UDA) methods based on image synthesis have been explored. Nevertheless, sparse landmark annotations make it difficult for existing synthesis methods to enforce semantic consistency between translated and real images, which limits the effectiveness of UDA. To address this limitation, we propose a UDA framework for 3D pelvic landmark localization using semantically consistent landmark-conditioned synthesis. Specifically, building on a CycleGAN backbone, we introduce landmark-conditioned adversarial learning (LCAL), which incorporates class- and laterality-conditioned local discriminators to promote semantically consistent image synthesis in regions surrounding each landmark. For localization, we employ modality-specific detectors to encourage consistent localization predictions across synthesized images of the same subject with different styles. Additionally, we propose a pseudo-label ensembling mechanism (PLEM) that produces reliable pseudo-labels by jointly considering localization confidence and cross-prediction spatial consistency, providing effective supervision in the target domain. Experiments on an unpaired hip CT-MR dataset demonstrate that our method outperforms other state-of-the-art UDA approaches on both CT-to-MR and MR-to-CT adaptation tasks. The code is available at https://github.com/KangqingYe/LCS-UDA.",ok,
VarDeFlow: Variational Deformation Learning with Flow Matching for Multi-organ Cross-Modality Medical Image Synthesis,https://papers.miccai.org/miccai-2026/1125-Paper4912.html,https://papers.miccai.org/miccai-2026/paper/4912_paper.pdf,https://github.com/pks716/MICCAI_2026,image synthesis,Abdomen; Brain; Head & Neck; Lung / Thoracic; Pelvis / Reproductive System,Image Synthesis / Augmentation / Super-Resolution,Deep Learning,"Singh, Peeyush Kumar | Gulzar, Inam Ul Haq | Singh, Sneha | Nigam, Aditya | Gupta, Pankaj","Cross-modality medical image synthesis remains fundamentally challenging due to residual spatial inconsistencies from complex non-rigid organ deformations and localized anatomical variability that persist beyond registration. Existing approaches either rely on explicit pre-registration procedures or integrate registration-guided training modules that are not retained during inference, thereby limiting their ability to model residual misalignments and anatomy-specific deformation dynamics. We propose a unified framework that combines deformation learning with flow matching for anatomically consistent multi-organ image synthesis. We introduce a variational deformation network that learns a source-conditioned prior distribution over plausible anatomy-specific deformation fields, capturing the statistics of residual misalignment without requiring paired target inputs at inference, unlike existing registration-guided methods. This integration achieves efficient and stable image generation with substantially fewer integration steps compared to diffusion-based counterparts while preserving anatomical fidelity. The proposed framework is trained and evaluated on a large-scale dataset of 873 patients across five anatomical regions: abdomen, brain, pelvis, head-and-neck, and thorax. Extensive quantitative and qualitative evaluations demonstrate consistent performance in synthesis accuracy across all anatomical regions, while maintaining computational efficiency. Ablation studies further validate the efficacy of this approach, highlighting the individual contributions of learned deformations and flow matching over registration-guided and diffusion-based baselines.",ok,
VDSB-GWSyn: Diffusion Schrödinger Bridge for Controllable and Anatomically Feasible Guidewire Synthesis in Coronary Angiography,https://papers.miccai.org/miccai-2026/1127-Paper2982.html,https://papers.miccai.org/miccai-2026/paper/2982_paper.pdf,,segmentation,Cardiac,Image-Guided Interventions; Medical Robotics,Deep Learning; Evaluation / Benchmarking / Reproducibility; Synthetic Data / Data-centric AI,"Tang, Haoyuan | Zhang, Zhuo | Li, Jialin | Xiao, Shuai | Yang, Jiachen","Coronary guidewire endpoint localization is a fundamental capability for computer-assisted PCI, and its importance increases as robot-assisted PCI is progressively adopted to reduce operator radiation exposure. However, the scarcity of annotated CAG images with guidewires and the limited adaptability of existing guidewire synthesis models remain key bottlenecks for guidewire endpoint localization. To address this issue, we propose VDSB-GWSyn, a Diffusion Schrödinger Bridge (DSB) model-based framework, enabling synthesis of controllable, high-fidelity guidewire samples under complex anatomical backgrounds. VDSB-GWSyn first uses our shape prior algorithm to learn the basic guidewire geometry. It then generates guidewire masks under constraints imposed by the vessel segmentation masks and outputs the corresponding endpoint coordinates. Finally, it synthesizes realistic guidewire samples on real CAG images using DSB conditioned with SPADE. Experimental results show that the guidewire samples synthesized by VDSB-GWSyn achieve favorable ROI-FID and ROI-KID, as well as high IPR scores. In addition, incorporating our synthesized data for synthetic pre-training followed by real fine-tuning substantially improves downstream guidewire endpoint localization, reducing MPE from 16.01 px to 7.71 px and increasing PCK at 3 px from 52.63% to 86.27%, leading to more clinically reliable deployment of robot-assisted guidewire delivery systems. Moreover, the core design philosophy of controllable device synthesis with strict background preservation and anatomical feasibility constraints has the potential to transfer to other interventional device perception tasks where annotated data are scarce.",ok,
VesselSim: learning 3D blood vessel segmentation without expert annotations,https://papers.miccai.org/miccai-2026/1130-Paper3913.html,https://papers.miccai.org/miccai-2026/paper/3913_paper.pdf,https://healthx-lab.github.io/VesselSim,segmentation,Vasculature; Whole-body / Multi-organ / Other,Image Segmentation; Image Synthesis / Augmentation / Super-Resolution,Deep Learning; Domain Adaptation / Harmonization,"Rainville, Erin | Ananian, Melissa | Mirolla, Tristan | Rivaz, Hassan | Xiao, Yiming","Blood vessel segmentation is a core task in medical image analysis for the care of vascular diseases and surgical planning, yet the challenges of providing expert vascular annotations pose a major obstacle for the progress of related deep learning techniques. To address this, we propose \texttt{VesselSim}, a two-stage framework for universal 3D blood vessel segmentation that eliminates the need for real annotated data during training. First, we introduce a stochastic, geometry-driven vascular simulation framework that models recursive branching, curvature-controlled growth, and collision-aware topology, followed by domain-randomized intensity synthesis to generate 16,500 anatomically plausible 3D angiographic volumes. Second, a 3D U-Net is trained solely on this synthetic data. To bridge the domain gap from synthetic to real images at inference time, we introduce a test-time adaptation strategy via a self-supervised mask reconstruction decoder, enabling adaptation to unseen clinical scans without prior domain knowledge. We evaluate \texttt{VesselSim} in a zero-shot setting on multiple real-world datasets spanning MR and CT across several anatomical regions, including the brain and kidneys. Despite being trained exclusively on synthetic data, \texttt{VesselSim} achieves performance competitive with state-of-the-art vascular segmentation foundation models. These findings suggest that learning vessel geometry from synthetic tubular structures is effective for robust cross-domain generalization, substantially reducing the reliance on acquired medical imaging data and more importantly, expert annotations.",ok,
VIHD: Visual Intervention-Based Hallucination Detection for Medical Visual Question Answering,https://papers.miccai.org/miccai-2026/1132-Paper4543.html,https://papers.miccai.org/miccai-2026/paper/4543_paper.pdf,https://github.com/Jiayi-Chen-AU/VIHD,VLM,Brain; Lung / Thoracic,Computer-Aided Diagnosis,Multimodal Models / LLMs / VLMs,"Chen, Jiayi | Ma, Benteng | Liao, Zehui | Chong, Winston | George, Yasmeen | Cai, Jianfei","While medical Multimodal Large Language Models (MLLMs) have shown promise in assisting diagnosis, they still frequently generate hallucinated responses that appear linguistically plausible but lack visual evidence. Such hallucinations pose risks to clinical decision-making and necessitate effective detection. Existing introspective detection methods primarily perform uncertainty estimation or logical verification by analyzing model responses conditioned on original or perturbed inputs. However, such external perturbations are often heuristic and context-agnostic, which overlooks the internal cross-modal dependency between generated tokens and related visual tokens during decoding. To address this issue, we propose VIHD, a Visual Intervention-based Hallucination Detection method that leverages targeted visual token masking to calibrate semantic entropy for more effective hallucination detection. VIHD locates visually dominant decoder layers via Visual Dependency Probing (VDP), executes Visual Intervention Decoding (VID) via token masking to calibrate the semantic distribution, and quantifies the resulting Calibrated Semantic Entropy (CSE) as a reliable hallucination signal. Extensive experiments on three medical VQA benchmarks with two medical MLLMs demonstrate that VIHD consistently outperforms state-of-the-art methods, underscoring the importance of fine-grained visual dependency for hallucination detection. The code will be available at https://github.com/Jiayi-Chen-AU/VIHD",ok,
ViPSAM: Visual Prompting Medical Image Segmentation Using Segment Anything Model,https://papers.miccai.org/miccai-2026/1133-Paper3107.html,https://papers.miccai.org/miccai-2026/paper/3107_paper.pdf,https://github.com/torchViPSAM/ViPSAM,segmentation,Abdomen,Image Segmentation,Deep Learning,"Lee, San | Kim, Nalee | Yu, Jeong Il | Park, Hee Chul | Kim, Boah","In proton therapy planning, respiratory-gated non-contrast CT (NCCT) is commonly used for lesion segmentation; however, accurate delineation remains challenging due to low lesion-to-background contrast. Although learning-based methods have shown strong performance, they often struggle with non-contrast image segmentation. Inspired by clinical practice, where contrast-enhanced MRI is referenced to delineate lesions on NCCT, we propose ViPSAM, a visual prompting framework that leverages complementary cross-modality information. Built upon the Segment Anything Model (SAM), ViPSAM introduces a visual prompt encoder to extract guidance features from contrast-enhanced images and a visual-guided cross-attention module to integrate non-contrast and contrast-enhanced features, thereby enhancing lesion-relevant representations in low-contrast regions. The mask decoder is further adapted in a parameter-efficient manner to utilize visual prompts effectively. We evaluate the proposed method on liver lesion segmentation using NCCT acquired for proton therapy. Experimental results demonstrate that ViPSAM outperforms representative U-Net- and SAM-based methods, indicating that cross-modality visual prompting enables more robust and accurate segmentation in non-contrast images.",ok,
VM-NeXT UNet: Synergizing ConvNeXT and Visual Mamba for Robust Medical Image Segmentation,https://papers.miccai.org/miccai-2026/1140-Paper4748.html,https://papers.miccai.org/miccai-2026/paper/4748_paper.pdf,,segmentation,Abdomen; Cardiac,Image Segmentation,Deep Learning,"Cao, Boxuan | Jiang, Peilin","In recent medical image analysis, Convolutional Neural Networks (CNNs) and State Space Models (SSMs) have set benchmarks in segmentation tasks. While CNNs excel in capturing local fine-grained features, SSMs achieve remarkable global context understanding with linear complexity. However, Mamba-UNet, a pioneering pure SSM-based model, still exhibits deficiencies in feature representation, fusion efficiency, and spatial detail reconstruction. To address these limitations, we propose VM-NeXT UNet, an improved architecture that synergizes ConvNeXT with VSS Blocks.VM-NeXT UNet introduces four key optimizations: (1) a dual-encoder parallel structure for comprehensive feature extraction; (2) a channel-spatial attention gating module in skip connections for adaptive feature screening; (3) multi-scale convolution layers in the decoder to preserve spatial details; and (4) a combined FocalLoss and DiceLoss strategy to focus on hard samples. Experiments on the Synapse and ACDC datasets yielded Dice scores of 86.21% and 92.42%, respectively. The results demonstrate that VM-NeXT UNet significantly outperforms the original Mamba-UNet and achieves competitive performance against state-of-the-art methods, highlighting its potential for reliable clinical deployment.",ok,
VolDiT: Controllable Volumetric Medical Image Synthesis with Diffusion Transformers,https://papers.miccai.org/miccai-2026/1142-Paper5961.html,https://papers.miccai.org/miccai-2026/paper/5961_paper.pdf,https://github.com/Cardio-AI/voldit,segmentation,Cardiac; Lung / Thoracic,Image Synthesis / Augmentation / Super-Resolution,Deep Learning,"Seyfarth, Marvin | Dar, Salman Ul Hassan | Frisch, Yannik | Wild, Philipp | Frey, Norbert | André, Florian | Engelhardt, Sandy","Diffusion models have become a leading approach for high-fidelity medical image synthesis. However, most existing methods for 3D medical image generation rely on convolutional U-Net backbones within latent diffusion frameworks. While effective, these architectures impose strong locality biases and limited receptive fields, which may constrain scalability, global context integration, and flexible conditioning. In this work, we introduce VolDiT, the first purely transformer-based 3D Diffusion Transformer for volumetric medical image synthesis. Our approach extends diffusion transformers to native 3D data via volumetric patch embeddings and global self-attention that operates directly over 3D tokens. To enable structured control, we propose a timestep-gated control adapter that maps segmentation masks to learnable control tokens, which modulate transformer layers during denoising. This token-level conditioning mechanism allows precise spatial guidance while preserving the modeling advantages of transformer architectures. We evaluate our model on high-resolution 3D medical image synthesis tasks and compare it to state-of-the-art 3D latent diffusion models based on U-Nets. Results demonstrate improved global coherence, superior generative fidelity, and enhanced controllability. Our findings suggest that fully transformer-based diffusion models provide a flexible foundation for volumetric medical image synthesis. The code and models trained on public data are available at https://github.com/Cardio-AI/voldit.",ok,
VoxShield: Protecting 3D Medical Datasets from Unauthorized Training via Frequency-Aware Inter-Slice Disruption,https://papers.miccai.org/miccai-2026/1144-Paper3104.html,https://papers.miccai.org/miccai-2026/paper/3104_paper.pdf,https://github.com/KK266299/VoxShield,classification&segmentation,Whole-body / Multi-organ / Other,Federated / Privacy-Preserving Analysis; Image Segmentation,Fairness / Safety / Reliability,"Liu, Xinyao | Deng, Zhipeng | Jiang, Wenhan | Wang, Haolin | Lin, Xun | Ou, Yafei | Zheng, Yefeng","The release of public 3D medical image segmentation (MIS) datasets accelerates clinical research but simultaneously heightens risks of unauthorized AI model training. While Unlearnable Examples (UE) offer protection by injecting imperceptible perturbations to prevent effective model learning, existing methods primarily target 2D scenarios. They neglect the volumetric spatial correlations and inter-slice anatomical consistency inherent in 3D medical volumes, which serve as critical learning priors for 3D segmentation networks. To bridge this gap, we propose VoxShield, a UE framework that explicitly targets the volumetric inductive biases of 3D networks. Our core insight is that by systematically dismantling the cross-slice continuity that 3D architectures rely on, we can fundamentally impair their spatial aggregation process. Specifically, we introduce an Inter-Slice Frequency Consistency Disruption mechanism that maximizes the spectral divergence between adjacent slices, injecting structural incoherence along the z-axis.Complementing this structural attack, a Semantic Prediction Disruption module is incorporated. By maximizing the L1 divergence between clean and perturbed logits, it forces the injected noise to penetrate the entire network and corrupt the final semantic mapping. Experiments on BraTS19 and FLARE21 demonstrate that VoxShield successfully degrades 3D segmentation performance, reducing the DSC from 80.0% to near 0.0% and from 88.6% to 6.8%, respectively. All protections are achieved with minimal perturbation (epsilon = 4/255) while preserving high visual fidelity. The code is available at https://github.com/KK266299/VoxShield",ok,
VRUGA: Visual and Reasoning Uncertainty Guided Active Learning for Medical MLLM Post-training,https://papers.miccai.org/miccai-2026/1145-Paper3198.html,https://papers.miccai.org/miccai-2026/paper/3198_paper.pdf,,VLM,Whole-body / Multi-organ / Other,Computer-Aided Diagnosis,Foundation Models; Multimodal Models / LLMs / VLMs; Semi- / Weakly- / Self-supervised Learning; Synthetic Data / Data-centric AI; Uncertainty Quantification,"Xiao, Boyi | Wu, Jianghao | Zhang, Rongzhao | Xu, Jie | Zhao, Feng | Wang, Guotai | Zhang, Shaoting","Medical Multimodal Large Language Models (MLLMs) hold significant potential for clinical visual question answering (VQA), yet their reliability is often compromised by unstable visual grounding and flawed reasoning logic. While reinforcement learning-based post-training, such as Group Relative Policy Optimization (GRPO), offers a path to steer model behavior, its efficacy is severely constrained by the high cost of expert supervision. To address this, we propose VRUGA, an active learning framework designed to maximize GRPO post-training efficiency under a constrained expert budget. Specifically, we introduce Dual-Uncertainty Quantification (DUQ) to identify high-risk failure modes by jointly evaluating visual grounding stability and reasoning trajectory consistency. Logic-Aware Diversity Sampling (LADS) is subsequently employed to select a representative active set by leveraging decoder hidden-state embeddings to capture a diverse spectrum of latent reasoning patterns. Finally, a Cross-Threshold Pseudo-Labeling (CTPL) mechanism stabilizes the alignment process through tiered supervision, integrating expert-corrected samples with majority-voted pseudo-label anchors to mitigate policy overfitting. Extensive evaluations on VQA-RAD, SLAKE, and PathVQA benchmarks demonstrate that VRUGA achieves a 75.2% average accuracy, significantly outperforming state-of-the-art active learning baselines while requiring only a 10% expert annotation budget.",ok,
Wasserstein-Aligned Localisation for VLM-Based Distributional OOD Detection in Medical Imaging,https://papers.miccai.org/miccai-2026/1147-Paper0474.html,https://papers.miccai.org/miccai-2026/paper/0474_paper.pdf,https://github.com/bkainz/WALDO_MICCAI26_demo,VLM,Brain; Lung / Thoracic,Anomaly / Lesion Detection,Multimodal Models / LLMs / VLMs; Semi- / Weakly- / Self-supervised Learning,"Kainz, Bernhard | Müller, Johanna P. | Baugh, Matthew M. G. | Bercea, Cosmin","Zero-shot anomaly localisation via vision-language models (VLMs) offers a compelling approach for rare pathology detection, yet current methods suffer from a lack of healthy reference context, high prediction variance, and suboptimal reference selection. We introduce WALDO, a training-free framework grounded in optimal transport theory that addresses these limitations through: (i) entropy-weighted Sliced Wasserstein distance for anatomically-aware reference selection from DINOv3 patch distributions, (ii) Goldilocks zone sampling exploiting the non-monotonic relationship between reference similarity and localisation accuracy, and (iii) self-consistency aggregation via weighted non-maximum suppression. On the NOVA brain MRI benchmark, WALDO with Qwen2.5-VL-72B achieves 43.5 ± 1.6% mAP@30 (95% CI: [40.4, 46.7]), representing a 19% relative improvement over zero-shot baselines. Cross-model evaluation shows consistent gains: GPT-4o achieves 32.0 ± 6.5% and Qwen3-VL-32B achieves 32.0 ± 6.6% mAP@30. Paired McNemar tests confirm statistical significance for the primary pair (p = 1.8 × 10⁻⁶, hit@30). We provide theoretical analysis of the Goldilocks effect through distributional divergence, demonstrating why moderate-similarity references optimise the bias-variance tradeoff in comparative visual reasoning. Code: https://github.com/bkainz/WALDO_MICCAI26_demo",ok,
Wavelet-Enhanced Coarse-to-Fine Radiology Report Generation with Large Language Models,https://papers.miccai.org/miccai-2026/1150-Paper1545.html,https://papers.miccai.org/miccai-2026/paper/1545_paper.pdf,https://github.com/CodeCQ789/WERG,VLM,,Other,Deep Learning; Multimodal Models / LLMs / VLMs,"Yang, Shuanghong | Deng, Yan | Qin, Qibing | Zeng, Pan | Zhang, Henggui | Hu, Wei | Zhang, Wenfeng","Automatic chest X-ray report generation requires models to capture fine-grained visual evidence and describe findings within clinical context. Existing approaches often entangle global structure and local details, making subtle cues prone to attenuation during compression and cross-modal alignment. Most frameworks also rely on single-image inputs and underuse patient priors, limiting their ability to reflect diagnostic intent and disease evolution. We propose Wavelet-Enhanced Radiology Report Generation (WERG), a clinically motivated coarse-to-fine framework built on a multimodal large language model that supports joint conditioning on clinical context and prior images. WERG generates an initial draft, retrieves observation-aligned report snippets as textual priors, and refines the report with enhanced visual evidence. Moreover, we introduce a wavelet-based frequency-domain detail enhancement module to emphasize subtle abnormalities while preserving global semantics, and a diagnosis-guided calibration branch trained with weak observation labels. Experiments on MIMIC-CXR and IU X-Ray show consistent gains on NLG and clinical metrics, producing more detailed and clinically consistent reports.",ok,
Weakly-Supervised Coronary Artery Segmentation from DSA Sequence via Motion-Aware Modeling,https://papers.miccai.org/miccai-2026/1153-Paper0033.html,https://papers.miccai.org/miccai-2026/paper/0033_paper.pdf,https://github.com/Fitz-Fitz/MACOS,classification&segmentation,Cardiac,Image Segmentation,Deep Learning; Semi- / Weakly- / Self-supervised Learning,"Wu, Han | Xiong, Xiaosong | Song, Yanli | Zhan, Yiqiang | Zhou, Xiang Sean | Wu, Dijia | Shen, Dinggang","Accurate coronary artery segmentation from Digital Subtraction Angiography (DSA) is critical for computer-aided cardiovascular diagnosis and intervention. In DSA, contrast wash-in provides characteristic temporal perfusion cues, i.e., vessels progressively enhance over time, which can help distinguish true vessels from dark non-vessel tubular structures and improve recognition under low-contrast conditions by comparing neighboring frames. However, exploiting such cues is non-trivial, as cardiac motion introduces non-rigid vessel deformation and misalignment across frames. Clinically, radiologists typically review the entire dynamic injection process, but measure only a single key frame where the vessel is maximally opacified. Based on this observation, we present \textbf{MACOS}, a \textbf{M}otion-\textbf{A}ware \textbf{CO}ronary \textbf{S}egmentation framework that leverages long-range temporal injection context to supervise segmentation only on a key frame with maximal opacification. Specifically, we first propose a Motion-Aware Gated Recurrent Unit (GRU) module to explicitly estimate inter-frame displacement fields to align features before aggregation, thus enabling robust spatiotemporal modeling under cardiac motion. Then, to leverage unlabeled intermediate frames, we further introduce a Physics-Informed Vessel Loss to enforce monotonic vessel growth driven by contrast wash-in, for providing effective regularization without requiring dense annotations. Experiments on 971 DSA sequences demonstrate that MACOS significantly outperforms state-of-the-art methods, improving robustness on typical challenging cases. To the best of our knowledge, MACOS is the first framework to exploit long coronary DSA sequences for weakly-supervised vessel segmentation with only key-frame annotation, and is validated on the largest coronary DSA video dataset to date. Code is available at \url{https://github.com/Fitz-Fitz/MACOS}.",ok,
When Does Uncertainty Become Meaningful in Medical Vision-Language Models? Alignment Enables Disease-wise Uncertainty and Risk-Aware Prediction,https://papers.miccai.org/miccai-2026/1156-Paper4499.html,https://papers.miccai.org/miccai-2026/paper/4499_paper.pdf,https://github.com/Castella99/Bi-EDL,VLM,Lung / Thoracic,Computer-Aided Diagnosis,Multimodal Models / LLMs / VLMs; Uncertainty Quantification,"Kim, Tae Hun | Lee, Hyun Gyu","Recent Vision–Language Models (VLMs) have shown strong zero-shot performance for chest X-ray interpretation, yet they lack reliable uncertainty estimation, particularly in multi-label clinical settings requiring disease-wise confidence. Existing similarity-based uncertainty methods are largely designed for single-label OOD detection and become unreliable when affirmative and negated disease hypotheses are not semantically aligned, causing uncertainty to reflect representation ambiguity rather than clinical decision uncertainty. We introduce Bi-EDL, a fine-tuning framework that combines bidirectional multiple-choice questioning with evidential deep learning (EDL) to estimate disease-wise uncertainty on aligned image–disease representations. By reinterpreting hypothesis-level similarities as evidence and modeling them as the parameters of a Beta distribution under an evidential deep learning framework, the proposed method mitigates overconfidence inherent in similarity-based scoring and enables pathology-specific uncertainty estimation. Experiments demonstrate improved selective risk controllability under both normal and covariate-perturbed conditions, achieving performance beyond that of the baseline model. Our findings suggest that meaningful uncertainty in medical VLMs emerges when disease hypotheses are semantically aligned, highlighting alignment as a key condition for reliable risk-aware prediction in clinical settings.",ok,
WHO-CXRBench: A CXR Benchmark for Diagnostic Rule Retrieval in CLIP-Style MedVLMs,https://papers.miccai.org/miccai-2026/1161-Paper0505.html,https://papers.miccai.org/miccai-2026/paper/0505_paper.pdf,https://github.com/LyxDLiI/WHO-CXRBench,VLM,Lung / Thoracic,Computer-Aided Diagnosis,Deep Learning; Evaluation / Benchmarking / Reproducibility; Fairness / Safety / Reliability; Foundation Models; Interpretability / Explainability; Multimodal Models / LLMs / VLMs,"Liu, Yixiang | Cheng, Pujin | Cai, Zhiyuan | Huang, Yijin | Wang, Zhonghua | Xu, Zhongxing | Tang, Xiaoying","Medical vision-language models (MedVLMs) have progressed rapidly and demonstrate strong performance across a broad range of clinical tasks, including report generation, disease classification, and cross-modal retrieval. The success can be attributed to contrastive language-image pretraining (CLIP), which holistically aligns image and text into a shared embedding space, thereby unifying visual and linguistic representations. While these models excel on coarse-grained medical tasks, where global image-level semantics are sufficient for success, such as modality recognition, disease classification, and standard image-report retrieval, it remains challenging for them to succeed in fine-grained and evidence-driven clinical scenarios. In those settings, models are supposed to identify and retrieve specific diagnostic evidence and align it to clinically applicable criteria. Otherwise, misidentifying or overlooking diagnostic evidence may lead to clinically contradictory errors and weaken the reliability and interpretability of the final diagnoses. Therefore, rigorously quantifying CLIP’s fine-grained retrieval capability in realistic clinical settings is essential. In this paper, we introduce WHO-CXRBench, a benchmark grounded in WHO chest X-ray (CXR) diagnostic guidelines for fine-grained diagnostic rule retrieval. We curate an evaluation set of 6{,}115 patient-level samples, resulting in 29{,}375 patient-rule pairs. We quantify the retrieval performance by Recall@K, Precision@K, nDCG, and mAP. Experiments show that even the best-performing baseline achieves only 14.23\% Recall@10 and 13.06\% nDCG@10, indicating that current CLIP-style MedVLMs still have space for improvement in fine-grained diagnostic rule retrieval. We believe that WHO-CXRBench builds a valuable foundation for evaluating MedVLMs’ performance under realistic clinical settings. Code and dataset are available at https://github.com/LyxDLiI/WHO-CXRBench",ok,
X2Bone: Reconstructing 3D Bone Structures from 2D Biplanar X-Rays via Cross-RWKV,https://papers.miccai.org/miccai-2026/1163-Paper0798.html,https://papers.miccai.org/miccai-2026/paper/0798_paper.pdf,https://github.com/pzhhhhh2263/X2Bone,segmentation,Pelvis / Reproductive System,Image Reconstruction; Image Segmentation,Deep Learning,"Pan, Zhaohong | Zhu, Jiahua | Zhou, Haowei | Yang, Guang | Dai, Jingjing | Xie, Yaoqin | Liang, Xiaokun","Reconstructing patient-specific 3D pelvic bone structures from biplanar X-ray images is attractive for routine clinical workflows, as it enables 3D understanding from widely available low-dose radiographs. Existing methods often lack effective cross-view interaction to fully exploit the complementarity between anterior–posterior (AP) and lateral (LAT) views, and provide limited global structural dependency modeling, which leads to structural ambiguity and missing details under limited projections. To address these issues, we propose X2Bone, an efficient end-to-end framework for 3D bone reconstruction from standard AP and LAT radiographs. X2Bone introduces a Cross-RWKV module that enables long-range, bidirectional cross-view interaction with linear complexity, achieving global semantic alignment and feature fusion across views. To bridge the 2D-to-3D representation gap, we further design a 3D Expand module, which lifts the fused 2D features into volumetric space via view-dependent depth probability modulation. Extensive experiments on the CTPelvic1K dataset demonstrate that X2Bone achieves the best segmentation performance while maintaining high efficiency. The results validate the effectiveness of long-range cross-view modeling and view-aware 2D-to-3D lifting for biplanar 3D reconstruction.",ok,
Zero-Shot CT Super-Resolution Using Diffusion-Based 2D Projection Priors and Signed 3D Gaussians,https://papers.miccai.org/miccai-2026/1166-Paper6079.html,https://papers.miccai.org/miccai-2026/paper/6079_paper.pdf,https://github.com/hvcl/3DCT_SR_DDNM_NAB-GS.git,image synthesis,Lung / Thoracic; Whole-body / Multi-organ / Other,Image Reconstruction; Image Synthesis / Augmentation / Super-Resolution,Deep Learning,"Noh, Jeonghyun | Oh, Hyun-Jic | Jeong, Won-Ki","Computed tomography (CT) is important in clinical diagnosis, but acquiring high-resolution (HR) CT is constrained by radiation exposure risks. While deep learning-based super-resolution (SR) methods have shown promise for reconstructing HR CT from low-resolution (LR) inputs, supervised approaches require paired datasets that are often unavailable. Zero-shot methods address this limitation by operating on single LR inputs; however, they frequently fail to recover fine structural details due to limited LR information within individual volumes. To overcome these limitations, we propose a novel zero-shot 3D CT SR framework that integrates diffusion-based upsampled 2D projection priors into the 3D reconstruction process. Specifically, our framework consists of two stages: (1) LR CT projection SR, training a diffusion model on abundant X-ray data to upsample LR projections, thereby enhancing the scarce information inherent in the LR inputs. (2) 3D CT volume reconstruction, using 3D Gaussian splatting with our novel Negative Alpha Blending (NAB-GS), which models positive and negative Gaussian densities to learn signed residuals between diffusion-generated HR and upsampled LR projections. Our framework demonstrates superior quantitative and qualitative performance on two public datasets, and expert evaluations present the framework’s clinical potential at 4×.",ok,
