title,paper_url,pdf_url,code_url,category,Body,Applications,Machine Learning,authors,abstract,status,error
AdaBIMBA: Adaptive Token Compression for Long Endoscopy Video Understanding,https://papers.miccai.org/miccai-2026/0028-Paper2765.html,https://papers.miccai.org/miccai-2026/paper/2765_paper.pdf,,VLM,Abdomen,Computer-Aided Diagnosis,Multimodal Models / LLMs / VLMs,"Yung, Ka-Wai | Mobadersany, Pooya | Parmar, Chaitanya | Chaitanya, Krishna | Gunderson, Fabio | Surace, Lindsey | Ghanem, Louis R. | Mansi, Tommaso | Cula, Gabriela Oana | Standish, Kristopher | Damasceno, Pablo F.","Vision–language models (VLMs) show strong potential for automating endoscopy‑video interpretation, including detailed description, disease‑severity assessment, and temporal event localization. However, most surgery and endoscopy focused VLMs remain trained primarily on static images, despite reliable assessment requiring long‑range temporal reasoning over continuous procedures. This modality mismatch limits their applicability in real clinical workflows. Existing surgical video VLM datasets rely on noisy, public sources with limited clinical reliability or contain only short clips that fail to capture full procedural context. To address these gaps, we curated a long‑video dataset of endoscopy recordings from a clinical trial of patients with Inflammatory Bowel Disease (IBD). We additionally introduce AdaBIMBA, a novel adaptive token compression module comprising (i) a Token Scorer that predicts frame importance and (ii) a Mamba‑based compressor that adjusts per‑frame compression ratios accordingly. AdaBIMBA enables processing substantially more frames under the same memory budget while preserving clinically relevant content, achieving state‑of‑the‑art performance across all question categories on our IBD dataset.",ok,
AffordTissue: Dense Affordance Prediction for Tool-Action Specific Tissue Interaction,https://papers.miccai.org/miccai-2026/0037-Paper5918.html,https://papers.miccai.org/miccai-2026/paper/5918_paper.pdf,,VLM,Abdomen,Image Segmentation; Image-Guided Interventions,Deep Learning; Fairness / Safety / Reliability; Multimodal Models / LLMs / VLMs,"Maksutova, Aiza | Seenivasan, Lalithkumar | Ding, Hao | Xu, Jiru | Yu, Chenhao | Jing, Chenyan | Shen, Yiqing | Unberath, Mathias","Surgical action automation has progressed rapidly toward achieving surgeon-like dexterous control, driven primarily by advances in learning from demonstration and vision-language-action models. While these have demonstrated success in table-top experiments, translating them to clinical deployment remains challenging: current methods offer limited predictability on where instruments will interact on tissue surfaces and lack explicit conditioning inputs to enforce tool-action specific safe interaction regions. Addressing this gap, we introduce AffordTissue, a multimodal framework for predicting tool-action specific tissue affordance regions as dense heatmaps during cholecystectomy. Our approach combines a temporal vision encoder capturing tool motion and tissue dynamics across multiple viewpoints, language conditioning enabling generalization across diverse instrument-action pairs, and a DiT-style decoder for dense affordance prediction. We establish the first tissue affordance benchmark by curating and annotating 15,638 video clips across 103 cholecystectomy procedures, covering six unique tool-action pairs involving four instruments (hook, grasper, clipper, scissors) and their associated tasks: dissection, grasping, clipping, and cutting. Quantitatively, our task-specific architecture achieves an average symmetric surface distance (ASSD) of 20.6 px, substantially outperforming vision/vision-language baseline models (U-Net: 44.3 px and Molmo-VLM: 60.2 px) in dense surgical affordance prediction. By predicting tool-action specific tissue affordance regions, AffordTissue provides explicit spatial reasoning for safe surgical automation, potentially unlocking explicit policy guidance toward appropriate tissue regions and early safe stop when instruments deviate outside predicted safe zones.",ok,
AGGRNet: Selective Feature Extraction and Aggregation for Enhanced Medical Image Classification,https://papers.miccai.org/miccai-2026/0041-Paper3725.html,https://papers.miccai.org/miccai-2026/paper/3725_paper.pdf,https://github.com/AnshMakwe/AGGRNet-Feature-Extraction-and-Aggregation,classification,Abdomen; Eye; Skin,Anomaly / Lesion Detection; Outcome Prediction / Prognosis / Longitudinal Modeling,Deep Learning,"Makwe, Ansh | Agrawal, Akansh | Jain, Prateek | Agrawal, Akshan | Bagade, Priyanka","Medical image analysis for complex tasks such as severity grading and disease subtype classification poses significant challenges due to intricate and similar visual patterns among classes, scarcity of labeled data, and variability in expert interpretations. Although deep learning models can capture complex visual patterns for medical image classification, many architectures still struggle to distinguish subtle classes because they do not adequately capture inter-class similarity and intra-class variability, which can lead to incorrect diagnoses. To address this, we propose the AGGRNet framework to extract informative and non-informative features to effectively understand fine-grained visual patterns and improve classification for complex medical image analysis tasks. Experimental results show that our model achieves state-of-the-art performance on 5 distinct medical imaging datasets, with the maximum improvement of 5% over SOTA models. The code is available at: https://github.com/AnshMakwe/AGGRNet-Feature-Extraction-and-Aggregation",ok,
Attenuation-Resilient Alternating Optimization for Laparoscopic Liver Landmark Detection,https://papers.miccai.org/miccai-2026/0080-Paper1734.html,https://papers.miccai.org/miccai-2026/paper/1734_paper.pdf,https://github.com/hyperiondk115/A2ONet,segmentation,Abdomen,Image-Guided Interventions,,"Liu, Lanqing | Cui, Ruize | Pei, Jialun | Guo, Diandian | So, Tiffany Y. | Heng, Pheng-Ann | Qin, Jing","Liver surface landmark detection is a fundamental prerequisite for anatomical guidance in laparoscopic liver surgery. However, it remains unreliable in practice due to two pervasive challenges: illumination attenuation in underexposed regions and the structural mismatch between pixel-wise localization and continuous curvilinear geometry. To address these limitations, we propose A2ONet, an attenuation-resilient alternating optimization network for robust liver landmark detection. To mitigate illumination attenuation, A2ONet embraces an illumination field compensation (IFC) block that adaptively enhances dark regions while preserving structural consistency. Meanwhile, we introduce a lightweight frequency–orientation selective filter (FOSF) to suppress repetitive texture interference and preserve salient curvilinear cues. Building upon these resilient representations, we design an alternating seg–curve optimization (ASCO) decoder that iteratively couples dense segmentation with explicit curve modeling, enabling mutual guidance to optimize both structural continuity and endpoint localization. Extensive evaluations on L3D-2K, L3D, and P2ILF demonstrate consistent improvements over competitive methods, establishing a more reliable foundation for intraoperative anatomy guidance. Our code is available at https://github.com/hyperiondk115/A2ONet.",ok,
B-spline Activations as Intrinsic Uncertainty Estimators in Medical Image Segmentation,https://papers.miccai.org/miccai-2026/0136-Paper5070.html,https://papers.miccai.org/miccai-2026/paper/5070_paper.pdf,https://github.com/Wenju-Du/B-spline-uncertainty-segmentation.,classification&segmentation,Abdomen; Breast; Eye; Skin,Image Segmentation,Deep Learning; Uncertainty Quantification,"Du, Wenju | Wu, Zhiwei | Zeng, Bing | Rao, Nini | Liu, Wei","A fundamental tension underlies uncertainty estimation for clinical segmentation: Bayesian methods—MC Dropout, Deep Ensembles, TTA—demand repeated inference incompatible with real-time workflows, while single-pass alternatives either alter the training objective(EDL) or impose global architectural constraints that risk distorting learned representations (DUQ, SNGP, DDU). The core scientific question is whether prediction uncertainty can be read directly from the activation geometry of a learned function in a single forward pass, without auxiliary losses, repeated sampling, or global architectural change. We identify a principled answer in the local-support property of B-spline basis functions within Kolmogorov–Arnold Network (KAN) layers: because each basis function has compact support, activation concentration directly proxies training-data density—well-covered inputs produce winner-take-all activation while distribution boundaries and misclassified sites produce dispersed patterns. We verify this statistically (Mann Whitney p<0.001, Cohen’s d up to 1.61 across colonoscopy, ultrasound,and dermoscopy) and operationalize it via the Residual KAN Head, a plug-and-play classifier adding <0.01M parameters that preserves segmentation accuracy (Dice change <0.3%). On four medical imaging benchmarks, our single-pass method achieves the best selective prediction per formance in 4 of 12 backbone×dataset settings at 6.9× faster inference than multi-pass alternatives.",ok,
Bayesian Temporal Pose Networks for Uncertainty-Calibrated Laparoscopic Tool Pose Tracking,https://papers.miccai.org/miccai-2026/0088-Paper0619.html,https://papers.miccai.org/miccai-2026/paper/0619_paper.pdf,https://github.com/omariosc/BTPN,segmentation,Abdomen; Whole-body / Multi-organ / Other,Digital Twins / Simulation / Synthetic Data,Deep Learning; Multimodal Models / LLMs / VLMs; Semi- / Weakly- / Self-supervised Learning; Uncertainty Quantification,"Choudhry, Omar | Ali, Sharib | Biyani, Chandra Shekhar | Jones, Dominic","Laparoscopic instrument pose tracking from monocular endoscopic video in surgical training tasks is essential for computer-assisted surgery and objective skill assessment. However, current methods require geometric priors unavailable in non-robotic settings and lack temporal reasoning across multimodal cues and uncertainty quantification. We introduce Bayesian Temporal Pose Network (BTPN), a framework that fuses visual and kinematic features through hierarchical multi-scale temporal attention, operating at clinically motivated resolutions, with calibrated Bayesian uncertainty. A fine-tuned segmentation backbone achieves 99.1 mAP50 and keypoint detection reaches 98.3 mAP50. End-to-end visual pose tracking attains 7.0mm position and 11.7° rotation RMSE with 0.028 uncertainty error. Our code is available at https://github.com/omariosc/BTPN.",ok,
BRAIN: Bi-directional Motion Reasoning with Dynamic Memory Pruning for Surgical Video Segmentation,https://papers.miccai.org/miccai-2026/0116-Paper5179.html,https://papers.miccai.org/miccai-2026/paper/5179_paper.pdf,https://github.com/Chuanzhen-Xu/brain-training,classification&segmentation,Whole-body / Multi-organ / Other,Image Segmentation,,"Xu, Chuanzhen | Li, Shumeng | Zhang, Jian | Shi, Yinghuan","Accurate instrument tracking and segmentation is essential for robot-assisted surgery, where failures pose direct threats to patient safety. Current methods focus on dealing with the large intra-class variations of different instruments, neglecting the critical process of instrument’s abrupt disappearance and reappearance, which significantly misleads the predictions of advanced models. We identify two critical challenges hinders the addressing of these issues: instrument misidentification due to abrupt positional shifts and redundant memory caused by long-term instrument absence. To address these two challenges, we present bi-directional motion reasoning with dynamic memory pruning for surgical video segmentation (BRAIN). The bi-directional motion reasoning module first detects abrupt positional shifts from forward and backward trajectories and corrects errors via a mask reselection mechanism. Then, a dynamic memory pruning module maintains a compact yet diverse memory bank by filtering out redundant frames captured during instrument absence. Extensive experiments demonstrate that our framework significantly outperforms existing state-of-the-art methods by 5.27% and 7.28% on EndoVis 2018 and 2017 benchmarks, respectively.",ok,
Breaking Teacher’s Mean Regression Bias: Boundary-Aware Contrastive Distillation for Endoscopic Super-Resolution,https://papers.miccai.org/miccai-2026/0128-Paper6393.html,https://papers.miccai.org/miccai-2026/paper/6393_paper.pdf,,image restoration/quality,Abdomen,Image Synthesis / Augmentation / Super-Resolution,,"Zuo, Wenbin | Liu, Hongying | Cui, Yushuai | Shang, Fanhua | Wan, Liang","Endoscopic image super-resolution (SR) is vital for identifying subtle clinical abnormalities. However, given the ill-posed nature of SR, optimization using L1 or L2 losses inherently leads to a mean regression problem, resulting in smoothed textures. This issue is particularly severe in endoscopic images due to their highly uniform backgrounds. To enable clinical deployment under limited computational resources, Knowledge Distillation (KD) provides a practical compression solution; however, it significantly exacerbates this issue. Since the teacher model is already a variance-suppressed product of mean regression, forcing a lightweight student to rigidly mimic it causes the student to passively inherit and amplify this bias. This critical problem remains largely unexplored in current research. To address this, we propose a novel boundary-aware contrastive distillation framework. By establishing extreme degraded samples as a lower bound to repel blurry artifacts, and utilizing gradient-based teacher-optimized inputs as a safe upper bound to extract latent high-frequency priors, our contrastive loss fundamentally reshapes the optimization space. This method effectively overcomes the mean regression problem exacerbated by KD, enabling the lightweight student network to successfully recover high-fidelity clinical details.",ok,
CMSA-Net: Causal Multi-scale Aggregation with Adaptive Multi-source Reference for Video Polyp Segmentation,https://papers.miccai.org/miccai-2026/0176-Paper1232.html,https://papers.miccai.org/miccai-2026/paper/1232_paper.pdf,https://github.com/wangtong627/CMSA-Net,classification&segmentation,Whole-body / Multi-organ / Other,Image Segmentation,Deep Learning,"Wang, Tong | Qi, Yaolei | Wang, Siwen | Razzak, Imran | Yang, Guanyu | Xie, Yutong","Video polyp segmentation (VPS) is an important task in computer-aided colonoscopy, as it helps doctors accurately locate and track polyps during examinations. However, VPS remains challenging because polyps often look similar to surrounding mucosa, leading to weak semantic discrimination. In addition, large changes in polyp position and scale across video frames make stable and accurate segmentation difficult. To address these challenges, we propose a robust VPS framework named CMSA-Net. The proposed network introduces a Causal Multi-scale Aggregation (CMA) module to effectively gather semantic information from multiple historical frames at different scales. By using causal attention, CMA ensures that temporal feature propagation follows strict time order, which helps reduce noise and improve feature reliability. Furthermore, we design a Dynamic Multi-source Reference (DMR) strategy that adaptively selects informative and reliable reference frames based on semantic separability and prediction confidence. This strategy provides strong multi-frame guidance while keeping the model efficient for real-time inference. Extensive experiments on the SUN-SEG dataset demonstrate that CMSA-Net achieves state-of-the-art performance, offering a favorable balance between segmentation accuracy and real-time clinical applicability. The code is available at https://github.com/wangtong627/CMSA-Net.",ok,
CoGE: Sim-to-Real Online Geometric Estimation for Monocular Colonoscopy,https://papers.miccai.org/miccai-2026/0180-Paper2522.html,https://papers.miccai.org/miccai-2026/paper/2522_paper.pdf,,reconstruction,Abdomen,Other,,"Shao, Liangjing | Cui, Beilei | Ren, Hongliang","Geometric estimation including depth estimation and scene reconstruction is a crucial technique for colonoscopy which can provide surgeons with 3D spatial perception and navigation. However, geometric ground truth in colonoscopy is difficult to obtain due to narrow and enclosed space of the colon, while there is a large feature gap between simulated data and realistic data caused by artifacts and illumination. In this paper, we present CoGE, a novel framework for online monocular geometric estimation during colonoscopy. Firstly, we propose an illumination-aware supervision module based on the Retinex theory to address illumination diversity in different colonoscopy scenes. Moreover, a structure-aware perception module is proposed based on wavelet decomposition to extract common structural and local features of the colon. Both quantitative and qualitative results demonstrate that the proposed model solely trained on simulated data achieves state-of-the-art performance in geometric estimation for both simulated and realistic scenes.",ok,
Colon-Bench: An Agentic Workflow for Scalable Dense Lesion Annotation in Full-Procedure Colonoscopy Videos,https://papers.miccai.org/miccai-2026/0183-Paper1043.html,https://papers.miccai.org/miccai-2026/paper/1043_paper.pdf,https://github.com/ajhamdi/colon-bench-eval,Agent,Abdomen,Anomaly / Lesion Detection; Computer-Aided Diagnosis; Image Segmentation,Evaluation / Benchmarking / Reproducibility; Multimodal Models / LLMs / VLMs,"Hamdi, Abdullah | Yang, Changchun | Gao, Xin","Early screening via colonoscopy is critical for colon cancer prevention, yet developing robust AI systems for this domain is hindered by the lack of densely annotated, long-sequence video datasets. Existing datasets predominantly focus on single-class polyp detection and lack the rich spatial, temporal, and linguistic annotations required to evaluate modern Multimodal Large Language Models (MLLMs). To address this critical gap, we introduce Colon-Bench, generated via a novel multi-stage agentic workflow. Our pipeline seamlessly integrates temporal proposals, bounding-box tracking, AI-driven visual confirmation, and human-in-the-loop review to scalably annotate full-procedure videos. The resulting verified benchmark is unprecedented in scope, encompassing 528 videos, 14 distinct lesion categories (including polyps, ulcers, and bleeding), over 300,000 bounding boxes, 213,000 segmentation masks, and 133,000 words of clinical descriptions. We utilize Colon-Bench to rigorously evaluate state-of-the-art MLLMs across lesion classification, Open-Vocabulary Video Object Segmentation (OV-VOS), and video Visual Question Answering (VQA). The MLLM results demonstrate surprisingly high localization performance in medical domains compared to SAM-3. Finally, we analyze common VQA errors from MLLMs to introduce a novel “colon-skill” prompting strategy, improving zero-shot MLLM performance by up to 9.7% across most MLLMs. The dataset and the code are available at https://abdullahamdi.com/colon-bench .",ok,
Computer-Assisted Intervention in Capsule Endoscopy: A Real-Time Edge-AI Auditing System,https://papers.miccai.org/miccai-2026/0188-Paper0867.html,https://papers.miccai.org/miccai-2026/paper/0867_paper.pdf,https://github.com/DiegoBravoH/CapsuleAudit,image synthesis,Abdomen,Computer-Aided Diagnosis,Deep Learning,"Bravo, Diego | Ruano-Balseca, Josué | González, Fabio A. | Romero, Eduardo","Video capsule endoscopy (VCE) is the preferred first-line modality for visualizing the small bowel mucosa and evaluating obscure gastrointestinal bleeding. However, each examination generates over 50 thousand frames, making manual review time-consuming and prone to missed findings and inter-observer variability. Most AI systems rely on single-frame analysis, overlooking temporal dynamics and limiting their ability to distinguish anatomical transitions from transient artifacts. We propose a real-time auditing framework that jointly identifies the anatomical region along the gastrointestinal tract and detects anomalies through intrinsic temporal modeling. Consecutive frames are encoded using an endoscopy-pretrained CNN and processed by a lightweight Vision Transformer operating in a sequence-to-sequence manner, enabling frame-level predictions without post-processing. Evaluated on the multi-center Galar dataset (~3.5 million frames), the proposed system achieves a macro F1-score of 90% for anatomical classification and 67% macro recall for binary anomaly detection within a unified multi-task learning framework, outperforming prior frame-wise approaches. Deployment on a low-power edge device confirms real-time performance (30.5 ms per frame, ~33 FPS), enabling continuous monitoring of incomplete procedures, capsule retention, and persistent abnormalities. Our code is available at https://github.com/DiegoBravoH/CapsuleAudit.",ok,
Contrastive Learning under Noisy Temporal Self-Supervision for Colonoscopy Videos,https://papers.miccai.org/miccai-2026/0202-Paper0772.html,https://papers.miccai.org/miccai-2026/paper/0772_paper.pdf,https://github.com/lparolari/ntssl,classification,Abdomen,Computer-Aided Diagnosis,Semi- / Weakly- / Self-supervised Learning,"Parolari, Luca | Gori, Pietro | Ballan, Lamberto | Biffi, Carlo | Le Folgoc, Loïc","Learning robust representations of polyp tracklets is key to enabling multiple AI-assisted colonoscopy applications, from polyp characterization to automated reporting and retrieval. Supervised contrastive learning is an effective approach for learning such representations, but it typically relies on correct positive and negative definitions. Collecting these labels requires linking tracklets that depict the same underlying polyp entity throughout the video, which is costly and demands specialized clinical expertise. In this work, we leverage the sequential workflow of colonoscopy procedures to derive self-supervised associations from temporal structure. Since temporally derived associations are not guaranteed to be correct, we introduce a noise-aware contrastive loss to account for noisy associations. We demonstrate the effectiveness of the learned representations across multiple downstream tasks, including polyp retrieval and re-identification, size estimation, and histology classification. Our method outperforms prior self-supervised and supervised baselines, and matches or exceeds recent foundation models across all tasks, using a lightweight encoder trained on only 27 videos. Code is available at https://github.com/lparolari/ntssl.",ok,
CoRe-DA: Contrastive Regression for Unsupervised Domain Adaptation in Surgical Skill Assessment,https://papers.miccai.org/miccai-2026/0206-Paper3901.html,https://papers.miccai.org/miccai-2026/paper/3901_paper.pdf,https://github.com/anastadimi/CoRe-DA,dataset/benchmark,Whole-body / Multi-organ / Other,Image-Guided Interventions; Other,Domain Adaptation / Harmonization,"Anastasiou, Dimitrios | Caramalau, Razvan | Xu, Jialang | He, Runlong | Tesfai, Freweini M. | Boal, Matthew W. E. | Francis, Nader | Stoyanov, Danail | Mazomenos, Evangelos B.","Vision-based surgical skill assessment (SSA) enables objective and scalable evaluation of operative performance. Progress in this field is constrained by the high cost and time demands for manual annotation of quantitative skill scores, as well as the poor generalization of existing regression models to new surgical tasks and environments. Meanwhile, appreciable volumes of unlabeled video data are now available, motivating the development of unsupervised domain adaptation (UDA) methods for SSA. We introduce the first benchmark for UDA in SSA regression, spanning four datasets across dry-lab and clinical settings as well as open and robotic surgery. We evaluate eight representative models under challenging domain shifts and propose CoRe-DA, a novel contrastive regression–based adaptation framework. Our method learns domain-invariant representations through relative-score supervision and target-domain self-training. Comprehensive experiments across two UDA settings show that CoRe-DA is superior to state-of-the-art methods, achieving Spearman Correlation Coefficients of 0.46 and 0.41 on dry-lab and clinical target datasets, respectively, without using any labeled target data for training. Overall, CoRe-DA enables scalable SSA with reliable cross-domain generalization, where existing methods underperform. Our code and datasets are available at https://anonymous.4open.science/r/CoRe-DA-F852.",ok,
DBT-Bleed: Dual-Branch Temporal Modeling with Key-Frame Selection for Surgical Bleeding Detection,https://papers.miccai.org/miccai-2026/0240-Paper4663.html,https://papers.miccai.org/miccai-2026/paper/4663_paper.pdf,https://github.com/jinlab-imvr/DBT-Bleed,detection/localization,Abdomen; Brain,Anomaly / Lesion Detection; Computer-Aided Diagnosis,Domain Adaptation / Harmonization,"Mishra, Sudhanshu | Xu, Jialang | Ang, Jensen | Mazomenos, Evangelos B. | Ang, Beng Ti | Jin, Yueming","Intraoperative Adverse Events (IAEs) detection is critical for improving surgical safety, with bleeding being among the most frequent events across many surgery types. Existing methods struggle to distinguish bleeding IAE from visually similar residual blood due to limited temporal reasoning. Moreover, modeling long surgical videos while preserving fine-grained temporal dynamics remains computationally challenging. We propose DBT-Bleed, a dual-branch multi-scale temporal modeling framework disentangling bleeding and normal representations using layer-wise temporal adapters for short- and long-term bleeding progression. To efficiently process long surgical videos without sacrificing fine-grained temporal information, we introduce HiRED, a Hierarchical Entropy-Driven frame selection strategy that retains temporally informative segments while removing redundancy. Experiments on the MultiBypass dataset demonstrate gains of 6.53% in F1, 5.62% in Recall and 9% in MCC values for bleeding IAE detection, consistently outperforming video-level baselines. Additionally, we evaluate cross-procedure generalization on a newly curated dataset from a different surgical procedure type, where DBT-Bleed demonstrates robust transferability by achieving gain of 6% in F1 and 8% in MCC under zero-shot setting. To support this evaluation, we introduce EndoPit-IAE, an Endonasal Pituitary Surgery dataset annotated for IAEs, representing the first IAE-annotated dataset in neurosurgery. Code will be made publicly available upon acceptance.",ok,
DeGenseGS: Geometrically and Semantically Decoupled Surgical Scene Understanding in 4D Gaussian Splatting,https://papers.miccai.org/miccai-2026/0255-Paper1749.html,https://papers.miccai.org/miccai-2026/paper/1749_paper.pdf,https://github.com/yimowwwww/DeGenseGS,VLM,Abdomen,Image Segmentation,Deep Learning,"Wang, Yimo | Kang, Bin | Yang, Shuojue | Jin, Yueming","Real-time, text-promptable 4D reconstruction is indispensable for autonomous surgical interaction. Severe misalignment between semantic meaning and physical anatomy still persists, largely because existing solutions integrate Vision–Language Models into deformable fields via a rigid coupling scheme that tightly binds semantic features to geometric warping. In this paper, we propose DeGenseGS, Geometrically and Semantically Decoupled Surgical Scene Understanding in 4D Gaussian Splatting, a novel framework that independently models semantic evolution and geometric deformation. Specifically, we propose a HexPlane-based spatiotemporal entanglement module that uses shared kinematic latents to synchronize semantic mutations with scene dynamics, while explicitly disentangling semantic updates from geometric deformation. To further ensure robustness against reconstruction artifacts, we devise a Rasterization-Native Semantic Extraction mechanism that infers semantics from topologically continuous feature maps. Additionally, we incorporate an angular-aligned optimization strategy that conforms to the native hyperspherical latent space, thereby preventing semantic distortion. Extensive evaluations on the CholecSeg8k and EndoVis18 datasets demonstrate that DeGenseGS achieves state-of-the-art performance. Our framework yields enhanced geometric completeness and robust semantic-anatomic alignment, enabling spatially continuous segmentation despite drastic tissue deformation and topological transitions.",ok,
DenseTRF: Texture-Aware Unsupervised Representation Adaptation for Surgical Scene Dense Prediction,https://papers.miccai.org/miccai-2026/0257-Paper6100.html,https://papers.miccai.org/miccai-2026/paper/6100_paper.pdf,https://github.com/PCASOlab/Dense-TRF,classification&segmentation,Abdomen; Lung / Thoracic,Image-Guided Interventions,Deep Learning; Domain Adaptation / Harmonization; Semi- / Weakly- / Self-supervised Learning,"Liao, Guiqiu | Jogan, Matjaž | Hashimoto, Daniel A.","Dense prediction tasks in surgical computer vision, such as segmentation and surgical zone prediction, can provide valuable guidance for laparoscopic and robotic surgery. However, these models often suffer from distribution shifts, as training datasets rarely cover the variability encountered during deployment, leading to poor generalization. We propose Dense TRF, a self-supervised representation adaptation framework based on texture-centric attention. Our method leverages slot attention to learn texture-aware representations that capture invariant visual structures. By adapting these representations to the target distribution without supervision, DenseTRF significantly improves robustness to domain shifts. The framework is implemented through conditioning dense prediction on slot attention and model merging strategies. Experiments across multiple surgical procedures demonstrate improved cross-distribution generalization in comparison to state of art segmentation models and test distribution adaptation method for dense prediction tasks.",ok,
DepthPilot: From Controllability to Reliability in Colonoscopy Video Generation,https://papers.miccai.org/miccai-2026/0261-Paper5550.html,https://papers.miccai.org/miccai-2026/paper/5550_paper.pdf,https://github.com/JunhuFu/DepthPilot,image synthesis,Abdomen,Image Synthesis / Augmentation / Super-Resolution,Deep Learning; Interpretability / Explainability,"Fu, Junhu | Chen, Ke | Guo, Weidong | Liang, Shuyu | Xu, Jie | Ma, Chen | Wang, Kehao | Lin, Shengli | Li, Zeju | Wang, Yuanyuan | Guo, Yi | Li, Shuo","Controllable medical video generation has achieved remarkable progress, but it still lacks reliability, which requires the alignment of generated contents with physical priors and faithful clinical manifestations. To push the boundaries from mere controllability to reliability, we propose DepthPilot, the first reliable framework for colonoscopy video generation. This work takes a step toward trustworthy generation through two synergistic paradigms. To achieve explicit geometric grounding, DepthPilot devises a prior distribution alignment strategy, injecting depth constraints into the diffusion backbone via parameter-efficient fine-tuning to ensure anatomical fidelity. To enhance intrinsic nonlinear modeling under these geometric constraints, DepthPilot employs an adaptive spline denoising module, replacing fixed linear weights with learnable spline functions to capture complex spatio-temporal dynamics. Extensive evaluations across three public datasets and in-house clinical data confirm DepthPilot’s robust ability to produce physically consistent videos. It achieves FID scores below 15 across all benchmarks and ranks first in clinician assessments, bridging the gap between “visually realistic” and “clinically reliable”. Moreover, DepthPilot-generated videos are expected to enable reliable 3D reconstruction, facilitating surgical navigation and blind region identification, and serve as a foundation toward the colorectal world model.",ok,
Dino U-Net: Exploiting High-Fidelity Dense Features from Foundation Models for Medical Image Segmentation,https://papers.miccai.org/miccai-2026/0281-Paper0995.html,https://papers.miccai.org/miccai-2026/paper/0995_paper.pdf,https://github.com/yifangao112/DinoUNet,segmentation,Whole-body / Multi-organ / Other,Image Segmentation,Deep Learning; Foundation Models,"Li, Haoyue | Gao, Yifan | Yuan, Feng | Wang, Xiaosong | Cui, Jinjiang | Gao, Xin","The emergence of large-scale pre-trained visual foundation models offers a promising paradigm for medical image segmentation. However, effectively transferring their rich, generic representations to domain-specific clinical tasks remains a significant challenge. This paper presents Dino U-Net, a novel encoder-decoder framework designed to fully leverage the high-fidelity dense features from the DINOv3 foundation model for medical image segmentation. We employ a frozen DINOv3 backbone as the encoder and introduce a dual-branch DINO Adapter to bridge the feature domain gap. To mitigate the loss of fine-grained information during feature dimensionality reduction, we further propose a Fidelity-Aware Projection Module (FAPM). This module utilizes low-rank shared projection coupled with dynamic feature modulation to refine and faithfully propagate features to the decoder. Extensive experiments on seven public medical image datasets demonstrate that Dino U-Net achieves state-of-the-art performance across diverse imaging modalities, excelling in both regional segmentation accuracy and boundary delineation. Moreover, segmentation performance shows consistent improvement as the backbone scales up to 7 billion parameters, confirming the framework’s strong scalability. The code is available at https://github.com/yifangao112/DinoUNet.",ok,
Do Not Break the Vessels: Structure-Preserving Mean Flow for Vascular Image Translation,https://papers.miccai.org/miccai-2026/0300-Paper0915.html,https://papers.miccai.org/miccai-2026/paper/0915_paper.pdf,,image synthesis,Vasculature,Image Reconstruction; Image Synthesis / Augmentation / Super-Resolution,Deep Learning,"Sun, Changjin | Hu, Zhuo | Wang, Kai-Ni | Wu, Baixuan | Gao, Shuo | Zheng, Runan | Xue, Cheng | Zhang, Yudong | Zhou, Guangquan","Reconstructing anatomically faithful vascular structures from clinically accessible imaging modalities is of substantial clinical significance. However, existing cross-modal translation methods mainly emphasize pixel-level fidelity or visual realism and treat structure preservation as a property of the final output rather than an invariant of the generative process. This limitation often leads to structural discontinuities and artifacts, compromising anatomical coherence and clinical reliability. In this work, we propose a Structure-Preserving Mean Flow (SPMF) framework that formulates vascular image translation as a topology-invariant transport process. From a structural invariance principle, we derive an orthogonality constraint on the flow velocity field that formally separates appearance transport from topological distortion, and implement it as a time-weighted surrogate objective within a Brownian-bridge diffusion model to preserve topology at every diffusion step. Moreover, we propose a Prototype-Guided Structural Refinement (PGSR) module to align degraded inference-time structures with reliable training-time structures. Experiments on paired NIRII–2PF and fundus datasets demonstrate consistent improvements over state-of-the-art methods, achieving peak PSNRs of 24.96~dB and 24.83~dB, respectively.",ok,
EndoDA3: Unified Depth and Pose Estimation for Endoscopic Video,https://papers.miccai.org/miccai-2026/0346-Paper1638.html,https://papers.miccai.org/miccai-2026/paper/1638_paper.pdf,https://github.com/Tanj-9102/EndoDA3,classification,Abdomen,Visualization in Biomedical Imaging,Deep Learning; Foundation Models,"Tan, Jie | Li, Zijun | Tuo, Hongmei | Fu, Yunhan | Li, Chengyang | Lu, Li","Three-dimensional (3D) scene reconstruction from monocular endoscopic videos is crucial for minimally invasive surgery, yet it remains challenging due to dynamic soft-tissue deformations, textureless surfaces, and illumination variations. Although recent self-supervised learning methods and adaptations of foundation models have shown promise, they often rely on complex multi-stage pipelines and external auxiliary networks for camera parameter estimation, while predominantly performing frame-wise inference, thereby neglecting inter-frame temporal consistency. To address these limitations, we propose EndoDA3, a unified and parameter-efficient framework that leverages the robust geometric priors of Depth Anything 3 for continuous endoscopic 3D reconstruction without requiring ground-truth depth. Specifically, we introduce a novel Dual-Vector Modulated Low-Rank Adaptation (DVM-LoRA) strategy to efficiently adapt the foundation model for joint scale-consistent depth prediction and camera pose estimation within a single shared network. Furthermore, to explicitly enforce temporal continuity and mitigate the adverse effects of dynamic outliers, we design an Uncertainty-aware Projection Loss that dynamically reweights projection-based training signals and suppresses unreliable regions caused by moving instruments and non-rigid tissue deformation. Extensive experiments demonstrate that EndoDA3 achieves strong performance across two public endoscopic datasets, with improved temporal consistency and robust camera pose estimation.",ok,
EndoGSim: Physics-Aware 4D Dynamic Endoscopic Scene Simulations via MLLM-Guided Gaussian Splatting,https://papers.miccai.org/miccai-2026/0347-Paper3071.html,https://papers.miccai.org/miccai-2026/paper/3071_paper.pdf,https://github.com/ChangjingLiu/EndoGSim,segmentation,Whole-body / Multi-organ / Other,Digital Twins / Simulation / Synthetic Data; Image Reconstruction,,"Liu, Changjing | Huang, Yiming | Bai, Long | Cui, Beilei | Ren, Hongliang","In robot-assisted minimally invasive surgery, high-fidelity dynamic endoscopic scene reconstruction and simulation are crucial to enhancing downstream tasks and advancing surgical outcomes. However, existing methods primarily focus on visual reconstruction, lacking physics-based descriptions of the scene required for realistic simulation. We propose a unified framework that achieves physics-aware reconstruction and physical simulation of endoscopic scenes through Multi-modal Large Language Models (MLLMs)-guided Gaussian Splatting. Our approach utilizes 4D Gaussian Splatting (4DGS) integrated with segmentation and depth estimation to represent deformable tissues and tools. To achieve automatic inference of physical properties, we introduce an object-wise material field that initializes material parameters via MLLM and refines them through a differentiable Material Point Method (MPM) under joint supervision from rendered images and optical flow. Validated on both open-source and in-house datasets, our framework achieves superior simulation fidelity and physical accuracy compared to state-of-the-art methods, underscoring its potential to advance robot-assisted surgical applications.",ok,
EndoVLM: An Endoscopy Vision-Language Pre-training Model via Anatomy-Guided Sparsity and Progressive Alignment,https://papers.miccai.org/miccai-2026/0348-Paper0285.html,https://papers.miccai.org/miccai-2026/paper/0285_paper.pdf,https://github.com/Scatteredrain/EndoVLM,VLM,Abdomen; Whole-body / Multi-organ / Other,Computer-Aided Diagnosis,Foundation Models; Semi- / Weakly- / Self-supervised Learning,"Yi, Zhenyu | Xu, Jianwei | Hu, Yue | Qiu, Zhongwei | Li, Sijing | Huang, Liang | Lv, Bin | Zhang, Ling | Xia, Yingda","The development of foundation models (FMs) is crucial for advancing endoscopic image analysis. However, existing endoscopy FMs mainly rely on self-supervised learning from uni-modal images or videos, overlooking the rich semantic knowledge contained in clinical reports. Furthermore, effectively leveraging these records is hindered by a fundamental modality gap: structured anatomical descriptions are not naturally mapped to specific frames within the high-redundancy, uncurated visual streams. In this paper, we present EndoVLM, a novel vision-language FM pre-trained on over 348K endoscopic examinations, each pairing a clinical report with its corresponding image collection. An Anatomy-Guided Sparse Pooling mechanism utilizes textual descriptions as queries to drive sparse attention, efficiently aggregating semantically salient frames into anatomy-specific visual representations across redundant image-sets. Next, a Progressive Semantic-Aware Alignment strategy models clinical taxonomy (anatomy and pathological status) via structured soft targets, bridging the gap from global patient-level matching to fine-grained localized alignment. Finally, a Semantic-Concentrated Masked Autoencoder is applied exclusively to these semantic-rich frames, integrating low-level visual precision with robust high-level semantic representation. Extensive experiments across various downstream tasks demonstrate that EndoVLM outperforms existing foundation models and remains competitive with task-specific methods. Remarkably, EndoVLM also exhibits robust zero-shot generalization capabilities, highlighting its potential for broader clinical application. Codes are available at https://github.com/Scatteredrain/EndoVLM.",ok,
ESRT: Endoscopic Stereo Reconstruction Transformer,https://papers.miccai.org/miccai-2026/0353-Paper4268.html,https://papers.miccai.org/miccai-2026/paper/4268_paper.pdf,,classification,Abdomen,Computer-Aided Diagnosis; Image Reconstruction,,"Chang, Jiun-Feng | Tsai, Po-Wei | Shen, Chih-Tsung | Huang, Chun-Rong","Accurate endoscopic stereo reconstruction is essential for disease diagnosis and 3D visualizations in surgery. To achieve endoscopic stereo reconstruction from endoscopic stereo images under specular reflections, illumination variations, and smooth texture conditions, we propose the endoscopic stereo reconstruction transformer (ESRT). ESRT captures fine-grained textures by introducing a row-wise cross-attention mechanism that explicitly constrains correspondence search along the horizontal direction and prevents attention from being computed over geometrically invalid regions. Furthermore, we present a distillation-based training strategy that transfers geometric knowledge from a pretrained model without requiring endoscopic 3D annotations. The proposed method achieves the best performance on the SCARED dataset while maintaining real-time efficiency.",ok,
From Perception to Anticipation: Forecasting Vessel–Instrument Interactions in Endoscopic Surgery under Unreliable Observations,https://papers.miccai.org/miccai-2026/0404-Paper2613.html,https://papers.miccai.org/miccai-2026/paper/2613_paper.pdf,https://github.com/med-air/EndoInteractionAnticipation,segmentation,Abdomen,Image-Guided Interventions,,"Chen, Yueyao | Wang, Kai-Ni | Yip, Hon-Chi | Dou, Qi","Vessel safety in endoscopic surgery, particularly in Endoscopic Submucosal Dissection (ESD), is currently supported by segmentation-based visual guidance, which provides spatial awareness but cannot anticipate dangerous vessel–instrument interactions before they occur. To address this limitation, we formulate vessel–instrument interaction anticipation as a new task that predicts the upcoming interaction state from a short observation window of frames and predicted segmentation masks. This task presents a fundamental tension between observation reliability and temporal sufficiency, as both visual and segmentation-derived inputs are inherently noisy, yet the brief observation window offers no margin to absorb such noise, with different interaction categories further exhibiting heterogeneous temporal evidence patterns. To address these coupled challenges, we propose a hierarchical framework that explicitly decouples reliability estimation from temporal reasoning. A cross-modal latent recovery module enforces consistency between visual and geometric observations through an information bottleneck, learning a shared representation that prevents segmentation noise from propagating into temporal reasoning. A dual asynchronous memory module separates transient dynamics from stable interaction prototypes through differentiated admission and retrieval strategies, enabling robust temporal reasoning under unreliable observations. We construct the first multi-case annotated ESD dataset for this task and demonstrate that the proposed framework achieves 70.80% Macro F1 at 97.82 FPS, confirming both strong anticipation performance and real-time clinical applicability.",ok,
"GES-Net: A Gesture, Error, and Smoothness Aware Network for Surgical Skill Assessment",https://papers.miccai.org/miccai-2026/0425-Paper3881.html,https://papers.miccai.org/miccai-2026/paper/3881_paper.pdf,https://github.com/HRL-Mike/GES-Net,classification,Abdomen; Pelvis / Reproductive System,Image-Guided Interventions; Medical Robotics,Deep Learning; Multimodal Models / LLMs / VLMs,"He, Runlong | Anastasiou, Dimitrios | Xu, Jialang | Hoque, Mobarak I. | Boal, Matthew W. E. | Tesfai, Freweini M. | Kadkhodamohammadi, Abdolrahim | Clarkson, Matthew J. | Stoyanov, Danail | Francis, Nader | Mazomenos, Evangelos B.","With robotic-assisted surgery (RAS) increasingly adopted into clinical practice, automated skill assessment becomes essential for its transformative potential in surgical analytics and education. Existing RAS skill assessment methods are limited to black-box models that purely predict skill scores from input videos. This design offers no assessment transparency and only a crude, uninterpretable numerical score as feedback to users. Moreover, the majority of relevant studies are developed and validated in controlled simulation settings, with unproven generalization to real-world clinical contexts. This work introduces GES-Net, a multi-task learning framework integrating surgical gesture recognition, error detection, and skill assessment. GES-Net comprises two core components: semantic alignment and multi-dimensional evaluation. For semantic alignment, the model fuses visual features with gesture semantics through gated cross-attention and scheduled masked guidance, while a multi-stage temporal reasoning module captures complex gesture transitions. For multi-dimensional evaluation, GES-Net employs soft error weighting to dynamically emphasize error segments and uses jitter features to quantify operational smoothness. This design enables both accurate RAS skill assessment and transparent diagnostic feedback. Validated on two publicly available datasets JIGSAWS and RARP-skill, our approach outperforms recent baselines with SCC improvements of 0.05 in LOSO, 0.07 in LOUO on the JIGSAWS suturing task, and 0.05 on RARP-skill.",ok,
HadBalance: A Plug-and-Play Unified Global Geometric Prior Framework for Generalizable Biomedical Segmentation,https://papers.miccai.org/miccai-2026/0441-Paper0859.html,https://papers.miccai.org/miccai-2026/paper/0859_paper.pdf,https://github.com/NatsuGao7/HadBalance,classification&segmentation,Eye; Head & Neck; Whole-body / Multi-organ / Other,Image Segmentation,Algorithmic Fairness / Safety / Regulation; Fairness / Safety / Reliability; Other,"Gao, Zhuangzhi | Zhou, Feixiang | Zhao, He | Chen, Wenhan | Luo, Ruiyu | Wang, Xin | Qin, Hongyi | Wu, Zhongli | Meng, Yanda | Zhao, Yitian | Shantsila, Alena | Lip, Gregory Y. H. | Shantsila, Eduard | Zheng, Yalin","Precise biomedical image segmentation is crucial for clini- cal diagnosis. Geometric cues (e.g., boundary, shape, and topology) can improve structural consistency, yet most are task-specific and lack a unified geometric foundation that generalizes across organs and modalities. We are motivated by the observation that many medical segmentation targets exhibit globally near-convex shapes. A convex region is one in which any two interior points can be connected by a line segment entirely contained within the region. In practice, medical targets may exhibit small local concavities or boundary irregularities; we refer to such globally convex-like shapes as near-convex. Motivated by this, we derive Hadwiger Shape Priors from Hadwiger’s theorem as an interpretable global regularizer using three 2D measures: area A, perimeter P , and Euler characteristic χ, enabling transfer across organs and modalities. However, because medical datasets are shape-heterogeneous, enforcing near-convex priors uniformly can over-regularize non-convex anatomy (with significant concavities), washing out concavities and fine details and degrading segmentation accuracy. To address this challenge, we propose Conflict-Aware Objective Balancing (CAOB), which integrates shape priors with segmentation in a gradient-aware manner. For each prior, CAOB removes only the gradient component that conflicts with segmentation while preserving the remaining aligned component, and adaptively regulates objective influences to prevent prior dominance. This enables stable use of shape priors on shape-heterogeneous data without erasing genuine concavities or fine structural details. We call this plug-and-play framework HadBalance.",ok,
Hi-FL: Hierarchical Federated Learning Adaptation of Vision-Language Models for Multi-Institutional Surgical Phase Recognition,https://papers.miccai.org/miccai-2026/0467-Paper4826.html,https://papers.miccai.org/miccai-2026/paper/4826_paper.pdf,https://github.com/CAMMA-public/Hi-FL,VLM,Abdomen,Image-Guided Interventions,Deep Learning,"Alekseenko, Julia | Quero, Giuseppe | Laracca, Giovanni Guglielmo | Baldari, Ludovica | Morales-Conde, Salvador | Mascagni, Pietro | Mutter, Didier | Padoy, Nicolas","Automated surgical phase recognition is challenging across decentralized centers due to domain shifts in equipment and technique, along with strict privacy constraints. While pre-trained Vision–Language Models (VLMs) provide strong semantic priors, existing federated VLM adaptation methods remain ineffective because they treat surgical phases as flat categories, mixing center-specific noise with true phase semantics. We propose Hi-FL, a Federated Learning framework for Hierarchical Adaptation (HA) of VLMs, which splits procedural logic into three levels: (i) procedure-level global context over the procedure, (ii) phase-level dynamics across stages, and (iii) action-level frame-wise cues. To handle heterogeneity across centers, we also introduce a Class-Conditional Targeted Alignment and Repulsion (TAR) loss that aligns local features to global semantics while minimizing cross-institutional interference. Evaluated on Cholecystectomy, Colorectal, and Gastric-Bypass procedures, Hi-FL consistently outperforms federated and few-shot baselines, improving accuracy by up to 10% in moderate-data regimes (5%–50% videos per center) and in low-shot settings (16–64 frames). Additionally, it preserves semantic phase structure and merges multi-center distributions, overcoming center-specific noise, making it a practical framework for privacy-preserving, cross-site deployment of VLMs in surgery.",ok,
Hierarchical Hyperbolic Self-Attention Network for Medical Image Segmentation,https://papers.miccai.org/miccai-2026/0461-Paper1498.html,https://papers.miccai.org/miccai-2026/paper/1498_paper.pdf,https://github.com/jjscc/H2SA-Net,segmentation,Abdomen; Brain,Image Segmentation,Deep Learning,"Jin, Shaocheng | Wang, Rui | Hu, Chen | Xu, Tianyang | Wu, Xiao-Jun | Zhou, Tao","Medical image segmentation is critical for disease monitoring and treatment planning, with U-Net serving as a fundamental architecture in this domain. Building on its effectiveness, recent advancements have integrated mechanisms such as Transformers and Mamba into U-shaped structures, achieving promising results. However, these methods typically operate in Euclidean space, limiting their ability to capture complex geometric structures. Additionally, they often apply uniform attention strategies across scales, failing to appropriately model fine-grained spatial details in shallow layers and high-level semantic dependencies in deeper layers. To address these limitations, we propose a novel framework, Hierarchical Hyperbolic Self-Attention Network (H$^2$SA-Net), which integrates geometric representation learning with a dual-granularity attention mechanism. Our key contribution is a depth-adaptive stratified Hyperbolic Self-Attention (HSA) module. In shallow layers, pixel-wise HSA refines local spatial context, while in deeper layers, channel-wise HSA enhances global semantic correlations. To maintain geometric consistency, we employ the Einstein Midpoint for feature aggregation. Enhanced by a wavelet-based backbone and a Hyperbolic Multinomial Logistic Regression (MLR) head, the proposed framework effectively balances local texture preservation with global semantic understanding. Extensive experimental results on diverse datasets demonstrate the effectiveness of our method.",ok,
Induce to Empower: Improving Lightweight Baselines via Foundation Model Induction for Generalized Polyp Segmentation,https://papers.miccai.org/miccai-2026/0495-Paper5591.html,https://papers.miccai.org/miccai-2026/paper/5591_paper.pdf,https://github.com/lostinrepo/Lite-Pi,segmentation,Abdomen,Image Segmentation,Deep Learning; Foundation Models,"Agnihotri, Shivanshu | Majhi, Snehashis | Nayak, Deepak Ranjan | Mahapatra, Dwarikanath | Jha, Debesh","Automated polyp segmentation in colonoscopy continues to pose challenges due to substantial appearance variations and indistinct polyp boundaries. Although emerging foundation models (FMs) such as DINOv2, SAM, and OneFormer demonstrate remarkable generalization capabilities, their direct transfer to the polyp segmentation task and deployment in real-time clinical settings are difficult due to a lack of large-scale labeled data and high computational demands. In addition, adopting multiple FMs together raises concerns, even though they encode complementary semantic and structural information. While lightweight models, including U-Net, PraNet and U-Net++, are computationally efficient, they often struggle to generalize across datasets due to limited representational capacity. To address this gap, we propose Lite-PolypInductor (Lite-π), a novel foundation model induction framework that significantly enhances lightweight polyp segmentation baselines. Our proposed framework generates FM-specific prototype representations and aligns them semantically with the corresponding foundation model priors through reconstruction-based supervision. Subsequently, transformer-based fusion is introduced to highlight the polyp-relevant representations, particularly salient boundary information, while preserving complementary semantic cues. Extensive experiments across five polyp segmentation benchmark datasets demonstrate that Lite-π significantly improves lightweight baselines, achieving superior generalization performance with minimal computational overhead and thereby, offering a practical solution for generalized polyp segmentation. The code is available at https://github.com/lostinrepo/Lite-Pi.",ok,
Injecting a Low-Rank Background Prior: A Plugin for Medical Image Segmentation,https://papers.miccai.org/miccai-2026/0498-Paper0629.html,https://papers.miccai.org/miccai-2026/paper/0629_paper.pdf,,segmentation,Abdomen; Breast,Computer-Aided Diagnosis; Image Segmentation,Deep Learning,"Chen, Minxin | Li, Jing | Zhao, Zian | Wong, Duo Wai-Chi | Cheung, James Chung-Wai","Accurate segmentation of pathological anomalies is often hindered by their high variability and camouflage against anatomically complex backgrounds. While discriminative models struggle with these irregularities, we propose a perspective shift inspired by the radiologist’s cognitive process akin to “Search-by-Subtraction.” We learn a compact subspace from bottleneck background features and use the resulting reconstruction residual energy as an empirical feature-space cue for potential lesions. To leverage this, we introduce the Low-Rank Background Prior (LRBP) Plugin, which isolates anomalies by measuring deviations from a reconstructed background (BG) subspace using a training-time Global Dynamic Memory Bank updated via hard-example mining. Furthermore, to handle varying lesion ambiguity without amplifying noise, we introduce a Discriminability-Guided Gate Supervision mechanism. Here, a lightweight gate predictor learns to adaptively gate residual injection from a ground-truth-derived separability target that estimates foreground-background discriminability during training. Extensive experiments on endoscopic (Kvasir-SEG) and ultrasound (BUSI) datasets demonstrate that our framework achieves strong performance, particularly in high-noise scenarios. Notably, our approach yields substantial reductions in Average Surface Distance, suggesting that modeling background regularity can facilitate precise boundary delineation.",ok,
KAN-AINet: Kolmogorov-Arnold Network with Adaptive Illumination Modulation for Generalizable Polyp Segmentation,https://papers.miccai.org/miccai-2026/0524-Paper5427.html,https://papers.miccai.org/miccai-2026/paper/5427_paper.pdf,https://github.com/biodatlab/kanainet,classification&segmentation,Abdomen,Anomaly / Lesion Detection; Computer-Aided Diagnosis; Image Segmentation,Deep Learning; Domain Adaptation / Harmonization; Interpretability / Explainability,"Timklaypachara, Watcharapong | Chiewhawan, Monrada | Pudhota, Abhiraj | Aguilera, Stephanie Marie | Bodduluri, Sandeep | Achakulvisut, Titipat","Automated polyp segmentation is critical for early colorectal cancer detection, yet performance often degrades across clinical centers due to illumination variability from heterogeneous endoscopic systems and imaging protocols. We propose KAN-AINet, a ConvNeXt-U-Net architecture that integrates Kolmogorov-Arnold Networks (KAN) for adaptive feature modulation through learnable nonlinear activation functions, improving robustness to diverse lighting conditions. KAN-AINet includes two modules: (1) a KAN-based Illumination Modulation Module (KAN-IMM) that adaptively scales encoder features according to brightness patterns, and (2) a KAN-based Boundary Attention Module (KAN-BAM) that refines decoder features for improved structural consistency. Trained on Kvasir-SEG, SUN-SEG, and PolypGen (C1-C5), and evaluated on Kvasir-Sessile, CVC-ColonDB, ETIS-LaribPolypDB, and PolypGen-C6. KAN-AINet outperforms ESPNet and nnU-Net on the combined unseen datasets, improving mDice by 2.20% and 42.27%, and mIoU by 3.05% and 55.51%, respectively. On ETIS-LaribPolypDB and PolypGen-C6, mDice increases by 3.24% and 7.26% over ESPNet, with substantially lower HD95 and ASD, demonstrating strong cross-dataset generalization. Ablation studies show that KAN modules improve mDice by up to 5.81% and mIoU by 6.45% while reducing HD95 and ASD. Stratified analysis on 822 external images shows consistent mDice gains under dark (+4.98%), medium (+3.47%), and bright (+5.06%) conditions. Brown-Forsythe testing further confirms lower prediction variance (F = 11.28, p < 0.001; σ₁²/σ₂² = 0.68), supporting robust and stable performance across imaging variation. The source code and implementation are publicly available at https://github.com/biodatlab/kanainet.",ok,
Large-Small Model Collaboration for Zero-Shot Surgical Phase Recognition,https://papers.miccai.org/miccai-2026/0546-Paper1153.html,https://papers.miccai.org/miccai-2026/paper/1153_paper.pdf,https://github.com/YIYIZH/LaST,image synthesis,Abdomen,Outcome Prediction / Prognosis / Longitudinal Modeling,Multimodal Models / LLMs / VLMs,"Zhang, Yiyi | Zheng, Ying | Fan, Wenxin | Zhu, Yu | Yuan, Yuchen | Zhao, Litao | Li, Zheng | Heng, Pheng-Ann","Task-specific lightweight models for surgical phase recognition excel at capturing temporal dynamics but generalize poorly under domain shift. Conversely, surgical foundation models (FMs) offer superior transferability via large-scale pretraining, yet their lack of explicit temporal modeling often yields temporally inconsistent predictions, leading to degraded performance. To exploit the complementary strengths of both paradigms, we propose \textbf{La}rge-\textbf{S}mall \textbf{T}emporal adaptation (\textbf{LaST}), a novel large-small collaborative framework that enables temporally-aware adaptation to diverse clinical domains without manual annotations. In LaST, the FM initiates the pipeline by generating frame-level phase priors that serve as initial weak supervision. To effectively utilize these noisy phase priors, we introduce a robust iterative temporal refinement scheme that integrates dynamic quality control to filter reliable samples and dual-model cross-learning to mitigate confirmation bias. Simultaneously, the lightweight model leverages its intrinsic temporal modeling ability to progressively correct inconsistencies and enhance overall accuracy across iterations. Finally, a cycle replay strategy is employed to close the loop: the refined, more accurate predictions are utilized as upgraded supervision signals for the subsequent iterations, fostering a self-reinforcing evolution of both label quality and model capability. Extensive experiments demonstrate that LaST achieves robust adaptation to unseen domains for zero-shot surgical phase recognition, outperforming the baseline (PeskaVLP) by 24.85\%-43.17\% in accuracy and even surpassing fully supervised linear probing and several state-of-the-art few-shot approaches. Codes will be released at \url{https://github.com/YIYIZH/LaST}.",ok,
Learnable In-Context Templates for Medical Image Segmentation via In-Context Learning,https://papers.miccai.org/miccai-2026/0553-Paper4183.html,https://papers.miccai.org/miccai-2026/paper/4183_paper.pdf,https://github.com/MembrAI/In-Context-Templates,segmentation,Whole-body / Multi-organ / Other,Image Segmentation,Deep Learning; Evaluation / Benchmarking / Reproducibility; Foundation Models; Synthetic Data / Data-centric AI,"Bao, Xueqi | Zheng, Chang | Zhang, Chengwen | Lao, Qicheng","In-Context Learning has emerged as a promising paradigm for automated medical image segmentation, enabling foundation models like SegGPT to generalize to new tasks using annotated support examples. However, existing approaches typically rely on retrieving raw images as prompts, which suffer from two critical limitations: the inherent noise in raw medical data often misleads the model, and the repetitive retrieval process incurs severe computational latency. To address these challenges, we propose a novel framework, Learnable In-Context Templates, which shifts the paradigm from sample retrieval to template learning. We introduce an In-Context Distillation strategy to optimize a compact set of learnable templates, condensing the representative lesion patterns of a target dataset. By distilling essential semantic features and filtering out raw image noise, these refined templates provide a cleaner, more concentrated support set. Extensive experiments on six datasets demonstrate that our method consistently outperforms state-of-the-art ICL baselines. Notably, our approach shows broad adaptability across diverse medical modalities and achieves a substantial order-of-magnitude reduction in inference latency, offering an efficient solution for clinical deployment. Code will be available at: \url{https://github.com/MembrAI/In-Context-Templates}.",ok,
Learning Diverse and Realistic Polyp Data via Style-Fused Diffusion Models,https://papers.miccai.org/miccai-2026/0557-Paper4818.html,https://papers.miccai.org/miccai-2026/paper/4818_paper.pdf,https://github.com/zhaiying0925/SFD-polyp,segmentation,Abdomen,Image Segmentation; Image Synthesis / Augmentation / Super-Resolution,,"Han, Longfei | Zhai, Ying | Li, Haisheng","Polyp segmentation is critical for early colorectal cancer screening, yet its performance is limited by the quantity and diversity of annotated data. Existing synthesis methods typically rely on masks from public datasets, inheriting structural biases and limiting morphological diversity, while often neglecting style realism, producing synthetic images with inconsistent color and texture. To address these issues, we propose SFD-Polyp, a style-fused conditional diffusion framework that conditions generation on ground-truth masks and injects appearance cues via a Style Integration Module (SIM), enhancing texture and style consistency while preserving mask-aligned semantics. We further introduce Morphology-Preserving Mask Synthesis (MPMS) to generate multiple anatomically plausible mask variants at inference, expanding morphological diversity. Experiments on five public polyp datasets demonstrate that training with the synthesized data consistently improves segmentation across multiple baseline models, highlighting the potential of diffusion-based data generation to enhance generalization in data-limited medical imaging scenarios. Our code is avaliable at: https://github.com/zhaiying0925/SFD-polyp.",ok,
Learning Robust Medical Image Segmentation Under Mixed-Quality Annotations,https://papers.miccai.org/miccai-2026/0566-Paper2250.html,https://papers.miccai.org/miccai-2026/paper/2250_paper.pdf,,classification&segmentation,Abdomen; Skin,Image Segmentation,Deep Learning; Fairness / Safety / Reliability,"Jeong, Minjae | Lee, Seungjoo | Lee, Jaejin | Kim, Won Hwa","Learning robust medical image segmentation models is challenging when training datasets contain mixed-quality annotations arising from inter-observer variability and ambiguous boundaries. Although existing methods address noisy supervision through label correction or supervision selection strategies, they rarely integrate both, which limits effective noise handling. In response, we propose RGSS, Reliability-Guided Supervision for medical image Segmentation under annotations of varying qualities. RGSS jointly estimates annotation reliability via co-training and Gaussian Mixture Model (GMM), and adaptively reconstructs supervision targets using a pretrained diffusion-based mask refiner. The refinement strength is adjusted by the estimated noise severity, enabling aggressive correction for heavily corrupted masks while preserving structural details in mildly noisy cases. To mitigate confirmation bias and prior-induced errors, refined masks are further blended with peer-model predictions through epoch-dependent scheduling. Extensive experiments on two public medical segmentation benchmarks with four backbone networks demonstrate that our method consistently improves robustness and segmentation accuracy under varying levels of annotation noise, outperforming existing baselines.",ok,
"Leuko, I Am Your Prototype: A Prototypical Detection Framework for Fine-Grained Laryngeal Lesion Stratification",https://papers.miccai.org/miccai-2026/0582-Paper5194.html,https://papers.miccai.org/miccai-2026/paper/5194_paper.pdf,https://github.com/lorenzo-federici/Prototypical-YOLO,classification,Head & Neck,Anomaly / Lesion Detection; Computer-Aided Diagnosis,Deep Learning,"Federici, Lorenzo | Fiorentino, Maria Chiara | Rosati, Riccardo | Sampieri, Claudio | Peretti, Giorgio | Mora, Francesco | Bellini, Elisa | De Mattos, Leonardo S. | Zingaretti, Primo | Moccia, Sara","Narrow-Band Imaging (NBI) endoscopy plays a central role in laryngeal lesion screening, yet fine-grained risk stratification remains challenging due to strong visual overlap, vascular variability, and contextual bias. While single-stage detectors achieve reliable localization, they often struggle to structure lesion representations for robust classification, particularly for morphologically ambiguous and underrepresented categories as Leukoplakia. We propose a dual-branch real-time detection framework that integrates prototypical learning into a YOLO-based architecture to explicitly organize the latent space around clinically meaningful lesion prototypes. A multi-scale feature fusion module and an auxiliary prototype head are jointly optimized through a two-stage training strategy with bootstrap stabilization and exponential moving average prototype updates. Experiments conducted on a retrospective NBI cohort and an independent prospective dataset demonstrate that our approach significantly improves fine-grained stratification, achieving superior macro F1-score compared to state-of-the-art CNN- and Transformer-based detectors, while preserving competitive detection performance and real-time efficiency. The source code is publicly available at https://github.com/lorenzo-federici/Prototypical-YOLO.",ok,
LoHi-Net: A Low-to-High Hierarchical Wavelet Network for Laparoscopic Surgical Smoke Removal,https://papers.miccai.org/miccai-2026/0590-Paper0650.html,https://papers.miccai.org/miccai-2026/paper/0650_paper.pdf,https://github.com/ShiweiWu98/LoHi-Net,image synthesis,Abdomen,Image Synthesis / Augmentation / Super-Resolution,Deep Learning,"Wu, Shiwei | Hu, Xiyuan | Zhu, Xiaobo | Gao, Dongyang | Zhang, Song | Yan, Hui","In minimally invasive surgery, surgical smoke generated by electrocautery devices degrades the laparoscopic view, obstructing the surgeon’s visual field and increasing operative risks. Existing smoke removal methods often overlook the inherent spectral discrepancies between global smoke artifacts and local scene details. Consequently, these approaches struggle to strike a balance between removing heavy smoke and preserving fine surgical textures. Based on wavelet decomposition analysis, we observe a critical phenomenon: replacing the low-frequency component of a smoke-degraded image with that of a clear reference effectively eliminates visual smoke, while residual errors are predominantly concentrated in high-frequency components. This indicates that surgical smoke degradation is structurally decoupled: global smoke dominates low frequencies, while texture degradation resides in high frequencies. Motivated by this observation, we propose LoHi-Net, a Low-to-High Hierarchical Wavelet Network. Unlike conventional holistic or independent processing schemes, LoHi-Net adopts a hierarchical guided restoration mechanism. Specifically, it first restores low-frequency structural components to eliminate global smoke effects, which then serve as a structural prior to guide the precise refinement of high-frequency textures. To maintain model compactness while capturing the distinct characteristics of each frequency band,we introduce specialized Mamba variants into the architecture for hierarchical modeling. Extensive experiments on real-world datasets demonstrate that LoHi-Net achieves state-of-the-art performance, effectively recovering high-fidelity surgical scenes with compact model capacity.",ok,
LumiState: Retinex-inspired Illumination Decoupling in 4D Gaussian Splatting for Endoscopic Reconstruction,https://papers.miccai.org/miccai-2026/0603-Paper2271.html,https://papers.miccai.org/miccai-2026/paper/2271_paper.pdf,https://github.com/oDaiSuno/LumiState,image synthesis,Abdomen,Image Reconstruction,Other,"Sun, Dai | Guan, Huhao | Zhang, Kun | Liu, Yanzhe | Xie, Xike | Zhou, Shaohua Kevin","Reconstructing deformable 3D anatomy from endoscopic video is essential for surgical navigation and intraoperative guidance, yet remains challenging under the extreme illumination variations inherent to endoscopic imaging. Co-axial near-field illumination, specular reflections on wet tissue, and automatic exposure changes violate the photometric consistency assumption underlying 3D/4D Gaussian Splatting (3DGS/4DGS), causing per-frame illumination variations to be entangled with Gaussian attributes, which degrades both geometry and rendered appearance. Existing approaches either assume distant illumination incompatible with the endoscopic near-field setting, or apply learned appearance corrections without physically grounded decomposition. We propose \textbf{LumiState}, which integrates Retinex-inspired reflectance illumination decomposition into 4D Gaussian Splatting for dynamic endoscopic reconstruction. LumiState decomposes each frame into view-independent tissue reflectance and a per-frame illumination map at the Gaussian primitive level, ensuring that base Gaussians encode reflectance alone. A two-stage training strategy and bright-channel prior further regularize the inherently ill-posed decomposition. Experiments on the RLLS and EndoNeRF-EC benchmarks demonstrate state-of-the-art novel-view synthesis quality, with the largest gains under severe illumination variation, while enabling controllable illumination editing and temporally consistent reflectance rendering. Code will be released upon acceptance.",ok,
MAGE: Color-Invariant and Spatial Knowledge Distillation for Gastric Neoplasm Classification,https://papers.miccai.org/miccai-2026/0605-Paper4527.html,https://papers.miccai.org/miccai-2026/paper/4527_paper.pdf,,classification&segmentation,Abdomen,Computer-Aided Diagnosis,Deep Learning; Evaluation / Benchmarking / Reproducibility,"Jun, Jiho | Woo, Jeongwon | Song, Jaemin | Nguyen, Thanh Bong | Yeon, Dong-heon | Kang, Donghoon | Park, Jae-Myung | Ko, Sung-Jea | Uhm, Kwang-Hyun","Accurate differentiation between gastric adenoma and carcinoma during endoscopy is critical for clinical decision-making. Yet, this task is highly challenging due to high inter-class similarity and ambiguous boundaries between the two classes. Existing ROI-based classification methods often suffer from detection/segmentation error propagation and loss of surrounding global context. In contrast, full-image classification lacks the necessary spatial focus. Furthermore, we observe that deep neural networks gravitate towards domain-specific texture biases(e.g. bleeding, lighting artifacts), often causing models to predict based on spurious correlations instead of intrinsic morphological features. To address these limitations, we propose a novel framework, Masked Achromatic Guidance Expert (MAGE). During training, we introduce an auxiliary local expert branch trained on masked achromatic views of the neoplasm. By suppressing background context and color, this branch is forced to learn highly discriminative, purely structural features. We then employ a dual-objective distillation strategy, transferring both classification logits and spatial attention maps to provide implicit spatial supervision to the main branch that receives full WLI as input. This dual-objective distillation forces the model to ground its predictions in morphology rather than relying on shortcuts, while still retaining clinically relevant color cues. At inference time, our deployable model operates on images without annotated masks, ensuring real-time deployability . Extensive experiments on a clinical gastric endoscopy dataset show that our method significantly outperforms existing detection-based methodologies (e.g. YOLO) and classification-based methodologies (e.g. Swin-Transformer), providing not only superior classification performance but also interpretable attention maps for clinical reliability.",ok,
Mask to Concept: Auto-Promptable SAM3 via Efficient Test-Time Concept Embedding Search for Few-Shot Annotation,https://papers.miccai.org/miccai-2026/0615-Paper1221.html,https://papers.miccai.org/miccai-2026/paper/1221_paper.pdf,https://github.com/Huster-Hq/M2C,classification&segmentation,Whole-body / Multi-organ / Other,Image Segmentation,Continual / Lifelong Learning; Uncertainty Quantification,"Zhou, Quan | Zhai, Shaoqing | Hu, Qiang | Chen, Jia | Li, Qiang | Wang, Zhiwei","Transforming foundation segmentation models from human-prompted tools into auto-promptable annotators is critical for scalable medical data annotation. Current methods commonly depend on external feature matchers or auxiliary networks to automate geometric prompting, but introducing architectural overhead and limiting performance scalability. Although SAM3 natively supports concept segmentation via reusable text prompts, its direct use in medical imaging is hindered by a lack of fine-grained clinical knowledge and the ambiguity of human-written descriptions. In this work, we propose Mask to Concept (M2C), an efficient framework that adapts SAM3 for medical few-shot annotation without external modules, parameter retraining, or manual text engineering. Using only a few labeled images, M2C enables SAM3 to automatically search for transferable visual concepts entirely within its frozen architecture: it initializes a learnable concept embedding, uses it to prompt segmentation, and updates the embedding by gradients of minimizing the concept segmentation error. We further introduce a Hybrid Uncertainty Estimation (HUE) module that calculates the prediction entropy and maps concept predictions back to the box prompts, measuring concept-geometry prompting inconsistency. Highly uncertain samples are flagged actively for human correction, and the corrected masks are then fed back to M2C to continuously search for more precise concept embeddings, forming a self-enhancing annotation loop with minimal expert effort. Experiments on medical segmentation benchmarks show that our method achieves SOTA few-shot segmentation performance and outstanding annotation efficiency, offering a practical and efficient pathway toward scalable medical image labeling. Codes are at https://github.com/Huster-Hq/M2C.",ok,
MMIC-EndoDepth: Self-Supervised Endoscopic Depth Estimation with Multi-Mechanism Illumination Correction,https://papers.miccai.org/miccai-2026/0663-Paper3564.html,https://papers.miccai.org/miccai-2026/paper/3564_paper.pdf,,reconstruction,Whole-body / Multi-organ / Other,Other,Deep Learning; Semi- / Weakly- / Self-supervised Learning,"Xu, Ziang | Wang, Jialu | Wang, Bing","Accurate and robust depth estimation from monocular endoscopic video is critical for advancing surgical navigation, 3D reconstruction, and augmented reality applications. However, the non-Lambertian reflectance, dynamic illumination, and interreflections prevalent in endoscopic scenes severely violate the brightness constancy assumption underlying conventional self-supervised methods, leading to significant performance degradation. To address this fundamental challenge, we propose MMIC-EndoDepth: a novel self-supervised framework for endoscopic depth estimation centered on Multi-Mechanism Illumination Correction. At its core lies the Illumination-Aware Photometric Correction Module (IAPC), a learnable and interpretable module that explicitly models and compensates for three distinct photometric distortions, including pixel-wise specular highlights, patch-level exposure variations, and depth-guided global lighting attenuation, prior to geometric reconstruction. Rather than treating illumination as a monolithic nuisance, IAPC decomposes it into physically grounded components and employs a Mixture-of-Experts (MoE) architecture with a spatially adaptive gating mechanism. This enables dynamic selection of the most appropriate correction strategy, aligning with clinical intuition and enhancing model explainability. Stable training is ensured through entropy and load-balancing constraints on the MoE, combined with a warmup strategy to promote effective expert utilization. Extensive experiments on standard endoscopic benchmarks (SimCol and C3VD) demonstrate that MMIC-EndoDepth achieves state-of-the-art performance, significantly outperforming existing self-supervised approaches by about 20%. The source code is publicly available at https://github.com/endoloc/endoloc.",ok,
Multi-Annotation Adaption: A Label-Informed Dynamic Framework for Medical Segmentation and Localization,https://papers.miccai.org/miccai-2026/0681-Paper2169.html,https://papers.miccai.org/miccai-2026/paper/2169_paper.pdf,https://github.com/fiy2W/MALFOY,segmentation,Breast; Whole-body / Multi-organ / Other,Image Segmentation,Interpretability / Explainability; Semi- / Weakly- / Self-supervised Learning; Uncertainty Quantification,"Han, Luyi | Cai, Lishan | Tan, Tao | Zhang, Tianyu | Gao, Yuan | Wang, Xin | Lu, Chunyao | Liang, Xinglong | Portaluri, Antonio | Pinker-Domenig, Katja | Sun, Yue | Teuwen, Jonas | Beets-Tan, Regina | Benson, Sean | Mann, Ritse","In medical imaging, particularly for lesion segmentation and localization, leveraging weakly supervised learning can significantly reduce the annotation burden. However, the challenge often lies in finding the right balance between annotation time and accuracy. In this study, we address this issue by introducing a balanced approach that uses a multi-annotation pattern. We propose a plug-and-play, label-informed dynamic framework, referred to as MALFOY, designed to efficiently learn from various types of annotations, such as masks, bounding boxes, points, etc. During the training phase, the model is informed of the types or styles of annotations through label weights, which are then linked to the losses for different annotations. Upon completion of training, the optimal segmentation or detection is determined by searching for the best label weights on training records or validation set, guided by specific objective values. Our experiments span two distinct datasets: a polyp dataset comprising 3,515 2D colonoscopy images and a breast cancer dataset containing 1,315 3D DCE-MRI images. The results demonstrate that our proposed model is capable of (1) maximizing the use of diverse annotations through label weights, (2) effectively integrating knowledge from various sources by identifying the optimal weights, (3) performing robustly across both 2D and 3D images while reducing the reliance on precise mask annotations, and (4) can be easily extended for multi-expert annotations. Our code is publicly available.",ok,
Multi-frame Restoration for 10 Hz Lissajous Confocal Laser Endomicroscopy,https://papers.miccai.org/miccai-2026/0686-Paper4278.html,https://papers.miccai.org/miccai-2026/paper/4278_paper.pdf,,image restoration/quality,Whole-body / Multi-organ / Other,Image Reconstruction,Deep Learning; Evaluation / Benchmarking / Reproducibility,"Lee, Minhee | Lee, Sangyoon | Lee, Jiwook | Hong, Minki | Kim, Kyuyoung | Kim, Won Hwa | Lee, Jaeho","Lissajous confocal laser endomicroscopy (CLE) is a promising solution for high-speed in vivo optical biopsy for handheld scenarios. However, Lissajous scanning traces a resonant trajectory and samples only the visited pixels per frame; at high frame rates, many pixels remain unvisited, creating structured holes. In this work, we introduce the first benchmark for 10 Hz Lissajous CLE, consisting of low-quality video clips paired with high-quality reference images. The reference images are wide-FOV mosaics obtained by stitching stabilized, slow-scan frames of the same tissue, enabling temporally aligned supervision. Using this dataset, we propose MIRA, a lightweight recurrent framework for Lissajous CLE restoration that iteratively aggregates temporal context through feature reuse and displacement alignment. Our experiments demonstrate that MIRA outperforms both lightweight and high-complexity baselines in restoration quality while maintaining a favorable computational efficiency suitable for clinical deployment.",ok,
Multi-Stage Dilated Convolution-Mamba Network for Surgical Action Triplet Recognition,https://papers.miccai.org/miccai-2026/0696-Paper2862.html,https://papers.miccai.org/miccai-2026/paper/2862_paper.pdf,https://github.com/qikuo10/DCM-Net,dataset/benchmark,Abdomen,Image-Guided Interventions,Deep Learning,"Meng, Qingke | Tang, Zhangyong | Zhu, Xuefeng | Wu, Xiao-Jun | Zhou, Tao","Accurately recognizing surgical action triplets, comprising instrument, verb, and target, is critical for advancing intelligent healthcare systems. However, it remains challenging due to the complex temporal dynamics and intricate semantic dependencies involved. Existing methods often fall short in simultaneously capturing long-range temporal dependencies and local multi-scale features, and they typically overlook explicit semantic correlations among triplet components. To address these limitations, we propose a multi-stage Dilated Convolution-Mamba Network (DCM-Net) for surgical action triplet recognition. Specifically, we propose a Dilated Convolutional Mamba (DCM) block with a parallel architecture: one branch employs a State Space Model (SSM) to capture long-range dependencies, while the other utilizes dilated convolutions with multiple dilation rates to extract multi-scale local temporal features. Moreover, to enhance semantic consistency, we present a Task-aware Graph Fusion (TGF) module, which comprises a two-stage graph structure. Each stage is constructed with corresponding nodes, enabling the model to learn both intra-cluster correlations and inter-layer relationships between coarse and fine semantic representations. Extensive experiments on the CholecT45 dataset demonstrate that our method effectively captures both temporal evolution and semantic interdependencies, achieving state-of-the-art performance.",ok,
Occlusion-aware Disparity Estimation via Depth Prior Embedded Cost Volume for Stereo Endoscopic Images,https://papers.miccai.org/miccai-2026/0721-Paper4567.html,https://papers.miccai.org/miccai-2026/paper/4567_paper.pdf,,image synthesis,Abdomen,Image Reconstruction,Deep Learning,"Liu, Ziteng | He, Dongdong | Zhang, Chenghong | Wang, Weirong | Gao, Wenpeng | Fu, Yili","Accurate disparity estimation from stereo laparoscopic images is essential for 3D surgical navigation but remains difficult in occlusion regions, where conventional cost volumes produce unreliable matching costs. To address this, we propose Depth Prior Embedded Disparity Estimation Network that leverages monocular depth cues—inherently less affected by occlusion—to refine disparity predictions. Our framework consists of two key components: a Coarse Disparity Estimation (CDE) module that generates an initial disparity prior from an affine-transformed depth map, and a novel Depth Prior Embedded Cost Volume (DPCV). The DPCV encodes this prior into a probability distribution over disparity levels and iteratively fuses it with the traditional correlation volume via a cross-attention mechanism, thereby improving matching robustness in occluded/unmatched regions. Evaluations on the SCARED dataset show that DEDENet achieves improved performance over several state-of-the-art methods, with clear gains observed particul",ok,
On the Robustness of Temporal Vision-Language Models for Surgical Endoscopy Videos,https://papers.miccai.org/miccai-2026/0726-Paper4661.html,https://papers.miccai.org/miccai-2026/paper/4661_paper.pdf,https://github.com/DarakshanRashid/RobustEndoCLIP,VLM,Abdomen,Other,Deep Learning; Fairness / Safety / Reliability; Multimodal Models / LLMs / VLMs; Semi- / Weakly- / Self-supervised Learning,"Rashid, Darakshan | Imam, Raza | Khan, Ufaq | Bilal, Muhammad | Ashraf, Shazad | Mahapatra, Dwarikanath | Yaqub, Mohammad | Khan, Muhammad Haris | Razzak, Imran | Lall, Brejesh | Maier-Hein, Lena | Xie, Yutong","Temporal vision-language models (TVLMs) offer a reusable, prompt-based interface for surgical video understanding, yet, their robustness under clinically realistic acquisition artifacts in endoscopy remains insufficiently characterized. In practice, degradations such as defocus, haze, motion blur, noise, cautery smoke, and packet loss introduce structured distribution shifts which may compromise video–text alignment. We study the robustness of temporal VLMs under such shifts caused by corruptions in clip frames. We introduce Endo-C6, a compact corruption benchmark of six endoscopy-realistic perturbations evaluated at a fixed high severity, and apply it to public Gastrointestinal (GI) endoscopy and laparoscopic cholecystectomy videos. Under a standardized prompt protocol, we benchmark 3 recent surgical TVLM baselines and analyze robustness in both mean and worst-case settings, spanning 294 dataset-level evaluations. Finally, we present RobustEndoCLIP, obtained by few-shot parameter-efficient tuning with VeRA, outperforming existing TVLM baselines. Our findings show that off-the-shelf TVLMs can exhibit severe worst-case collapse under endoscopy-specific corruptions, whereas lightweight few-shot adaptation can substantially improve corrupted performance and robustness without changing the prompt-based interface. We expect Endo-C6 to support standardized robustness reporting and promote more reliable clinical vision-language systems.",ok,
OpenRC: An Open-Source Robotic Colonoscopy Framework for Multimodal Data Acquisition and Autonomy Research,https://papers.miccai.org/miccai-2026/0734-Paper5978.html,https://papers.miccai.org/miccai-2026/paper/5978_paper.pdf,https://github.com/artslab2019/openrc-robotic-colonoscopy,VLM,Abdomen,Image-Guided Interventions; Medical Robotics,Synthetic Data / Data-centric AI,"Kapuria, Siddhartha | Javazm, Mohammad Rafiee | Ikoma, Naruhiko | Ivatury, Joga | Nasseri, Mohammad Ali | Navab, Nassir | Alambeigi, Farshid","Colorectal cancer screening critically depends on colonoscopy, yet existing platforms offer limited support for systematically studying the coupled dynamics of operator control, instrument motion, and visual feedback. This gap restricts reproducible closed-loop research in robotic colonoscopy, medical imaging, and emerging vision-language-action (VLA) learning paradigms. To address this challenge, we present OpenRC, an open-source modular robotic colonoscopy framework that retrofits conventional scopes while preserving clinical workflow. The framework supports simultaneous recording of video, operator commands, actuation state, and distal tip pose. We experimentally validated motion consistency and quantify cross-modal latency across sensing streams. Using this platform, we collected a multimodal dataset comprising 1,894 teleoperated episodes (~19 hours) across 10 structured task variations of routine navigation, failure events, and recovery behaviors. By unifying open hardware and an aligned multimodal dataset, OpenRC provides a reproducible foundation for research in multimodal robotic colonoscopy and surgical autonomy. Both the hardware design and dataset are available at https://github.com/artslab2019/openrc-robotic-colonoscopy. The dataset has been contributed to the Open-H-Embodiment Initiative by NVIDIA.",ok,
Ordinal Priors for Colonoscopy Temporal Segmentation,https://papers.miccai.org/miccai-2026/0743-Paper3291.html,https://papers.miccai.org/miccai-2026/paper/3291_paper.pdf,https://github.com/jangbi1/OColT,classification&segmentation,Abdomen,Computer-Aided Diagnosis,Deep Learning,"Jang, Seunghyun | Lee, Dongheon | Jung, Yoonsung | Kim, Eue Young | Shin, Na Mi | Kim, Byeong Gwan | Im, Jong Pil | Kim, Sihyun | Park, Chang Min","Temporal segmentation of colonoscopy withdrawal videos into anatomical regions is a key component for automated post-procedure reporting, enabling coverage assessment and structured documentation. While recent temporal segmentation models show promising accuracy, they typically treat colon segments as unordered categories, ignoring the inherent anatomical ordinality of the colon. This often yields temporally inconsistent predictions with frequent flickering and anatomically implausible jumps between non-adjacent regions. We propose an ordinal-aware framework that injects anatomical priors into both training and inference. During training, we add an auxiliary ordinal regression objective that penalizes errors in proportion to anatomical distance. At inference, we apply an ordinal-constrained decoder that enforces anatomically plausible transitions. On the REAL-Colon dataset, our method achieves 0.7621 weighted F1 and 0.6286 weighted Jaccard while substantially reducing label transitions to 15.84 per video. On the CAS-Colon dataset, it attains 0.7300 weighted F1 and 0.5935 weighted Jaccard without target-domain fine-tuning, indicating improved cross-dataset generalization. Overall, incorporating anatomical ordinality improves temporal consistency and supports clinically applicable, anatomically grounded segmentation. Code is available at [URL].",ok,
PancCADx: A Multimodal Framework for Pancreatic Cancer Diagnosis,https://papers.miccai.org/miccai-2026/0754-Paper1096.html,https://papers.miccai.org/miccai-2026/paper/1096_paper.pdf,,classification,Abdomen,Computer-Aided Diagnosis; Multimodal Integration with Clinical / Genomic / Biomarkers,,"Hu, Shan | Xiao, Changhong | Qin, Xianzheng | Mei, Bin | Cheng, Bin | Wang, Zhongyuan","Abstract: Endoscopic ultrasonography (EUS) interpretation for pancreatic cancer is highly operator-dependent, leading to significant diagnostic variability and limited reasoning transparency. We present PancCADx, an interpretable multimodal framework leveraging Qwen3-VL-8B-Thinking with a Chain-of-Thought (CoT) mechanism to align model reasoning with expert clinical logic. To ensure clinical alignment and minimize hallucinations, we utilized a two-stage alignment strategy: Supervised Fine-Tuning (SFT) followed by Direct Preference Optimization (DPO). Developed on an internal cohort (n=438) and validated on multi-center external cohorts (n=191), PancCADx achieved 95.74% external sensitivity, significantly outperforming state-of-the-art benchmarks (92.55%) with superior cross-institutional generalizability. In a prospective sequential validation involving 12 clinicians, AI assistance significantly enhanced diagnostic accuracy (+7.7%, p < 0.001) and decision confidence (p < 0.001). Notably, PancCADx effectively bridged the novice-expert gap and improved specificity for senior clinicians (up to 76%). By harmonizing high diagnostic performance with transparent, evidence-based reasoning, PancCADx provides a robust, clinically-aligned solution for objective and trustworthy pancreatic cancer diagnosis.",ok,
PhaseMamba: Two-Stage Learning from Short Clips to Full Procedures for Online Surgical Phase Recognition,https://papers.miccai.org/miccai-2026/0772-Paper1619.html,https://papers.miccai.org/miccai-2026/paper/1619_paper.pdf,,classification,Pelvis / Reproductive System,Image-Guided Interventions,Deep Learning,"Mohamed, Shaheer | Gammulle, Harshala | Fernando, Tharindu | Sridharan, Sridha | Lucey, Simon | Fookes, Clinton","Online surgical phase recognition aims to identify temporal segments in long surgical videos under real-time constraints. Unlike generic action recognition, it faces challenges such as redundancy, noisy frames, abrupt transitions, and low inter-class variability. We propose PhaseMamba, a two-stage framework that progressively learns from short clips to full procedures. Stage 1 pretrains a local phase learner to capture fine-grained temporal patterns and transitions, while Stage 2 integrates these representations to train an end-to-end model for efficient online inference. Both stages leverage Mamba-based architectures for scalable long-sequence modeling. A phase-order refinement strategy is introduced to further improve robustness under low-confidence predictions. Experiments on Cholec80 and AutoLaparo demonstrate state-of-the-art performance.",ok,
PhysioSplat: Physics-Informed Dynamic Gaussian Splatting for Surgical Scene Reconstruction,https://papers.miccai.org/miccai-2026/0786-Paper2002.html,https://papers.miccai.org/miccai-2026/paper/2002_paper.pdf,https://github.com/hritam-98/physiosplat,reconstruction,Abdomen,Medical Robotics,Deep Learning,"Basak, Hritam | Yin, Zhaozheng","Despite recent progress in 4D Gaussian Splatting (4DGS), dynamic surgical reconstruction remains challenging due to complex tool-tissue interactions, non-rigid deformations, and wet-surface specularities. Existing methods largely rely on unconstrained visual optimization, ignoring the physical reality of the scene reconstruction. We introduce \textit{PhysioSplat}, a novel framework that advances 4DGS by grounding surgical scene modeling in a unified, three-fold physical model. \textbf{First}, we incorporate \textit{kinematic physics} by explicitly disentangling the scene into two disjoint fields: a tool field governed by rigid or articulated motion, and a tissue field driven by a deformation model. Supervised by semantic masks, this separation enables selective tool removal and the temporally consistent recovery of occluded anatomy. \textbf{Second}, we enforce \textit{biomechanical physics} through a latent, differentiable regularization model. By predicting per-Gaussian stiffness parameters, it minimizes deformation energy and applies collision-aware repulsion to ensure biologically plausible tissue dynamics during tool interactions. \textbf{Third}, we integrate \textit{optical physics} via a specular-aware appearance model. Leveraging the camera-coincident light source common in endoscopy, we mathematically decompose Gaussian radiance into diffuse and view-dependent specular components, successfully stabilizing highlight reconstruction. Together, \textit{PhysioSplat} shifts surgical 4DGS from purely visual reconstruction toward anatomy-aware, physics-constrained modeling.",ok,
PolypSteer: Counterfactual Endoscopic Synthesis via Training-Free Activation Steering,https://papers.miccai.org/miccai-2026/0798-Paper4342.html,https://papers.miccai.org/miccai-2026/paper/4342_paper.pdf,https://github.com/UARK-AICV/PolypSteer,image synthesis,Abdomen,Image Synthesis / Augmentation / Super-Resolution,Causal Inference / Counterfactual Reasoning; Deep Learning; Interpretability / Explainability; Synthetic Data / Data-centric AI,"Pham, Trong Thang | Nguyen, Loc | Nguyen, Anh | Nguyen, Hien V. | Le, Ngan","Generative diffusion models are increasingly used for medical imaging data augmentation, but text prompting cannot produce causal training data. Re-prompting rerolls the entire generation trajectory, altering anatomy, texture, and background. Inversion-based editing methods introduce reconstruction error that causes structural drift. We propose PolypSteer, a training-free activation-steering framework for endoscopic synthesis. PolypSteer identifies a pathology vector for each contrastive prompt pair in the cross-attention layers of a diffusion transformer. At inference time, it steers image activations along this vector, generating counterfactual pairs from scratch where the only difference is the steered concept. All other structure is preserved by construction. We evaluate PolypSteer across three experiments on Kvasir v3 and HyperKvasir. On counterfactual generation across three clinical concept pairs, PolypSteer achieves flip rates of 0.800, 0.925, and 0.950, outperforming the best inversion-based baseline in both concept flip rate and structural preservation. On dye disentanglement, PolypSteer achieves 75% dye removal against 20% (PnP) and 10% (h-Edit). On downstream polyp detection, augmenting with PolypSteer counterfactual pairs achieves ViT AUC of 0.9755 versus 0.9083 for quantity-matched re-prompting, confirming that counterfactual structure drives the gain.",ok,
RASP: Bridging the Long-Tail Gap in Surgical Video Understanding via Retrieval-Augmented Perception,https://papers.miccai.org/miccai-2026/0857-Paper4703.html,https://papers.miccai.org/miccai-2026/paper/4703_paper.pdf,https://github.com/yuxiangluo-ops/RASP,VLM,Abdomen,Other,,"Luo, Yuxiang | Xu, Qing | Ouyang, Yuqi | Chen, Zhen","Unified surgical video understanding aims to handle phase recognition, CVS assessment, and fine-grained action triplet recognition within a single framework, yet remains challenged by highly long-tailed surgical category distributions. Existing VLM-based approaches encoded category knowledge parametrically, causing rare but clinically critical triplets to be under-learned due to frequent-class dominance and fragile cross-modal alignment. To address this, we propose Retrieval-Augmented Surgical Perception (RASP), which reduces the reliance on model parameters for category knowledge by using an external memory bank that exploits standardized surgical workflows. RASP includes a Contextual Representation and Semantic Retrieval (CRSR) module that compresses temporal windows into context embeddings to recall coarse-level semantic priors and fuse them with current-frame observations. It further employs a Multi-Context Feature Representation (MCFR) module with evidence-aware cross-attention for fine-grained prior selection and an evidence gate for fallback when retrieval is uninformative. Extensive experiments show that RASP consistently outperforms state-of-the-art methods, improving AP-IVT on rare triplets by 6.3% while achieving superior multi-task performance. The code is available at https://github.com/yuxiangluo-ops/RASP.",ok,
ReMeDI: Refined Memory for Disambiguation of Identities with SAM3 in Surgical Segmentation,https://papers.miccai.org/miccai-2026/0876-Paper5016.html,https://papers.miccai.org/miccai-2026/paper/5016_paper.pdf,https://github.com/cgtuebingen/remedi-sam3,segmentation,Abdomen,Image Segmentation,Deep Learning; Foundation Models,"Bundele, Valay | Hosseinzadeh, Mehran | Lensch, Hendrik P. A.","Accurate surgical instrument segmentation in endoscopy is crucial for computer-assisted interventions, yet remains challenging due to frequent occlusions, rapid motion, and long-term instrument re-entry. While SAM3 provides a powerful spatio-temporal framework for video object segmentation, its performance in surgical scenes is limited by indiscriminate memory updates, fixed memory capacity, and weak identity recovery after occlusions. We propose ReMeDI-SAM3, a training-free extension of SAM3, that addresses these limitations through three components: (i) relevance-aware memory filtering with a dedicated occlusion-aware memory for storing pre-occlusion frames, (ii) a piecewise interpolation scheme that expands effective memory capacity, and (iii) a feature-based re-identification module with temporal voting for reliable post-occlusion identity disambiguation. Together, these components mitigate error accumulation and enable reliable recovery after occlusions. Evaluations on EndoVis17, EndoVis18 and CholecSeg8k under a zero-shot setting show mcIoU improvements of around 5.8\%, 8\%, and 2\% respectively, over vanilla SAM3, outperforming even prior training-based approaches. The code is available at: https://github.com/cgtuebingen/remedi-sam3.",ok,
Retrieval-Guided Semi-supervised Federated Learning for Medical Image Segmentation,https://papers.miccai.org/miccai-2026/0894-Paper1631.html,https://papers.miccai.org/miccai-2026/paper/1631_paper.pdf,,segmentation,Skin; Whole-body / Multi-organ / Other,Federated / Privacy-Preserving Analysis; Image Segmentation,Semi- / Weakly- / Self-supervised Learning,"Park, Heejung | Kim, Soopil | Arsalane, Wafa | An, Sion | Park, Sang Hyun","Semi-supervised federated learning (SSFL) has emerged as a promising approach for medical image segmentation, enabling collaborative learning across institutions using both limited labeled and abundant unlabeled data without sharing sensitive patient information. However, existing methods utilize publicly available labeled data merely as a generic training pool for knowledge transfer, failing to exploit the fine-grained semantic information embedded in individual public samples that could directly inform the segmentation of unlabeled local data. To overcome this limitation, we propose a Retrieved Reference-guided Semi-Supervised Federated segmentation framework (R2S2Fed) that explicitly leverages public labeled data as contextual references rather than a generic knowledge source. During local training, our method dynamically retrieves semantically relevant public references for each unlabeled local sample based on feature similarity, and leverages their representations to generate query-specific segmentation parameters through a dynamic segmentation head. This provides explicit supervision for unlabeled local data, enabling each client to perform adaptive segmentation tailored to its local data characteristics. Extensive experiments demonstrate that our proposed method consistently outperforms existing SSFL approaches in both IID and Non-IID settings.",ok,
Robust Colonoscopy Video Polyp Segmentation via Quality-Aware Memory and Prototype Alignment,https://papers.miccai.org/miccai-2026/0903-Paper2213.html,https://papers.miccai.org/miccai-2026/paper/2213_paper.pdf,,segmentation,Abdomen,Image Segmentation,Deep Learning; Uncertainty Quantification,"Xiong, Sijing | Yin, Yunfei | Dey, Argho | Yuan, Zheng | Timbi, Zumnan | Ray, Swachha | Liu, Hongyu","In colonoscopy video polyp segmentation, degradations such as motion blur, specular reflections, and occlusions often render single-frame features incomplete and unreliable. However, most existing methods rely heavily on current-frame features to construct queries for cross-frame retrieval and alignment, leading to performance drops under such degradations. To address this, we propose a query-enhanced cascaded memory framework integrating Quality Awareness (QA) and Prototype Alignment (PA). Specifically, (1) to construct stable query representations for robust retrieval, we propose a quality-aware sensory memory mechanism that adaptively gates memory updates based on observation reliability and state consistency; (2) to mitigate appearance drift, we propose a prototype alignment mechanism that maintains appearance prototypes as long-term anchors. By leveraging stable queries to retrieve relevant prototypes, our framework enables reliable cross-frame association. On the most challenging Unseen-Hard subset of SUN-SEG, our method improves the best baseline by 2.9% in Dice and 4.2% in Sensitivity (Sen), demonstrating superior robustness under degraded conditions.",ok,
RPG-SAM: Reliability-Weighted Prototypes and Geometric Adaptive Threshold Selection for Training-Free One-Shot Polyp Segmentation,https://papers.miccai.org/miccai-2026/0907-Paper2529.html,https://papers.miccai.org/miccai-2026/paper/2529_paper.pdf,https://github.com/AlwaysHF/RPG-SAM,segmentation,Whole-body / Multi-organ / Other,Image Segmentation,,"Lin, Weikun | Bai, Yunhao | Wang, Yan","Training-free one-shot segmentation offers a scalable alternative to expert annotations by transferring knowledge from a labeled support image to query images with the help of foundation models. However, existing methods often treat support regions and query response intensities homogeneously, ignoring regional heterogeneity in the support image and response heterogeneity across query images. To address these limitations, we propose RPG-SAM, a training-free framework for one-shot polyp segmentation. Specifically, Reliability-Weighted Prototype Mining (RWPM) prioritizes high-fidelity support features and uses background anchors as contrastive references for noise suppression. Geometric Adaptive Selection (GAS) dynamically recalibrates binarization thresholds by evaluating the morphological consensus of candidate masks. Finally, Prior-guided Iterative Refinement (PIR) uses SAM2 to refine anatomical boundaries. By explicitly modeling multi-level information heterogeneity, RPG-SAM achieves a 5.56% mIoU improvement on the Kvasir dataset. Code is publicly available at https://github.com/AlwaysHF/RPG-SAM.",ok,
S2DLight: Single Step Diffusion Network via Degradation-Aware Adaptation for Surgical Endoscopic Image Low-Light Enhancement,https://papers.miccai.org/miccai-2026/0909-Paper2353.html,https://papers.miccai.org/miccai-2026/paper/2353_paper.pdf,https://github.com/FeiSong123/S2DLight,image synthesis,Abdomen,Image Reconstruction,Multimodal Models / LLMs / VLMs,"Fei, Song | Wang, Guanyi | Ye, Tian | Chen, Sixiang | Lai, Jianyu | Zhu, Lei","Surgical endoscopy inherently involves constrained lighting conditions, which can obscure fine anatomical structures. Consequently, low-light image enhancement (LLIE) is crucial for improving visual clarity and structural discernibility. Recent diffusion-based methods improve restoration quality but are typically trained from scratch on small medical datasets, limiting their ability to exploit broader visual priors. Large-scale pretrained text-to-image (T2I) diffusion models encode powerful generative knowledge, yet directly applying them to surgical LLIE suffers from mismatched visual characteristics and high inference cost. We propose S2DLight, a single-step latent restoration framework built on a Stable Diffusion backbone for endoscopic LLIE. We introduce Degradation-Aware Adaptation to provide image-specific low-light guidance via contrastive degradation representations, and reformulate iterative sampling into one forward latent prediction to improve efficiency. To compensate for removing progressive refinement, we incorporate Latent Structural Augmentation, and further mitigate training-inference prompt mismatch using Training-Time Semantic Alignment. Experiments on public endoscopic benchmarks demonstrate that S2DLight achieves state-of-the-art performance while reducing the computational burden associated with large-scale diffusion inference.",ok,
S3H-Net: Injecting Hybrid Semantic-Spatial Guidance via Superpixel Hypergraphs for Medical Image Segmentation,https://papers.miccai.org/miccai-2026/0911-Paper2653.html,https://papers.miccai.org/miccai-2026/paper/2653_paper.pdf,https://github.com/Saury997/S3H-Net,segmentation,Breast; Skin,Image Segmentation,Deep Learning,"Yang, Zongjian | Ma, Lanxiang | Gao, Zeli | Zhang, Yuqi | Ma, Jiquan","Accurate segmentation of medical images remains a intricate challenge due to the complex geometry of target structures and their blurred boundaries. While recent approaches leverage topological and semantic information by introducing graph or hypergraph, they face two critical limitations: i) ﬁxed patch nodes inherently ignore object boundaries, causing semantic ambiguity by mixing heterogeneous features; and ii) restricting reasoning to bottlenecks or skip connections fails to fully inject global contexts for ﬁne-grained segmentation. To address these issues, we propose S3H-Net, a novel architecture that integrates Superpixel-based Semantic-Spatial Hypergraphs. Speciﬁcally, distinct from patch-based methods, we utilize a boundary-aware Simple Linear Iterative Clustering (SLIC) algorithm for node construction, encouraging contour-aware regional grouping and alleviating heterogeneous feature mixing. Furthermore, we design Hybrid Semantic-Spatial Hypergraph (HSSH) blocks to construct a parallel Semantic Encoder, which captures multi-scale high-order semantic guidance continuously. To explicitly bridge the semantic gap between the non-local hypergraph topology and local convolutional features, we introduce a Cross-Covariance Semantic Injection (CCSI) module. By exploiting inter-channel attention, this module eﬀectively injects the reasoned global context into local features for comprehensive semantic awareness. Extensive experiments on ﬁve medical imaging modalities demonstrate that S3H-Net signiﬁcantly outperforms state-of-the-art methods. Our code is available on GitHub.",ok,
SCISSR: Scribble-Conditioned Interactive Surgical Segmentation and Refinement,https://papers.miccai.org/miccai-2026/0925-Paper5377.html,https://papers.miccai.org/miccai-2026/paper/5377_paper.pdf,https://github.com/ping-haonan/SCISSR,segmentation,Abdomen,Image Segmentation,Deep Learning,"Ping, Haonan | Jiang, Jian | Yuan, Cheng | Sun, Qizhen | Wu, Lv | Ban, Yutong","Accurate segmentation of tissues and instruments in surgical scenes is annotation-intensive due to irregular shapes, thin structures, specularities, and frequent occlusions. While SAM models support point, box, and mask prompts, points are often too sparse and boxes too coarse to localize such challenging targets. We present SCISSR, a scribble-promptable framework for interactive surgical scene segmentation. It introduces a lightweight Scribble Encoder that converts freehand scribbles into dense prompt embeddings compatible with the mask decoder, enabling iterative refinement for a target object by drawing corrective strokes on error regions. Because all added modules (the Scribble Encoder, Spatial Gated Fusion, and LoRA adapters) interact with the backbone only through its standard embedding interfaces, the framework is not tied to a single model: we build on SAM 2 in this work, and by communicating only through standard embedding interfaces, the design is in principle compatible with other prompt-driven segmentation architectures. To preserve pre-trained capabilities, we train only these lightweight additions while keeping the remaining backbone frozen. Experiments on EndoVis 2018 demonstrate strong in-domain performance, while evaluation on the out-of-distribution CholecSeg8k further confirms robustness across surgical domains. SCISSR achieves 95.41% Dice on EndoVis 2018 with five interaction rounds and 96.30% Dice on CholecSeg8k with three interaction rounds, outperforming iterative point prompting on both benchmarks.",ok,
SD-SAM: Synergizing SAM and DINOv3 for Parameter-Efficient Polyp Segmentation and a Challenging Benchmark Dataset,https://papers.miccai.org/miccai-2026/0928-Paper1385.html,https://papers.miccai.org/miccai-2026/paper/1385_paper.pdf,https://github.com/xxxy0523/SD-SAM,classification&segmentation,Whole-body / Multi-organ / Other,Image Segmentation,Deep Learning,"Yang, Haoran | Hou, Jiachuan | Huang, Pu | Liu, Jianlei","Accurate polyp segmentation is critical for the early diagnosis of colorectal cancer, a task where the Segment Anything Model (SAM) has shown great potential. However, adapting SAM to this domain presents two major challenges. First, because SAM requires explicit spatial prompts, automating this process typically relies on parameterheavy auxiliary networks, which often generate inaccurate prompts. Second,fine-tuning SAM introduces a strict trade-off between minimizing trainable parameters and maintaining segmentation accuracy. To address these issues, we propose SD-SAM, a parameter-efficient two-stage architecture.In the first stage, instead of directly delineating complete lesion boundaries, we model high-confidence polyp centers via Gaussian regression, circumventing heavy auxiliary networks to generate highquality prompts with minimal parameters. In the second stage, we implement a hierarchical fine-tuning strategy that applies tailored adaptation to SAM’s encoder layers based on their distinct representational roles, minimizing parameters while guaranteeing high accuracy. Furthermore,we open-source a new benchmark dataset characterized by predominantly tiny, highly dispersed polyps. Extensive experiments demonstrate that SD-SAM achieves superior performance with fewer than 3.5M trainable parameters. The code and dataset are available at https://github.com/xxxy0523/SD-SAM.",ok,
Seeing Through Smoke: Surgical Desmoking for Improved Visual Perception,https://papers.miccai.org/miccai-2026/0932-Paper4094.html,https://papers.miccai.org/miccai-2026/paper/4094_paper.pdf,,segmentation,Whole-body / Multi-organ / Other,Image Reconstruction; Image-Guided Interventions,Deep Learning,"Lu, Jingpei | Jiang, Fengyi | Zhang, Xiaorui | Jin, Lingbo | Mohareri, Omid","Minimally invasive and robot-assisted surgery relies heavily on endoscopic imaging, yet surgical smoke produced by electrocautery and vessel-sealing instruments can severely degrade visual perception and hinder vision-based functionalities. We present a transformer-based surgical desmoking model with a physics-inspired desmoking head that jointly predicts smoke-free image and corresponding smoke map. To address the scarcity of paired smoky-to-smoke-free training data, we develop a synthetic data generation pipeline that blends artificial smoke patterns with real laparoscopic images, yielding over 80,000 paired samples for supervised training. We further curate, to our knowledge, the largest paired surgical smoke dataset to date, comprising 5,817 image pairs captured with the da Vinci robotic surgical system, enabling benchmarking on high-resolution endoscopic images. Extensive experiments on both a public benchmark and our dataset demonstrate state-of-the-art performance in image reconstruction compared to existing dehazing and desmoking approaches. We also assess the impact of desmoking on downstream stereo depth estimation and instrument segmentation, highlighting both the potential benefits and current limitations of digital smoke removal methods.",ok,
Selective Confidence Fusion for Specular Highlight Detection in Medical Images,https://papers.miccai.org/miccai-2026/0935-Paper3264.html,https://papers.miccai.org/miccai-2026/paper/3264_paper.pdf,,image restoration/quality,Whole-body / Multi-organ / Other,Image Segmentation; Image-Guided Interventions,Deep Learning,"Hu, Daosong | Li, Zefeng | Liu, Shuai | Cui, Mingyue | Song, Rihui | Xie, Yanchong | Huang, Kai","Specular highlights frequently occur in endoscopic imaging due to directed illumination and moist tissue surfaces, producing saturated regions that obscure anatomical details and degrade downstream tasks. Accurate highlight detection is therefore essential for reliable medical image analysis and restoration. We propose a confidence-aware multi-cue fusion framework for medical highlight detection. A Selective Confidence Fusion Module adaptively estimates the spatial reliability of structural and chromatic cues, including edge responses, color contrast, background suppression, and semantic consistency. Through per-pixel soft weighting, the model suppresses unreliable signals caused by illumination variation while enhancing anatomically consistent highlight regions, especially along fine boundaries and scattered reflections. Experiments on a public dataset and a clinically collected nasal endoscopy dataset demonstrate consistent improvements over recent methods. Cross-domain evaluation on CVC-ColonDB further verifies strong generalization. In addition, restoration results confirm that more accurate highlight localization leads to cleaner reflection removal and better structural preservation. These findings highlight the importance of confidence-aware cue modulation for robust medical highlight modeling.",ok,
SIRA: Reasoning-Aware Surgical Instrument Segmentation via Query-Anchored Alignment,https://papers.miccai.org/miccai-2026/0963-Paper1772.html,https://papers.miccai.org/miccai-2026/paper/1772_paper.pdf,https://github.com/linxir226/SIRA,classification&segmentation,Pelvis / Reproductive System,Image Segmentation,Multimodal Models / LLMs / VLMs,"Zhang, Zhibo | Wang, Qijie | Yan, Zengqiang","Surgical instrument segmentation (SIS) plays a critical role in robotic assistance and surgical workflow analysis. However, most existing SIS methods formulate segmentation as a category-driven localization problem, limiting their ability to capture procedural context and task-dependent semantics in surgical workflows. We introduce Reasoning-Aware Surgical Instrument Segmentation (RA-SIS), a task formulation that frames segmentation as query-conditioned inference under surgical context. To benchmark this setting, we construct SurgRS, a surgical reasoning segmentation dataset consisting of 41,000 image–text pairs, which aligns instance-level masks with structured query–answer supervision to enable semantic grounding at the pixel level. Based on SurgRS, we propose Surgical Instrument Reasoning and segmentation Assistant (SIRA), a multimodal framework that disentangles target-level and query-level semantics and integrates them with visual features through query-anchored dual alignment. By aligning query semantics with spatial features and segmentation prompts, SIRA enhances semantic-visual consistency in mask prediction. Extensive experiments on SurgRS demonstrate improvements over existing reasoning-aware baselines. Code is available at https://github.com/linxir226/SIRA.",ok,
Surgical Video Temporal Grounding,https://papers.miccai.org/miccai-2026/1013-Paper4572.html,https://papers.miccai.org/miccai-2026/paper/4572_paper.pdf,https://github.com/Mr-Kill/SurgicalVideoTemporalGrounding,VLM,Whole-body / Multi-organ / Other,Computer-Aided Diagnosis,Multimodal Models / LLMs / VLMs,"Liu, Qixuan | Qiu, Shi | Wu, Xiwen | Xie, Binzhu | Fu, Chi-Wing | Heng, Pheng-Ann","Temporal grounding in surgical videos is essential for clinical applications, yet this area remains significantly underexplored. Furthermore, existing methods designed for general-domain videos struggle to generalize to the surgical domain due to two unique challenges. First, surgical procedures exhibit a complex inherent hierarchy, ranging from coarse phases to fine-grained actions. Second, processing long surgical videos in discrete chunks disrupts continuous context, leading to temporal isolation. To address these issues, we formally introduce the research problem of Surgical Video Temporal Grounding (SurgVTG) and formulate a novel task of Hierarchical Multi-Segment SurgVTG (HMS-SurgVTG), accompanied by a comprehensive benchmark. To tackle this task, we propose a Memory-Augmented Vision-Language Model framework that mitigates cross-chunk isolation through an explicit read-write memory loop. By dynamically updating and injecting structured procedural memories via lightweight heads, our framework seamlessly preserves historical context during scalable inference. Extensive experiments demonstrate that our approach enhances long-range temporal grounding quality, establishing a new benchmark for surgical video temporal grounding. Code is available at https://github.com/Mr-Kill/Surgic alVideoTemporalGrounding.",ok,
SurgLQA: Scalable Long-Horizon Surgical Video Question Answering,https://papers.miccai.org/miccai-2026/1014-Paper0680.html,https://papers.miccai.org/miccai-2026/paper/0680_paper.pdf,,dataset/benchmark,Abdomen,Image-Guided Interventions,Multimodal Models / LLMs / VLMs,"Guo, Diandian | Yang, Xikai | Li, Ruiyang | Pei, Jialun | Heng, Pheng-Ann","Surgical Video Question Answering (VideoQA) provides a promising paradigm for dynamic intraoperative interpretation, enabling real-time decision support and context-aware retrieval in clinical environments. Nevertheless, existing approaches are predominantly restricted to images or short clips, limiting their ability to model long-range procedural dynamics and causal dependencies across extended surgical workflows. To address this challenge, we propose SurgLQA, a unified long-horizon VideoQA framework for scalable surgical reasoning. This framework incorporates Faithful Temporal Consolidation (FTC), which leverages intrinsic temporal cues to construct compact long-range representations while preserving fine-grained temporal fidelity. Further, we develop Temporally-Grounded Multi-Policy Scaling (TMS), an adaptive test-time inference paradigm that strategically adjusts policy-level reasoning capacity within temporally grounded contexts. To facilitate systematic evaluation, we restructured a long-duration colonoscopy VideoQA benchmark, Colon-LQA, and conducted extensive experiments on Colon-LQA and REAL-Colon-VQA. Experimental results demonstrate that our approach achieves consistent performance gains in long-range reasoning with temporally grounded inference. Code link: https://github.com/RascalGdd/SurgLQA.",ok,
SurgMark: Structure-Aware Watermarking for 4D Gaussian Splatting in Surgical Scenes,https://papers.miccai.org/miccai-2026/1015-Paper2259.html,https://papers.miccai.org/miccai-2026/paper/2259_paper.pdf,,segmentation,Abdomen; Cardiac,Image Reconstruction; Image Segmentation,Fairness / Safety / Reliability,"Jeong, Minjae | Lee, Jaejin | Hwang, Yechan | Kim, Won Hwa","Watermarking surgical scene representations learned with 4D Gaussian Splatting (4DGS) is challenging due to continuous deformation of anatomical structures and articulated motion of surgical instruments. Although watermarking has been widely studied for images, videos, and 3D neural scene representations, these approaches do not directly generalize to Watermarking surgical scene representations learned with 4D Gaussian Splatting (4DGS) is challenging due to continuous deformation of anatomical structures and articulated motion of surgical instruments. Although watermarking has been widely studied for images, videos, and static 3D scene representations, these approaches do not directly generalize to dynamic 4D surgical scenes, where naive watermark embedding can disrupt temporal stability or interfere with the analysis of surgical scenes. To address this problem, we propose SurgMark, a watermarking framework tailored to 4DGS in surgical scenes. SurgMark consists of: 1) a temporal coherence regularization that preserves the original motion trajectories of Gaussians after watermark embedding; 2) a motion-aware gradient weighting strategy that adaptively scales watermark strength according to the motion magnitude of individual Gaussians; and 3) a segmentation feature consistency loss based on foundation segmentation models to prevent degradation of segmentation performance on anatomical regions and surgical instruments. Extensive experiments on two public surgical datasets demonstrate that SurgMark enables robust and imperceptible watermark embedding while maintaining rendering quality and segmentation performance.",ok,
SurgOnAir: Hierarchy-Aware Real-Time Surgical Video Commentary,https://papers.miccai.org/miccai-2026/1016-Paper1882.html,https://papers.miccai.org/miccai-2026/paper/1882_paper.pdf,https://github.com/KarolineZhy/SurgOnAir,VLM,Abdomen,Image-Guided Interventions,Multimodal Models / LLMs / VLMs,"He, Jingyi | Zhou, Yue | Bai, Long | Yuan, Kun | Navab, Nassir | Bi, Yuan","Understanding surgical workflow in real time is fundamental for intelligent surgical embodiment, where AI systems continuously perceive and respond as surgery proceeds. In the operating room, critical decisions depend on subtle, moment-to-moment changes, such as fine instrument movements and evolving tissue states, where even slight perceptual delays can limit assistance or compromise safety. Yet existing methods remain offline or operate at coarse temporal scales, generating descriptions only after processing clips, preventing immediate reaction. We address this by proposing SurgOnAir, a streaming vision-language model that processes frames sequentially without future access and progressively generates narration tokens as visual input arrives. SurgOnAir achieves fine-grained frame-to-token generation, enabling instant responsiveness to evolving surgical dynamics. Built upon our curated hierarchical dataset SurgOnAir-11k spanning action-, step-, and phase-level supervision, the model is trained to produce multi-level textual responses that reflect the inherent hierarchy of surgical procedures. Furthermore, special transition tokens are generated to explicitly mark state changes, allowing SurgOnAir to capture and signal key workflow transitions as they occur. Experiments show that SurgOnAir enables real-time understanding through a single vision-language model that unifies streaming across multiple hierarchies of the surgical workflow, generating superior and hierarchy-aware narrations. The project is publicly available at \url{https://github.com/KarolineZhy/SurgOnAir}.",ok,
SurgVLA-Bench: Towards Evaluating Vision-Language-Action Models for Laparoscopic Surgical Robotics,https://papers.miccai.org/miccai-2026/1018-Paper1457.html,https://papers.miccai.org/miccai-2026/paper/1457_paper.pdf,https://github.com/VCL-HNU/SurgVLA,VLM,Whole-body / Multi-organ / Other,Computer-Aided Diagnosis; Digital Twins / Simulation / Synthetic Data; Medical Robotics,Deep Learning; Foundation Models,"Sun, Jiashuo | He, Yue | Liu, Wenxuan | Mao, Tao | Wang, Jiazheng | Chen, Xiang | Liu, Min","Vision-Language-Action (VLA) models represent a promising direction for embodied intelligence in surgical robotics. Despite the prevalence of VLA benchmarks for general robotics, standardized evaluation platforms specifically designed for surgical contexts remain absent. To address this limitation, we present SurgVLA-Bench, the first comprehensive benchmark for evaluating VLA models in laparoscopic surgical robotics. Leveraging the SurRoL simulation platform, we construct a hierarchical task taxonomy ranging from atomic actions to complete surgical procedures, complemented by a multi-dimensional evaluation framework assessing action accuracy and semantic consistency. We then systematically evaluate two representative paradigms, including autoregressive models such as OpenVLA, and flow matching models such as $\pi_{0}$, $\pi_{0.5}$, and SmolVLA. Our experiments show that autoregressive models tend to excel in semantic understanding, while flow matching models often achieve higher task precision but may face generalization trade-offs. However, even the best-performing models remain far from satisfactory, as the constrained endoscopic field of view, restricted viewing angles, and frequent occlusions persist as fundamental physical bottlenecks. The code and data are available at https://github.com/VCL-HNU/SurgVLA .",ok,
SurgZSD: Zero-Shot Surgical Action Triplet Detection via Attribute Composition and Clinical Feasibility Inference,https://papers.miccai.org/miccai-2026/1019-Paper3187.html,https://papers.miccai.org/miccai-2026/paper/3187_paper.pdf,https://github.com/DengNova/SurgZSD,VLM,Abdomen; Whole-body / Multi-organ / Other,Image-Guided Interventions,Deep Learning; Multimodal Models / LLMs / VLMs; Semi- / Weakly- / Self-supervised Learning,"Deng, Zuxing | Li, Ling | Li, Xiaojian | Liu, Yuting | Ma, Xiang | Zhou, Wenrui","While traditional surgical action triplet detection has achieved remarkable progress, these closed-set models often fail in highly variable, real-world clinical environments where completely novel instruments, anatomical structures, and actions frequently emerge. To address these limitations, we introduce SurgZSD, a novel framework that leverages medical priors to facilitate attribute composition and joint inference for surgical triplets. Specifically, we initially fine-tune Grounding DINO to establish the precise spatial grounding of the surgical instruments. Following this localization stage, we introduce the Medical Knowledge-Guided Attribute Composition (MKAC) module. Guided by medical priors, this module leverages a pretrained Vision-Language Model (VLM) to parse the localized bounding box regions into structured semantic attributes, thereby composing unseen surgical instruments, targets, and verbs. Subsequently, to accomplish comprehensive surgical triplet recognition, we introduce the Clinical Feasibility-Constrained Joint Inference (CFCJI) module. This module introduces clinical feasibility matrices constructed based on medical priors. By formulating a Top-$K$ joint inference objective function, it globally integrates the visual parsing scores with a clinical compatibility penalty term to yield the final surgical action triplets. Extensive experiments demonstrate that SurgZSD not only achieves state-of-the-art performance in zero-shot scenarios but also retains competitive performance under closed-set settings.The source code is available at https://github.com/DengNova/SurgZSD.",ok,
TEDi: Temporal Memory-Enhanced and Denoising Transformer for Surgical Instrument Segmentation,https://papers.miccai.org/miccai-2026/1036-Paper1672.html,https://papers.miccai.org/miccai-2026/paper/1672_paper.pdf,https://github.com/argon-xixi/TEDi,classification&segmentation,Abdomen,Image Segmentation; Medical Robotics,Deep Learning,"Yuan, Jiahong | Mi, Weiming | Zhang, Tao | Zhou, Haoyin","Query-based segmentation methods have shown promising potential for surgical instrument segmentation and recognition, which is essential for scene understanding and downstream tasks in computer assisted surgery. However, most existing approaches predominantly rely on per-frame predictions and overlook cross-frame temporal priors as well as temporal-consistency constraints. This limitation often leads to unsta ble query representations and suboptimal category recognition. In this paper, we propose TEDi, a Temporal memory-Enhanced and Denoising transformer for surgical instrument segmentation that addresses these is sues through Memory Search Enhancement and Temporal Consistency Denoising. The former introduces a query-level memory bank and a mem ory search enhancement encoder to retrieve discriminative representa tions from historical frames, enriching current-frame features. The latter constructs a temporally consistent reference as a cross-frame semantic anchor to suppress temporally unstable predictions and promote seman tic coherence across frames. Extensive experiments on two benchmark datasets, EndoVis 2017 and EndoVis 2018, demonstrate that TEDi con sistently outperforms state-of-the-art methods, highlighting its potential to further advance computer-assisted surgery. Our code is available at https://github.com/argon-xixi/TEDi.",ok,
Test-Time Adaptation for Rare Surgical Phase Recognition: Bridging the Coverage-Gap Paradox,https://papers.miccai.org/miccai-2026/1041-Paper6471.html,https://papers.miccai.org/miccai-2026/paper/6471_paper.pdf,https://github.com/powersimmani/tta-rare-surgical,classification,Abdomen,Image-Guided Interventions,Deep Learning; Domain Adaptation / Harmonization; Semi- / Weakly- / Self-supervised Learning,"Park, Ho-min | Tozzi, Francesca | De Muynck, Robbe | Kim, Narim | Rashidian, Niki | Willaert, Wouter | De Neve, Wesley | Vankerschaver, Joris","Surgical phase recognition models struggle with rare phases—states under-represented in training annotations, occupying <5% of training frames. We identify the coverage-gap paradox: increasing rare-phase training videos fails to proportionally improve accuracy because prototype dilution averages out intra-class variation, a phenomenon we observe consistently across three representative classifier families (k-NN, linear probes, and prototypes). To bridge this gap, we propose a lightweight test-time adaptation (TTA) framework (20K parameters, <0.1 ms/frame) whose core mechanism is an adaptive pseudo-label threshold (q-th percentile) that avoids the empty-pool failure of fixed thresholds, combined with temporal smoothing for pseudo-label precision filtering and auto-guided annotation (B=5 frames). On three datasets spanning gastric bypass (MB140, 13 phases), cholecystectomy (Cholec80, 7 phases), and cataract surgery (Cat-101, 10 phases)—our method improves rare-phase accuracy by +29.2/+31.5/+33.3 pp, outperforming temporal convolutional network (TCN), gated recurrent unit (GRU), and TENT-style baselines.",ok,
Towards Unified Surgical Scene Understanding: Bridging Reasoning and Grounding via MLLMs,https://papers.miccai.org/miccai-2026/1077-Paper2568.html,https://papers.miccai.org/miccai-2026/paper/2568_paper.pdf,https://github.com/Su-Llo/SurgMLLM,segmentation,Abdomen,Image-Guided Interventions,Multimodal Models / LLMs / VLMs,"Huang, Jincai | Zou, Shihao | Guo, Yuchen | Li, Jingjing | Ji, Wei | Wang, Kai | Wang, Shanshan | Si, Weixin","Surgical scene understanding is essential for AI-assisted intervention, yet real-world clinical applications require a holistic understanding of procedural context, semantic reasoning, and precise visual grounding. However, existing approaches typically address these components in isolation, leading to fragmented representations and limited semantic consistency. To address this limitation, we propose SurgMLLM, a unified surgical scene understanding framework that bridges high-level reasoning and low-level visual grounding. Given surgical videos, SurgMLLM fine-tunes a multi-modal large language model (MLLM) to support structured interpretability reasoning over phases, instrument-verb-target (IVT) triplets, and triplet-entity segmentation tokens. These tokens are then temporally aggregated and serve as prompts for a segmentation network, enabling accurate pixel-wise grounding of instruments and targets. The framework is trained end-to-end with a unified objective that couples language-based reasoning supervision with visual grounding losses. To facilitate unified evaluation, we introduce CholecT45-Scene, extending CholecT45 dataset with 64,299 frames of pixel-level mask annotations for instruments and targets, aligned with existing triplet labels. Extensive experiments show that SurgMLLM improves the primary triplet recognition metric AP_IVT from 40.7% to 46.0% and consistently outperforms prior methods in phase recognition and segmentation. These results highlight the effectiveness of unified reasoning-and-grounding for reliable, context-aware surgical assistance. Our code and dataset are available at https://github.com/Su-Llo/SurgMLLM.",ok,
Track2Map: Online Deformable SLAM with Motion-Aware Pose Optimization in Robotic Surgery,https://papers.miccai.org/miccai-2026/1083-Paper2834.html,https://papers.miccai.org/miccai-2026/paper/2834_paper.pdf,https://track2map.github.io/,reconstruction,Abdomen,Image Reconstruction; Image-Guided Interventions; Visualization in Biomedical Imaging,Deep Learning,"Song, Tianyi | Bonilla, Sierra | Ju, Xinwei | Mazomenos, Evangelos B. | Stoyanov, Danail | Schmidt, Adam | Mohareri, Omid | Bano, Sophia | Vasconcelos, Francisco","Gaussian splatting is the current state-of-the-art for dense, deformable 3D anatomy reconstruction in robot-assisted minimally invasive surgery (RAMIS); however, most pipelines are offline and depend on accurate camera trajectory priors (often from robotic kinematics), limiting applicability when priors are missing or noisy. To address these limitations, we propose Track2Map, an online 3D Gaussian Splatting pipeline that jointly optimizes camera trajectory and 3D deformable scene representation directly from surgical video. Track2Map is therefore capable of robust 3D reconstructions when camera trajectory priors are either absent or noisy, and due to its online nature it effectively works as a Simultaneous Localisation and Mapping (SLAM) method. To stabilize optimization in the presence of tissue motion and ambiguous visual cues, we introduce a track-anchored deformation initialization using dense 2D point tracks. Track statistics are further utilized to disentangle camera motion from scene deformation by detecting static camera periods and reducing drift during incremental mapping. Experiments on StereoMIS show improved reconstruction quality and camera trajectory against competing SLAM methods, as well as compared to non-SLAM methods that utilize camera trajectory priors. The code is available at https://track2map.github.io/.",ok,
Training LLMs with Reinforcement Learning over Digital Twin Representations for Reasoning-Intensive Surgical VideoQA,https://papers.miccai.org/miccai-2026/1086-Paper2694.html,https://papers.miccai.org/miccai-2026/paper/2694_paper.pdf,,dataset/benchmark,Abdomen,Digital Twins / Simulation / Synthetic Data; Other,Deep Learning; Multimodal Models / LLMs / VLMs,"Shen, Yiqing | Zhang, Han | Unberath, Mathias","Surgical video question answering requires multi-step reasoning across semantic, spatial, and temporal dimensions. Existing methods architecturally compress videos into discrete token representations and couple visual perception with reasoning. This approach fragments continuous spatial-temporal relationships and has been shown to restrict multi-step reasoning capabilities. We introduce a reinforcement learning (RL) framework that trains large language models (LLMs) to decouple perception from reasoning by operating over digital twin representations constructed from surgical foundation models. Additionally, we introduce hierarchical representations across frame, temporal window, and procedure levels with probabilistic uncertainty estimates. Finally, we propose a novel reward that combines format validation with accuracy assessment through clinical plausibility evaluation and uncertainty-aware calibration for training. To demonstrate the capabilities of this approach, we introduce REAL-Colon-Reason, a colonoscopic benchmark with 2000 question-answer pairs across three complexity levels. We achieve state-of-the-art performance on REAL-Colon-Reason and two existing surgical VideoQA benchmarks REAL-Colon-VQA and EndoVis18-VQA. Code and dataset are available at https://anonymous.4open.science/r/surgical_videoqa_dt/.",ok,
Trustworthy Endoscopic Super-Resolution,https://papers.miccai.org/miccai-2026/1093-Paper3256.html,https://papers.miccai.org/miccai-2026/paper/3256_paper.pdf,https://github.com/jusiro/Endoscopic-CFM,classification,Whole-body / Multi-organ / Other,Image Synthesis / Augmentation / Super-Resolution,Fairness / Safety / Reliability; Uncertainty Quantification,"Silva-Rodríguez, Julio | Konukoglu, Ender","Super-resolution (SR) models are attracting growing interest for enhancing minimally invasive surgery and diagnostic videos under hardware constraints. However, valid concerns remain regarding the introduction of hallucinated structures and amplified noise, limiting their reliability in safety-critical settings. We propose a direct and practical framework to make SR systems more trustworthy by identifying where reconstructions are likely to fail. Our approach integrates a lightweight error-prediction network that operates on intermediate representations to estimate pixel-wise reconstruction error. The module is computationally efficient and low-latency, making it suitable for real-time deployment. We convert these predictions into operational failure decisions by constructing Conformal Failure Masks (CFM), which localize regions where the SR output should not be trusted. Built on conformal risk control principles, our method provides theoretical guarantees for controlling both the tolerated error limit and the miscoverage in detected failures. We evaluate our approach on image and video SR, demonstrating its effectiveness in detecting unreliable reconstructions in endoscopic and robotic surgery settings. To our knowledge, this is the first study to provide a model-agnostic, theoretically grounded approach to improving the safety of real-time endoscopic image SR. Code is available: https://github.com/jusiro/Endoscopic-CFM",ok,
Uncertainty-Aware Hypergraph Consistency Learning for Semi-supervised Medical Image Segmentation,https://papers.miccai.org/miccai-2026/1101-Paper4517.html,https://papers.miccai.org/miccai-2026/paper/4517_paper.pdf,https://github.com/BaoyaoGroup/UAHC,classification&segmentation,Cardiac; Skin,Image Segmentation,Semi- / Weakly- / Self-supervised Learning,"Xie, Kexin | Yang, Baoyao | Yin, Kejing | Cheung, William K. | Luo, Guibo","Semi-supervised medical image segmentation (SSMIS) reduces reliance on costly manual annotations while providing pixel-level anatomical localization to support downstream clinical tasks. Consistency learning has emerged as a prominent paradigm in SSMIS, harnessing unlabeled data to improve segmentation fidelity. However, existing consistency-based methods predominantly enforce constraints at the pixel or feature level, overlooking the preservation of anatomical structural consistency essential for accurate delineation. This limitation is further compounded by prediction uncertainty, especially near lesion boundaries. Uncertain predictions pose a dilemma: naïvely enforcing consistency on them misleads training, while simply discarding them risks losing diagnostically valuable information embedded in these challenging regions. To address these issues, we propose an Uncertainty-Aware Hypergraph Consistency Learning (UAHC) framework. UAHC elevates consistency learning to a high-order hypergraph level, capturing complex anatomical dependencies to enforce structural coherence beyond pairwise modeling. Moreover, it introduces a dual-branch design that separately handles certain and uncertain regions via complementary consistency constraints. The Certain-Region Hypergraph Consistency (CHC) module constructs hypergraphs to align teacher-student representations on stable areas, while the Uncertain-Region Hypergraph Consistency (UHC) module enables effective structural learning on ambiguous regions without being overwhelmed by noise. A novel hyperedge-level uncertainty weighting mechanism further adaptively emphasizes diagnostically significant yet uncertain anatomical patterns. Extensive experiments on four public medical segmentation benchmarks show that UAHC consistently outperforms state-of-the-art methods.",ok,
Understanding Model Behavior in Monocular Polyp Sizing,https://papers.miccai.org/miccai-2026/1106-Paper5951.html,https://papers.miccai.org/miccai-2026/paper/5951_paper.pdf,https://github.com/anaxqx/polyp-sizing-audit,classification&segmentation,Abdomen,Anomaly / Lesion Detection,Evaluation / Benchmarking / Reproducibility,"Xiong, Xinqi | Dunn Beltran, Andrea | Choi, Junmyeong | McGill, Sarah K. | Niethammer, Marc | Sengupta, Roni","Accurate polyp size stratification guides surveillance decisions, with lesions larger than 5 mm typically requiring closer follow-up. However, monocular colonoscopy lacks a reliable metric reference. We present a diagnostic audit of binary polyp size classification (≤ 5 mm vs. > 5 mm) across multiple public multi-center datasets, model families, and polyp-stratified cross-validation. Across architectures and input modalities, including RGB appearance, relative depth, and photometry, model performance is moderately consistent, suggesting reliance on cues correlated with examination behavior rather than true metric scales. By providing ground-truth scale at varying granularities, we quantify the potential improvement from perfect scale information and show that current depth estimation and global calibration offer limited gains. We further demonstrate that segmentation errors under distribution shift eliminate most of this potential, with oracle scale under predicted masks recovering only baseline performance. These results highlight metric scale and mask robustness as two independent bottlenecks and provide reusable evaluation tools—such as oracle scale ladders, shortcut partitions, and mask substitution—for auditing future polyp sizing pipelines. Our code is publicly accessible at https://github.com/anaxqx/polyp-sizing-audit.",ok,
Vis2Reg: Visibility-Aware Landmark-Free Geometric 3D–2D Registration for Liver Laparoscopy,https://papers.miccai.org/miccai-2026/1135-Paper5305.html,https://papers.miccai.org/miccai-2026/paper/5305_paper.pdf,https://github.com/aimsgroup-Leeds/Vis2Reg.git,registration,Abdomen,Image-Guided Interventions,,"Feng, Jiaming | Zhang, Xukun | Farid, Shahid | Ali, Sharib","Accurate 3D–2D liver registration, which aligns preoperative 3D models to partial, view-dependent intraoperative surface observations, is critical for AR-guided laparoscopic surgery but remains challenging due to severe occlusion, limited visibility, and the lack of 3D ground-truth supervision. Existing landmark-free approaches perform partial-to-complete geometric alignment, yet robust self-supervision under extreme partial visibility remains difficult. We propose Vis2Reg, a visibility-aware registration framework that explicitly constrains deformation using mask-consistent visible regions. We introduce a visibility-aware self-supervision that derives a visible-domain 3D supervision signal from intraoperative masks, enabled by differentiable point rasterization and mask-guided back-projection. This formulation improves robustness under severe occlusion while maintaining fully self-supervised learning. Vis2Reg combines a robust geometric rigid initialization module with an implicit neural deformation field for stable alignment. Experiments on real intraoperative datasets achieve Dice score of 0.926 and Chamfer Distance of 1.434 mm, with 111 ms per frame inference time, demonstrating both accuracy and practical efficiency.",ok,
Vision-Based Force Estimation Using Brain Surface Deformation Models,https://papers.miccai.org/miccai-2026/1137-Paper6080.html,https://papers.miccai.org/miccai-2026/paper/6080_paper.pdf,https://github.com/D3MIA/D2FNet,image synthesis,Brain,Visualization in Biomedical Imaging,,"Heraoui, Chakib | Haouchine, Nazim | Ouadahi, Nazim | Hooshiar, Amir | Collins, D. Louis | Del Maestro, Rolando F. | Gueziri, Houssem-Eddine","Haptic feedback is critical for neurosurgical training simulators, yet measuring contact forces in soft tissue interaction remains challenging. This paper presents a deep learning framework that estimates tool-tissue interaction forces directly from brain surface deformations captured by a monocular surgical microscope. A realistic dataset was generated using finite element method simulation in SOFA. The dataset contains ground-truth force magnitudes derived from tool-tissue interactions in neurosurgical scenarios. We developed D2FNet, a multiscale convolutional neural network trained using a novel anti-ghost loss function that incorporates an asymmetric weighting scheme applying a penalty to over-predictions in low-force regions. This minimizes false high-force estimates likely to induce erroneous haptic responses. The model processes spatial features from normalized displacements, magnitude, brain mask, and divergence field. Our method enables non-invasive estimation of interaction forces using only 2D video sequences. Crossvalidation on simulated data achieved R²=0.788±0.039 and mean absolute error (MAE)=6.4±0.8 mN. The anti-ghost loss reduced spurious force predictions by 73% compared to standard MSE training, particularly in low-force regions. We demonstrate feasibility through an ex vivo calf brain experiment and quantitatively compare estimated global forces with ground-truth measurements from an external force sensor. Results showed good agreement between the predicted forces and ground-truth measurements (MAE=0.071 N, Corr.=71.1%). Frame-independent force estimation from monocular surface deformation is feasible and clinically relevant for real-time force feedback rendering in realistic surgical simulators, with potential applications in intraoperative force monitoring.",ok,
