paper_url,paper_title,source_modality,source_file,source_row,kept_modality,kept_file,kept_row_after_dedup,action,deduplication_policy
https://papers.miccai.org/miccai-2026/0001-Paper2705.html,3D Cerebrovascular Shape Completion from Biplane Angiography and CTA Prior,CT-XRay,Published_papers/CT-XRay/papers_links.csv,2,CT-XRay,Published_papers/CT-XRay/papers_links.csv,2,kept,"Keep first occurrence by alphabetical modality directory, then original row order"
https://papers.miccai.org/miccai-2026/0002-Paper5533.html,3D Classification of Paramagnetic Rim Lesions in Multiple Sclerosis via Asymmetric QSM–FLAIR Modeling,MRI,Published_papers/MRI/papers_links.csv,2,MRI,Published_papers/MRI/papers_links.csv,2,kept,"Keep first occurrence by alphabetical modality directory, then original row order"
https://papers.miccai.org/miccai-2026/0003-Paper4553.html,A 3D Unrolling Framework for Joint Sodium MRI Reconstruction and Concentration Quantification,MRI,Published_papers/MRI/papers_links.csv,3,MRI,Published_papers/MRI/papers_links.csv,3,kept,"Keep first occurrence by alphabetical modality directory, then original row order"
https://papers.miccai.org/miccai-2026/0004-Paper2852.html,A Clinical Guideline-Grounded Hybrid Agentic Framework for Holistic Epilepsy Management,MRI,Published_papers/MRI/papers_links.csv,4,MRI,Published_papers/MRI/papers_links.csv,4,kept,"Keep first occurrence by alphabetical modality directory, then original row order"
https://papers.miccai.org/miccai-2026/0004-Paper2852.html,A Clinical Guideline-Grounded Hybrid Agentic Framework for Holistic Epilepsy Management,Physio-signals,Published_papers/Physio-signals/papers_links.csv,2,MRI,Published_papers/MRI/papers_links.csv,4,removed_duplicate,"Keep first occurrence by alphabetical modality directory, then original row order"
https://papers.miccai.org/miccai-2026/0005-Paper1600.html,A Confounder-aware Representation Learning Framework for Alzheimer’s Disease Classification,MRI,Published_papers/MRI/papers_links.csv,5,MRI,Published_papers/MRI/papers_links.csv,5,kept,"Keep first occurrence by alphabetical modality directory, then original row order"
https://papers.miccai.org/miccai-2026/0006-Paper6105.html,A Counterfactual Framework for Directional Cell–Cell Interaction Analysis in Spatial Transcriptomics,Microscopy,Published_papers/Microscopy/papers_links.csv,2,Microscopy,Published_papers/Microscopy/papers_links.csv,2,kept,"Keep first occurrence by alphabetical modality directory, then original row order"
https://papers.miccai.org/miccai-2026/0007-Paper4859.html,A Deep Learning Surrogate Model for Microwave Thermal Ablation: From Preoperative Planning to Intraoperative Re-planning,CT-XRay,Published_papers/CT-XRay/papers_links.csv,3,CT-XRay,Published_papers/CT-XRay/papers_links.csv,3,kept,"Keep first occurrence by alphabetical modality directory, then original row order"
https://papers.miccai.org/miccai-2026/0008-Paper4457.html,A Flexible Structure-Guided Feature Aggregation Paradigm for Efficient Vascular Representation,CT-XRay,Published_papers/CT-XRay/papers_links.csv,4,CT-XRay,Published_papers/CT-XRay/papers_links.csv,4,kept,"Keep first occurrence by alphabetical modality directory, then original row order"
https://papers.miccai.org/miccai-2026/0009-Paper5049.html,A Guideline-Aware AI Agent for Zero-Shot Target Volume Auto-Delineation,CT-XRay,Published_papers/CT-XRay/papers_links.csv,5,CT-XRay,Published_papers/CT-XRay/papers_links.csv,5,kept,"Keep first occurrence by alphabetical modality directory, then original row order"
https://papers.miccai.org/miccai-2026/0010-Paper1042.html,A Heterogeneous Prognosis Prediction Framework with Global Brain Connectivity and Local Image Features,CT-XRay,Published_papers/CT-XRay/papers_links.csv,6,CT-XRay,Published_papers/CT-XRay/papers_links.csv,6,kept,"Keep first occurrence by alphabetical modality directory, then original row order"
https://papers.miccai.org/miccai-2026/0010-Paper1042.html,A Heterogeneous Prognosis Prediction Framework with Global Brain Connectivity and Local Image Features,Diffusion-MRI,Published_papers/Diffusion-MRI/papers_links.csv,2,CT-XRay,Published_papers/CT-XRay/papers_links.csv,6,removed_duplicate,"Keep first occurrence by alphabetical modality directory, then original row order"
https://papers.miccai.org/miccai-2026/0010-Paper1042.html,A Heterogeneous Prognosis Prediction Framework with Global Brain Connectivity and Local Image Features,Func_MRI,Published_papers/Func_MRI/papers_links.csv,2,CT-XRay,Published_papers/CT-XRay/papers_links.csv,6,removed_duplicate,"Keep first occurrence by alphabetical modality directory, then original row order"
https://papers.miccai.org/miccai-2026/0011-Paper0766.html,A Hierarchical Multi-Task Framework for Dementia Diagnosis via Pathological Feature Learning from Multi-Organ Data,Multimodals,Published_papers/Multimodals/papers_links.csv,2,Multimodals,Published_papers/Multimodals/papers_links.csv,2,kept,"Keep first occurrence by alphabetical modality directory, then original row order"
https://papers.miccai.org/miccai-2026/0012-Paper1806.html,A Modality-Aware Mixture-of-Experts Framework for Clinical Multimodal Breast Ultrasound Diagnosis,ultrasounds,Published_papers/ultrasounds/papers_links.csv,2,ultrasounds,Published_papers/ultrasounds/papers_links.csv,2,kept,"Keep first occurrence by alphabetical modality directory, then original row order"
https://papers.miccai.org/miccai-2026/0013-Paper5454.html,A Multi-center Benchmark for Abdominal Disease Diagnosis and Report Generation from Non-Contrast CT,CT-XRay,Published_papers/CT-XRay/papers_links.csv,7,CT-XRay,Published_papers/CT-XRay/papers_links.csv,7,kept,"Keep first occurrence by alphabetical modality directory, then original row order"
https://papers.miccai.org/miccai-2026/0014-Paper4243.html,"A Multimodal 3D Foundation Model for Light Sheet Fluorescence Microscopy Enables Few-Shot Segmentation, Classification, and Deblurring",Microscopy,Published_papers/Microscopy/papers_links.csv,3,Microscopy,Published_papers/Microscopy/papers_links.csv,3,kept,"Keep first occurrence by alphabetical modality directory, then original row order"
https://papers.miccai.org/miccai-2026/0015-Paper0825.html,"A Multi-view, Hybrid, Hypergraph Learning Framework with Causal Perturbation for Early Alzheimer’s Disease Diagnosis",Func_MRI,Published_papers/Func_MRI/papers_links.csv,3,Func_MRI,Published_papers/Func_MRI/papers_links.csv,2,kept,"Keep first occurrence by alphabetical modality directory, then original row order"
https://papers.miccai.org/miccai-2026/0016-Paper2068.html,A Neurosymbolic Framework for Interpretable Skeleton-Based Seizure Detection via Concept-Driven Logical Reasoning,Others,Published_papers/Others/papers_links.csv,2,Others,Published_papers/Others/papers_links.csv,2,kept,"Keep first occurrence by alphabetical modality directory, then original row order"
https://papers.miccai.org/miccai-2026/0016-Paper2068.html,A Neurosymbolic Framework for Interpretable Skeleton-Based Seizure Detection via Concept-Driven Logical Reasoning,Photo_video,Published_papers/Photo_video/papers_links.csv,2,Others,Published_papers/Others/papers_links.csv,2,removed_duplicate,"Keep first occurrence by alphabetical modality directory, then original row order"
https://papers.miccai.org/miccai-2026/0017-Paper6055.html,A Real-World Evaluation of Failure Detection for Liver CT Segmentation,CT-XRay,Published_papers/CT-XRay/papers_links.csv,8,CT-XRay,Published_papers/CT-XRay/papers_links.csv,8,kept,"Keep first occurrence by alphabetical modality directory, then original row order"
https://papers.miccai.org/miccai-2026/0018-Paper3573.html,A Unified Few-Shot Framework for Multi-Atlas Neuroimaging Segmentation Leveraging Vision Foundation Models,MRI,Published_papers/MRI/papers_links.csv,6,MRI,Published_papers/MRI/papers_links.csv,6,kept,"Keep first occurrence by alphabetical modality directory, then original row order"
https://papers.miccai.org/miccai-2026/0019-Paper5165.html,A Unified Framework for Joint Detection of Lacunes and Enlarged Perivascular Spaces,MRI,Published_papers/MRI/papers_links.csv,7,MRI,Published_papers/MRI/papers_links.csv,7,kept,"Keep first occurrence by alphabetical modality directory, then original row order"
https://papers.miccai.org/miccai-2026/0020-Paper1637.html,"A Versatile Prompt-Driven Framework for Brain Segmentation, Parcellation, and Surface Reconstruction from Diverse Modalities",MRI,Published_papers/MRI/papers_links.csv,8,MRI,Published_papers/MRI/papers_links.csv,8,kept,"Keep first occurrence by alphabetical modality directory, then original row order"
https://papers.miccai.org/miccai-2026/0021-Paper5543.html,AbdomenGen: Sequential Volume-Conditioned Diffusion Framework for Abdominal Anatomy Generation,CT-XRay,Published_papers/CT-XRay/papers_links.csv,9,CT-XRay,Published_papers/CT-XRay/papers_links.csv,9,kept,"Keep first occurrence by alphabetical modality directory, then original row order"
https://papers.miccai.org/miccai-2026/0022-Paper4515.html,ACA: Post-hoc Adaptive Logit Alignment for 3D Medical Image Segmentation,CT-XRay,Published_papers/CT-XRay/papers_links.csv,10,CT-XRay,Published_papers/CT-XRay/papers_links.csv,10,kept,"Keep first occurrence by alphabetical modality directory, then original row order"
https://papers.miccai.org/miccai-2026/0022-Paper4515.html,ACA: Post-hoc Adaptive Logit Alignment for 3D Medical Image Segmentation,MRI,Published_papers/MRI/papers_links.csv,10,CT-XRay,Published_papers/CT-XRay/papers_links.csv,10,removed_duplicate,"Keep first occurrence by alphabetical modality directory, then original row order"
https://papers.miccai.org/miccai-2026/0023-Paper4622.html,Accurate Reconstruction of the Standard 12-Lead ECG from a Single Lead Based on Inherent Principles of ECG,Physio-signals,Published_papers/Physio-signals/papers_links.csv,3,Physio-signals,Published_papers/Physio-signals/papers_links.csv,2,kept,"Keep first occurrence by alphabetical modality directory, then original row order"
https://papers.miccai.org/miccai-2026/0023-Paper4622.html,Accurate Reconstruction of the Standard 12-Lead ECG from a Single Lead Based on Inherent Principles of ECG,Sensors,Published_papers/Sensors/papers_links.csv,2,Physio-signals,Published_papers/Physio-signals/papers_links.csv,2,removed_duplicate,"Keep first occurrence by alphabetical modality directory, then original row order"
https://papers.miccai.org/miccai-2026/0024-Paper4031.html,ACMap: Across-scales Connectivity Mapping of Primate Brain,Diffusion-MRI,Published_papers/Diffusion-MRI/papers_links.csv,3,Diffusion-MRI,Published_papers/Diffusion-MRI/papers_links.csv,2,kept,"Keep first occurrence by alphabetical modality directory, then original row order"
https://papers.miccai.org/miccai-2026/0024-Paper4031.html,ACMap: Across-scales Connectivity Mapping of Primate Brain,Microscopy,Published_papers/Microscopy/papers_links.csv,4,Diffusion-MRI,Published_papers/Diffusion-MRI/papers_links.csv,2,removed_duplicate,"Keep first occurrence by alphabetical modality directory, then original row order"
https://papers.miccai.org/miccai-2026/0024-Paper4031.html,ACMap: Across-scales Connectivity Mapping of Primate Brain,Others,Published_papers/Others/papers_links.csv,3,Diffusion-MRI,Published_papers/Diffusion-MRI/papers_links.csv,2,removed_duplicate,"Keep first occurrence by alphabetical modality directory, then original row order"
https://papers.miccai.org/miccai-2026/0025-Paper5702.html,AC-MIL: Weakly-Supervised Atrial LGE-MRI Quality Assessment via Adversarial Concept Disentanglement,MRI,Published_papers/MRI/papers_links.csv,9,MRI,Published_papers/MRI/papers_links.csv,9,kept,"Keep first occurrence by alphabetical modality directory, then original row order"
https://papers.miccai.org/miccai-2026/0026-Paper2305.html,Active Evaluation-Induced Graph Network Based Medical Hyperspectral Image Classification for Tumor Diagnosis,Spectroscopy,Published_papers/Spectroscopy/papers_links.csv,2,Spectroscopy,Published_papers/Spectroscopy/papers_links.csv,2,kept,"Keep first occurrence by alphabetical modality directory, then original row order"
https://papers.miccai.org/miccai-2026/0027-Paper2507.html,Active Source-free Domain Adaptation in Open-set Medical Image Segmentation via Decomposed Uncertainty and Prototype Discrepancy,CT-XRay,Published_papers/CT-XRay/papers_links.csv,11,CT-XRay,Published_papers/CT-XRay/papers_links.csv,11,kept,"Keep first occurrence by alphabetical modality directory, then original row order"
https://papers.miccai.org/miccai-2026/0027-Paper2507.html,Active Source-free Domain Adaptation in Open-set Medical Image Segmentation via Decomposed Uncertainty and Prototype Discrepancy,MRI,Published_papers/MRI/papers_links.csv,11,CT-XRay,Published_papers/CT-XRay/papers_links.csv,11,removed_duplicate,"Keep first occurrence by alphabetical modality directory, then original row order"
https://papers.miccai.org/miccai-2026/0028-Paper2765.html,AdaBIMBA: Adaptive Token Compression for Long Endoscopy Video Understanding,Endoscopy,Published_papers/Endoscopy/papers_links.csv,2,Endoscopy,Published_papers/Endoscopy/papers_links.csv,2,kept,"Keep first occurrence by alphabetical modality directory, then original row order"
https://papers.miccai.org/miccai-2026/0029-Paper5721.html,ADAPT: Adaptive Profiling Transformers for Efficient Alzheimer’s Disease Diagnosis,MRI,Published_papers/MRI/papers_links.csv,12,MRI,Published_papers/MRI/papers_links.csv,10,kept,"Keep first occurrence by alphabetical modality directory, then original row order"
https://papers.miccai.org/miccai-2026/0030-Paper0916.html,Adapting Ordinal-Risk Alignment for Clinically Safe Diabetic Retinopathy Grading,Photo_video,Published_papers/Photo_video/papers_links.csv,3,Photo_video,Published_papers/Photo_video/papers_links.csv,2,kept,"Keep first occurrence by alphabetical modality directory, then original row order"
https://papers.miccai.org/miccai-2026/0031-Paper3550.html,Adapting Without Access: Black-Box Bayesian Adaptation for Trustworthy Cross-Center Medical Image Segmentation,CT-XRay,Published_papers/CT-XRay/papers_links.csv,12,CT-XRay,Published_papers/CT-XRay/papers_links.csv,12,kept,"Keep first occurrence by alphabetical modality directory, then original row order"
https://papers.miccai.org/miccai-2026/0031-Paper3550.html,Adapting Without Access: Black-Box Bayesian Adaptation for Trustworthy Cross-Center Medical Image Segmentation,ultrasounds,Published_papers/ultrasounds/papers_links.csv,3,CT-XRay,Published_papers/CT-XRay/papers_links.csv,12,removed_duplicate,"Keep first occurrence by alphabetical modality directory, then original row order"
https://papers.miccai.org/miccai-2026/0032-Paper4551.html,Adaptive Frequency-Guided Parallel Mamba Network for Polyp Segmentation,Photo_video,Published_papers/Photo_video/papers_links.csv,4,Photo_video,Published_papers/Photo_video/papers_links.csv,3,kept,"Keep first occurrence by alphabetical modality directory, then original row order"
https://papers.miccai.org/miccai-2026/0032-Paper4551.html,Adaptive Frequency-Guided Parallel Mamba Network for Polyp Segmentation,Sensors,Published_papers/Sensors/papers_links.csv,3,Photo_video,Published_papers/Photo_video/papers_links.csv,3,removed_duplicate,"Keep first occurrence by alphabetical modality directory, then original row order"
https://papers.miccai.org/miccai-2026/0033-Paper4611.html,AdaSurvMamba: Dynamic Fusion and Semantic Scanning for Multimodal Survival Analysis,Histology,Published_papers/Histology/papers_links.csv,2,Histology,Published_papers/Histology/papers_links.csv,2,kept,"Keep first occurrence by alphabetical modality directory, then original row order"
https://papers.miccai.org/miccai-2026/0033-Paper4611.html,AdaSurvMamba: Dynamic Fusion and Semantic Scanning for Multimodal Survival Analysis,Multimodals,Published_papers/Multimodals/papers_links.csv,3,Histology,Published_papers/Histology/papers_links.csv,2,removed_duplicate,"Keep first occurrence by alphabetical modality directory, then original row order"
https://papers.miccai.org/miccai-2026/0034-Paper3644.html,Addressing Gradient Conflicts in Multimodal Fundus Disease Recognition with Fusion-Guided Learning,Photo_video,Published_papers/Photo_video/papers_links.csv,5,Photo_video,Published_papers/Photo_video/papers_links.csv,4,kept,"Keep first occurrence by alphabetical modality directory, then original row order"
https://papers.miccai.org/miccai-2026/0035-Paper3002.html,Addressing Tissue and Appearance Heterogeneity in Text-Guided Few-Shot WSI Classification,Histology,Published_papers/Histology/papers_links.csv,3,Histology,Published_papers/Histology/papers_links.csv,3,kept,"Keep first occurrence by alphabetical modality directory, then original row order"
https://papers.miccai.org/miccai-2026/0036-Paper0597.html,AEGIS: Anatomy-Embedded Group-Invariant Segmentation for Fair Medical Foundation Models,MRI,Published_papers/MRI/papers_links.csv,13,MRI,Published_papers/MRI/papers_links.csv,11,kept,"Keep first occurrence by alphabetical modality directory, then original row order"
https://papers.miccai.org/miccai-2026/0037-Paper5918.html,AffordTissue: Dense Affordance Prediction for Tool-Action Specific Tissue Interaction,Endoscopy,Published_papers/Endoscopy/papers_links.csv,3,Endoscopy,Published_papers/Endoscopy/papers_links.csv,3,kept,"Keep first occurrence by alphabetical modality directory, then original row order"
https://papers.miccai.org/miccai-2026/0038-Paper0598.html,Age Conditional Longitudinal Forecasting of Adolescent Functional Connectivity via Brownian Bridge Diffusion Models,Func_MRI,Published_papers/Func_MRI/papers_links.csv,4,Func_MRI,Published_papers/Func_MRI/papers_links.csv,3,kept,"Keep first occurrence by alphabetical modality directory, then original row order"
https://papers.miccai.org/miccai-2026/0039-Paper5366.html,AGE-MIL: Anchor-Guided Evidence Learning for Patient-Level Prediction,Histology,Published_papers/Histology/papers_links.csv,4,Histology,Published_papers/Histology/papers_links.csv,4,kept,"Keep first occurrence by alphabetical modality directory, then original row order"
https://papers.miccai.org/miccai-2026/0040-Paper5424.html,Agent-Guided Relational Concept Discovery: Toward Interpretable Surgical Margin Assessment,Others,Published_papers/Others/papers_links.csv,4,Others,Published_papers/Others/papers_links.csv,3,kept,"Keep first occurrence by alphabetical modality directory, then original row order"
https://papers.miccai.org/miccai-2026/0041-Paper3725.html,AGGRNet: Selective Feature Extraction and Aggregation for Enhanced Medical Image Classification,Endoscopy,Published_papers/Endoscopy/papers_links.csv,4,Endoscopy,Published_papers/Endoscopy/papers_links.csv,4,kept,"Keep first occurrence by alphabetical modality directory, then original row order"
https://papers.miccai.org/miccai-2026/0041-Paper3725.html,AGGRNet: Selective Feature Extraction and Aggregation for Enhanced Medical Image Classification,Histology,Published_papers/Histology/papers_links.csv,5,Endoscopy,Published_papers/Endoscopy/papers_links.csv,4,removed_duplicate,"Keep first occurrence by alphabetical modality directory, then original row order"
https://papers.miccai.org/miccai-2026/0041-Paper3725.html,AGGRNet: Selective Feature Extraction and Aggregation for Enhanced Medical Image Classification,Others,Published_papers/Others/papers_links.csv,5,Endoscopy,Published_papers/Endoscopy/papers_links.csv,4,removed_duplicate,"Keep first occurrence by alphabetical modality directory, then original row order"
https://papers.miccai.org/miccai-2026/0041-Paper3725.html,AGGRNet: Selective Feature Extraction and Aggregation for Enhanced Medical Image Classification,Photo_video,Published_papers/Photo_video/papers_links.csv,6,Endoscopy,Published_papers/Endoscopy/papers_links.csv,4,removed_duplicate,"Keep first occurrence by alphabetical modality directory, then original row order"
https://papers.miccai.org/miccai-2026/0042-Paper3186.html,AHPR-Net: Anatomy-aware Hierarchical Prompting Refinement Network for Spine Image Segmentation,CT-XRay,Published_papers/CT-XRay/papers_links.csv,13,CT-XRay,Published_papers/CT-XRay/papers_links.csv,13,kept,"Keep first occurrence by alphabetical modality directory, then original row order"
https://papers.miccai.org/miccai-2026/0042-Paper3186.html,AHPR-Net: Anatomy-aware Hierarchical Prompting Refinement Network for Spine Image Segmentation,MRI,Published_papers/MRI/papers_links.csv,14,CT-XRay,Published_papers/CT-XRay/papers_links.csv,13,removed_duplicate,"Keep first occurrence by alphabetical modality directory, then original row order"
https://papers.miccai.org/miccai-2026/0043-Paper5697.html,AI-Driven Pulmonary Congestion Assessment for Lung Ultrasound via Segmentation-Guided Transformers,ultrasounds,Published_papers/ultrasounds/papers_links.csv,4,ultrasounds,Published_papers/ultrasounds/papers_links.csv,3,kept,"Keep first occurrence by alphabetical modality directory, then original row order"
https://papers.miccai.org/miccai-2026/0044-Paper0037.html,ALFA: Biplanar X-Ray Reconstruction via Anatomy-Latent Field Adaptation,CT-XRay,Published_papers/CT-XRay/papers_links.csv,14,CT-XRay,Published_papers/CT-XRay/papers_links.csv,14,kept,"Keep first occurrence by alphabetical modality directory, then original row order"
https://papers.miccai.org/miccai-2026/0045-Paper2958.html,Aligning Prototypes and Updating Null Spaces for Continual WSI Learning,Histology,Published_papers/Histology/papers_links.csv,6,Histology,Published_papers/Histology/papers_links.csv,5,kept,"Keep first occurrence by alphabetical modality directory, then original row order"
https://papers.miccai.org/miccai-2026/0046-Paper5292.html,All-in-One Augmented Reality Guided Head and Neck Tumor Resection,Sensors,Published_papers/Sensors/papers_links.csv,4,Sensors,Published_papers/Sensors/papers_links.csv,2,kept,"Keep first occurrence by alphabetical modality directory, then original row order"
https://papers.miccai.org/miccai-2026/0047-Paper0535.html,ALSAnchorNet: Biologically Informed Multimodal MRI Fusion for Amyotrophic Lateral Sclerosis Diagnosis,Diffusion-MRI,Published_papers/Diffusion-MRI/papers_links.csv,4,Diffusion-MRI,Published_papers/Diffusion-MRI/papers_links.csv,3,kept,"Keep first occurrence by alphabetical modality directory, then original row order"
https://papers.miccai.org/miccai-2026/0047-Paper0535.html,ALSAnchorNet: Biologically Informed Multimodal MRI Fusion for Amyotrophic Lateral Sclerosis Diagnosis,Func_MRI,Published_papers/Func_MRI/papers_links.csv,5,Diffusion-MRI,Published_papers/Diffusion-MRI/papers_links.csv,3,removed_duplicate,"Keep first occurrence by alphabetical modality directory, then original row order"
https://papers.miccai.org/miccai-2026/0047-Paper0535.html,ALSAnchorNet: Biologically Informed Multimodal MRI Fusion for Amyotrophic Lateral Sclerosis Diagnosis,MRI,Published_papers/MRI/papers_links.csv,15,Diffusion-MRI,Published_papers/Diffusion-MRI/papers_links.csv,3,removed_duplicate,"Keep first occurrence by alphabetical modality directory, then original row order"
https://papers.miccai.org/miccai-2026/0048-Paper4880.html,AMFG: Anatomy-Grounded Multi-finding Guidance for Training-Free Chest X-Ray Generation,CT-XRay,Published_papers/CT-XRay/papers_links.csv,15,CT-XRay,Published_papers/CT-XRay/papers_links.csv,15,kept,"Keep first occurrence by alphabetical modality directory, then original row order"
https://papers.miccai.org/miccai-2026/0049-Paper2038.html,An Artifact-Based Agent Framework for Adaptive and Reproducible Medical Image Processing,CT-XRay,Published_papers/CT-XRay/papers_links.csv,16,CT-XRay,Published_papers/CT-XRay/papers_links.csv,16,kept,"Keep first occurrence by alphabetical modality directory, then original row order"
https://papers.miccai.org/miccai-2026/0049-Paper2038.html,An Artifact-Based Agent Framework for Adaptive and Reproducible Medical Image Processing,MRI,Published_papers/MRI/papers_links.csv,16,CT-XRay,Published_papers/CT-XRay/papers_links.csv,16,removed_duplicate,"Keep first occurrence by alphabetical modality directory, then original row order"
https://papers.miccai.org/miccai-2026/0050-Paper4807.html,Anatomically Accurate 3D Vessel Generation via 3-Phase Chebyshev Curve Diffusion,CT-XRay,Published_papers/CT-XRay/papers_links.csv,17,CT-XRay,Published_papers/CT-XRay/papers_links.csv,17,kept,"Keep first occurrence by alphabetical modality directory, then original row order"
https://papers.miccai.org/miccai-2026/0050-Paper4807.html,Anatomically Accurate 3D Vessel Generation via 3-Phase Chebyshev Curve Diffusion,Computational_imagings,Published_papers/Computational_imagings/papers_links.csv,2,CT-XRay,Published_papers/CT-XRay/papers_links.csv,17,removed_duplicate,"Keep first occurrence by alphabetical modality directory, then original row order"
https://papers.miccai.org/miccai-2026/0051-Paper0906.html,Anatomically Consistent TMJ Disc Segmentation via Semantic Anchoring and Clinical Priors,MRI,Published_papers/MRI/papers_links.csv,17,MRI,Published_papers/MRI/papers_links.csv,12,kept,"Keep first occurrence by alphabetical modality directory, then original row order"
https://papers.miccai.org/miccai-2026/0052-Paper3157.html,Anatomy- and Site-Guided 3D Patch Diffusion for Robust MRI Harmonization,MRI,Published_papers/MRI/papers_links.csv,18,MRI,Published_papers/MRI/papers_links.csv,13,kept,"Keep first occurrence by alphabetical modality directory, then original row order"
https://papers.miccai.org/miccai-2026/0053-Paper1980.html,Anatomy-Anchored Self-Supervision: Distilling Vision Foundation Models for Invariant Ultrasound Representation,ultrasounds,Published_papers/ultrasounds/papers_links.csv,5,ultrasounds,Published_papers/ultrasounds/papers_links.csv,4,kept,"Keep first occurrence by alphabetical modality directory, then original row order"
https://papers.miccai.org/miccai-2026/0054-Paper6264.html,Anatomy-Aware Hierarchical Multiple Instance Learning for Interpretable COPD Diagnosis and Phenotype Analysis,CT-XRay,Published_papers/CT-XRay/papers_links.csv,18,CT-XRay,Published_papers/CT-XRay/papers_links.csv,18,kept,"Keep first occurrence by alphabetical modality directory, then original row order"
https://papers.miccai.org/miccai-2026/0055-Paper2633.html,Anatomy-Aware Prediction of Bronchoscopic Accessibility from 3D CT,CT-XRay,Published_papers/CT-XRay/papers_links.csv,19,CT-XRay,Published_papers/CT-XRay/papers_links.csv,19,kept,"Keep first occurrence by alphabetical modality directory, then original row order"
https://papers.miccai.org/miccai-2026/0056-Paper2755.html,Anatomy-Aware Reverse Symmetric Self-paced Learning for Prostate Cancer Detection,MRI,Published_papers/MRI/papers_links.csv,19,MRI,Published_papers/MRI/papers_links.csv,14,kept,"Keep first occurrence by alphabetical modality directory, then original row order"
https://papers.miccai.org/miccai-2026/0057-Paper2244.html,Anatomy-Aware Standard Plane Localization in 3D Ultrasound with Geometric Constraints,ultrasounds,Published_papers/ultrasounds/papers_links.csv,6,ultrasounds,Published_papers/ultrasounds/papers_links.csv,5,kept,"Keep first occurrence by alphabetical modality directory, then original row order"
https://papers.miccai.org/miccai-2026/0058-Paper2678.html,Anatomy-Conditioned Domain Randomization for Zero-Shot 3D Cerebrovascular Segmentation,CT-XRay,Published_papers/CT-XRay/papers_links.csv,20,CT-XRay,Published_papers/CT-XRay/papers_links.csv,20,kept,"Keep first occurrence by alphabetical modality directory, then original row order"
https://papers.miccai.org/miccai-2026/0058-Paper2678.html,Anatomy-Conditioned Domain Randomization for Zero-Shot 3D Cerebrovascular Segmentation,Computational_imagings,Published_papers/Computational_imagings/papers_links.csv,3,CT-XRay,Published_papers/CT-XRay/papers_links.csv,20,removed_duplicate,"Keep first occurrence by alphabetical modality directory, then original row order"
https://papers.miccai.org/miccai-2026/0058-Paper2678.html,Anatomy-Conditioned Domain Randomization for Zero-Shot 3D Cerebrovascular Segmentation,MRI,Published_papers/MRI/papers_links.csv,20,CT-XRay,Published_papers/CT-XRay/papers_links.csv,20,removed_duplicate,"Keep first occurrence by alphabetical modality directory, then original row order"
https://papers.miccai.org/miccai-2026/0059-Paper6167.html,Anatomy-Grounded Synthetic Coronary Angiography for Geometry-Informed Multi-view Matching,CT-XRay,Published_papers/CT-XRay/papers_links.csv,21,CT-XRay,Published_papers/CT-XRay/papers_links.csv,21,kept,"Keep first occurrence by alphabetical modality directory, then original row order"
https://papers.miccai.org/miccai-2026/0060-Paper3003.html,Anatomy-Guided Residual Motion Diffusion for Controllable 4D Cardiac MRI Synthesis,MRI,Published_papers/MRI/papers_links.csv,21,MRI,Published_papers/MRI/papers_links.csv,15,kept,"Keep first occurrence by alphabetical modality directory, then original row order"
https://papers.miccai.org/miccai-2026/0061-Paper4609.html,Anatomy-Structured Hierarchical MIL for Weakly-Supervised Thoracic Disease Detection in Chest X-Rays,CT-XRay,Published_papers/CT-XRay/papers_links.csv,22,CT-XRay,Published_papers/CT-XRay/papers_links.csv,22,kept,"Keep first occurrence by alphabetical modality directory, then original row order"
https://papers.miccai.org/miccai-2026/0062-Paper1509.html,Anatomy-Texture Aware Safe Gradient Guidance for Source-Free Domain Adaptive Echocardiography Video Segmentation,ultrasounds,Published_papers/ultrasounds/papers_links.csv,7,ultrasounds,Published_papers/ultrasounds/papers_links.csv,6,kept,"Keep first occurrence by alphabetical modality directory, then original row order"
https://papers.miccai.org/miccai-2026/0063-Paper2300.html,Angio-Stitch: An Unsupervised Coarse-to-Fine Framework for Sequential Stitching of Confocal Laser Endomicroscopy Images,Microscopy,Published_papers/Microscopy/papers_links.csv,5,Microscopy,Published_papers/Microscopy/papers_links.csv,4,kept,"Keep first occurrence by alphabetical modality directory, then original row order"
https://papers.miccai.org/miccai-2026/0064-Paper4614.html,Angular-Constrained Hyperbolic Learning for Hierarchical Multimodal Survival Prediction,Microscopy,Published_papers/Microscopy/papers_links.csv,6,Microscopy,Published_papers/Microscopy/papers_links.csv,5,kept,"Keep first occurrence by alphabetical modality directory, then original row order"
https://papers.miccai.org/miccai-2026/0065-Paper3455.html,Anomaly Detection in Fetal Echocardiography via Cross-Modal Translation and Region-Discriminated Error Calibration,ultrasounds,Published_papers/ultrasounds/papers_links.csv,8,ultrasounds,Published_papers/ultrasounds/papers_links.csv,7,kept,"Keep first occurrence by alphabetical modality directory, then original row order"
https://papers.miccai.org/miccai-2026/0066-Paper1304.html,AnomExpert: Identifying and Selecting Anatomical Planes for Prenatal Ultrasound Anomaly Diagnosis,ultrasounds,Published_papers/ultrasounds/papers_links.csv,9,ultrasounds,Published_papers/ultrasounds/papers_links.csv,8,kept,"Keep first occurrence by alphabetical modality directory, then original row order"
https://papers.miccai.org/miccai-2026/0067-Paper0425.html,APEX-SAM: Anatomy-Aware Prompting with Expert Retrieval for Training-Free Medical Image Segmentation,CT-XRay,Published_papers/CT-XRay/papers_links.csv,23,CT-XRay,Published_papers/CT-XRay/papers_links.csv,23,kept,"Keep first occurrence by alphabetical modality directory, then original row order"
https://papers.miccai.org/miccai-2026/0067-Paper0425.html,APEX-SAM: Anatomy-Aware Prompting with Expert Retrieval for Training-Free Medical Image Segmentation,Diffusion-MRI,Published_papers/Diffusion-MRI/papers_links.csv,5,CT-XRay,Published_papers/CT-XRay/papers_links.csv,23,removed_duplicate,"Keep first occurrence by alphabetical modality directory, then original row order"
https://papers.miccai.org/miccai-2026/0068-Paper0794.html,ARCH-Net: Aligned 3D Teeth Reconstruction via Counterfactual-Enhanced Hierarchical Framework,Others,Published_papers/Others/papers_links.csv,6,Others,Published_papers/Others/papers_links.csv,4,kept,"Keep first occurrence by alphabetical modality directory, then original row order"
https://papers.miccai.org/miccai-2026/0068-Paper0794.html,ARCH-Net: Aligned 3D Teeth Reconstruction via Counterfactual-Enhanced Hierarchical Framework,Photo_video,Published_papers/Photo_video/papers_links.csv,7,Others,Published_papers/Others/papers_links.csv,4,removed_duplicate,"Keep first occurrence by alphabetical modality directory, then original row order"
https://papers.miccai.org/miccai-2026/0069-Paper4565.html,Are Foundational Models Less Biased Than Specialized Models? An Ultrasound Study,ultrasounds,Published_papers/ultrasounds/papers_links.csv,10,ultrasounds,Published_papers/ultrasounds/papers_links.csv,9,kept,"Keep first occurrence by alphabetical modality directory, then original row order"
https://papers.miccai.org/miccai-2026/0070-Paper3222.html,Arrhythmia-Robust Cine-MRI via Latent Motion Artifact Characterization,MRI,Published_papers/MRI/papers_links.csv,22,MRI,Published_papers/MRI/papers_links.csv,16,kept,"Keep first occurrence by alphabetical modality directory, then original row order"
https://papers.miccai.org/miccai-2026/0071-Paper4264.html,Artery and vein segmentation on brain CTA using CTP for contrast-phase augmentation,CT-XRay,Published_papers/CT-XRay/papers_links.csv,24,CT-XRay,Published_papers/CT-XRay/papers_links.csv,24,kept,"Keep first occurrence by alphabetical modality directory, then original row order"
https://papers.miccai.org/miccai-2026/0072-Paper4954.html,Artifact-aware Prompt Learning for Domain Generalization,Photo_video,Published_papers/Photo_video/papers_links.csv,8,Photo_video,Published_papers/Photo_video/papers_links.csv,5,kept,"Keep first occurrence by alphabetical modality directory, then original row order"
https://papers.miccai.org/miccai-2026/0073-Paper0020.html,ASTAR: Automated Induction of STAndardized Radiology Reporting Templates from Large-Scale Clinical Free-Text Corpora,MRI,Published_papers/MRI/papers_links.csv,23,MRI,Published_papers/MRI/papers_links.csv,17,kept,"Keep first occurrence by alphabetical modality directory, then original row order"
https://papers.miccai.org/miccai-2026/0073-Paper0020.html,ASTAR: Automated Induction of STAndardized Radiology Reporting Templates from Large-Scale Clinical Free-Text Corpora,Others,Published_papers/Others/papers_links.csv,7,MRI,Published_papers/MRI/papers_links.csv,17,removed_duplicate,"Keep first occurrence by alphabetical modality directory, then original row order"
https://papers.miccai.org/miccai-2026/0074-Paper6082.html,AS-TIME: Time-Conditioned Multimodal Modeling of Aortic Stenosis Progression,ultrasounds,Published_papers/ultrasounds/papers_links.csv,11,ultrasounds,Published_papers/ultrasounds/papers_links.csv,10,kept,"Keep first occurrence by alphabetical modality directory, then original row order"
https://papers.miccai.org/miccai-2026/0075-Paper4326.html,Asym-MSF: Asymmetric Multi-scale Structural Fusion for Robust BCVA Prediction with Self-supervised Fidelity Constraints,Multimodals,Published_papers/Multimodals/papers_links.csv,4,Multimodals,Published_papers/Multimodals/papers_links.csv,3,kept,"Keep first occurrence by alphabetical modality directory, then original row order"
https://papers.miccai.org/miccai-2026/0075-Paper4326.html,Asym-MSF: Asymmetric Multi-scale Structural Fusion for Robust BCVA Prediction with Self-supervised Fidelity Constraints,Others,Published_papers/Others/papers_links.csv,8,Multimodals,Published_papers/Multimodals/papers_links.csv,3,removed_duplicate,"Keep first occurrence by alphabetical modality directory, then original row order"
https://papers.miccai.org/miccai-2026/0076-Paper2167.html,AsynDiff: Asynchronous-Timestep Diffusion with Noise-Aware Attention for Multi-sequence MRI Synthesis,Computational_imagings,Published_papers/Computational_imagings/papers_links.csv,4,Computational_imagings,Published_papers/Computational_imagings/papers_links.csv,2,kept,"Keep first occurrence by alphabetical modality directory, then original row order"
https://papers.miccai.org/miccai-2026/0076-Paper2167.html,AsynDiff: Asynchronous-Timestep Diffusion with Noise-Aware Attention for Multi-sequence MRI Synthesis,MRI,Published_papers/MRI/papers_links.csv,24,Computational_imagings,Published_papers/Computational_imagings/papers_links.csv,2,removed_duplicate,"Keep first occurrence by alphabetical modality directory, then original row order"
https://papers.miccai.org/miccai-2026/0077-Paper2351.html,AtomiMed: Hierarchical Atomic Fact-Checking for Universal Clinical-Aware Medical Report Evaluation,CT-XRay,Published_papers/CT-XRay/papers_links.csv,25,CT-XRay,Published_papers/CT-XRay/papers_links.csv,25,kept,"Keep first occurrence by alphabetical modality directory, then original row order"
https://papers.miccai.org/miccai-2026/0077-Paper2351.html,AtomiMed: Hierarchical Atomic Fact-Checking for Universal Clinical-Aware Medical Report Evaluation,MRI,Published_papers/MRI/papers_links.csv,25,CT-XRay,Published_papers/CT-XRay/papers_links.csv,25,removed_duplicate,"Keep first occurrence by alphabetical modality directory, then original row order"
https://papers.miccai.org/miccai-2026/0077-Paper2351.html,AtomiMed: Hierarchical Atomic Fact-Checking for Universal Clinical-Aware Medical Report Evaluation,ultrasounds,Published_papers/ultrasounds/papers_links.csv,12,CT-XRay,Published_papers/CT-XRay/papers_links.csv,25,removed_duplicate,"Keep first occurrence by alphabetical modality directory, then original row order"
https://papers.miccai.org/miccai-2026/0078-Paper2030.html,Attention is Matter for Inclusiveness: Generating Synthetic CT for Patients with Hip Implants,CT-XRay,Published_papers/CT-XRay/papers_links.csv,26,CT-XRay,Published_papers/CT-XRay/papers_links.csv,26,kept,"Keep first occurrence by alphabetical modality directory, then original row order"
https://papers.miccai.org/miccai-2026/0078-Paper2030.html,Attention is Matter for Inclusiveness: Generating Synthetic CT for Patients with Hip Implants,Computational_imagings,Published_papers/Computational_imagings/papers_links.csv,5,CT-XRay,Published_papers/CT-XRay/papers_links.csv,26,removed_duplicate,"Keep first occurrence by alphabetical modality directory, then original row order"
https://papers.miccai.org/miccai-2026/0078-Paper2030.html,Attention is Matter for Inclusiveness: Generating Synthetic CT for Patients with Hip Implants,MRI,Published_papers/MRI/papers_links.csv,26,CT-XRay,Published_papers/CT-XRay/papers_links.csv,26,removed_duplicate,"Keep first occurrence by alphabetical modality directory, then original row order"
https://papers.miccai.org/miccai-2026/0079-Paper3792.html,Attention-Based Prototype Calibration for Multi-Rater Few-Shot Medical Image Segmentation,CT-XRay,Published_papers/CT-XRay/papers_links.csv,27,CT-XRay,Published_papers/CT-XRay/papers_links.csv,27,kept,"Keep first occurrence by alphabetical modality directory, then original row order"
https://papers.miccai.org/miccai-2026/0079-Paper3792.html,Attention-Based Prototype Calibration for Multi-Rater Few-Shot Medical Image Segmentation,Func_MRI,Published_papers/Func_MRI/papers_links.csv,6,CT-XRay,Published_papers/CT-XRay/papers_links.csv,27,removed_duplicate,"Keep first occurrence by alphabetical modality directory, then original row order"
https://papers.miccai.org/miccai-2026/0080-Paper1734.html,Attenuation-Resilient Alternating Optimization for Laparoscopic Liver Landmark Detection,Endoscopy,Published_papers/Endoscopy/papers_links.csv,5,Endoscopy,Published_papers/Endoscopy/papers_links.csv,5,kept,"Keep first occurrence by alphabetical modality directory, then original row order"
https://papers.miccai.org/miccai-2026/0081-Paper2550.html,Attribute-Aware Federated Learning with Pseudo-Bag Augmentation for Multi-Center WSI Classification,Histology,Published_papers/Histology/papers_links.csv,7,Histology,Published_papers/Histology/papers_links.csv,6,kept,"Keep first occurrence by alphabetical modality directory, then original row order"
https://papers.miccai.org/miccai-2026/0082-Paper0716.html,AutoLand: A Data-Efficient Automated Agentic Workflow for Universal Medical Landmark Detection,CT-XRay,Published_papers/CT-XRay/papers_links.csv,28,CT-XRay,Published_papers/CT-XRay/papers_links.csv,28,kept,"Keep first occurrence by alphabetical modality directory, then original row order"
https://papers.miccai.org/miccai-2026/0082-Paper0716.html,AutoLand: A Data-Efficient Automated Agentic Workflow for Universal Medical Landmark Detection,MRI,Published_papers/MRI/papers_links.csv,27,CT-XRay,Published_papers/CT-XRay/papers_links.csv,28,removed_duplicate,"Keep first occurrence by alphabetical modality directory, then original row order"
https://papers.miccai.org/miccai-2026/0083-Paper3075.html,Automated Disentangling Analysis of Skin Colour for Lesion Images,Photo_video,Published_papers/Photo_video/papers_links.csv,9,Photo_video,Published_papers/Photo_video/papers_links.csv,6,kept,"Keep first occurrence by alphabetical modality directory, then original row order"
https://papers.miccai.org/miccai-2026/0084-Paper6153.html,Automated Optical Density Normalization for Myelin Quantification: Cross-Modal Validation with 7T Ex Vivo MRI,Histology,Published_papers/Histology/papers_links.csv,8,Histology,Published_papers/Histology/papers_links.csv,7,kept,"Keep first occurrence by alphabetical modality directory, then original row order"
https://papers.miccai.org/miccai-2026/0084-Paper6153.html,Automated Optical Density Normalization for Myelin Quantification: Cross-Modal Validation with 7T Ex Vivo MRI,MRI,Published_papers/MRI/papers_links.csv,28,Histology,Published_papers/Histology/papers_links.csv,7,removed_duplicate,"Keep first occurrence by alphabetical modality directory, then original row order"
https://papers.miccai.org/miccai-2026/0085-Paper0704.html,Automated Scope Pose Estimation in Real-World Robotic-Assisted Bronchoscopy with Integrated C-Arm Imaging,CT-XRay,Published_papers/CT-XRay/papers_links.csv,29,CT-XRay,Published_papers/CT-XRay/papers_links.csv,29,kept,"Keep first occurrence by alphabetical modality directory, then original row order"
https://papers.miccai.org/miccai-2026/0085-Paper0704.html,Automated Scope Pose Estimation in Real-World Robotic-Assisted Bronchoscopy with Integrated C-Arm Imaging,Robotics,Published_papers/Robotics/papers_links.csv,2,CT-XRay,Published_papers/CT-XRay/papers_links.csv,29,removed_duplicate,"Keep first occurrence by alphabetical modality directory, then original row order"
https://papers.miccai.org/miccai-2026/0086-Paper0016.html,Automatic LV Localization and Short-Axis Plane Estimation from Arbitrary CMR Slice,MRI,Published_papers/MRI/papers_links.csv,29,MRI,Published_papers/MRI/papers_links.csv,18,kept,"Keep first occurrence by alphabetical modality directory, then original row order"
https://papers.miccai.org/miccai-2026/0087-Paper5649.html,B² Loss for Evidential Classification of Critical View of Safety in Laparoscopic Cholecystectomy,Others,Published_papers/Others/papers_links.csv,13,Others,Published_papers/Others/papers_links.csv,5,kept,"Keep first occurrence by alphabetical modality directory, then original row order"
https://papers.miccai.org/miccai-2026/0087-Paper5649.html,B² Loss for Evidential Classification of Critical View of Safety in Laparoscopic Cholecystectomy,Photo_video,Published_papers/Photo_video/papers_links.csv,19,Others,Published_papers/Others/papers_links.csv,5,removed_duplicate,"Keep first occurrence by alphabetical modality directory, then original row order"
https://papers.miccai.org/miccai-2026/0088-Paper0619.html,Bayesian Temporal Pose Networks for Uncertainty-Calibrated Laparoscopic Tool Pose Tracking,Endoscopy,Published_papers/Endoscopy/papers_links.csv,7,Endoscopy,Published_papers/Endoscopy/papers_links.csv,6,kept,"Keep first occurrence by alphabetical modality directory, then original row order"
https://papers.miccai.org/miccai-2026/0089-Paper5303.html,Bayesian Topological Analysis of Brain Networks,Func_MRI,Published_papers/Func_MRI/papers_links.csv,7,Func_MRI,Published_papers/Func_MRI/papers_links.csv,4,kept,"Keep first occurrence by alphabetical modality directory, then original row order"
https://papers.miccai.org/miccai-2026/0090-Paper0902.html,"BCER Agent: Reliable Long-Horizon MRI Workflow Execution via Compilation, Artifact Binding, and Bounded Local Recovery",MRI,Published_papers/MRI/papers_links.csv,30,MRI,Published_papers/MRI/papers_links.csv,19,kept,"Keep first occurrence by alphabetical modality directory, then original row order"
https://papers.miccai.org/miccai-2026/0091-Paper4838.html,BC-MultiSet: A Multi-target Dataset and Benchmark for Clinical Tasks in Breast Cancer,Microscopy,Published_papers/Microscopy/papers_links.csv,7,Microscopy,Published_papers/Microscopy/papers_links.csv,6,kept,"Keep first occurrence by alphabetical modality directory, then original row order"
https://papers.miccai.org/miccai-2026/0092-Paper3612.html,BDFR-Net: Boundary-Aware Dual-Domain Feature Reconstruction Network for Fetal Ultrasound Image Segmentation,ultrasounds,Published_papers/ultrasounds/papers_links.csv,14,ultrasounds,Published_papers/ultrasounds/papers_links.csv,11,kept,"Keep first occurrence by alphabetical modality directory, then original row order"
https://papers.miccai.org/miccai-2026/0093-Paper5388.html,Be Indiscrete: The Benefits of Learning Continuous Spine Degeneration Severity Scores,MRI,Published_papers/MRI/papers_links.csv,31,MRI,Published_papers/MRI/papers_links.csv,20,kept,"Keep first occurrence by alphabetical modality directory, then original row order"
https://papers.miccai.org/miccai-2026/0094-Paper4580.html,"Benchmarking Foundation Models for Early Multi-retinopathy Detection at National Scale: Performance, Generalization, and Bias",Photo_video,Published_papers/Photo_video/papers_links.csv,11,Photo_video,Published_papers/Photo_video/papers_links.csv,7,kept,"Keep first occurrence by alphabetical modality directory, then original row order"
https://papers.miccai.org/miccai-2026/0095-Paper2389.html,Benchmarking Pathology Foundation Models for Spatial Domain Understanding,Histology,Published_papers/Histology/papers_links.csv,9,Histology,Published_papers/Histology/papers_links.csv,8,kept,"Keep first occurrence by alphabetical modality directory, then original row order"
https://papers.miccai.org/miccai-2026/0096-Paper1056.html,Benchmarking Video Foundation Models for Remote Parkinson’s Disease Screening,Photo_video,Published_papers/Photo_video/papers_links.csv,12,Photo_video,Published_papers/Photo_video/papers_links.csv,8,kept,"Keep first occurrence by alphabetical modality directory, then original row order"
https://papers.miccai.org/miccai-2026/0097-Paper5540.html,Better Said Than Seen: Exposing and Mitigating Modality Collapse with ICD-11-Grounded Evaluation,Photo_video,Published_papers/Photo_video/papers_links.csv,13,Photo_video,Published_papers/Photo_video/papers_links.csv,9,kept,"Keep first occurrence by alphabetical modality directory, then original row order"
https://papers.miccai.org/miccai-2026/0097-Paper5540.html,Better Said Than Seen: Exposing and Mitigating Modality Collapse with ICD-11-Grounded Evaluation,Sensors,Published_papers/Sensors/papers_links.csv,5,Photo_video,Published_papers/Photo_video/papers_links.csv,9,removed_duplicate,"Keep first occurrence by alphabetical modality directory, then original row order"
https://papers.miccai.org/miccai-2026/0098-Paper5420.html,Beyond Clean Test Sets: Spurious Correlations in Medical Vision-language Models and the Role of Concept Supervision,CT-XRay,Published_papers/CT-XRay/papers_links.csv,30,CT-XRay,Published_papers/CT-XRay/papers_links.csv,30,kept,"Keep first occurrence by alphabetical modality directory, then original row order"
https://papers.miccai.org/miccai-2026/0098-Paper5420.html,Beyond Clean Test Sets: Spurious Correlations in Medical Vision-language Models and the Role of Concept Supervision,Photo_video,Published_papers/Photo_video/papers_links.csv,14,CT-XRay,Published_papers/CT-XRay/papers_links.csv,30,removed_duplicate,"Keep first occurrence by alphabetical modality directory, then original row order"
https://papers.miccai.org/miccai-2026/0099-Paper2378.html,Beyond Landmarks: Anchor-Guided Orientation Regression for Robust Spinopelvic Measurement,CT-XRay,Published_papers/CT-XRay/papers_links.csv,31,CT-XRay,Published_papers/CT-XRay/papers_links.csv,31,kept,"Keep first occurrence by alphabetical modality directory, then original row order"
https://papers.miccai.org/miccai-2026/0100-Paper0784.html,Beyond Stochastic Diffusion: Trajectory-Consistent Deterministic Flow Matching for Fluorescence Molecular Tomography,Others,Published_papers/Others/papers_links.csv,9,Others,Published_papers/Others/papers_links.csv,6,kept,"Keep first occurrence by alphabetical modality directory, then original row order"
https://papers.miccai.org/miccai-2026/0101-Paper3495.html,Beyond the Batch: Momentum-Updated Virtual Cohorts for 3D PET-CT Prognosis,PET_SPECT,Published_papers/PET_SPECT/papers_links.csv,2,PET_SPECT,Published_papers/PET_SPECT/papers_links.csv,2,kept,"Keep first occurrence by alphabetical modality directory, then original row order"
https://papers.miccai.org/miccai-2026/0102-Paper1650.html,Beyond Visual Cues: CoT-Enhanced Reasoning for Semi-supervised Medical Image Segmentation,CT-XRay,Published_papers/CT-XRay/papers_links.csv,32,CT-XRay,Published_papers/CT-XRay/papers_links.csv,32,kept,"Keep first occurrence by alphabetical modality directory, then original row order"
https://papers.miccai.org/miccai-2026/0102-Paper1650.html,Beyond Visual Cues: CoT-Enhanced Reasoning for Semi-supervised Medical Image Segmentation,MRI,Published_papers/MRI/papers_links.csv,32,CT-XRay,Published_papers/CT-XRay/papers_links.csv,32,removed_duplicate,"Keep first occurrence by alphabetical modality directory, then original row order"
https://papers.miccai.org/miccai-2026/0103-Paper2865.html,Beyond Visual Forensics: Auditing Multimodal Robustness for Synthetic Medical Image Detection,CT-XRay,Published_papers/CT-XRay/papers_links.csv,33,CT-XRay,Published_papers/CT-XRay/papers_links.csv,33,kept,"Keep first occurrence by alphabetical modality directory, then original row order"
https://papers.miccai.org/miccai-2026/0103-Paper2865.html,Beyond Visual Forensics: Auditing Multimodal Robustness for Synthetic Medical Image Detection,Photo_video,Published_papers/Photo_video/papers_links.csv,15,CT-XRay,Published_papers/CT-XRay/papers_links.csv,33,removed_duplicate,"Keep first occurrence by alphabetical modality directory, then original row order"
https://papers.miccai.org/miccai-2026/0104-Paper1454.html,BiC-ODE: Bidirectionally Coupled Neural ODEs for Rapid Laminar Surface Reconstruction of the Human Cortex from 5T MRI,MRI,Published_papers/MRI/papers_links.csv,33,MRI,Published_papers/MRI/papers_links.csv,21,kept,"Keep first occurrence by alphabetical modality directory, then original row order"
https://papers.miccai.org/miccai-2026/0105-Paper3580.html,Bidirectional Anatomy-Aware Post-Training for Longitudinal Chest X-Ray Progression Modeling,CT-XRay,Published_papers/CT-XRay/papers_links.csv,34,CT-XRay,Published_papers/CT-XRay/papers_links.csv,34,kept,"Keep first occurrence by alphabetical modality directory, then original row order"
https://papers.miccai.org/miccai-2026/0106-Paper5438.html,BIGUS: Beam Integrated Gaussian Scattering for Continuous Ultrasound View Synthesis,ultrasounds,Published_papers/ultrasounds/papers_links.csv,15,ultrasounds,Published_papers/ultrasounds/papers_links.csv,12,kept,"Keep first occurrence by alphabetical modality directory, then original row order"
https://papers.miccai.org/miccai-2026/0107-Paper6549.html,BiM-GeoAttn-Net: Linear-Time Depth Modeling with Geometry-Aware Attention for 3D Aortic Dissection CTA Segmentation,CT-XRay,Published_papers/CT-XRay/papers_links.csv,35,CT-XRay,Published_papers/CT-XRay/papers_links.csv,35,kept,"Keep first occurrence by alphabetical modality directory, then original row order"
https://papers.miccai.org/miccai-2026/0108-Paper3788.html,BioFact-MoE: Biologically Factorized Mixture of Experts for Vision–Language Prognostic Modeling in Hepatocellular Carcinoma,MRI,Published_papers/MRI/papers_links.csv,34,MRI,Published_papers/MRI/papers_links.csv,22,kept,"Keep first occurrence by alphabetical modality directory, then original row order"
https://papers.miccai.org/miccai-2026/0109-Paper1400.html,BioFlow: A Biologically Valid Support-Preserving Flow for Histology-Conditioned Spatial Transcriptomics Prediction,Histology,Published_papers/Histology/papers_links.csv,10,Histology,Published_papers/Histology/papers_links.csv,9,kept,"Keep first occurrence by alphabetical modality directory, then original row order"
https://papers.miccai.org/miccai-2026/0110-Paper1613.html,BioGait-VLM: A Tri-Modal Vision–Language–Biomechanics Framework for Interpretable Clinical Gait Assessment,Photo_video,Published_papers/Photo_video/papers_links.csv,16,Photo_video,Published_papers/Photo_video/papers_links.csv,10,kept,"Keep first occurrence by alphabetical modality directory, then original row order"
https://papers.miccai.org/miccai-2026/0111-Paper5935.html,BioGuide: Biomedically-Guided Segmentation for Medical Tasks,MRI,Published_papers/MRI/papers_links.csv,35,MRI,Published_papers/MRI/papers_links.csv,23,kept,"Keep first occurrence by alphabetical modality directory, then original row order"
https://papers.miccai.org/miccai-2026/0112-Paper1442.html,BiSA-DiT: A Bidirectional Spatially-Aware Diffusion Transformer for Sparse Tomographic Magnetic Particle Imaging,Others,Published_papers/Others/papers_links.csv,10,Others,Published_papers/Others/papers_links.csv,7,kept,"Keep first occurrence by alphabetical modality directory, then original row order"
https://papers.miccai.org/miccai-2026/0113-Paper3025.html,Boosting Ultrasound Image Classification via Attribute-Guided Dual-Branch Framework,ultrasounds,Published_papers/ultrasounds/papers_links.csv,16,ultrasounds,Published_papers/ultrasounds/papers_links.csv,13,kept,"Keep first occurrence by alphabetical modality directory, then original row order"
https://papers.miccai.org/miccai-2026/0114-Paper0713.html,Born Different: A Multi-level Individualized Modeling Framework for Embryo Euploidy Prediction,Microscopy,Published_papers/Microscopy/papers_links.csv,8,Microscopy,Published_papers/Microscopy/papers_links.csv,7,kept,"Keep first occurrence by alphabetical modality directory, then original row order"
https://papers.miccai.org/miccai-2026/0115-Paper3817.html,Boundary-Aware Multi-Granularity Learning for Depression Severity Estimation,Multimodals,Published_papers/Multimodals/papers_links.csv,5,Multimodals,Published_papers/Multimodals/papers_links.csv,4,kept,"Keep first occurrence by alphabetical modality directory, then original row order"
https://papers.miccai.org/miccai-2026/0115-Paper3817.html,Boundary-Aware Multi-Granularity Learning for Depression Severity Estimation,Photo_video,Published_papers/Photo_video/papers_links.csv,17,Multimodals,Published_papers/Multimodals/papers_links.csv,4,removed_duplicate,"Keep first occurrence by alphabetical modality directory, then original row order"
https://papers.miccai.org/miccai-2026/0116-Paper5179.html,BRAIN: Bi-directional Motion Reasoning with Dynamic Memory Pruning for Surgical Video Segmentation,Endoscopy,Published_papers/Endoscopy/papers_links.csv,8,Endoscopy,Published_papers/Endoscopy/papers_links.csv,7,kept,"Keep first occurrence by alphabetical modality directory, then original row order"
https://papers.miccai.org/miccai-2026/0117-Paper0936.html,BrainACU: Asynchronous Coordination Unit Modeling for Dynamic Brain Network Analysis,Func_MRI,Published_papers/Func_MRI/papers_links.csv,10,Func_MRI,Published_papers/Func_MRI/papers_links.csv,5,kept,"Keep first occurrence by alphabetical modality directory, then original row order"
https://papers.miccai.org/miccai-2026/0118-Paper4574.html,Brain-Adapter: A Dual-Stream Vision-Language MIL Framework for Comprehensive 3D CT Diagnosis of Acute Intracranial Pathologies,CT-XRay,Published_papers/CT-XRay/papers_links.csv,36,CT-XRay,Published_papers/CT-XRay/papers_links.csv,36,kept,"Keep first occurrence by alphabetical modality directory, then original row order"
https://papers.miccai.org/miccai-2026/0119-Paper3498.html,BrainAnytime: Anatomy-Aware Cross-Modal Pretraining for Brain Image Analysis with Arbitrary Modality Availability,MRI,Published_papers/MRI/papers_links.csv,37,MRI,Published_papers/MRI/papers_links.csv,24,kept,"Keep first occurrence by alphabetical modality directory, then original row order"
https://papers.miccai.org/miccai-2026/0119-Paper3498.html,BrainAnytime: Anatomy-Aware Cross-Modal Pretraining for Brain Image Analysis with Arbitrary Modality Availability,PET_SPECT,Published_papers/PET_SPECT/papers_links.csv,3,MRI,Published_papers/MRI/papers_links.csv,24,removed_duplicate,"Keep first occurrence by alphabetical modality directory, then original row order"
https://papers.miccai.org/miccai-2026/0120-Paper1362.html,Brain-DiT: A Universal Multi-state fMRI Foundation Model with Metadata-Conditioned Pretraining,Func_MRI,Published_papers/Func_MRI/papers_links.csv,8,Func_MRI,Published_papers/Func_MRI/papers_links.csv,6,kept,"Keep first occurrence by alphabetical modality directory, then original row order"
https://papers.miccai.org/miccai-2026/0121-Paper2442.html,BrainHTF: Learning Causal Graph Representation of Brain Connectome with Hyperbolic Transformer,Func_MRI,Published_papers/Func_MRI/papers_links.csv,11,Func_MRI,Published_papers/Func_MRI/papers_links.csv,7,kept,"Keep first occurrence by alphabetical modality directory, then original row order"
https://papers.miccai.org/miccai-2026/0122-Paper5796.html,BrainKODE: Controlled Koopman Dynamics over Longitudinal Structure–Function Coupling for Early Prediction of Adolescent Substance Use,Diffusion-MRI,Published_papers/Diffusion-MRI/papers_links.csv,6,Diffusion-MRI,Published_papers/Diffusion-MRI/papers_links.csv,4,kept,"Keep first occurrence by alphabetical modality directory, then original row order"
https://papers.miccai.org/miccai-2026/0122-Paper5796.html,BrainKODE: Controlled Koopman Dynamics over Longitudinal Structure–Function Coupling for Early Prediction of Adolescent Substance Use,Func_MRI,Published_papers/Func_MRI/papers_links.csv,12,Diffusion-MRI,Published_papers/Diffusion-MRI/papers_links.csv,4,removed_duplicate,"Keep first occurrence by alphabetical modality directory, then original row order"
https://papers.miccai.org/miccai-2026/0123-Paper3889.html,Brain-Specialized Self-supervised Learning: Neuroanatomy-Aware Spatial Priors for 3D Brain MRI,MRI,Published_papers/MRI/papers_links.csv,36,MRI,Published_papers/MRI/papers_links.csv,25,kept,"Keep first occurrence by alphabetical modality directory, then original row order"
https://papers.miccai.org/miccai-2026/0124-Paper0931.html,BrainSTR: Spatio-Temporal Contrastive Learning for Interpretable Dynamic Brain Network Modeling,Func_MRI,Published_papers/Func_MRI/papers_links.csv,13,Func_MRI,Published_papers/Func_MRI/papers_links.csv,8,kept,"Keep first occurrence by alphabetical modality directory, then original row order"
https://papers.miccai.org/miccai-2026/0125-Paper1279.html,Brain-TM: Decoding Brain States from Functional Networks Using a Hierarchical Spatiotemporal Transformer-Mamba,Func_MRI,Published_papers/Func_MRI/papers_links.csv,9,Func_MRI,Published_papers/Func_MRI/papers_links.csv,9,kept,"Keep first occurrence by alphabetical modality directory, then original row order"
https://papers.miccai.org/miccai-2026/0126-Paper3425.html,BrainWeaver: Weaving Dynamic Brain Networks with ROI-Guided Attention for Cognitive Assessment,Func_MRI,Published_papers/Func_MRI/papers_links.csv,14,Func_MRI,Published_papers/Func_MRI/papers_links.csv,10,kept,"Keep first occurrence by alphabetical modality directory, then original row order"
https://papers.miccai.org/miccai-2026/0127-Paper2779.html,Breaking Annotation Dependency in Coronary Stenosis Segmentation via Physics-Driven Sim2Real Learning,CT-XRay,Published_papers/CT-XRay/papers_links.csv,37,CT-XRay,Published_papers/CT-XRay/papers_links.csv,37,kept,"Keep first occurrence by alphabetical modality directory, then original row order"
https://papers.miccai.org/miccai-2026/0128-Paper6393.html,Breaking Teacher’s Mean Regression Bias: Boundary-Aware Contrastive Distillation for Endoscopic Super-Resolution,Endoscopy,Published_papers/Endoscopy/papers_links.csv,9,Endoscopy,Published_papers/Endoscopy/papers_links.csv,8,kept,"Keep first occurrence by alphabetical modality directory, then original row order"
https://papers.miccai.org/miccai-2026/0129-Paper2625.html,BREIT: A Framework for Brain Stroke Reconstruction using Multi-frequency 3D EIT,Others,Published_papers/Others/papers_links.csv,11,Others,Published_papers/Others/papers_links.csv,8,kept,"Keep first occurrence by alphabetical modality directory, then original row order"
https://papers.miccai.org/miccai-2026/0130-Paper0924.html,Bridging EEG to fMRI: Semi-Supervised Functional Connectivity Translation via Latent Alignment,MRI,Published_papers/MRI/papers_links.csv,38,MRI,Published_papers/MRI/papers_links.csv,26,kept,"Keep first occurrence by alphabetical modality directory, then original row order"
https://papers.miccai.org/miccai-2026/0130-Paper0924.html,Bridging EEG to fMRI: Semi-Supervised Functional Connectivity Translation via Latent Alignment,Physio-signals,Published_papers/Physio-signals/papers_links.csv,4,MRI,Published_papers/MRI/papers_links.csv,26,removed_duplicate,"Keep first occurrence by alphabetical modality directory, then original row order"
https://papers.miccai.org/miccai-2026/0131-Paper0457.html,Bridging Heterogeneous Medical Datasets via Mixture-of-Specialists Adapters for Unified Medical Image Classification,CT-XRay,Published_papers/CT-XRay/papers_links.csv,38,CT-XRay,Published_papers/CT-XRay/papers_links.csv,38,kept,"Keep first occurrence by alphabetical modality directory, then original row order"
https://papers.miccai.org/miccai-2026/0131-Paper0457.html,Bridging Heterogeneous Medical Datasets via Mixture-of-Specialists Adapters for Unified Medical Image Classification,Microscopy,Published_papers/Microscopy/papers_links.csv,9,CT-XRay,Published_papers/CT-XRay/papers_links.csv,38,removed_duplicate,"Keep first occurrence by alphabetical modality directory, then original row order"
https://papers.miccai.org/miccai-2026/0131-Paper0457.html,Bridging Heterogeneous Medical Datasets via Mixture-of-Specialists Adapters for Unified Medical Image Classification,ultrasounds,Published_papers/ultrasounds/papers_links.csv,17,CT-XRay,Published_papers/CT-XRay/papers_links.csv,38,removed_duplicate,"Keep first occurrence by alphabetical modality directory, then original row order"
https://papers.miccai.org/miccai-2026/0132-Paper5997.html,Bridging Research and Practice: A Systematic Evaluation of Generalist and Dermatology-Specific Models in Clinical Skin Lesion Classification,Photo_video,Published_papers/Photo_video/papers_links.csv,18,Photo_video,Published_papers/Photo_video/papers_links.csv,11,kept,"Keep first occurrence by alphabetical modality directory, then original row order"
https://papers.miccai.org/miccai-2026/0132-Paper5997.html,Bridging Research and Practice: A Systematic Evaluation of Generalist and Dermatology-Specific Models in Clinical Skin Lesion Classification,Sensors,Published_papers/Sensors/papers_links.csv,6,Photo_video,Published_papers/Photo_video/papers_links.csv,11,removed_duplicate,"Keep first occurrence by alphabetical modality directory, then original row order"
https://papers.miccai.org/miccai-2026/0133-Paper3982.html,Bridging Single Distortion Artifacts and Multifactorial Clinical Quality: Few-Shot Biparametric MRI Quality Assessment via Distortion-Trained Prototypical Networks,Diffusion-MRI,Published_papers/Diffusion-MRI/papers_links.csv,7,Diffusion-MRI,Published_papers/Diffusion-MRI/papers_links.csv,5,kept,"Keep first occurrence by alphabetical modality directory, then original row order"
https://papers.miccai.org/miccai-2026/0133-Paper3982.html,Bridging Single Distortion Artifacts and Multifactorial Clinical Quality: Few-Shot Biparametric MRI Quality Assessment via Distortion-Trained Prototypical Networks,MRI,Published_papers/MRI/papers_links.csv,39,Diffusion-MRI,Published_papers/Diffusion-MRI/papers_links.csv,5,removed_duplicate,"Keep first occurrence by alphabetical modality directory, then original row order"
https://papers.miccai.org/miccai-2026/0134-Paper0829.html,Bridging the Markerless Tracking Validation Gap: Intraoperative X-Ray Workflow Integration,CT-XRay,Published_papers/CT-XRay/papers_links.csv,39,CT-XRay,Published_papers/CT-XRay/papers_links.csv,39,kept,"Keep first occurrence by alphabetical modality directory, then original row order"
https://papers.miccai.org/miccai-2026/0134-Paper0829.html,Bridging the Markerless Tracking Validation Gap: Intraoperative X-Ray Workflow Integration,Robotics,Published_papers/Robotics/papers_links.csv,3,CT-XRay,Published_papers/CT-XRay/papers_links.csv,39,removed_duplicate,"Keep first occurrence by alphabetical modality directory, then original row order"
https://papers.miccai.org/miccai-2026/0135-Paper3052.html,Bridging Vision Foundation Model Priors with CLIP for Spatial-aware Few-shot Anomaly Detection in Medical Images,CT-XRay,Published_papers/CT-XRay/papers_links.csv,40,CT-XRay,Published_papers/CT-XRay/papers_links.csv,40,kept,"Keep first occurrence by alphabetical modality directory, then original row order"
https://papers.miccai.org/miccai-2026/0135-Paper3052.html,Bridging Vision Foundation Model Priors with CLIP for Spatial-aware Few-shot Anomaly Detection in Medical Images,MRI,Published_papers/MRI/papers_links.csv,40,CT-XRay,Published_papers/CT-XRay/papers_links.csv,40,removed_duplicate,"Keep first occurrence by alphabetical modality directory, then original row order"
https://papers.miccai.org/miccai-2026/0135-Paper3052.html,Bridging Vision Foundation Model Priors with CLIP for Spatial-aware Few-shot Anomaly Detection in Medical Images,Others,Published_papers/Others/papers_links.csv,12,CT-XRay,Published_papers/CT-XRay/papers_links.csv,40,removed_duplicate,"Keep first occurrence by alphabetical modality directory, then original row order"
https://papers.miccai.org/miccai-2026/0136-Paper5070.html,B-spline Activations as Intrinsic Uncertainty Estimators in Medical Image Segmentation,Endoscopy,Published_papers/Endoscopy/papers_links.csv,6,Endoscopy,Published_papers/Endoscopy/papers_links.csv,9,kept,"Keep first occurrence by alphabetical modality directory, then original row order"
https://papers.miccai.org/miccai-2026/0136-Paper5070.html,B-spline Activations as Intrinsic Uncertainty Estimators in Medical Image Segmentation,Photo_video,Published_papers/Photo_video/papers_links.csv,10,Endoscopy,Published_papers/Endoscopy/papers_links.csv,9,removed_duplicate,"Keep first occurrence by alphabetical modality directory, then original row order"
https://papers.miccai.org/miccai-2026/0136-Paper5070.html,B-spline Activations as Intrinsic Uncertainty Estimators in Medical Image Segmentation,ultrasounds,Published_papers/ultrasounds/papers_links.csv,13,Endoscopy,Published_papers/Endoscopy/papers_links.csv,9,removed_duplicate,"Keep first occurrence by alphabetical modality directory, then original row order"
https://papers.miccai.org/miccai-2026/0137-Paper4147.html,C²RM-Seg: Causal Counterfactual Reasoning with Structural-Semantic Priors for Weakly Supervised Histopathological Tissue Segmentation,Histology,Published_papers/Histology/papers_links.csv,23,Histology,Published_papers/Histology/papers_links.csv,10,kept,"Keep first occurrence by alphabetical modality directory, then original row order"
https://papers.miccai.org/miccai-2026/0138-Paper4072.html,CAG-WM: A Synthetic-Data-Driven Coronary World Model for Autonomous Guidewire Navigation,Robotics,Published_papers/Robotics/papers_links.csv,4,Robotics,Published_papers/Robotics/papers_links.csv,2,kept,"Keep first occurrence by alphabetical modality directory, then original row order"
https://papers.miccai.org/miccai-2026/0139-Paper2687.html,CalCErt: Bin-wise Certification of Confidence Calibration in Medical Image Classification,Others,Published_papers/Others/papers_links.csv,14,Others,Published_papers/Others/papers_links.csv,9,kept,"Keep first occurrence by alphabetical modality directory, then original row order"
https://papers.miccai.org/miccai-2026/0140-Paper5989.html,CalcSeg: Confidence-aware 3D Latent Context Curriculum Learning For Myocardial Scar Segmentation From Single-Stack LGE-CMRs,MRI,Published_papers/MRI/papers_links.csv,41,MRI,Published_papers/MRI/papers_links.csv,27,kept,"Keep first occurrence by alphabetical modality directory, then original row order"
https://papers.miccai.org/miccai-2026/0141-Paper0727.html,CALHippo: Cell Segmentation for Neuronal Density Inference in the Human Hippocampus,Microscopy,Published_papers/Microscopy/papers_links.csv,10,Microscopy,Published_papers/Microscopy/papers_links.csv,8,kept,"Keep first occurrence by alphabetical modality directory, then original row order"
https://papers.miccai.org/miccai-2026/0142-Paper2409.html,Calibrated Confidence Expression for Radiology Report Generation,CT-XRay,Published_papers/CT-XRay/papers_links.csv,41,CT-XRay,Published_papers/CT-XRay/papers_links.csv,41,kept,"Keep first occurrence by alphabetical modality directory, then original row order"
https://papers.miccai.org/miccai-2026/0143-Paper1908.html,CalibSleep: Cross-Modal Calibration and Rule-Aware Learning for Automatic Sleep Stage Classification,Multimodals,Published_papers/Multimodals/papers_links.csv,6,Multimodals,Published_papers/Multimodals/papers_links.csv,5,kept,"Keep first occurrence by alphabetical modality directory, then original row order"
https://papers.miccai.org/miccai-2026/0143-Paper1908.html,CalibSleep: Cross-Modal Calibration and Rule-Aware Learning for Automatic Sleep Stage Classification,Physio-signals,Published_papers/Physio-signals/papers_links.csv,5,Multimodals,Published_papers/Multimodals/papers_links.csv,5,removed_duplicate,"Keep first occurrence by alphabetical modality directory, then original row order"
https://papers.miccai.org/miccai-2026/0143-Paper1908.html,CalibSleep: Cross-Modal Calibration and Rule-Aware Learning for Automatic Sleep Stage Classification,Sensors,Published_papers/Sensors/papers_links.csv,7,Multimodals,Published_papers/Multimodals/papers_links.csv,5,removed_duplicate,"Keep first occurrence by alphabetical modality directory, then original row order"
https://papers.miccai.org/miccai-2026/0144-Paper2961.html,CALM: Interpretable Cross-Modal Alignment for Biomarker Discovery from Unpaired Data,MRI,Published_papers/MRI/papers_links.csv,42,MRI,Published_papers/MRI/papers_links.csv,28,kept,"Keep first occurrence by alphabetical modality directory, then original row order"
https://papers.miccai.org/miccai-2026/0145-Paper1616.html,Can Agents Distinguish Visually Hard-to-Separate Diseases in a Zero-Shot Setting? A Pilot Study,CT-XRay,Published_papers/CT-XRay/papers_links.csv,42,CT-XRay,Published_papers/CT-XRay/papers_links.csv,42,kept,"Keep first occurrence by alphabetical modality directory, then original row order"
https://papers.miccai.org/miccai-2026/0145-Paper1616.html,Can Agents Distinguish Visually Hard-to-Separate Diseases in a Zero-Shot Setting? A Pilot Study,Others,Published_papers/Others/papers_links.csv,15,CT-XRay,Published_papers/CT-XRay/papers_links.csv,42,removed_duplicate,"Keep first occurrence by alphabetical modality directory, then original row order"
https://papers.miccai.org/miccai-2026/0146-Paper4582.html,Can Experts Adapt Without Training? On Test-Time Modality Generalization in MVLMs,CT-XRay,Published_papers/CT-XRay/papers_links.csv,43,CT-XRay,Published_papers/CT-XRay/papers_links.csv,43,kept,"Keep first occurrence by alphabetical modality directory, then original row order"
https://papers.miccai.org/miccai-2026/0146-Paper4582.html,Can Experts Adapt Without Training? On Test-Time Modality Generalization in MVLMs,MRI,Published_papers/MRI/papers_links.csv,43,CT-XRay,Published_papers/CT-XRay/papers_links.csv,43,removed_duplicate,"Keep first occurrence by alphabetical modality directory, then original row order"
https://papers.miccai.org/miccai-2026/0146-Paper4582.html,Can Experts Adapt Without Training? On Test-Time Modality Generalization in MVLMs,Others,Published_papers/Others/papers_links.csv,16,CT-XRay,Published_papers/CT-XRay/papers_links.csv,43,removed_duplicate,"Keep first occurrence by alphabetical modality directory, then original row order"
https://papers.miccai.org/miccai-2026/0146-Paper4582.html,Can Experts Adapt Without Training? On Test-Time Modality Generalization in MVLMs,ultrasounds,Published_papers/ultrasounds/papers_links.csv,18,CT-XRay,Published_papers/CT-XRay/papers_links.csv,43,removed_duplicate,"Keep first occurrence by alphabetical modality directory, then original row order"
https://papers.miccai.org/miccai-2026/0147-Paper4489.html,Cancer-Type-Agnostic Pan-Cancer Gene Expression Prediction from Histopathological Images,Histology,Published_papers/Histology/papers_links.csv,11,Histology,Published_papers/Histology/papers_links.csv,11,kept,"Keep first occurrence by alphabetical modality directory, then original row order"
https://papers.miccai.org/miccai-2026/0147-Paper4489.html,Cancer-Type-Agnostic Pan-Cancer Gene Expression Prediction from Histopathological Images,Microscopy,Published_papers/Microscopy/papers_links.csv,11,Histology,Published_papers/Histology/papers_links.csv,11,removed_duplicate,"Keep first occurrence by alphabetical modality directory, then original row order"
https://papers.miccai.org/miccai-2026/0148-Paper0562.html,CancerVerse: A Fully Open Longitudinal and Multimodal Dataset for Multicancer Screening,CT-XRay,Published_papers/CT-XRay/papers_links.csv,44,CT-XRay,Published_papers/CT-XRay/papers_links.csv,44,kept,"Keep first occurrence by alphabetical modality directory, then original row order"
https://papers.miccai.org/miccai-2026/0149-Paper2889.html,Cardiac Motion Transfer with Adaptive Physics Constraint,MRI,Published_papers/MRI/papers_links.csv,44,MRI,Published_papers/MRI/papers_links.csv,29,kept,"Keep first occurrence by alphabetical modality directory, then original row order"
https://papers.miccai.org/miccai-2026/0150-Paper1789.html,CardiacPULSE: Frequency-Aware Self-supervised Cardiac Phase Detection in Echocardiography,ultrasounds,Published_papers/ultrasounds/papers_links.csv,19,ultrasounds,Published_papers/ultrasounds/papers_links.csv,14,kept,"Keep first occurrence by alphabetical modality directory, then original row order"
https://papers.miccai.org/miccai-2026/0151-Paper5984.html,CardioDiT: Latent Diffusion Transformers for 4D Cardiac MRI Synthesis,MRI,Published_papers/MRI/papers_links.csv,45,MRI,Published_papers/MRI/papers_links.csv,30,kept,"Keep first occurrence by alphabetical modality directory, then original row order"
https://papers.miccai.org/miccai-2026/0152-Paper3507.html,CardioGS: Deformation-Driven 4D Gaussian Splatting with Self-supervised Cardiac Clock Learning for Rotational DSA Reconstruction,CT-XRay,Published_papers/CT-XRay/papers_links.csv,45,CT-XRay,Published_papers/CT-XRay/papers_links.csv,45,kept,"Keep first occurrence by alphabetical modality directory, then original row order"
https://papers.miccai.org/miccai-2026/0153-Paper3601.html,CARE: Clinically Aligned Retrieval Evidence for Consistent Radiology Report Generation,CT-XRay,Published_papers/CT-XRay/papers_links.csv,46,CT-XRay,Published_papers/CT-XRay/papers_links.csv,46,kept,"Keep first occurrence by alphabetical modality directory, then original row order"
https://papers.miccai.org/miccai-2026/0154-Paper6558.html,CARE: Confidence-Aware Reasoning for Reliable Medical VQA,CT-XRay,Published_papers/CT-XRay/papers_links.csv,47,CT-XRay,Published_papers/CT-XRay/papers_links.csv,47,kept,"Keep first occurrence by alphabetical modality directory, then original row order"
https://papers.miccai.org/miccai-2026/0154-Paper6558.html,CARE: Confidence-Aware Reasoning for Reliable Medical VQA,MRI,Published_papers/MRI/papers_links.csv,46,CT-XRay,Published_papers/CT-XRay/papers_links.csv,47,removed_duplicate,"Keep first occurrence by alphabetical modality directory, then original row order"
https://papers.miccai.org/miccai-2026/0155-Paper3161.html,"CARformer: Class-Aware Representation Learning for Small-Cohort, Imbalanced Psychiatric Disorder Classification in Brain MRI",MRI,Published_papers/MRI/papers_links.csv,47,MRI,Published_papers/MRI/papers_links.csv,31,kept,"Keep first occurrence by alphabetical modality directory, then original row order"
https://papers.miccai.org/miccai-2026/0156-Paper5254.html,Case-Specific Priors-Guided Multimodal Fusion for Prognosis Prediction in Head and Neck Cancer,Histology,Published_papers/Histology/papers_links.csv,12,Histology,Published_papers/Histology/papers_links.csv,12,kept,"Keep first occurrence by alphabetical modality directory, then original row order"
https://papers.miccai.org/miccai-2026/0157-Paper2844.html,CDFP-Net: Cross-Modal Dynamic Fusion with Diffusion Priors for PET-CT Tumor Segmentation,CT-XRay,Published_papers/CT-XRay/papers_links.csv,48,CT-XRay,Published_papers/CT-XRay/papers_links.csv,48,kept,"Keep first occurrence by alphabetical modality directory, then original row order"
https://papers.miccai.org/miccai-2026/0157-Paper2844.html,CDFP-Net: Cross-Modal Dynamic Fusion with Diffusion Priors for PET-CT Tumor Segmentation,PET_SPECT,Published_papers/PET_SPECT/papers_links.csv,4,CT-XRay,Published_papers/CT-XRay/papers_links.csv,48,removed_duplicate,"Keep first occurrence by alphabetical modality directory, then original row order"
https://papers.miccai.org/miccai-2026/0158-Paper3797.html,CDPM-Align: Multi-Scale Guidance-Aligned Diffusion Pretraining for Robust Few-Shot Anatomical Landmark Detection,CT-XRay,Published_papers/CT-XRay/papers_links.csv,49,CT-XRay,Published_papers/CT-XRay/papers_links.csv,49,kept,"Keep first occurrence by alphabetical modality directory, then original row order"
https://papers.miccai.org/miccai-2026/0159-Paper3661.html,Cell-Division-Aware Category-Enhanced Contrastive Learning Model for Embryonic Cleavage Stage Classification,Photo_video,Published_papers/Photo_video/papers_links.csv,20,Photo_video,Published_papers/Photo_video/papers_links.csv,12,kept,"Keep first occurrence by alphabetical modality directory, then original row order"
https://papers.miccai.org/miccai-2026/0160-Paper4854.html,Cervical Vertebral Maturation Staging from a Continuous Perspective,CT-XRay,Published_papers/CT-XRay/papers_links.csv,50,CT-XRay,Published_papers/CT-XRay/papers_links.csv,50,kept,"Keep first occurrence by alphabetical modality directory, then original row order"
https://papers.miccai.org/miccai-2026/0161-Paper5232.html,CerviThink: A Reinforced Visual Reasoning Framework for Cervical Cancer Cell Classification,Microscopy,Published_papers/Microscopy/papers_links.csv,12,Microscopy,Published_papers/Microscopy/papers_links.csv,9,kept,"Keep first occurrence by alphabetical modality directory, then original row order"
https://papers.miccai.org/miccai-2026/0162-Paper2964.html,CheXanatomy: Anatomy–Aware Vision–Language Modeling for Chest Radiographs,CT-XRay,Published_papers/CT-XRay/papers_links.csv,51,CT-XRay,Published_papers/CT-XRay/papers_links.csv,51,kept,"Keep first occurrence by alphabetical modality directory, then original row order"
https://papers.miccai.org/miccai-2026/0162-Paper2964.html,CheXanatomy: Anatomy–Aware Vision–Language Modeling for Chest Radiographs,Computational_imagings,Published_papers/Computational_imagings/papers_links.csv,6,CT-XRay,Published_papers/CT-XRay/papers_links.csv,51,removed_duplicate,"Keep first occurrence by alphabetical modality directory, then original row order"
https://papers.miccai.org/miccai-2026/0163-Paper1242.html,CHILD: Human-in-the-Loop OOD Detection for Safe Clinical Deployment,Histology,Published_papers/Histology/papers_links.csv,13,Histology,Published_papers/Histology/papers_links.csv,13,kept,"Keep first occurrence by alphabetical modality directory, then original row order"
https://papers.miccai.org/miccai-2026/0164-Paper3722.html,ChronoSurv: A Clinical Pathway-Guided Graph Framework for Multimodal Survival Analysis,EHR,Published_papers/EHR/papers_links.csv,2,EHR,Published_papers/EHR/papers_links.csv,2,kept,"Keep first occurrence by alphabetical modality directory, then original row order"
https://papers.miccai.org/miccai-2026/0164-Paper3722.html,ChronoSurv: A Clinical Pathway-Guided Graph Framework for Multimodal Survival Analysis,Histology,Published_papers/Histology/papers_links.csv,14,EHR,Published_papers/EHR/papers_links.csv,2,removed_duplicate,"Keep first occurrence by alphabetical modality directory, then original row order"
https://papers.miccai.org/miccai-2026/0165-Paper4190.html,CIGTSurv: Clinical Information Guided Tri-Modal Survival Prediction with Local Prototype Association and Global Feature Alignment,Histology,Published_papers/Histology/papers_links.csv,15,Histology,Published_papers/Histology/papers_links.csv,14,kept,"Keep first occurrence by alphabetical modality directory, then original row order"
https://papers.miccai.org/miccai-2026/0166-Paper3196.html,CiLA: Knowledge-Preserving Self-supervised Adaptation of CLIP for Fundus Imaging,Others,Published_papers/Others/papers_links.csv,17,Others,Published_papers/Others/papers_links.csv,10,kept,"Keep first occurrence by alphabetical modality directory, then original row order"
https://papers.miccai.org/miccai-2026/0167-Paper0099.html,CineMesh4D: Personalized 4D Whole Heart Reconstruction from Sparse Cine MRI,MRI,Published_papers/MRI/papers_links.csv,48,MRI,Published_papers/MRI/papers_links.csv,32,kept,"Keep first occurrence by alphabetical modality directory, then original row order"
https://papers.miccai.org/miccai-2026/0168-Paper2601.html,CIPHER: Causal Intervention Pathways for Healthcare Equity and Robustness,CT-XRay,Published_papers/CT-XRay/papers_links.csv,52,CT-XRay,Published_papers/CT-XRay/papers_links.csv,52,kept,"Keep first occurrence by alphabetical modality directory, then original row order"
https://papers.miccai.org/miccai-2026/0169-Paper3633.html,ClinCoT: Clinical-Aware Visual Chain-of-Thought for Medical Vision Language Models,CT-XRay,Published_papers/CT-XRay/papers_links.csv,53,CT-XRay,Published_papers/CT-XRay/papers_links.csv,53,kept,"Keep first occurrence by alphabetical modality directory, then original row order"
https://papers.miccai.org/miccai-2026/0170-Paper3844.html,Clinical-Injection Transformer with Domain-Adapted MAE for Lupus Nephritis Prognosis Prediction,Microscopy,Published_papers/Microscopy/papers_links.csv,13,Microscopy,Published_papers/Microscopy/papers_links.csv,10,kept,"Keep first occurrence by alphabetical modality directory, then original row order"
https://papers.miccai.org/miccai-2026/0171-Paper0056.html,Clinically Structured Chain-of-Thought Reasoning for Intelligent Guidance in Coronary Artery Disease,Others,Published_papers/Others/papers_links.csv,18,Others,Published_papers/Others/papers_links.csv,11,kept,"Keep first occurrence by alphabetical modality directory, then original row order"
https://papers.miccai.org/miccai-2026/0172-Paper1023.html,Clinically-Grounded Hierarchical Classification for Consistent Chest X-ray Interpretation,CT-XRay,Published_papers/CT-XRay/papers_links.csv,54,CT-XRay,Published_papers/CT-XRay/papers_links.csv,54,kept,"Keep first occurrence by alphabetical modality directory, then original row order"
https://papers.miccai.org/miccai-2026/0173-Paper2960.html,ClinLoop: Human-AI Collaborative Agents for Multimodal Breast Cancer Diagnosis Under Incomplete Clinical Data,MRI,Published_papers/MRI/papers_links.csv,49,MRI,Published_papers/MRI/papers_links.csv,33,kept,"Keep first occurrence by alphabetical modality directory, then original row order"
https://papers.miccai.org/miccai-2026/0173-Paper2960.html,ClinLoop: Human-AI Collaborative Agents for Multimodal Breast Cancer Diagnosis Under Incomplete Clinical Data,Others,Published_papers/Others/papers_links.csv,19,MRI,Published_papers/MRI/papers_links.csv,33,removed_duplicate,"Keep first occurrence by alphabetical modality directory, then original row order"
https://papers.miccai.org/miccai-2026/0174-Paper1181.html,ClinRAG-GRAPH: Clinical-Prior Retrieval-Augmented Graph Model with Domain Adversarial Learning for Breast pCR Prediction,MRI,Published_papers/MRI/papers_links.csv,50,MRI,Published_papers/MRI/papers_links.csv,34,kept,"Keep first occurrence by alphabetical modality directory, then original row order"
https://papers.miccai.org/miccai-2026/0175-Paper1174.html,CMD-AD: Cross-Modality Distillation from fMRI-EEG for Single-Modality Alzheimer’s Disease Diagnosis,Func_MRI,Published_papers/Func_MRI/papers_links.csv,15,Func_MRI,Published_papers/Func_MRI/papers_links.csv,11,kept,"Keep first occurrence by alphabetical modality directory, then original row order"
https://papers.miccai.org/miccai-2026/0175-Paper1174.html,CMD-AD: Cross-Modality Distillation from fMRI-EEG for Single-Modality Alzheimer’s Disease Diagnosis,Physio-signals,Published_papers/Physio-signals/papers_links.csv,6,Func_MRI,Published_papers/Func_MRI/papers_links.csv,11,removed_duplicate,"Keep first occurrence by alphabetical modality directory, then original row order"
https://papers.miccai.org/miccai-2026/0176-Paper1232.html,CMSA-Net: Causal Multi-scale Aggregation with Adaptive Multi-source Reference for Video Polyp Segmentation,Endoscopy,Published_papers/Endoscopy/papers_links.csv,10,Endoscopy,Published_papers/Endoscopy/papers_links.csv,10,kept,"Keep first occurrence by alphabetical modality directory, then original row order"
https://papers.miccai.org/miccai-2026/0177-Paper2361.html,Coarse-to-Fine Meta-Reweighting with Dynamic Retrieval for Adult-to-Pediatric Domain Adaptation in Tumor Segmentation,MRI,Published_papers/MRI/papers_links.csv,51,MRI,Published_papers/MRI/papers_links.csv,35,kept,"Keep first occurrence by alphabetical modality directory, then original row order"
https://papers.miccai.org/miccai-2026/0178-Paper5249.html,COAST: Context-Aware Differential Learning for Gene Expression Prediction in Spatial Transcriptomics,Histology,Published_papers/Histology/papers_links.csv,16,Histology,Published_papers/Histology/papers_links.csv,15,kept,"Keep first occurrence by alphabetical modality directory, then original row order"
https://papers.miccai.org/miccai-2026/0179-Paper3065.html,CoGaze: Closed-Loop Eye-Face Alignment for Multi-center Mobile Gaze-Based Cognitive Screening in Older Adults,Photo_video,Published_papers/Photo_video/papers_links.csv,21,Photo_video,Published_papers/Photo_video/papers_links.csv,13,kept,"Keep first occurrence by alphabetical modality directory, then original row order"
https://papers.miccai.org/miccai-2026/0180-Paper2522.html,CoGE: Sim-to-Real Online Geometric Estimation for Monocular Colonoscopy,Endoscopy,Published_papers/Endoscopy/papers_links.csv,11,Endoscopy,Published_papers/Endoscopy/papers_links.csv,11,kept,"Keep first occurrence by alphabetical modality directory, then original row order"
https://papers.miccai.org/miccai-2026/0181-Paper4365.html,Collaborative Multiscale Representation Learning for AMD Detection,Photo_video,Published_papers/Photo_video/papers_links.csv,22,Photo_video,Published_papers/Photo_video/papers_links.csv,14,kept,"Keep first occurrence by alphabetical modality directory, then original row order"
https://papers.miccai.org/miccai-2026/0182-Paper2843.html,Collaborative Topology and Connectivity Learning for EM Neuron Segmentation,Microscopy,Published_papers/Microscopy/papers_links.csv,14,Microscopy,Published_papers/Microscopy/papers_links.csv,11,kept,"Keep first occurrence by alphabetical modality directory, then original row order"
https://papers.miccai.org/miccai-2026/0183-Paper1043.html,Colon-Bench: An Agentic Workflow for Scalable Dense Lesion Annotation in Full-Procedure Colonoscopy Videos,Endoscopy,Published_papers/Endoscopy/papers_links.csv,12,Endoscopy,Published_papers/Endoscopy/papers_links.csv,12,kept,"Keep first occurrence by alphabetical modality directory, then original row order"
https://papers.miccai.org/miccai-2026/0184-Paper2999.html,Community-Aware Dynamic Graph Learning for Brain Disorder Diagnosis,Func_MRI,Published_papers/Func_MRI/papers_links.csv,16,Func_MRI,Published_papers/Func_MRI/papers_links.csv,12,kept,"Keep first occurrence by alphabetical modality directory, then original row order"
https://papers.miccai.org/miccai-2026/0184-Paper2999.html,Community-Aware Dynamic Graph Learning for Brain Disorder Diagnosis,MRI,Published_papers/MRI/papers_links.csv,52,Func_MRI,Published_papers/Func_MRI/papers_links.csv,12,removed_duplicate,"Keep first occurrence by alphabetical modality directory, then original row order"
https://papers.miccai.org/miccai-2026/0185-Paper2489.html,Co-MoCo: Collaborative Learning Enabled Motion Compensation for Weight-Bearing CBCT,CT-XRay,Published_papers/CT-XRay/papers_links.csv,55,CT-XRay,Published_papers/CT-XRay/papers_links.csv,55,kept,"Keep first occurrence by alphabetical modality directory, then original row order"
https://papers.miccai.org/miccai-2026/0186-Paper2033.html,Comparative Analysis of Automated Frame Selection Methods for Glaucoma Detection in Smartphone-Based Low-Quality Fundus Video,Photo_video,Published_papers/Photo_video/papers_links.csv,23,Photo_video,Published_papers/Photo_video/papers_links.csv,15,kept,"Keep first occurrence by alphabetical modality directory, then original row order"
https://papers.miccai.org/miccai-2026/0187-Paper5885.html,Compass: Prostate Cancer Detection Needs Multi-view Context,ultrasounds,Published_papers/ultrasounds/papers_links.csv,20,ultrasounds,Published_papers/ultrasounds/papers_links.csv,15,kept,"Keep first occurrence by alphabetical modality directory, then original row order"
https://papers.miccai.org/miccai-2026/0188-Paper0867.html,Computer-Assisted Intervention in Capsule Endoscopy: A Real-Time Edge-AI Auditing System,Endoscopy,Published_papers/Endoscopy/papers_links.csv,13,Endoscopy,Published_papers/Endoscopy/papers_links.csv,13,kept,"Keep first occurrence by alphabetical modality directory, then original row order"
https://papers.miccai.org/miccai-2026/0189-Paper0377.html,Concept-Guided Noisy Negative Suppression for Zero-Shot Classification and Grounding of Chest X-Ray Findings,CT-XRay,Published_papers/CT-XRay/papers_links.csv,56,CT-XRay,Published_papers/CT-XRay/papers_links.csv,56,kept,"Keep first occurrence by alphabetical modality directory, then original row order"
https://papers.miccai.org/miccai-2026/0190-Paper1480.html,ConceptIL: Concept Incremental Learning for Interpretable Medical AI,Photo_video,Published_papers/Photo_video/papers_links.csv,24,Photo_video,Published_papers/Photo_video/papers_links.csv,16,kept,"Keep first occurrence by alphabetical modality directory, then original row order"
https://papers.miccai.org/miccai-2026/0191-Paper5253.html,Conditional Diffusion Prompting for Ambiguous Medical Image Segmentation,CT-XRay,Published_papers/CT-XRay/papers_links.csv,57,CT-XRay,Published_papers/CT-XRay/papers_links.csv,57,kept,"Keep first occurrence by alphabetical modality directory, then original row order"
https://papers.miccai.org/miccai-2026/0191-Paper5253.html,Conditional Diffusion Prompting for Ambiguous Medical Image Segmentation,Photo_video,Published_papers/Photo_video/papers_links.csv,25,CT-XRay,Published_papers/CT-XRay/papers_links.csv,57,removed_duplicate,"Keep first occurrence by alphabetical modality directory, then original row order"
https://papers.miccai.org/miccai-2026/0192-Paper1472.html,Conditional Latent Diffusion Model with Fourier-Based Motion Modelling for Virtual Population Synthesis,Computational_imagings,Published_papers/Computational_imagings/papers_links.csv,7,Computational_imagings,Published_papers/Computational_imagings/papers_links.csv,3,kept,"Keep first occurrence by alphabetical modality directory, then original row order"
https://papers.miccai.org/miccai-2026/0193-Paper2767.html,Confidence-Aware Supervision for Robust Multi-task Embryo Grading,Microscopy,Published_papers/Microscopy/papers_links.csv,15,Microscopy,Published_papers/Microscopy/papers_links.csv,12,kept,"Keep first occurrence by alphabetical modality directory, then original row order"
https://papers.miccai.org/miccai-2026/0194-Paper2825.html,Conformal 3D Lesion Segmentation with Balanced Risk Control,CT-XRay,Published_papers/CT-XRay/papers_links.csv,58,CT-XRay,Published_papers/CT-XRay/papers_links.csv,58,kept,"Keep first occurrence by alphabetical modality directory, then original row order"
https://papers.miccai.org/miccai-2026/0194-Paper2825.html,Conformal 3D Lesion Segmentation with Balanced Risk Control,Microscopy,Published_papers/Microscopy/papers_links.csv,16,CT-XRay,Published_papers/CT-XRay/papers_links.csv,58,removed_duplicate,"Keep first occurrence by alphabetical modality directory, then original row order"
https://papers.miccai.org/miccai-2026/0194-Paper2825.html,Conformal 3D Lesion Segmentation with Balanced Risk Control,ultrasounds,Published_papers/ultrasounds/papers_links.csv,21,CT-XRay,Published_papers/CT-XRay/papers_links.csv,58,removed_duplicate,"Keep first occurrence by alphabetical modality directory, then original row order"
https://papers.miccai.org/miccai-2026/0195-Paper3046.html,Confusion-Aware Evidence Calibration for Few-Shot Whole Slide Image Classification,Histology,Published_papers/Histology/papers_links.csv,17,Histology,Published_papers/Histology/papers_links.csv,16,kept,"Keep first occurrence by alphabetical modality directory, then original row order"
https://papers.miccai.org/miccai-2026/0196-Paper1731.html,CONNECT-4: Brain Connectivity-Guided Hyperedge Graph Fusion for Structural MRI to 4D Rest Functional MRI Synthesis,Computational_imagings,Published_papers/Computational_imagings/papers_links.csv,8,Computational_imagings,Published_papers/Computational_imagings/papers_links.csv,4,kept,"Keep first occurrence by alphabetical modality directory, then original row order"
https://papers.miccai.org/miccai-2026/0196-Paper1731.html,CONNECT-4: Brain Connectivity-Guided Hyperedge Graph Fusion for Structural MRI to 4D Rest Functional MRI Synthesis,Func_MRI,Published_papers/Func_MRI/papers_links.csv,17,Computational_imagings,Published_papers/Computational_imagings/papers_links.csv,4,removed_duplicate,"Keep first occurrence by alphabetical modality directory, then original row order"
https://papers.miccai.org/miccai-2026/0196-Paper1731.html,CONNECT-4: Brain Connectivity-Guided Hyperedge Graph Fusion for Structural MRI to 4D Rest Functional MRI Synthesis,MRI,Published_papers/MRI/papers_links.csv,53,Computational_imagings,Published_papers/Computational_imagings/papers_links.csv,4,removed_duplicate,"Keep first occurrence by alphabetical modality directory, then original row order"
https://papers.miccai.org/miccai-2026/0197-Paper1776.html,ConnecToMind2: Inter-Subject fMRI Decoding via Whole-Brain Connectome-Guided Alignment,Func_MRI,Published_papers/Func_MRI/papers_links.csv,18,Func_MRI,Published_papers/Func_MRI/papers_links.csv,13,kept,"Keep first occurrence by alphabetical modality directory, then original row order"
https://papers.miccai.org/miccai-2026/0197-Paper1776.html,ConnecToMind2: Inter-Subject fMRI Decoding via Whole-Brain Connectome-Guided Alignment,MRI,Published_papers/MRI/papers_links.csv,54,Func_MRI,Published_papers/Func_MRI/papers_links.csv,13,removed_duplicate,"Keep first occurrence by alphabetical modality directory, then original row order"
https://papers.miccai.org/miccai-2026/0198-Paper2947.html,ConstTrack: Constellation-Guided Cell Tracking Under Lineage Constraints,Microscopy,Published_papers/Microscopy/papers_links.csv,17,Microscopy,Published_papers/Microscopy/papers_links.csv,13,kept,"Keep first occurrence by alphabetical modality directory, then original row order"
https://papers.miccai.org/miccai-2026/0198-Paper2947.html,ConstTrack: Constellation-Guided Cell Tracking Under Lineage Constraints,Photo_video,Published_papers/Photo_video/papers_links.csv,26,Microscopy,Published_papers/Microscopy/papers_links.csv,13,removed_duplicate,"Keep first occurrence by alphabetical modality directory, then original row order"
https://papers.miccai.org/miccai-2026/0199-Paper0693.html,ContiStain: Cross-Domain Relation-Preserving Distillation for Continual Multi-domain Virtual IHC Staining,Histology,Published_papers/Histology/papers_links.csv,18,Histology,Published_papers/Histology/papers_links.csv,17,kept,"Keep first occurrence by alphabetical modality directory, then original row order"
https://papers.miccai.org/miccai-2026/0200-Paper1956.html,Contrast-Invariant Reference-Based Slice Thickness Estimation in MRI via Spectral Matching,MRI,Published_papers/MRI/papers_links.csv,55,MRI,Published_papers/MRI/papers_links.csv,36,kept,"Keep first occurrence by alphabetical modality directory, then original row order"
https://papers.miccai.org/miccai-2026/0201-Paper1131.html,Contrastive and Adaptive Multi-modal Masked Autoencoder for Spatial Transcriptomics,Histology,Published_papers/Histology/papers_links.csv,19,Histology,Published_papers/Histology/papers_links.csv,18,kept,"Keep first occurrence by alphabetical modality directory, then original row order"
https://papers.miccai.org/miccai-2026/0202-Paper0772.html,Contrastive Learning under Noisy Temporal Self-Supervision for Colonoscopy Videos,Endoscopy,Published_papers/Endoscopy/papers_links.csv,14,Endoscopy,Published_papers/Endoscopy/papers_links.csv,14,kept,"Keep first occurrence by alphabetical modality directory, then original row order"
https://papers.miccai.org/miccai-2026/0203-Paper1473.html,Controllable Generation of Diverse Dermatological Imagery for Fair and Efficient Malignancy Classification,Photo_video,Published_papers/Photo_video/papers_links.csv,27,Photo_video,Published_papers/Photo_video/papers_links.csv,17,kept,"Keep first occurrence by alphabetical modality directory, then original row order"
https://papers.miccai.org/miccai-2026/0204-Paper1821.html,Controllable Histopathology Image Synthesis with Training-Free Structural Initialization and Textural Modulation,Histology,Published_papers/Histology/papers_links.csv,20,Histology,Published_papers/Histology/papers_links.csv,19,kept,"Keep first occurrence by alphabetical modality directory, then original row order"
https://papers.miccai.org/miccai-2026/0205-Paper3030.html,ConVL: Interpretable Concept-Guided Vision-Language MIL for Survival Analysis in Whole Slide Images,Histology,Published_papers/Histology/papers_links.csv,21,Histology,Published_papers/Histology/papers_links.csv,20,kept,"Keep first occurrence by alphabetical modality directory, then original row order"
https://papers.miccai.org/miccai-2026/0205-Paper3030.html,ConVL: Interpretable Concept-Guided Vision-Language MIL for Survival Analysis in Whole Slide Images,Microscopy,Published_papers/Microscopy/papers_links.csv,18,Histology,Published_papers/Histology/papers_links.csv,20,removed_duplicate,"Keep first occurrence by alphabetical modality directory, then original row order"
https://papers.miccai.org/miccai-2026/0206-Paper3901.html,CoRe-DA: Contrastive Regression for Unsupervised Domain Adaptation in Surgical Skill Assessment,Endoscopy,Published_papers/Endoscopy/papers_links.csv,15,Endoscopy,Published_papers/Endoscopy/papers_links.csv,15,kept,"Keep first occurrence by alphabetical modality directory, then original row order"
https://papers.miccai.org/miccai-2026/0206-Paper3901.html,CoRe-DA: Contrastive Regression for Unsupervised Domain Adaptation in Surgical Skill Assessment,Others,Published_papers/Others/papers_links.csv,20,Endoscopy,Published_papers/Endoscopy/papers_links.csv,15,removed_duplicate,"Keep first occurrence by alphabetical modality directory, then original row order"
https://papers.miccai.org/miccai-2026/0206-Paper3901.html,CoRe-DA: Contrastive Regression for Unsupervised Domain Adaptation in Surgical Skill Assessment,Photo_video,Published_papers/Photo_video/papers_links.csv,28,Endoscopy,Published_papers/Endoscopy/papers_links.csv,15,removed_duplicate,"Keep first occurrence by alphabetical modality directory, then original row order"
https://papers.miccai.org/miccai-2026/0206-Paper3901.html,CoRe-DA: Contrastive Regression for Unsupervised Domain Adaptation in Surgical Skill Assessment,Robotics,Published_papers/Robotics/papers_links.csv,5,Endoscopy,Published_papers/Endoscopy/papers_links.csv,15,removed_duplicate,"Keep first occurrence by alphabetical modality directory, then original row order"
https://papers.miccai.org/miccai-2026/0207-Paper3433.html,CortexAdapt3D: Parameter-Efficient Fine-Tuning of General 3D Foundation Models for Cortical Surface Analysis,MRI,Published_papers/MRI/papers_links.csv,56,MRI,Published_papers/MRI/papers_links.csv,37,kept,"Keep first occurrence by alphabetical modality directory, then original row order"
https://papers.miccai.org/miccai-2026/0208-Paper4596.html,CoSim: Unleashing Eye Movements for EEG-Free Emotion Recognition via Conditional Prompting and Similarity-Guided Augmentation,Physio-signals,Published_papers/Physio-signals/papers_links.csv,7,Physio-signals,Published_papers/Physio-signals/papers_links.csv,3,kept,"Keep first occurrence by alphabetical modality directory, then original row order"
https://papers.miccai.org/miccai-2026/0209-Paper4832.html,Counterfactual Anatomy-Guided Spatial-Temporal Decoding for Annotation-Free Hallucination Mitigation in Medical VLMs,CT-XRay,Published_papers/CT-XRay/papers_links.csv,59,CT-XRay,Published_papers/CT-XRay/papers_links.csv,59,kept,"Keep first occurrence by alphabetical modality directory, then original row order"
https://papers.miccai.org/miccai-2026/0210-Paper3698.html,Counterfactual Contrastive Analysis,MRI,Published_papers/MRI/papers_links.csv,57,MRI,Published_papers/MRI/papers_links.csv,38,kept,"Keep first occurrence by alphabetical modality directory, then original row order"
https://papers.miccai.org/miccai-2026/0210-Paper3698.html,Counterfactual Contrastive Analysis,Microscopy,Published_papers/Microscopy/papers_links.csv,19,MRI,Published_papers/MRI/papers_links.csv,38,removed_duplicate,"Keep first occurrence by alphabetical modality directory, then original row order"
https://papers.miccai.org/miccai-2026/0211-Paper5911.html,Counterfactual Stress-Testing for Fixing Lung Cancer Segmentation Models,CT-XRay,Published_papers/CT-XRay/papers_links.csv,60,CT-XRay,Published_papers/CT-XRay/papers_links.csv,60,kept,"Keep first occurrence by alphabetical modality directory, then original row order"
https://papers.miccai.org/miccai-2026/0212-Paper0092.html,CPAgents: Agentic Composite Phenotype Generation for Cardiac Disease Association,EHR,Published_papers/EHR/papers_links.csv,3,EHR,Published_papers/EHR/papers_links.csv,3,kept,"Keep first occurrence by alphabetical modality directory, then original row order"
https://papers.miccai.org/miccai-2026/0212-Paper0092.html,CPAgents: Agentic Composite Phenotype Generation for Cardiac Disease Association,MRI,Published_papers/MRI/papers_links.csv,58,EHR,Published_papers/EHR/papers_links.csv,3,removed_duplicate,"Keep first occurrence by alphabetical modality directory, then original row order"
https://papers.miccai.org/miccai-2026/0213-Paper3366.html,CPR: Chained Perceptual Refinement for Coarse-to-Fine Medical Image Classification,CT-XRay,Published_papers/CT-XRay/papers_links.csv,61,CT-XRay,Published_papers/CT-XRay/papers_links.csv,61,kept,"Keep first occurrence by alphabetical modality directory, then original row order"
https://papers.miccai.org/miccai-2026/0213-Paper3366.html,CPR: Chained Perceptual Refinement for Coarse-to-Fine Medical Image Classification,ultrasounds,Published_papers/ultrasounds/papers_links.csv,22,CT-XRay,Published_papers/CT-XRay/papers_links.csv,61,removed_duplicate,"Keep first occurrence by alphabetical modality directory, then original row order"
https://papers.miccai.org/miccai-2026/0214-Paper0946.html,CPS4: Class Prompt Driven Semi-supervised Spine Segmentation with Class-Specific Consistency Constraint,MRI,Published_papers/MRI/papers_links.csv,59,MRI,Published_papers/MRI/papers_links.csv,39,kept,"Keep first occurrence by alphabetical modality directory, then original row order"
https://papers.miccai.org/miccai-2026/0215-Paper2039.html,CRIMSON: A Clinically-Grounded LLM-Based Metric for Generative Radiology Report Evaluation,CT-XRay,Published_papers/CT-XRay/papers_links.csv,62,CT-XRay,Published_papers/CT-XRay/papers_links.csv,62,kept,"Keep first occurrence by alphabetical modality directory, then original row order"
https://papers.miccai.org/miccai-2026/0216-Paper3342.html,Cross-Cancer Expert-Routing Knowledge Transfer in Federated Prognosis Prediction,Microscopy,Published_papers/Microscopy/papers_links.csv,20,Microscopy,Published_papers/Microscopy/papers_links.csv,14,kept,"Keep first occurrence by alphabetical modality directory, then original row order"
https://papers.miccai.org/miccai-2026/0217-Paper6667.html,Cross-channel Consistent Mamba for Extreme Limited-View Photoacoustic Tomography Reconstruction,Computational_imagings,Published_papers/Computational_imagings/papers_links.csv,9,Computational_imagings,Published_papers/Computational_imagings/papers_links.csv,5,kept,"Keep first occurrence by alphabetical modality directory, then original row order"
https://papers.miccai.org/miccai-2026/0218-Paper1262.html,Cross-domain Controllable Generation Enables Zero-shot Fundus Image Analysis,Others,Published_papers/Others/papers_links.csv,21,Others,Published_papers/Others/papers_links.csv,12,kept,"Keep first occurrence by alphabetical modality directory, then original row order"
https://papers.miccai.org/miccai-2026/0218-Paper1262.html,Cross-domain Controllable Generation Enables Zero-shot Fundus Image Analysis,Photo_video,Published_papers/Photo_video/papers_links.csv,29,Others,Published_papers/Others/papers_links.csv,12,removed_duplicate,"Keep first occurrence by alphabetical modality directory, then original row order"
https://papers.miccai.org/miccai-2026/0220-Paper0746.html,Cross-Modal Alignment and Distillation for Retinal Imaging Dementia Screening,Others,Published_papers/Others/papers_links.csv,22,Others,Published_papers/Others/papers_links.csv,13,kept,"Keep first occurrence by alphabetical modality directory, then original row order"
https://papers.miccai.org/miccai-2026/0221-Paper6146.html,Cross-Modal Concept Transfer: From ECG Signals to Images for Explainable Disease Prediction,Physio-signals,Published_papers/Physio-signals/papers_links.csv,8,Physio-signals,Published_papers/Physio-signals/papers_links.csv,4,kept,"Keep first occurrence by alphabetical modality directory, then original row order"
https://papers.miccai.org/miccai-2026/0222-Paper1945.html,Cross-Modal Contrastive Learning of ECG and Angiography Representations for Severe Stenosis Classification,CT-XRay,Published_papers/CT-XRay/papers_links.csv,63,CT-XRay,Published_papers/CT-XRay/papers_links.csv,63,kept,"Keep first occurrence by alphabetical modality directory, then original row order"
https://papers.miccai.org/miccai-2026/0222-Paper1945.html,Cross-Modal Contrastive Learning of ECG and Angiography Representations for Severe Stenosis Classification,Physio-signals,Published_papers/Physio-signals/papers_links.csv,9,CT-XRay,Published_papers/CT-XRay/papers_links.csv,63,removed_duplicate,"Keep first occurrence by alphabetical modality directory, then original row order"
https://papers.miccai.org/miccai-2026/0223-Paper5013.html,Cross-Modal Prediction of DNA Methylation from Histology Images,Histology,Published_papers/Histology/papers_links.csv,22,Histology,Published_papers/Histology/papers_links.csv,21,kept,"Keep first occurrence by alphabetical modality directory, then original row order"
https://papers.miccai.org/miccai-2026/0224-Paper2720.html,Cross-Surface Representation Learning for Accurate Gingiva Prediction in CBCT,CT-XRay,Published_papers/CT-XRay/papers_links.csv,64,CT-XRay,Published_papers/CT-XRay/papers_links.csv,64,kept,"Keep first occurrence by alphabetical modality directory, then original row order"
https://papers.miccai.org/miccai-2026/0225-Paper2827.html,CrownFusion: 3D Dental Crown Generation Using Geometry Images and Latent Diffusion,Others,Published_papers/Others/papers_links.csv,23,Others,Published_papers/Others/papers_links.csv,14,kept,"Keep first occurrence by alphabetical modality directory, then original row order"
https://papers.miccai.org/miccai-2026/0226-Paper2295.html,CSAM-HQ: A Multi-stage Refinement Framework for Surgical Instrument Segmentation based on SAM and Probabilistic Graphical Models,Photo_video,Published_papers/Photo_video/papers_links.csv,30,Photo_video,Published_papers/Photo_video/papers_links.csv,18,kept,"Keep first occurrence by alphabetical modality directory, then original row order"
https://papers.miccai.org/miccai-2026/0227-Paper3554.html,CSGE: Break the SSL Bottleneck in Medical Image Segmentation via Collaborative Semantic-Geometric Experts,CT-XRay,Published_papers/CT-XRay/papers_links.csv,65,CT-XRay,Published_papers/CT-XRay/papers_links.csv,65,kept,"Keep first occurrence by alphabetical modality directory, then original row order"
https://papers.miccai.org/miccai-2026/0227-Paper3554.html,CSGE: Break the SSL Bottleneck in Medical Image Segmentation via Collaborative Semantic-Geometric Experts,Endoscopy,Published_papers/Endoscopy/papers_links.csv,16,CT-XRay,Published_papers/CT-XRay/papers_links.csv,65,removed_duplicate,"Keep first occurrence by alphabetical modality directory, then original row order"
https://papers.miccai.org/miccai-2026/0227-Paper3554.html,CSGE: Break the SSL Bottleneck in Medical Image Segmentation via Collaborative Semantic-Geometric Experts,ultrasounds,Published_papers/ultrasounds/papers_links.csv,23,CT-XRay,Published_papers/CT-XRay/papers_links.csv,65,removed_duplicate,"Keep first occurrence by alphabetical modality directory, then original row order"
https://papers.miccai.org/miccai-2026/0228-Paper4831.html,CSWinUNETR: Segmentation of Thin Anatomical Structures in Medical Images,CT-XRay,Published_papers/CT-XRay/papers_links.csv,66,CT-XRay,Published_papers/CT-XRay/papers_links.csv,66,kept,"Keep first occurrence by alphabetical modality directory, then original row order"
https://papers.miccai.org/miccai-2026/0228-Paper4831.html,CSWinUNETR: Segmentation of Thin Anatomical Structures in Medical Images,MRI,Published_papers/MRI/papers_links.csv,60,CT-XRay,Published_papers/CT-XRay/papers_links.csv,66,removed_duplicate,"Keep first occurrence by alphabetical modality directory, then original row order"
https://papers.miccai.org/miccai-2026/0228-Paper4831.html,CSWinUNETR: Segmentation of Thin Anatomical Structures in Medical Images,Photo_video,Published_papers/Photo_video/papers_links.csv,31,CT-XRay,Published_papers/CT-XRay/papers_links.csv,66,removed_duplicate,"Keep first occurrence by alphabetical modality directory, then original row order"
https://papers.miccai.org/miccai-2026/0229-Paper1524.html,CT2-DiT: Enabling Abdominal Non-contrast to Contrast-Enhanced CT Translation with Diffusion Transformers in the Low-Data Regime,CT-XRay,Published_papers/CT-XRay/papers_links.csv,67,CT-XRay,Published_papers/CT-XRay/papers_links.csv,67,kept,"Keep first occurrence by alphabetical modality directory, then original row order"
https://papers.miccai.org/miccai-2026/0229-Paper1524.html,CT2-DiT: Enabling Abdominal Non-contrast to Contrast-Enhanced CT Translation with Diffusion Transformers in the Low-Data Regime,Photo_video,Published_papers/Photo_video/papers_links.csv,32,CT-XRay,Published_papers/CT-XRay/papers_links.csv,67,removed_duplicate,"Keep first occurrence by alphabetical modality directory, then original row order"
https://papers.miccai.org/miccai-2026/0230-Paper3390.html,CT-Conditioned Diffusion Prior with Physics-Constrained Sampling for PET Super-Resolution,PET_SPECT,Published_papers/PET_SPECT/papers_links.csv,5,PET_SPECT,Published_papers/PET_SPECT/papers_links.csv,3,kept,"Keep first occurrence by alphabetical modality directory, then original row order"
https://papers.miccai.org/miccai-2026/0231-Paper2284.html,CTTok: Voxel-Abulary for Autoregressive 3D CT Volume Generation with Large Language Models,CT-XRay,Published_papers/CT-XRay/papers_links.csv,68,CT-XRay,Published_papers/CT-XRay/papers_links.csv,68,kept,"Keep first occurrence by alphabetical modality directory, then original row order"
https://papers.miccai.org/miccai-2026/0231-Paper2284.html,CTTok: Voxel-Abulary for Autoregressive 3D CT Volume Generation with Large Language Models,Computational_imagings,Published_papers/Computational_imagings/papers_links.csv,10,CT-XRay,Published_papers/CT-XRay/papers_links.csv,68,removed_duplicate,"Keep first occurrence by alphabetical modality directory, then original row order"
https://papers.miccai.org/miccai-2026/0232-Paper0708.html,Cubic Structure-Aware Neural Radiance Fields for Zero-Shot Super-Resolution of Susceptibility-Weighted Imaging,MRI,Published_papers/MRI/papers_links.csv,61,MRI,Published_papers/MRI/papers_links.csv,40,kept,"Keep first occurrence by alphabetical modality directory, then original row order"
https://papers.miccai.org/miccai-2026/0233-Paper2024.html,CURA: Calibrated Uncertainty with Retrieval and Agents for Trustworthy Multimodal Medical Decision Support,Multimodals,Published_papers/Multimodals/papers_links.csv,7,Multimodals,Published_papers/Multimodals/papers_links.csv,6,kept,"Keep first occurrence by alphabetical modality directory, then original row order"
https://papers.miccai.org/miccai-2026/0234-Paper6594.html,Curia-2: Scaling Self-Supervised Learning for Radiology Foundation Models,CT-XRay,Published_papers/CT-XRay/papers_links.csv,69,CT-XRay,Published_papers/CT-XRay/papers_links.csv,69,kept,"Keep first occurrence by alphabetical modality directory, then original row order"
https://papers.miccai.org/miccai-2026/0234-Paper6594.html,Curia-2: Scaling Self-Supervised Learning for Radiology Foundation Models,MRI,Published_papers/MRI/papers_links.csv,62,CT-XRay,Published_papers/CT-XRay/papers_links.csv,69,removed_duplicate,"Keep first occurrence by alphabetical modality directory, then original row order"
https://papers.miccai.org/miccai-2026/0235-Paper5367.html,"Cut, Stitch, Adapt: Data-Efficient and Low-Calibration Speech BCIs",Physio-signals,Published_papers/Physio-signals/papers_links.csv,10,Physio-signals,Published_papers/Physio-signals/papers_links.csv,5,kept,"Keep first occurrence by alphabetical modality directory, then original row order"
https://papers.miccai.org/miccai-2026/0236-Paper1403.html,CW-B: Class Weighted Boosting Framework for Imbalance Resilient Multi Class Cardiac Phenotyping,EHR,Published_papers/EHR/papers_links.csv,4,EHR,Published_papers/EHR/papers_links.csv,4,kept,"Keep first occurrence by alphabetical modality directory, then original row order"
https://papers.miccai.org/miccai-2026/0237-Paper4247.html,Cycle-Verified Gentle Teaching and Confusion Correction for Label-Scarce Cross-Modal Single-Cell Annotation,Others,Published_papers/Others/papers_links.csv,24,Others,Published_papers/Others/papers_links.csv,15,kept,"Keep first occurrence by alphabetical modality directory, then original row order"
https://papers.miccai.org/miccai-2026/0238-Paper2731.html,D2C: Data-Efficient Skin Lesion Classification for Clinical Images by Representation Alignment Using Dermoscopic Resources,Microscopy,Published_papers/Microscopy/papers_links.csv,21,Microscopy,Published_papers/Microscopy/papers_links.csv,15,kept,"Keep first occurrence by alphabetical modality directory, then original row order"
https://papers.miccai.org/miccai-2026/0238-Paper2731.html,D2C: Data-Efficient Skin Lesion Classification for Clinical Images by Representation Alignment Using Dermoscopic Resources,Sensors,Published_papers/Sensors/papers_links.csv,8,Microscopy,Published_papers/Microscopy/papers_links.csv,15,removed_duplicate,"Keep first occurrence by alphabetical modality directory, then original row order"
https://papers.miccai.org/miccai-2026/0239-Paper3653.html,Data-Driven Optimization of Prostate Sectorization from MRI,Diffusion-MRI,Published_papers/Diffusion-MRI/papers_links.csv,8,Diffusion-MRI,Published_papers/Diffusion-MRI/papers_links.csv,6,kept,"Keep first occurrence by alphabetical modality directory, then original row order"
https://papers.miccai.org/miccai-2026/0239-Paper3653.html,Data-Driven Optimization of Prostate Sectorization from MRI,Func_MRI,Published_papers/Func_MRI/papers_links.csv,19,Diffusion-MRI,Published_papers/Diffusion-MRI/papers_links.csv,6,removed_duplicate,"Keep first occurrence by alphabetical modality directory, then original row order"
https://papers.miccai.org/miccai-2026/0239-Paper3653.html,Data-Driven Optimization of Prostate Sectorization from MRI,MRI,Published_papers/MRI/papers_links.csv,63,Diffusion-MRI,Published_papers/Diffusion-MRI/papers_links.csv,6,removed_duplicate,"Keep first occurrence by alphabetical modality directory, then original row order"
https://papers.miccai.org/miccai-2026/0240-Paper4663.html,DBT-Bleed: Dual-Branch Temporal Modeling with Key-Frame Selection for Surgical Bleeding Detection,Endoscopy,Published_papers/Endoscopy/papers_links.csv,17,Endoscopy,Published_papers/Endoscopy/papers_links.csv,16,kept,"Keep first occurrence by alphabetical modality directory, then original row order"
https://papers.miccai.org/miccai-2026/0240-Paper4663.html,DBT-Bleed: Dual-Branch Temporal Modeling with Key-Frame Selection for Surgical Bleeding Detection,Photo_video,Published_papers/Photo_video/papers_links.csv,33,Endoscopy,Published_papers/Endoscopy/papers_links.csv,16,removed_duplicate,"Keep first occurrence by alphabetical modality directory, then original row order"
https://papers.miccai.org/miccai-2026/0240-Paper4663.html,DBT-Bleed: Dual-Branch Temporal Modeling with Key-Frame Selection for Surgical Bleeding Detection,Robotics,Published_papers/Robotics/papers_links.csv,6,Endoscopy,Published_papers/Endoscopy/papers_links.csv,16,removed_duplicate,"Keep first occurrence by alphabetical modality directory, then original row order"
https://papers.miccai.org/miccai-2026/0241-Paper0323.html,DCLDs-RAG: Evidence-Grounded Multimodal Retrieval-Augmented Generation for Diffuse Cystic Lung Diseases Diagnosis,CT-XRay,Published_papers/CT-XRay/papers_links.csv,70,CT-XRay,Published_papers/CT-XRay/papers_links.csv,70,kept,"Keep first occurrence by alphabetical modality directory, then original row order"
https://papers.miccai.org/miccai-2026/0242-Paper6538.html,DDecomp: Structured Uncertainty Decomposition Using Masked Autoencoders for Anomaly Detection in Diffusion MRI,Diffusion-MRI,Published_papers/Diffusion-MRI/papers_links.csv,9,Diffusion-MRI,Published_papers/Diffusion-MRI/papers_links.csv,7,kept,"Keep first occurrence by alphabetical modality directory, then original row order"
https://papers.miccai.org/miccai-2026/0243-Paper2792.html,DD-INR: Dynamics-Driven Implicit Neural Representation for Accelerated Whole-Brain Functional MRI Reconstruction,Func_MRI,Published_papers/Func_MRI/papers_links.csv,20,Func_MRI,Published_papers/Func_MRI/papers_links.csv,14,kept,"Keep first occurrence by alphabetical modality directory, then original row order"
https://papers.miccai.org/miccai-2026/0244-Paper4563.html,DEC-Net: A Multi-Task Distillation Expert Collaboration Network for Glioma Grading and Molecular Subtyping Using Multimodal MRI,MRI,Published_papers/MRI/papers_links.csv,64,MRI,Published_papers/MRI/papers_links.csv,41,kept,"Keep first occurrence by alphabetical modality directory, then original row order"
https://papers.miccai.org/miccai-2026/0245-Paper0438.html,Decoding the Alzheimer’s Continuum: Interpretable Multi-gate Routing for Diagnosis and Transition Prediction,MRI,Published_papers/MRI/papers_links.csv,65,MRI,Published_papers/MRI/papers_links.csv,42,kept,"Keep first occurrence by alphabetical modality directory, then original row order"
https://papers.miccai.org/miccai-2026/0246-Paper3331.html,Decouple and Reason: Anatomically Guided Two-Stage Grounding of Lung Lesions in 3D Chest CT from Free-Text Reports,CT-XRay,Published_papers/CT-XRay/papers_links.csv,71,CT-XRay,Published_papers/CT-XRay/papers_links.csv,71,kept,"Keep first occurrence by alphabetical modality directory, then original row order"
https://papers.miccai.org/miccai-2026/0247-Paper4660.html,Decoupled Ordinal Refinement with Geometric Alignment for Chest X-ray Severity Scoring,CT-XRay,Published_papers/CT-XRay/papers_links.csv,72,CT-XRay,Published_papers/CT-XRay/papers_links.csv,72,kept,"Keep first occurrence by alphabetical modality directory, then original row order"
https://papers.miccai.org/miccai-2026/0248-Paper1603.html,Decoupled Single-Mask Annotation Noise Detection via Cross-Sectional Patch Self-consistency,CT-XRay,Published_papers/CT-XRay/papers_links.csv,73,CT-XRay,Published_papers/CT-XRay/papers_links.csv,73,kept,"Keep first occurrence by alphabetical modality directory, then original row order"
https://papers.miccai.org/miccai-2026/0249-Paper1086.html,Deep EM with Hierarchical Latent Label Modelling for Multi-Site Prostate Lesion Segmentation,MRI,Published_papers/MRI/papers_links.csv,66,MRI,Published_papers/MRI/papers_links.csv,43,kept,"Keep first occurrence by alphabetical modality directory, then original row order"
https://papers.miccai.org/miccai-2026/0250-Paper0382.html,Deep Probabilistic Cerebrovascular Atlas,MRI,Published_papers/MRI/papers_links.csv,67,MRI,Published_papers/MRI/papers_links.csv,44,kept,"Keep first occurrence by alphabetical modality directory, then original row order"
https://papers.miccai.org/miccai-2026/0251-Paper5348.html,Deep-IMMA: an Interpretable Immune-Aware Multimodal Deep Representation Learning for Cancer Prognosis and Recurrence Prediction,EHR,Published_papers/EHR/papers_links.csv,5,EHR,Published_papers/EHR/papers_links.csv,5,kept,"Keep first occurrence by alphabetical modality directory, then original row order"
https://papers.miccai.org/miccai-2026/0251-Paper5348.html,Deep-IMMA: an Interpretable Immune-Aware Multimodal Deep Representation Learning for Cancer Prognosis and Recurrence Prediction,Histology,Published_papers/Histology/papers_links.csv,24,EHR,Published_papers/EHR/papers_links.csv,5,removed_duplicate,"Keep first occurrence by alphabetical modality directory, then original row order"
https://papers.miccai.org/miccai-2026/0252-Paper1156.html,DEER: A Foundation Model with Dual-Branch CT-Enhanced Embeddings for Thoracoabdominal Radiographs,CT-XRay,Published_papers/CT-XRay/papers_links.csv,74,CT-XRay,Published_papers/CT-XRay/papers_links.csv,74,kept,"Keep first occurrence by alphabetical modality directory, then original row order"
https://papers.miccai.org/miccai-2026/0253-Paper2414.html,Defining Robust Ultrasound Quality Metrics via an Ultrasound Foundation Model,ultrasounds,Published_papers/ultrasounds/papers_links.csv,24,ultrasounds,Published_papers/ultrasounds/papers_links.csv,16,kept,"Keep first occurrence by alphabetical modality directory, then original row order"
https://papers.miccai.org/miccai-2026/0254-Paper1543.html,DeformTTA: Morphology-Aware Controllable Deformation for Test-Time Adaptation in Fetal Cardiac Ultrasound Image Segmentation,ultrasounds,Published_papers/ultrasounds/papers_links.csv,25,ultrasounds,Published_papers/ultrasounds/papers_links.csv,17,kept,"Keep first occurrence by alphabetical modality directory, then original row order"
https://papers.miccai.org/miccai-2026/0255-Paper1749.html,DeGenseGS: Geometrically and Semantically Decoupled Surgical Scene Understanding in 4D Gaussian Splatting,Endoscopy,Published_papers/Endoscopy/papers_links.csv,18,Endoscopy,Published_papers/Endoscopy/papers_links.csv,17,kept,"Keep first occurrence by alphabetical modality directory, then original row order"
https://papers.miccai.org/miccai-2026/0256-Paper3670.html,Demographic-Conditioned State Space Models for ECG-Based Age Estimation,Physio-signals,Published_papers/Physio-signals/papers_links.csv,11,Physio-signals,Published_papers/Physio-signals/papers_links.csv,6,kept,"Keep first occurrence by alphabetical modality directory, then original row order"
https://papers.miccai.org/miccai-2026/0257-Paper6100.html,DenseTRF: Texture-Aware Unsupervised Representation Adaptation for Surgical Scene Dense Prediction,Endoscopy,Published_papers/Endoscopy/papers_links.csv,19,Endoscopy,Published_papers/Endoscopy/papers_links.csv,18,kept,"Keep first occurrence by alphabetical modality directory, then original row order"
https://papers.miccai.org/miccai-2026/0257-Paper6100.html,DenseTRF: Texture-Aware Unsupervised Representation Adaptation for Surgical Scene Dense Prediction,Photo_video,Published_papers/Photo_video/papers_links.csv,34,Endoscopy,Published_papers/Endoscopy/papers_links.csv,18,removed_duplicate,"Keep first occurrence by alphabetical modality directory, then original row order"
https://papers.miccai.org/miccai-2026/0258-Paper4344.html,DentalPSAM: Lifting SAM to Dental Plaque Segmentation with Hybrid 2D-3D Knowledge Fusion,Others,Published_papers/Others/papers_links.csv,25,Others,Published_papers/Others/papers_links.csv,16,kept,"Keep first occurrence by alphabetical modality directory, then original row order"
https://papers.miccai.org/miccai-2026/0259-Paper0668.html,DentMamba: An Anatomy-Aware Global-Local Hybrid Network for Large-Scale Multi-class Dental Disease Detection,CT-XRay,Published_papers/CT-XRay/papers_links.csv,75,CT-XRay,Published_papers/CT-XRay/papers_links.csv,75,kept,"Keep first occurrence by alphabetical modality directory, then original row order"
https://papers.miccai.org/miccai-2026/0260-Paper2293.html,DeNuC: Decoupling Nuclei Detection and Classification in Histopathology,Histology,Published_papers/Histology/papers_links.csv,25,Histology,Published_papers/Histology/papers_links.csv,22,kept,"Keep first occurrence by alphabetical modality directory, then original row order"
https://papers.miccai.org/miccai-2026/0261-Paper5550.html,DepthPilot: From Controllability to Reliability in Colonoscopy Video Generation,Endoscopy,Published_papers/Endoscopy/papers_links.csv,20,Endoscopy,Published_papers/Endoscopy/papers_links.csv,19,kept,"Keep first occurrence by alphabetical modality directory, then original row order"
https://papers.miccai.org/miccai-2026/0262-Paper3890.html,DermaFlux: Synthetic Skin Lesion Generation with Rectified Flows for Enhanced Image Classification,Computational_imagings,Published_papers/Computational_imagings/papers_links.csv,11,Computational_imagings,Published_papers/Computational_imagings/papers_links.csv,6,kept,"Keep first occurrence by alphabetical modality directory, then original row order"
https://papers.miccai.org/miccai-2026/0263-Paper0286.html,DermAgent: A Multi-Tool Agentic System for Evidence-Grounded and Traceable Reasoning in Dermatology,Photo_video,Published_papers/Photo_video/papers_links.csv,35,Photo_video,Published_papers/Photo_video/papers_links.csv,19,kept,"Keep first occurrence by alphabetical modality directory, then original row order"
https://papers.miccai.org/miccai-2026/0264-Paper5594.html,DermDepth: Toward Monocular Metric Scale 3D Reconstruction Models for Dermatology,Others,Published_papers/Others/papers_links.csv,26,Others,Published_papers/Others/papers_links.csv,17,kept,"Keep first occurrence by alphabetical modality directory, then original row order"
https://papers.miccai.org/miccai-2026/0264-Paper5594.html,DermDepth: Toward Monocular Metric Scale 3D Reconstruction Models for Dermatology,Photo_video,Published_papers/Photo_video/papers_links.csv,36,Others,Published_papers/Others/papers_links.csv,17,removed_duplicate,"Keep first occurrence by alphabetical modality directory, then original row order"
https://papers.miccai.org/miccai-2026/0265-Paper5877.html,Detail Consistent Stage-Wise Distillation for Efficient 3D MRI Segmentation,MRI,Published_papers/MRI/papers_links.csv,68,MRI,Published_papers/MRI/papers_links.csv,45,kept,"Keep first occurrence by alphabetical modality directory, then original row order"
https://papers.miccai.org/miccai-2026/0266-Paper4284.html,Detecting Clinical Hallucinations in LVLMs via Counterfactual Visual Grounding Uncertainty,CT-XRay,Published_papers/CT-XRay/papers_links.csv,76,CT-XRay,Published_papers/CT-XRay/papers_links.csv,76,kept,"Keep first occurrence by alphabetical modality directory, then original row order"
https://papers.miccai.org/miccai-2026/0267-Paper6556.html,Deterministic Hallucination Detection in Medical VQA via Confidence-Evidence Bayesian Gain,CT-XRay,Published_papers/CT-XRay/papers_links.csv,77,CT-XRay,Published_papers/CT-XRay/papers_links.csv,77,kept,"Keep first occurrence by alphabetical modality directory, then original row order"
https://papers.miccai.org/miccai-2026/0267-Paper6556.html,Deterministic Hallucination Detection in Medical VQA via Confidence-Evidence Bayesian Gain,Histology,Published_papers/Histology/papers_links.csv,26,CT-XRay,Published_papers/CT-XRay/papers_links.csv,77,removed_duplicate,"Keep first occurrence by alphabetical modality directory, then original row order"
https://papers.miccai.org/miccai-2026/0268-Paper4175.html,Det-Y: A Multi-center Dataset and Benchmark for Efficient Detection of Mycobacterium Tuberculosis in Sputum Smears,Others,Published_papers/Others/papers_links.csv,27,Others,Published_papers/Others/papers_links.csv,18,kept,"Keep first occurrence by alphabetical modality directory, then original row order"
https://papers.miccai.org/miccai-2026/0269-Paper5965.html,Device-Constrained Real-Time EVD Catheter Segmentation,Photo_video,Published_papers/Photo_video/papers_links.csv,37,Photo_video,Published_papers/Photo_video/papers_links.csv,20,kept,"Keep first occurrence by alphabetical modality directory, then original row order"
https://papers.miccai.org/miccai-2026/0269-Paper5965.html,Device-Constrained Real-Time EVD Catheter Segmentation,Sensors,Published_papers/Sensors/papers_links.csv,9,Photo_video,Published_papers/Photo_video/papers_links.csv,20,removed_duplicate,"Keep first occurrence by alphabetical modality directory, then original row order"
https://papers.miccai.org/miccai-2026/0270-Paper0421.html,DFuse: A Dual-Branch Adaptive Fusion Network for Multi-Channel MCG Denoising,Physio-signals,Published_papers/Physio-signals/papers_links.csv,12,Physio-signals,Published_papers/Physio-signals/papers_links.csv,7,kept,"Keep first occurrence by alphabetical modality directory, then original row order"
https://papers.miccai.org/miccai-2026/0271-Paper1127.html,DGFMIL: Fuzzy Multi-instance Learning with Cross-Granularity Calibration and Soft Semantic Routing for Histopathological Image Staging,Histology,Published_papers/Histology/papers_links.csv,27,Histology,Published_papers/Histology/papers_links.csv,23,kept,"Keep first occurrence by alphabetical modality directory, then original row order"
https://papers.miccai.org/miccai-2026/0272-Paper4926.html,DiagMIL: Uncertainty-Gated Coarse-to-Fine Multi-resolution MIL for WSI Diagnosis,Histology,Published_papers/Histology/papers_links.csv,29,Histology,Published_papers/Histology/papers_links.csv,24,kept,"Keep first occurrence by alphabetical modality directory, then original row order"
https://papers.miccai.org/miccai-2026/0273-Paper0321.html,Diagnose Like a Doctor: Misdiagnosis-Aware Structured Memory for Continual Learning of Medical Vision-Language Models,CT-XRay,Published_papers/CT-XRay/papers_links.csv,78,CT-XRay,Published_papers/CT-XRay/papers_links.csv,78,kept,"Keep first occurrence by alphabetical modality directory, then original row order"
https://papers.miccai.org/miccai-2026/0273-Paper0321.html,Diagnose Like a Doctor: Misdiagnosis-Aware Structured Memory for Continual Learning of Medical Vision-Language Models,Endoscopy,Published_papers/Endoscopy/papers_links.csv,21,CT-XRay,Published_papers/CT-XRay/papers_links.csv,78,removed_duplicate,"Keep first occurrence by alphabetical modality directory, then original row order"
https://papers.miccai.org/miccai-2026/0273-Paper0321.html,Diagnose Like a Doctor: Misdiagnosis-Aware Structured Memory for Continual Learning of Medical Vision-Language Models,MRI,Published_papers/MRI/papers_links.csv,69,CT-XRay,Published_papers/CT-XRay/papers_links.csv,78,removed_duplicate,"Keep first occurrence by alphabetical modality directory, then original row order"
https://papers.miccai.org/miccai-2026/0274-Paper4759.html,Diagnosing 3D Volumes from Camera Video: A Semantic-Robust Framework Without Direct DICOM Access,CT-XRay,Published_papers/CT-XRay/papers_links.csv,79,CT-XRay,Published_papers/CT-XRay/papers_links.csv,79,kept,"Keep first occurrence by alphabetical modality directory, then original row order"
https://papers.miccai.org/miccai-2026/0274-Paper4759.html,Diagnosing 3D Volumes from Camera Video: A Semantic-Robust Framework Without Direct DICOM Access,Photo_video,Published_papers/Photo_video/papers_links.csv,38,CT-XRay,Published_papers/CT-XRay/papers_links.csv,79,removed_duplicate,"Keep first occurrence by alphabetical modality directory, then original row order"
https://papers.miccai.org/miccai-2026/0275-Paper2542.html,Diagnostic Evidence-Based Prototype Learning via Dirichlet Process for Multimodal Bone Tumor Subtyping,CT-XRay,Published_papers/CT-XRay/papers_links.csv,80,CT-XRay,Published_papers/CT-XRay/papers_links.csv,80,kept,"Keep first occurrence by alphabetical modality directory, then original row order"
https://papers.miccai.org/miccai-2026/0275-Paper2542.html,Diagnostic Evidence-Based Prototype Learning via Dirichlet Process for Multimodal Bone Tumor Subtyping,MRI,Published_papers/MRI/papers_links.csv,70,CT-XRay,Published_papers/CT-XRay/papers_links.csv,80,removed_duplicate,"Keep first occurrence by alphabetical modality directory, then original row order"
https://papers.miccai.org/miccai-2026/0276-Paper1048.html,DiCoP-SAM: Disagreement-Band Guided Corrective Prompting for Collaborative Semi-Supervised Medical Image Segmentation,CT-XRay,Published_papers/CT-XRay/papers_links.csv,81,CT-XRay,Published_papers/CT-XRay/papers_links.csv,81,kept,"Keep first occurrence by alphabetical modality directory, then original row order"
https://papers.miccai.org/miccai-2026/0276-Paper1048.html,DiCoP-SAM: Disagreement-Band Guided Corrective Prompting for Collaborative Semi-Supervised Medical Image Segmentation,MRI,Published_papers/MRI/papers_links.csv,71,CT-XRay,Published_papers/CT-XRay/papers_links.csv,81,removed_duplicate,"Keep first occurrence by alphabetical modality directory, then original row order"
https://papers.miccai.org/miccai-2026/0276-Paper1048.html,DiCoP-SAM: Disagreement-Band Guided Corrective Prompting for Collaborative Semi-Supervised Medical Image Segmentation,ultrasounds,Published_papers/ultrasounds/papers_links.csv,26,CT-XRay,Published_papers/CT-XRay/papers_links.csv,81,removed_duplicate,"Keep first occurrence by alphabetical modality directory, then original row order"
https://papers.miccai.org/miccai-2026/0277-Paper1807.html,Differential Privacy Representation Geometry for Medical Image Analysis,CT-XRay,Published_papers/CT-XRay/papers_links.csv,83,CT-XRay,Published_papers/CT-XRay/papers_links.csv,82,kept,"Keep first occurrence by alphabetical modality directory, then original row order"
https://papers.miccai.org/miccai-2026/0278-Paper1226.html,Diff-SABR: Diffusion-Based Symmetry-Aware Reconstruction of Alveolar Bone Defects from CBCT,CT-XRay,Published_papers/CT-XRay/papers_links.csv,82,CT-XRay,Published_papers/CT-XRay/papers_links.csv,83,kept,"Keep first occurrence by alphabetical modality directory, then original row order"
https://papers.miccai.org/miccai-2026/0279-Paper0785.html,Diffusion-Guided Anatomical Position Encoding for Dense Longitudinal CT Correspondence,CT-XRay,Published_papers/CT-XRay/papers_links.csv,84,CT-XRay,Published_papers/CT-XRay/papers_links.csv,84,kept,"Keep first occurrence by alphabetical modality directory, then original row order"
https://papers.miccai.org/miccai-2026/0280-Paper5574.html,Digital Twin of the Lung from Wearable Biosignals for Real-Time Respiratory Monitoring,CT-XRay,Published_papers/CT-XRay/papers_links.csv,85,CT-XRay,Published_papers/CT-XRay/papers_links.csv,85,kept,"Keep first occurrence by alphabetical modality directory, then original row order"
https://papers.miccai.org/miccai-2026/0280-Paper5574.html,Digital Twin of the Lung from Wearable Biosignals for Real-Time Respiratory Monitoring,Sensors,Published_papers/Sensors/papers_links.csv,10,CT-XRay,Published_papers/CT-XRay/papers_links.csv,85,removed_duplicate,"Keep first occurrence by alphabetical modality directory, then original row order"
https://papers.miccai.org/miccai-2026/0281-Paper0995.html,Dino U-Net: Exploiting High-Fidelity Dense Features from Foundation Models for Medical Image Segmentation,Endoscopy,Published_papers/Endoscopy/papers_links.csv,22,Endoscopy,Published_papers/Endoscopy/papers_links.csv,20,kept,"Keep first occurrence by alphabetical modality directory, then original row order"
https://papers.miccai.org/miccai-2026/0281-Paper0995.html,Dino U-Net: Exploiting High-Fidelity Dense Features from Foundation Models for Medical Image Segmentation,MRI,Published_papers/MRI/papers_links.csv,72,Endoscopy,Published_papers/Endoscopy/papers_links.csv,20,removed_duplicate,"Keep first occurrence by alphabetical modality directory, then original row order"
https://papers.miccai.org/miccai-2026/0281-Paper0995.html,Dino U-Net: Exploiting High-Fidelity Dense Features from Foundation Models for Medical Image Segmentation,Microscopy,Published_papers/Microscopy/papers_links.csv,22,Endoscopy,Published_papers/Endoscopy/papers_links.csv,20,removed_duplicate,"Keep first occurrence by alphabetical modality directory, then original row order"
https://papers.miccai.org/miccai-2026/0281-Paper0995.html,Dino U-Net: Exploiting High-Fidelity Dense Features from Foundation Models for Medical Image Segmentation,Others,Published_papers/Others/papers_links.csv,28,Endoscopy,Published_papers/Endoscopy/papers_links.csv,20,removed_duplicate,"Keep first occurrence by alphabetical modality directory, then original row order"
https://papers.miccai.org/miccai-2026/0281-Paper0995.html,Dino U-Net: Exploiting High-Fidelity Dense Features from Foundation Models for Medical Image Segmentation,ultrasounds,Published_papers/ultrasounds/papers_links.csv,27,Endoscopy,Published_papers/Endoscopy/papers_links.csv,20,removed_duplicate,"Keep first occurrence by alphabetical modality directory, then original row order"
https://papers.miccai.org/miccai-2026/0282-Paper2993.html,DINO-3DRA: Leveraging 2D Foundation Model Semantics for 3D Cerebral Aneurysm Segmentation,CT-XRay,Published_papers/CT-XRay/papers_links.csv,86,CT-XRay,Published_papers/CT-XRay/papers_links.csv,86,kept,"Keep first occurrence by alphabetical modality directory, then original row order"
https://papers.miccai.org/miccai-2026/0282-Paper2993.html,DINO-3DRA: Leveraging 2D Foundation Model Semantics for 3D Cerebral Aneurysm Segmentation,Others,Published_papers/Others/papers_links.csv,29,CT-XRay,Published_papers/CT-XRay/papers_links.csv,86,removed_duplicate,"Keep first occurrence by alphabetical modality directory, then original row order"
https://papers.miccai.org/miccai-2026/0283-Paper3353.html,DINO-Med3D: Bridging Dimension and Domain Gaps in Volumetric Segmentation via Progressive Adaptation,CT-XRay,Published_papers/CT-XRay/papers_links.csv,87,CT-XRay,Published_papers/CT-XRay/papers_links.csv,87,kept,"Keep first occurrence by alphabetical modality directory, then original row order"
https://papers.miccai.org/miccai-2026/0283-Paper3353.html,DINO-Med3D: Bridging Dimension and Domain Gaps in Volumetric Segmentation via Progressive Adaptation,MRI,Published_papers/MRI/papers_links.csv,73,CT-XRay,Published_papers/CT-XRay/papers_links.csv,87,removed_duplicate,"Keep first occurrence by alphabetical modality directory, then original row order"
https://papers.miccai.org/miccai-2026/0284-Paper5240.html,Di-PACT: Discrete Prognosis via Aligned Co-Topology of Pathways and Tumor Microenvironment,Histology,Published_papers/Histology/papers_links.csv,28,Histology,Published_papers/Histology/papers_links.csv,25,kept,"Keep first occurrence by alphabetical modality directory, then original row order"
https://papers.miccai.org/miccai-2026/0285-Paper1292.html,Directed Ordinal Diffusion Regularization for Progression-Aware Diabetic Retinopathy Grading,Photo_video,Published_papers/Photo_video/papers_links.csv,39,Photo_video,Published_papers/Photo_video/papers_links.csv,21,kept,"Keep first occurrence by alphabetical modality directory, then original row order"
https://papers.miccai.org/miccai-2026/0286-Paper0454.html,Discovering Heterogeneous Neurodegenerative Disease Patterns From MRI Data for Improved Prediction,MRI,Published_papers/MRI/papers_links.csv,74,MRI,Published_papers/MRI/papers_links.csv,46,kept,"Keep first occurrence by alphabetical modality directory, then original row order"
https://papers.miccai.org/miccai-2026/0287-Paper6664.html,Discriminative Directional Projection for Reverse Distillation in Breast Ultrasound Anomaly Detection,ultrasounds,Published_papers/ultrasounds/papers_links.csv,28,ultrasounds,Published_papers/ultrasounds/papers_links.csv,18,kept,"Keep first occurrence by alphabetical modality directory, then original row order"
https://papers.miccai.org/miccai-2026/0288-Paper1074.html,Discriminative Synergistic Temporal Diffusion for Ultrasound Video Thyroid Nodule Segmentation,Photo_video,Published_papers/Photo_video/papers_links.csv,40,Photo_video,Published_papers/Photo_video/papers_links.csv,22,kept,"Keep first occurrence by alphabetical modality directory, then original row order"
https://papers.miccai.org/miccai-2026/0288-Paper1074.html,Discriminative Synergistic Temporal Diffusion for Ultrasound Video Thyroid Nodule Segmentation,ultrasounds,Published_papers/ultrasounds/papers_links.csv,29,Photo_video,Published_papers/Photo_video/papers_links.csv,22,removed_duplicate,"Keep first occurrence by alphabetical modality directory, then original row order"
https://papers.miccai.org/miccai-2026/0289-Paper4526.html,Disease-Consistent Visual-Text Alignment and Fusion for Reliable Radiology Report Generation,CT-XRay,Published_papers/CT-XRay/papers_links.csv,88,CT-XRay,Published_papers/CT-XRay/papers_links.csv,88,kept,"Keep first occurrence by alphabetical modality directory, then original row order"
https://papers.miccai.org/miccai-2026/0290-Paper4921.html,Disentangling Clinic-Specific Acquisition Variability from Motion Dynamics in Intrapartum Ultrasound,ultrasounds,Published_papers/ultrasounds/papers_links.csv,30,ultrasounds,Published_papers/ultrasounds/papers_links.csv,19,kept,"Keep first occurrence by alphabetical modality directory, then original row order"
https://papers.miccai.org/miccai-2026/0291-Paper3039.html,Disentangling Prompt Dependence to Evaluate Segmentation Reliability in Gynecological MRI,MRI,Published_papers/MRI/papers_links.csv,75,MRI,Published_papers/MRI/papers_links.csv,47,kept,"Keep first occurrence by alphabetical modality directory, then original row order"
https://papers.miccai.org/miccai-2026/0292-Paper5794.html,Disentangling Uterine and Bladder Activity in Paired EHG-MRI Data Using Anatomy-Guided Multicluster Beamforming,MRI,Published_papers/MRI/papers_links.csv,76,MRI,Published_papers/MRI/papers_links.csv,48,kept,"Keep first occurrence by alphabetical modality directory, then original row order"
https://papers.miccai.org/miccai-2026/0292-Paper5794.html,Disentangling Uterine and Bladder Activity in Paired EHG-MRI Data Using Anatomy-Guided Multicluster Beamforming,Physio-signals,Published_papers/Physio-signals/papers_links.csv,13,MRI,Published_papers/MRI/papers_links.csv,48,removed_duplicate,"Keep first occurrence by alphabetical modality directory, then original row order"
https://papers.miccai.org/miccai-2026/0293-Paper6226.html,Displacement Preserving Relational Distillation for Robust Medical Segmentation,CT-XRay,Published_papers/CT-XRay/papers_links.csv,89,CT-XRay,Published_papers/CT-XRay/papers_links.csv,89,kept,"Keep first occurrence by alphabetical modality directory, then original row order"
https://papers.miccai.org/miccai-2026/0293-Paper6226.html,Displacement Preserving Relational Distillation for Robust Medical Segmentation,MRI,Published_papers/MRI/papers_links.csv,77,CT-XRay,Published_papers/CT-XRay/papers_links.csv,89,removed_duplicate,"Keep first occurrence by alphabetical modality directory, then original row order"
https://papers.miccai.org/miccai-2026/0294-Paper1477.html,Distilling Photon-Counting CT Into Routine Chest CT Through Clinically Validated Degradation Modeling,CT-XRay,Published_papers/CT-XRay/papers_links.csv,90,CT-XRay,Published_papers/CT-XRay/papers_links.csv,90,kept,"Keep first occurrence by alphabetical modality directory, then original row order"
https://papers.miccai.org/miccai-2026/0295-Paper0460.html,Distilling Temporal Coherence Into 2D Networks for Transrectal Ultrasound Prostate Video Segmentation,ultrasounds,Published_papers/ultrasounds/papers_links.csv,31,ultrasounds,Published_papers/ultrasounds/papers_links.csv,20,kept,"Keep first occurrence by alphabetical modality directory, then original row order"
https://papers.miccai.org/miccai-2026/0296-Paper0431.html,Diverse Normal Prototypes-Guided Contrastive Reconstruction for Medical Anomaly Detection,MRI,Published_papers/MRI/papers_links.csv,79,MRI,Published_papers/MRI/papers_links.csv,49,kept,"Keep first occurrence by alphabetical modality directory, then original row order"
https://papers.miccai.org/miccai-2026/0296-Paper0431.html,Diverse Normal Prototypes-Guided Contrastive Reconstruction for Medical Anomaly Detection,Others,Published_papers/Others/papers_links.csv,30,MRI,Published_papers/MRI/papers_links.csv,49,removed_duplicate,"Keep first occurrence by alphabetical modality directory, then original row order"
https://papers.miccai.org/miccai-2026/0297-Paper3503.html,DIVER-Surv: Diffusion and Virtual-Node Graph Fusion for Cross-Cohort Glioma Survival,EHR,Published_papers/EHR/papers_links.csv,6,EHR,Published_papers/EHR/papers_links.csv,6,kept,"Keep first occurrence by alphabetical modality directory, then original row order"
https://papers.miccai.org/miccai-2026/0297-Paper3503.html,DIVER-Surv: Diffusion and Virtual-Node Graph Fusion for Cross-Cohort Glioma Survival,MRI,Published_papers/MRI/papers_links.csv,78,EHR,Published_papers/EHR/papers_links.csv,6,removed_duplicate,"Keep first occurrence by alphabetical modality directory, then original row order"
https://papers.miccai.org/miccai-2026/0298-Paper4589.html,DK-Net: Semi-supervised Wavelet-KAN Landmark Localization for Angle of Progression Measurement in Intrapartum Transperineal Ultrasound,ultrasounds,Published_papers/ultrasounds/papers_links.csv,32,ultrasounds,Published_papers/ultrasounds/papers_links.csv,21,kept,"Keep first occurrence by alphabetical modality directory, then original row order"
https://papers.miccai.org/miccai-2026/0299-Paper6013.html,DLCE-MIL: Depth-aware Local Context Enhanced Multiple Instance Learning for Patient-Level IVCM Fungal Keratitis Classification,Microscopy,Published_papers/Microscopy/papers_links.csv,23,Microscopy,Published_papers/Microscopy/papers_links.csv,16,kept,"Keep first occurrence by alphabetical modality directory, then original row order"
https://papers.miccai.org/miccai-2026/0300-Paper0915.html,Do Not Break the Vessels: Structure-Preserving Mean Flow for Vascular Image Translation,Endoscopy,Published_papers/Endoscopy/papers_links.csv,23,Endoscopy,Published_papers/Endoscopy/papers_links.csv,21,kept,"Keep first occurrence by alphabetical modality directory, then original row order"
https://papers.miccai.org/miccai-2026/0301-Paper1517.html,DosePlug: Observation-Driven Dose Modeling for Robust Low-Dose Reconstruction and Segmentation,CT-XRay,Published_papers/CT-XRay/papers_links.csv,91,CT-XRay,Published_papers/CT-XRay/papers_links.csv,91,kept,"Keep first occurrence by alphabetical modality directory, then original row order"
https://papers.miccai.org/miccai-2026/0301-Paper1517.html,DosePlug: Observation-Driven Dose Modeling for Robust Low-Dose Reconstruction and Segmentation,PET_SPECT,Published_papers/PET_SPECT/papers_links.csv,6,CT-XRay,Published_papers/CT-XRay/papers_links.csv,91,removed_duplicate,"Keep first occurrence by alphabetical modality directory, then original row order"
https://papers.miccai.org/miccai-2026/0302-Paper0524.html,DPMix-GAN: Dual-Domain Perception and Dynamic Patch-Wise Mixing GAN for 3D CT Synthesis in MR-only Radiotherapy,CT-XRay,Published_papers/CT-XRay/papers_links.csv,92,CT-XRay,Published_papers/CT-XRay/papers_links.csv,92,kept,"Keep first occurrence by alphabetical modality directory, then original row order"
https://papers.miccai.org/miccai-2026/0302-Paper0524.html,DPMix-GAN: Dual-Domain Perception and Dynamic Patch-Wise Mixing GAN for 3D CT Synthesis in MR-only Radiotherapy,MRI,Published_papers/MRI/papers_links.csv,80,CT-XRay,Published_papers/CT-XRay/papers_links.csv,92,removed_duplicate,"Keep first occurrence by alphabetical modality directory, then original row order"
https://papers.miccai.org/miccai-2026/0303-Paper0947.html,DreamReg: Belief-Driven World Model for 2D–3D Ultrasound Registration,ultrasounds,Published_papers/ultrasounds/papers_links.csv,33,ultrasounds,Published_papers/ultrasounds/papers_links.csv,22,kept,"Keep first occurrence by alphabetical modality directory, then original row order"
https://papers.miccai.org/miccai-2026/0304-Paper1899.html,DRGFuse: Alignment-Guided Dual-Layer Reliability-Gated CT–WSI Fusion for Preoperative TRG0 Vs TRG1–3 Prediction in Esophageal Cancer,CT-XRay,Published_papers/CT-XRay/papers_links.csv,93,CT-XRay,Published_papers/CT-XRay/papers_links.csv,93,kept,"Keep first occurrence by alphabetical modality directory, then original row order"
https://papers.miccai.org/miccai-2026/0304-Paper1899.html,DRGFuse: Alignment-Guided Dual-Layer Reliability-Gated CT–WSI Fusion for Preoperative TRG0 Vs TRG1–3 Prediction in Esophageal Cancer,Histology,Published_papers/Histology/papers_links.csv,30,CT-XRay,Published_papers/CT-XRay/papers_links.csv,93,removed_duplicate,"Keep first occurrence by alphabetical modality directory, then original row order"
https://papers.miccai.org/miccai-2026/0304-Paper1899.html,DRGFuse: Alignment-Guided Dual-Layer Reliability-Gated CT–WSI Fusion for Preoperative TRG0 Vs TRG1–3 Prediction in Esophageal Cancer,Multimodals,Published_papers/Multimodals/papers_links.csv,8,CT-XRay,Published_papers/CT-XRay/papers_links.csv,93,removed_duplicate,"Keep first occurrence by alphabetical modality directory, then original row order"
https://papers.miccai.org/miccai-2026/0305-Paper4298.html,DSCE-Net: Dual-Scale Conditioned Evolving Network with Balanced Optimization for All-in-One Medical Image Restoration,CT-XRay,Published_papers/CT-XRay/papers_links.csv,94,CT-XRay,Published_papers/CT-XRay/papers_links.csv,94,kept,"Keep first occurrence by alphabetical modality directory, then original row order"
https://papers.miccai.org/miccai-2026/0305-Paper4298.html,DSCE-Net: Dual-Scale Conditioned Evolving Network with Balanced Optimization for All-in-One Medical Image Restoration,MRI,Published_papers/MRI/papers_links.csv,81,CT-XRay,Published_papers/CT-XRay/papers_links.csv,94,removed_duplicate,"Keep first occurrence by alphabetical modality directory, then original row order"
https://papers.miccai.org/miccai-2026/0305-Paper4298.html,DSCE-Net: Dual-Scale Conditioned Evolving Network with Balanced Optimization for All-in-One Medical Image Restoration,PET_SPECT,Published_papers/PET_SPECT/papers_links.csv,7,CT-XRay,Published_papers/CT-XRay/papers_links.csv,94,removed_duplicate,"Keep first occurrence by alphabetical modality directory, then original row order"
https://papers.miccai.org/miccai-2026/0306-Paper4245.html,DTI-Guided Volumetric Spherical Harmonics Regression for Single-to-Multi-shell dMRI Synthesis,Diffusion-MRI,Published_papers/Diffusion-MRI/papers_links.csv,10,Diffusion-MRI,Published_papers/Diffusion-MRI/papers_links.csv,8,kept,"Keep first occurrence by alphabetical modality directory, then original row order"
https://papers.miccai.org/miccai-2026/0307-Paper0556.html,Dual Agreement Consistency Learning for Semi-supervised Fetal Ultrasound Segmentation,ultrasounds,Published_papers/ultrasounds/papers_links.csv,34,ultrasounds,Published_papers/ultrasounds/papers_links.csv,23,kept,"Keep first occurrence by alphabetical modality directory, then original row order"
https://papers.miccai.org/miccai-2026/0308-Paper0711.html,Dual-Adaptive SAM3: Hierarchical Routing over Low-Rank Expert Layers for Parameter-Efficient Medical Image Segmentation,CT-XRay,Published_papers/CT-XRay/papers_links.csv,95,CT-XRay,Published_papers/CT-XRay/papers_links.csv,95,kept,"Keep first occurrence by alphabetical modality directory, then original row order"
https://papers.miccai.org/miccai-2026/0308-Paper0711.html,Dual-Adaptive SAM3: Hierarchical Routing over Low-Rank Expert Layers for Parameter-Efficient Medical Image Segmentation,MRI,Published_papers/MRI/papers_links.csv,82,CT-XRay,Published_papers/CT-XRay/papers_links.csv,95,removed_duplicate,"Keep first occurrence by alphabetical modality directory, then original row order"
https://papers.miccai.org/miccai-2026/0308-Paper0711.html,Dual-Adaptive SAM3: Hierarchical Routing over Low-Rank Expert Layers for Parameter-Efficient Medical Image Segmentation,ultrasounds,Published_papers/ultrasounds/papers_links.csv,35,CT-XRay,Published_papers/CT-XRay/papers_links.csv,95,removed_duplicate,"Keep first occurrence by alphabetical modality directory, then original row order"
https://papers.miccai.org/miccai-2026/0309-Paper3710.html,DualCaMIL: Dual-Level Causal Multi-instance Learning for Patient-Level Diagnosis in Reflectance Confocal Microscopy,Microscopy,Published_papers/Microscopy/papers_links.csv,24,Microscopy,Published_papers/Microscopy/papers_links.csv,17,kept,"Keep first occurrence by alphabetical modality directory, then original row order"
https://papers.miccai.org/miccai-2026/0310-Paper4478.html,Dual-Domain Cross-Modal Decoding for Clinical Text-Guided Medical Image Segmentation,CT-XRay,Published_papers/CT-XRay/papers_links.csv,96,CT-XRay,Published_papers/CT-XRay/papers_links.csv,96,kept,"Keep first occurrence by alphabetical modality directory, then original row order"
https://papers.miccai.org/miccai-2026/0311-Paper5136.html,Dual-Domain Meta Conditioning Network for Fetal Head and Pubic Symphysis Segmentation in Ultrasound Images Analysis,ultrasounds,Published_papers/ultrasounds/papers_links.csv,36,ultrasounds,Published_papers/ultrasounds/papers_links.csv,24,kept,"Keep first occurrence by alphabetical modality directory, then original row order"
https://papers.miccai.org/miccai-2026/0312-Paper2192.html,DualGGR-MoME: A Mixture of Multimodal Experts with Dual-Branch Gating and Global-Guided Routing for Cancer Survival Prediction,Histology,Published_papers/Histology/papers_links.csv,31,Histology,Published_papers/Histology/papers_links.csv,26,kept,"Keep first occurrence by alphabetical modality directory, then original row order"
https://papers.miccai.org/miccai-2026/0312-Paper2192.html,DualGGR-MoME: A Mixture of Multimodal Experts with Dual-Branch Gating and Global-Guided Routing for Cancer Survival Prediction,Others,Published_papers/Others/papers_links.csv,33,Histology,Published_papers/Histology/papers_links.csv,26,removed_duplicate,"Keep first occurrence by alphabetical modality directory, then original row order"
https://papers.miccai.org/miccai-2026/0313-Paper4913.html,Dual-Modality Neural Network Integrating Sequence and Structural Information for Drug-Target Interaction Prediction,Others,Published_papers/Others/papers_links.csv,31,Others,Published_papers/Others/papers_links.csv,19,kept,"Keep first occurrence by alphabetical modality directory, then original row order"
https://papers.miccai.org/miccai-2026/0314-Paper0486.html,Dual-Registration Reciprocal Super-Resolution for Prior-Guided Real-Time 4D-MRI,MRI,Published_papers/MRI/papers_links.csv,83,MRI,Published_papers/MRI/papers_links.csv,50,kept,"Keep first occurrence by alphabetical modality directory, then original row order"
https://papers.miccai.org/miccai-2026/0315-Paper4655.html,Dual-Space Cold-Start Active Learning Guided by SAM3 for Medical Image Segmentation,MRI,Published_papers/MRI/papers_links.csv,84,MRI,Published_papers/MRI/papers_links.csv,51,kept,"Keep first occurrence by alphabetical modality directory, then original row order"
https://papers.miccai.org/miccai-2026/0315-Paper4655.html,Dual-Space Cold-Start Active Learning Guided by SAM3 for Medical Image Segmentation,Photo_video,Published_papers/Photo_video/papers_links.csv,41,MRI,Published_papers/MRI/papers_links.csv,51,removed_duplicate,"Keep first occurrence by alphabetical modality directory, then original row order"
https://papers.miccai.org/miccai-2026/0316-Paper4182.html,"Dual-Stage Course-to-Fine Tooth Alignment Framework with Decoupled Position, Orientation and Shape Features",Others,Published_papers/Others/papers_links.csv,32,Others,Published_papers/Others/papers_links.csv,20,kept,"Keep first occurrence by alphabetical modality directory, then original row order"
https://papers.miccai.org/miccai-2026/0317-Paper4375.html,Dual-Stream Diffusion with Structure-Aware Fusion for Joint Synthesis of Coherent Medical Image-Mask Pairs,CT-XRay,Published_papers/CT-XRay/papers_links.csv,97,CT-XRay,Published_papers/CT-XRay/papers_links.csv,97,kept,"Keep first occurrence by alphabetical modality directory, then original row order"
https://papers.miccai.org/miccai-2026/0317-Paper4375.html,Dual-Stream Diffusion with Structure-Aware Fusion for Joint Synthesis of Coherent Medical Image-Mask Pairs,Endoscopy,Published_papers/Endoscopy/papers_links.csv,24,CT-XRay,Published_papers/CT-XRay/papers_links.csv,97,removed_duplicate,"Keep first occurrence by alphabetical modality directory, then original row order"
https://papers.miccai.org/miccai-2026/0317-Paper4375.html,Dual-Stream Diffusion with Structure-Aware Fusion for Joint Synthesis of Coherent Medical Image-Mask Pairs,Photo_video,Published_papers/Photo_video/papers_links.csv,42,CT-XRay,Published_papers/CT-XRay/papers_links.csv,97,removed_duplicate,"Keep first occurrence by alphabetical modality directory, then original row order"
https://papers.miccai.org/miccai-2026/0318-Paper3395.html,Dual-Teacher Knowledge Distillation with SAM and Learnable Prototype Guidance for Semi-supervised 3D Medical Segmentation,CT-XRay,Published_papers/CT-XRay/papers_links.csv,98,CT-XRay,Published_papers/CT-XRay/papers_links.csv,98,kept,"Keep first occurrence by alphabetical modality directory, then original row order"
https://papers.miccai.org/miccai-2026/0319-Paper2160.html,DUCX: Decomposing Unfairness in Tool-Using Chest X-Ray Agents,CT-XRay,Published_papers/CT-XRay/papers_links.csv,99,CT-XRay,Published_papers/CT-XRay/papers_links.csv,99,kept,"Keep first occurrence by alphabetical modality directory, then original row order"
https://papers.miccai.org/miccai-2026/0320-Paper0111.html,Dynamic Collaborative Continual Test-Time Adaptation for 3D Vessel Segmentation,MRI,Published_papers/MRI/papers_links.csv,85,MRI,Published_papers/MRI/papers_links.csv,52,kept,"Keep first occurrence by alphabetical modality directory, then original row order"
https://papers.miccai.org/miccai-2026/0321-Paper2443.html,Dynamic Spatial-Temporal Mapping for EEG-to-fMRI Synthesis via Gaussian-Guided Heterogeneous Graph Neural Network,Func_MRI,Published_papers/Func_MRI/papers_links.csv,21,Func_MRI,Published_papers/Func_MRI/papers_links.csv,15,kept,"Keep first occurrence by alphabetical modality directory, then original row order"
https://papers.miccai.org/miccai-2026/0321-Paper2443.html,Dynamic Spatial-Temporal Mapping for EEG-to-fMRI Synthesis via Gaussian-Guided Heterogeneous Graph Neural Network,Physio-signals,Published_papers/Physio-signals/papers_links.csv,14,Func_MRI,Published_papers/Func_MRI/papers_links.csv,15,removed_duplicate,"Keep first occurrence by alphabetical modality directory, then original row order"
https://papers.miccai.org/miccai-2026/0322-Paper6534.html,Dynamic Sub-domain Modeling for Robust Medical Image Segmentation,CT-XRay,Published_papers/CT-XRay/papers_links.csv,100,CT-XRay,Published_papers/CT-XRay/papers_links.csv,100,kept,"Keep first occurrence by alphabetical modality directory, then original row order"
https://papers.miccai.org/miccai-2026/0322-Paper6534.html,Dynamic Sub-domain Modeling for Robust Medical Image Segmentation,MRI,Published_papers/MRI/papers_links.csv,86,CT-XRay,Published_papers/CT-XRay/papers_links.csv,100,removed_duplicate,"Keep first occurrence by alphabetical modality directory, then original row order"
https://papers.miccai.org/miccai-2026/0322-Paper6534.html,Dynamic Sub-domain Modeling for Robust Medical Image Segmentation,Others,Published_papers/Others/papers_links.csv,34,CT-XRay,Published_papers/CT-XRay/papers_links.csv,100,removed_duplicate,"Keep first occurrence by alphabetical modality directory, then original row order"
https://papers.miccai.org/miccai-2026/0322-Paper6534.html,Dynamic Sub-domain Modeling for Robust Medical Image Segmentation,ultrasounds,Published_papers/ultrasounds/papers_links.csv,37,CT-XRay,Published_papers/CT-XRay/papers_links.csv,100,removed_duplicate,"Keep first occurrence by alphabetical modality directory, then original row order"
https://papers.miccai.org/miccai-2026/0323-Paper4376.html,DynFS-MoE: Dynamic Functional-Structural Mixture-of-Experts for Post-Traumatic Epilepsy Diagnosis,Diffusion-MRI,Published_papers/Diffusion-MRI/papers_links.csv,11,Diffusion-MRI,Published_papers/Diffusion-MRI/papers_links.csv,9,kept,"Keep first occurrence by alphabetical modality directory, then original row order"
https://papers.miccai.org/miccai-2026/0323-Paper4376.html,DynFS-MoE: Dynamic Functional-Structural Mixture-of-Experts for Post-Traumatic Epilepsy Diagnosis,Func_MRI,Published_papers/Func_MRI/papers_links.csv,22,Diffusion-MRI,Published_papers/Diffusion-MRI/papers_links.csv,9,removed_duplicate,"Keep first occurrence by alphabetical modality directory, then original row order"
https://papers.miccai.org/miccai-2026/0324-Paper0820.html,EA-LDM: Explicit Alignment Latent Diffusion Model for Patient-Specific CT Reconstruction from Bi-planar X-Rays,CT-XRay,Published_papers/CT-XRay/papers_links.csv,102,CT-XRay,Published_papers/CT-XRay/papers_links.csv,101,kept,"Keep first occurrence by alphabetical modality directory, then original row order"
https://papers.miccai.org/miccai-2026/0325-Paper0402.html,ECFR: Entropy-Consistency Flow Rectification in Test-Time Adaptation for Medical Foundation Models,CT-XRay,Published_papers/CT-XRay/papers_links.csv,103,CT-XRay,Published_papers/CT-XRay/papers_links.csv,102,kept,"Keep first occurrence by alphabetical modality directory, then original row order"
https://papers.miccai.org/miccai-2026/0325-Paper0402.html,ECFR: Entropy-Consistency Flow Rectification in Test-Time Adaptation for Medical Foundation Models,Photo_video,Published_papers/Photo_video/papers_links.csv,43,CT-XRay,Published_papers/CT-XRay/papers_links.csv,102,removed_duplicate,"Keep first occurrence by alphabetical modality directory, then original row order"
https://papers.miccai.org/miccai-2026/0326-Paper1094.html,ECG-CoCa: Physiology-Informed Contrastive and Generative Framework for ECG Interpretation,Physio-signals,Published_papers/Physio-signals/papers_links.csv,15,Physio-signals,Published_papers/Physio-signals/papers_links.csv,8,kept,"Keep first occurrence by alphabetical modality directory, then original row order"
https://papers.miccai.org/miccai-2026/0327-Paper1663.html,ECHO: Estimated Composite Hybrid Observation for Zero-Shot Self-Supervised MRI Reconstruction,MRI,Published_papers/MRI/papers_links.csv,87,MRI,Published_papers/MRI/papers_links.csv,53,kept,"Keep first occurrence by alphabetical modality directory, then original row order"
https://papers.miccai.org/miccai-2026/0328-Paper1932.html,Echo2ECG: Enhancing ECG Representations with Cardiac Morphology from Multi-view Echos,Physio-signals,Published_papers/Physio-signals/papers_links.csv,16,Physio-signals,Published_papers/Physio-signals/papers_links.csv,9,kept,"Keep first occurrence by alphabetical modality directory, then original row order"
https://papers.miccai.org/miccai-2026/0328-Paper1932.html,Echo2ECG: Enhancing ECG Representations with Cardiac Morphology from Multi-view Echos,ultrasounds,Published_papers/ultrasounds/papers_links.csv,39,Physio-signals,Published_papers/Physio-signals/papers_links.csv,9,removed_duplicate,"Keep first occurrence by alphabetical modality directory, then original row order"
https://papers.miccai.org/miccai-2026/0329-Paper3704.html,Echo4DIR: 4D Implicit Heart Reconstruction from 2D Echocardiography Videos,ultrasounds,Published_papers/ultrasounds/papers_links.csv,40,ultrasounds,Published_papers/ultrasounds/papers_links.csv,25,kept,"Keep first occurrence by alphabetical modality directory, then original row order"
https://papers.miccai.org/miccai-2026/0330-Paper3273.html,EchoFID: A Multi-teacher Distilled Evaluation Network for Cardiac Ultrasound Image Generation,ultrasounds,Published_papers/ultrasounds/papers_links.csv,41,ultrasounds,Published_papers/ultrasounds/papers_links.csv,26,kept,"Keep first occurrence by alphabetical modality directory, then original row order"
https://papers.miccai.org/miccai-2026/0331-Paper3595.html,EchoLVFM: One-Step Video Generation via Latent Flow Matching for Echocardiogram Synthesis,Computational_imagings,Published_papers/Computational_imagings/papers_links.csv,12,Computational_imagings,Published_papers/Computational_imagings/papers_links.csv,7,kept,"Keep first occurrence by alphabetical modality directory, then original row order"
https://papers.miccai.org/miccai-2026/0331-Paper3595.html,EchoLVFM: One-Step Video Generation via Latent Flow Matching for Echocardiogram Synthesis,ultrasounds,Published_papers/ultrasounds/papers_links.csv,42,Computational_imagings,Published_papers/Computational_imagings/papers_links.csv,7,removed_duplicate,"Keep first occurrence by alphabetical modality directory, then original row order"
https://papers.miccai.org/miccai-2026/0332-Paper1265.html,EchoPilot: Training-Free Ultrasound Video Segmentation via Scale-Space Semantic Prompting and Reliability-Gated Memory,ultrasounds,Published_papers/ultrasounds/papers_links.csv,43,ultrasounds,Published_papers/ultrasounds/papers_links.csv,27,kept,"Keep first occurrence by alphabetical modality directory, then original row order"
https://papers.miccai.org/miccai-2026/0333-Paper4373.html,Echo-SCAR: Temporal Feature Learning for Myocardial Scar Detection from Routine Echocardiography,ultrasounds,Published_papers/ultrasounds/papers_links.csv,38,ultrasounds,Published_papers/ultrasounds/papers_links.csv,28,kept,"Keep first occurrence by alphabetical modality directory, then original row order"
https://papers.miccai.org/miccai-2026/0334-Paper3869.html,EchoTracker2: Enhancing Myocardial Point Tracking by Modeling Local Motion,ultrasounds,Published_papers/ultrasounds/papers_links.csv,44,ultrasounds,Published_papers/ultrasounds/papers_links.csv,29,kept,"Keep first occurrence by alphabetical modality directory, then original row order"
https://papers.miccai.org/miccai-2026/0335-Paper6097.html,EchoVQA: Enabling Conversational Assistance for Point-of-Care Cardiac Ultrasound,Sensors,Published_papers/Sensors/papers_links.csv,11,Sensors,Published_papers/Sensors/papers_links.csv,3,kept,"Keep first occurrence by alphabetical modality directory, then original row order"
https://papers.miccai.org/miccai-2026/0335-Paper6097.html,EchoVQA: Enabling Conversational Assistance for Point-of-Care Cardiac Ultrasound,ultrasounds,Published_papers/ultrasounds/papers_links.csv,45,Sensors,Published_papers/Sensors/papers_links.csv,3,removed_duplicate,"Keep first occurrence by alphabetical modality directory, then original row order"
https://papers.miccai.org/miccai-2026/0336-Paper1253.html,ECLIPSE: EHR-Constrained Localized Inference for Pan-Tumor Segmentation,CT-XRay,Published_papers/CT-XRay/papers_links.csv,104,CT-XRay,Published_papers/CT-XRay/papers_links.csv,103,kept,"Keep first occurrence by alphabetical modality directory, then original row order"
https://papers.miccai.org/miccai-2026/0337-Paper1745.html,EdgeCVS: Democratization of surgical AI with a Distilled Edge-Deployable Critical View of Safety (CVS) model,Robotics,Published_papers/Robotics/papers_links.csv,7,Robotics,Published_papers/Robotics/papers_links.csv,3,kept,"Keep first occurrence by alphabetical modality directory, then original row order"
https://papers.miccai.org/miccai-2026/0338-Paper4361.html,EEGRFusion: Uncertainty-Aware EEG-to-Image Evidence for Adjunct Bedside Assessment of CMD in Disorders of Consciousness,Physio-signals,Published_papers/Physio-signals/papers_links.csv,17,Physio-signals,Published_papers/Physio-signals/papers_links.csv,10,kept,"Keep first occurrence by alphabetical modality directory, then original row order"
https://papers.miccai.org/miccai-2026/0339-Paper2641.html,Efficient Conformal Volumetry for Template-Based Segmentation,CT-XRay,Published_papers/CT-XRay/papers_links.csv,105,CT-XRay,Published_papers/CT-XRay/papers_links.csv,104,kept,"Keep first occurrence by alphabetical modality directory, then original row order"
https://papers.miccai.org/miccai-2026/0339-Paper2641.html,Efficient Conformal Volumetry for Template-Based Segmentation,MRI,Published_papers/MRI/papers_links.csv,88,CT-XRay,Published_papers/CT-XRay/papers_links.csv,104,removed_duplicate,"Keep first occurrence by alphabetical modality directory, then original row order"
https://papers.miccai.org/miccai-2026/0340-Paper3850.html,Efficient Flow Matching for Sparse-View CT Reconstruction,CT-XRay,Published_papers/CT-XRay/papers_links.csv,106,CT-XRay,Published_papers/CT-XRay/papers_links.csv,105,kept,"Keep first occurrence by alphabetical modality directory, then original row order"
https://papers.miccai.org/miccai-2026/0341-Paper3555.html,Eigen-Directed Random Projection for Medical Image Class Incremental Learning,CT-XRay,Published_papers/CT-XRay/papers_links.csv,107,CT-XRay,Published_papers/CT-XRay/papers_links.csv,106,kept,"Keep first occurrence by alphabetical modality directory, then original row order"
https://papers.miccai.org/miccai-2026/0341-Paper3555.html,Eigen-Directed Random Projection for Medical Image Class Incremental Learning,Histology,Published_papers/Histology/papers_links.csv,32,CT-XRay,Published_papers/CT-XRay/papers_links.csv,106,removed_duplicate,"Keep first occurrence by alphabetical modality directory, then original row order"
https://papers.miccai.org/miccai-2026/0341-Paper3555.html,Eigen-Directed Random Projection for Medical Image Class Incremental Learning,Photo_video,Published_papers/Photo_video/papers_links.csv,44,CT-XRay,Published_papers/CT-XRay/papers_links.csv,106,removed_duplicate,"Keep first occurrence by alphabetical modality directory, then original row order"
https://papers.miccai.org/miccai-2026/0342-Paper4833.html,EmERGE: A Multimodal LLM-Based Evidence-Mediated ECG Report Generation and Evaluation Approach,EHR,Published_papers/EHR/papers_links.csv,7,EHR,Published_papers/EHR/papers_links.csv,7,kept,"Keep first occurrence by alphabetical modality directory, then original row order"
https://papers.miccai.org/miccai-2026/0342-Paper4833.html,EmERGE: A Multimodal LLM-Based Evidence-Mediated ECG Report Generation and Evaluation Approach,Physio-signals,Published_papers/Physio-signals/papers_links.csv,18,EHR,Published_papers/EHR/papers_links.csv,7,removed_duplicate,"Keep first occurrence by alphabetical modality directory, then original row order"
https://papers.miccai.org/miccai-2026/0343-Paper0536.html,E-MRL: Cross-View Aligned Evidence-Driven Multimodal Reinforcement Learning for Reliable 3D Tumor Analysis,CT-XRay,Published_papers/CT-XRay/papers_links.csv,101,CT-XRay,Published_papers/CT-XRay/papers_links.csv,107,kept,"Keep first occurrence by alphabetical modality directory, then original row order"
https://papers.miccai.org/miccai-2026/0344-Paper1872.html,ENC-ODE: Event-level Neurodegenerative Modeling in Continuous Time with Neural ODEs,MRI,Published_papers/MRI/papers_links.csv,89,MRI,Published_papers/MRI/papers_links.csv,54,kept,"Keep first occurrence by alphabetical modality directory, then original row order"
https://papers.miccai.org/miccai-2026/0344-Paper1872.html,ENC-ODE: Event-level Neurodegenerative Modeling in Continuous Time with Neural ODEs,Others,Published_papers/Others/papers_links.csv,35,MRI,Published_papers/MRI/papers_links.csv,54,removed_duplicate,"Keep first occurrence by alphabetical modality directory, then original row order"
https://papers.miccai.org/miccai-2026/0345-Paper1921.html,End2Reg: Learning Task-Specific Segmentation for Markerless Registration in Spine Surgery,CT-XRay,Published_papers/CT-XRay/papers_links.csv,108,CT-XRay,Published_papers/CT-XRay/papers_links.csv,108,kept,"Keep first occurrence by alphabetical modality directory, then original row order"
https://papers.miccai.org/miccai-2026/0345-Paper1921.html,End2Reg: Learning Task-Specific Segmentation for Markerless Registration in Spine Surgery,MRI,Published_papers/MRI/papers_links.csv,90,CT-XRay,Published_papers/CT-XRay/papers_links.csv,108,removed_duplicate,"Keep first occurrence by alphabetical modality directory, then original row order"
https://papers.miccai.org/miccai-2026/0345-Paper1921.html,End2Reg: Learning Task-Specific Segmentation for Markerless Registration in Spine Surgery,Others,Published_papers/Others/papers_links.csv,36,CT-XRay,Published_papers/CT-XRay/papers_links.csv,108,removed_duplicate,"Keep first occurrence by alphabetical modality directory, then original row order"
https://papers.miccai.org/miccai-2026/0346-Paper1638.html,EndoDA3: Unified Depth and Pose Estimation for Endoscopic Video,Endoscopy,Published_papers/Endoscopy/papers_links.csv,25,Endoscopy,Published_papers/Endoscopy/papers_links.csv,22,kept,"Keep first occurrence by alphabetical modality directory, then original row order"
https://papers.miccai.org/miccai-2026/0346-Paper1638.html,EndoDA3: Unified Depth and Pose Estimation for Endoscopic Video,Robotics,Published_papers/Robotics/papers_links.csv,8,Endoscopy,Published_papers/Endoscopy/papers_links.csv,22,removed_duplicate,"Keep first occurrence by alphabetical modality directory, then original row order"
https://papers.miccai.org/miccai-2026/0347-Paper3071.html,EndoGSim: Physics-Aware 4D Dynamic Endoscopic Scene Simulations via MLLM-Guided Gaussian Splatting,Endoscopy,Published_papers/Endoscopy/papers_links.csv,26,Endoscopy,Published_papers/Endoscopy/papers_links.csv,23,kept,"Keep first occurrence by alphabetical modality directory, then original row order"
https://papers.miccai.org/miccai-2026/0348-Paper0285.html,EndoVLM: An Endoscopy Vision-Language Pre-training Model via Anatomy-Guided Sparsity and Progressive Alignment,Endoscopy,Published_papers/Endoscopy/papers_links.csv,27,Endoscopy,Published_papers/Endoscopy/papers_links.csv,24,kept,"Keep first occurrence by alphabetical modality directory, then original row order"
https://papers.miccai.org/miccai-2026/0349-Paper1584.html,EndoX: A GPU-Accelerated Endoscopic Perception Simulation Framework,Computational_imagings,Published_papers/Computational_imagings/papers_links.csv,13,Computational_imagings,Published_papers/Computational_imagings/papers_links.csv,8,kept,"Keep first occurrence by alphabetical modality directory, then original row order"
https://papers.miccai.org/miccai-2026/0349-Paper1584.html,EndoX: A GPU-Accelerated Endoscopic Perception Simulation Framework,Endoscopy,Published_papers/Endoscopy/papers_links.csv,28,Computational_imagings,Published_papers/Computational_imagings/papers_links.csv,8,removed_duplicate,"Keep first occurrence by alphabetical modality directory, then original row order"
https://papers.miccai.org/miccai-2026/0350-Paper3483.html,Enhancing Brain MRI Anomaly Detection and Reasoning with ROI Rethink and Synthetic Data,MRI,Published_papers/MRI/papers_links.csv,91,MRI,Published_papers/MRI/papers_links.csv,55,kept,"Keep first occurrence by alphabetical modality directory, then original row order"
https://papers.miccai.org/miccai-2026/0351-Paper3574.html,Enhancing Pathological VLMs with Cross-scale Reasoning,Histology,Published_papers/Histology/papers_links.csv,33,Histology,Published_papers/Histology/papers_links.csv,27,kept,"Keep first occurrence by alphabetical modality directory, then original row order"
https://papers.miccai.org/miccai-2026/0352-Paper4867.html,Equity-Aware Self-supervised Multi-domain Connectome Representation Learning for Major Depressive Disorder Diagnosis,Func_MRI,Published_papers/Func_MRI/papers_links.csv,23,Func_MRI,Published_papers/Func_MRI/papers_links.csv,16,kept,"Keep first occurrence by alphabetical modality directory, then original row order"
https://papers.miccai.org/miccai-2026/0353-Paper4268.html,ESRT: Endoscopic Stereo Reconstruction Transformer,Endoscopy,Published_papers/Endoscopy/papers_links.csv,29,Endoscopy,Published_papers/Endoscopy/papers_links.csv,25,kept,"Keep first occurrence by alphabetical modality directory, then original row order"
https://papers.miccai.org/miccai-2026/0354-Paper0011.html,Estimated Age-Guided Cerebral Microbleed Segmentation,MRI,Published_papers/MRI/papers_links.csv,92,MRI,Published_papers/MRI/papers_links.csv,56,kept,"Keep first occurrence by alphabetical modality directory, then original row order"
https://papers.miccai.org/miccai-2026/0355-Paper6476.html,Evidential Fusion Network for Multimodal Survival Prediction Under Missing Modalities,Histology,Published_papers/Histology/papers_links.csv,34,Histology,Published_papers/Histology/papers_links.csv,28,kept,"Keep first occurrence by alphabetical modality directory, then original row order"
https://papers.miccai.org/miccai-2026/0356-Paper6434.html,Evidential Neural Networks for Uncertainty-Aware Alzheimer’s Disease Screening from Resting-State EEG,Physio-signals,Published_papers/Physio-signals/papers_links.csv,19,Physio-signals,Published_papers/Physio-signals/papers_links.csv,11,kept,"Keep first occurrence by alphabetical modality directory, then original row order"
https://papers.miccai.org/miccai-2026/0357-Paper3341.html,Evidential Perfusion Physics-Informed Neural Networks with Residual Uncertainty Quantification,CT-XRay,Published_papers/CT-XRay/papers_links.csv,110,CT-XRay,Published_papers/CT-XRay/papers_links.csv,109,kept,"Keep first occurrence by alphabetical modality directory, then original row order"
https://papers.miccai.org/miccai-2026/0358-Paper2764.html,Evi-Steer: Learning to Steer Biomedical Vision-Language Models through Efficient and Generalizable Evidential Tuning,CT-XRay,Published_papers/CT-XRay/papers_links.csv,109,CT-XRay,Published_papers/CT-XRay/papers_links.csv,110,kept,"Keep first occurrence by alphabetical modality directory, then original row order"
https://papers.miccai.org/miccai-2026/0358-Paper2764.html,Evi-Steer: Learning to Steer Biomedical Vision-Language Models through Efficient and Generalizable Evidential Tuning,MRI,Published_papers/MRI/papers_links.csv,93,CT-XRay,Published_papers/CT-XRay/papers_links.csv,110,removed_duplicate,"Keep first occurrence by alphabetical modality directory, then original row order"
https://papers.miccai.org/miccai-2026/0358-Paper2764.html,Evi-Steer: Learning to Steer Biomedical Vision-Language Models through Efficient and Generalizable Evidential Tuning,Microscopy,Published_papers/Microscopy/papers_links.csv,25,CT-XRay,Published_papers/CT-XRay/papers_links.csv,110,removed_duplicate,"Keep first occurrence by alphabetical modality directory, then original row order"
https://papers.miccai.org/miccai-2026/0358-Paper2764.html,Evi-Steer: Learning to Steer Biomedical Vision-Language Models through Efficient and Generalizable Evidential Tuning,ultrasounds,Published_papers/ultrasounds/papers_links.csv,46,CT-XRay,Published_papers/CT-XRay/papers_links.csv,110,removed_duplicate,"Keep first occurrence by alphabetical modality directory, then original row order"
https://papers.miccai.org/miccai-2026/0359-Paper4228.html,EvoMed: Self-Evolving Medical VLM via Training-free Continued Learning,CT-XRay,Published_papers/CT-XRay/papers_links.csv,111,CT-XRay,Published_papers/CT-XRay/papers_links.csv,111,kept,"Keep first occurrence by alphabetical modality directory, then original row order"
https://papers.miccai.org/miccai-2026/0359-Paper4228.html,EvoMed: Self-Evolving Medical VLM via Training-free Continued Learning,MRI,Published_papers/MRI/papers_links.csv,94,CT-XRay,Published_papers/CT-XRay/papers_links.csv,111,removed_duplicate,"Keep first occurrence by alphabetical modality directory, then original row order"
https://papers.miccai.org/miccai-2026/0359-Paper4228.html,EvoMed: Self-Evolving Medical VLM via Training-free Continued Learning,Microscopy,Published_papers/Microscopy/papers_links.csv,26,CT-XRay,Published_papers/CT-XRay/papers_links.csv,111,removed_duplicate,"Keep first occurrence by alphabetical modality directory, then original row order"
https://papers.miccai.org/miccai-2026/0360-Paper1081.html,Evo-RAD: Navigating Rare Retinal Disease Diagnosis via Self-Evolving Agentic Retrieval,Photo_video,Published_papers/Photo_video/papers_links.csv,45,Photo_video,Published_papers/Photo_video/papers_links.csv,23,kept,"Keep first occurrence by alphabetical modality directory, then original row order"
https://papers.miccai.org/miccai-2026/0361-Paper6332.html,Expert-like Bone Ultrasound Segmentation through Expert-in-the-loop Mask-conditioned Progressive Learning,ultrasounds,Published_papers/ultrasounds/papers_links.csv,47,ultrasounds,Published_papers/ultrasounds/papers_links.csv,30,kept,"Keep first occurrence by alphabetical modality directory, then original row order"
https://papers.miccai.org/miccai-2026/0362-Paper3479.html,Explainability in Multimodal Deep Transformation Models for Stroke Outcome Prediction,Diffusion-MRI,Published_papers/Diffusion-MRI/papers_links.csv,12,Diffusion-MRI,Published_papers/Diffusion-MRI/papers_links.csv,10,kept,"Keep first occurrence by alphabetical modality directory, then original row order"
https://papers.miccai.org/miccai-2026/0362-Paper3479.html,Explainability in Multimodal Deep Transformation Models for Stroke Outcome Prediction,MRI,Published_papers/MRI/papers_links.csv,95,Diffusion-MRI,Published_papers/Diffusion-MRI/papers_links.csv,10,removed_duplicate,"Keep first occurrence by alphabetical modality directory, then original row order"
https://papers.miccai.org/miccai-2026/0363-Paper2646.html,Exploiting Interior Geometry for Intracranial Aneurysm Detection and Segmentation on 3D Point Clouds via GNNs,MRI,Published_papers/MRI/papers_links.csv,96,MRI,Published_papers/MRI/papers_links.csv,57,kept,"Keep first occurrence by alphabetical modality directory, then original row order"
https://papers.miccai.org/miccai-2026/0364-Paper3814.html,Exploiting Longitudinal Context in Clinician-Verified Interactive Lesion Tracking,CT-XRay,Published_papers/CT-XRay/papers_links.csv,112,CT-XRay,Published_papers/CT-XRay/papers_links.csv,112,kept,"Keep first occurrence by alphabetical modality directory, then original row order"
https://papers.miccai.org/miccai-2026/0365-Paper1072.html,Exploring Efficient Weakly Supervised Ultrasound Video Object Segmentation with VLM-Guided Structure Advantage Learning,ultrasounds,Published_papers/ultrasounds/papers_links.csv,48,ultrasounds,Published_papers/ultrasounds/papers_links.csv,31,kept,"Keep first occurrence by alphabetical modality directory, then original row order"
https://papers.miccai.org/miccai-2026/0366-Paper0073.html,Exploring Subnetwork Interactions in Heterogeneous Brain Network via Prior-Informed Graph Learning,MRI,Published_papers/MRI/papers_links.csv,97,MRI,Published_papers/MRI/papers_links.csv,58,kept,"Keep first occurrence by alphabetical modality directory, then original row order"
https://papers.miccai.org/miccai-2026/0367-Paper0521.html,FA-Diff: Leveraging Frequency-Aware RWKV Diffusion for OCT to Correlation-Stability Map Translation,Others,Published_papers/Others/papers_links.csv,37,Others,Published_papers/Others/papers_links.csv,21,kept,"Keep first occurrence by alphabetical modality directory, then original row order"
https://papers.miccai.org/miccai-2026/0367-Paper0521.html,FA-Diff: Leveraging Frequency-Aware RWKV Diffusion for OCT to Correlation-Stability Map Translation,Spectroscopy,Published_papers/Spectroscopy/papers_links.csv,3,Others,Published_papers/Others/papers_links.csv,21,removed_duplicate,"Keep first occurrence by alphabetical modality directory, then original row order"
https://papers.miccai.org/miccai-2026/0368-Paper3379.html,Fair Curriculum Learning for Concept Bottleneck Models in Dermatology,Photo_video,Published_papers/Photo_video/papers_links.csv,46,Photo_video,Published_papers/Photo_video/papers_links.csv,24,kept,"Keep first occurrence by alphabetical modality directory, then original row order"
https://papers.miccai.org/miccai-2026/0369-Paper2301.html,FairGE: Gated Expert Routing for Intersectional Fairness in Medical Foundation Models,Photo_video,Published_papers/Photo_video/papers_links.csv,47,Photo_video,Published_papers/Photo_video/papers_links.csv,25,kept,"Keep first occurrence by alphabetical modality directory, then original row order"
https://papers.miccai.org/miccai-2026/0370-Paper4959.html,Fairness Beyond Demographics: Optimizing Performance Across Appearance-Based Hidden Cohorts in Medical Imaging,CT-XRay,Published_papers/CT-XRay/papers_links.csv,113,CT-XRay,Published_papers/CT-XRay/papers_links.csv,113,kept,"Keep first occurrence by alphabetical modality directory, then original row order"
https://papers.miccai.org/miccai-2026/0371-Paper0602.html,FairPneum: Improving Fairness in Pneumonia Diagnosis and Lesion Segmentation,CT-XRay,Published_papers/CT-XRay/papers_links.csv,114,CT-XRay,Published_papers/CT-XRay/papers_links.csv,114,kept,"Keep first occurrence by alphabetical modality directory, then original row order"
https://papers.miccai.org/miccai-2026/0372-Paper3915.html,"Faithful, Interpretable Chest X-ray Diagnosis with Artifact-Free B-cos Networks",CT-XRay,Published_papers/CT-XRay/papers_links.csv,115,CT-XRay,Published_papers/CT-XRay/papers_links.csv,115,kept,"Keep first occurrence by alphabetical modality directory, then original row order"
https://papers.miccai.org/miccai-2026/0373-Paper0806.html,FARSIGHT: A Dynamic Multi Modal Medical Image Analysis Framework Powered by a Prior Knowledge Guided Vision Language Model,ultrasounds,Published_papers/ultrasounds/papers_links.csv,49,ultrasounds,Published_papers/ultrasounds/papers_links.csv,32,kept,"Keep first occurrence by alphabetical modality directory, then original row order"
https://papers.miccai.org/miccai-2026/0374-Paper4794.html,Fast 3D Cell Volume Reconstruction from Multi-focus Images by Cross-modality Knowledge Distillation,Microscopy,Published_papers/Microscopy/papers_links.csv,27,Microscopy,Published_papers/Microscopy/papers_links.csv,18,kept,"Keep first occurrence by alphabetical modality directory, then original row order"
https://papers.miccai.org/miccai-2026/0375-Paper2462.html,Fast Few-Shot Embolization Simulations in Ischemic Stroke Using Equivariant Neural Fields,CT-XRay,Published_papers/CT-XRay/papers_links.csv,116,CT-XRay,Published_papers/CT-XRay/papers_links.csv,116,kept,"Keep first occurrence by alphabetical modality directory, then original row order"
https://papers.miccai.org/miccai-2026/0375-Paper2462.html,Fast Few-Shot Embolization Simulations in Ischemic Stroke Using Equivariant Neural Fields,Others,Published_papers/Others/papers_links.csv,38,CT-XRay,Published_papers/CT-XRay/papers_links.csv,116,removed_duplicate,"Keep first occurrence by alphabetical modality directory, then original row order"
https://papers.miccai.org/miccai-2026/0376-Paper1918.html,FDMMBone: Flow-Based Conditional Deformable Mesh Modeling for Accurate 3D Bone Defect Completion,Computational_imagings,Published_papers/Computational_imagings/papers_links.csv,14,Computational_imagings,Published_papers/Computational_imagings/papers_links.csv,9,kept,"Keep first occurrence by alphabetical modality directory, then original row order"
https://papers.miccai.org/miccai-2026/0377-Paper2460.html,FDRAS: Failure Diagnosis and Repair for Airway Segmentation,CT-XRay,Published_papers/CT-XRay/papers_links.csv,117,CT-XRay,Published_papers/CT-XRay/papers_links.csv,117,kept,"Keep first occurrence by alphabetical modality directory, then original row order"
https://papers.miccai.org/miccai-2026/0378-Paper3872.html,Feature Space Guidance for Breast Cancer Classification in DCE-MRI,Diffusion-MRI,Published_papers/Diffusion-MRI/papers_links.csv,13,Diffusion-MRI,Published_papers/Diffusion-MRI/papers_links.csv,11,kept,"Keep first occurrence by alphabetical modality directory, then original row order"
https://papers.miccai.org/miccai-2026/0378-Paper3872.html,Feature Space Guidance for Breast Cancer Classification in DCE-MRI,MRI,Published_papers/MRI/papers_links.csv,98,Diffusion-MRI,Published_papers/Diffusion-MRI/papers_links.csv,11,removed_duplicate,"Keep first occurrence by alphabetical modality directory, then original row order"
https://papers.miccai.org/miccai-2026/0379-Paper5130.html,FedAgree: Label-Free Performance Estimation Under Distribution Shift for Federated Medical Imaging Analysis,Histology,Published_papers/Histology/papers_links.csv,35,Histology,Published_papers/Histology/papers_links.csv,29,kept,"Keep first occurrence by alphabetical modality directory, then original row order"
https://papers.miccai.org/miccai-2026/0379-Paper5130.html,FedAgree: Label-Free Performance Estimation Under Distribution Shift for Federated Medical Imaging Analysis,Photo_video,Published_papers/Photo_video/papers_links.csv,48,Histology,Published_papers/Histology/papers_links.csv,29,removed_duplicate,"Keep first occurrence by alphabetical modality directory, then original row order"
https://papers.miccai.org/miccai-2026/0380-Paper1712.html,FedCHDP: Federated Concept-Guided Dual-Modal Prompting for CHD Diagnosis,ultrasounds,Published_papers/ultrasounds/papers_links.csv,50,ultrasounds,Published_papers/ultrasounds/papers_links.csv,33,kept,"Keep first occurrence by alphabetical modality directory, then original row order"
https://papers.miccai.org/miccai-2026/0381-Paper0744.html,Federated Medical Image Segmentation under Modality Heterogeneity via Specialized Adapters,CT-XRay,Published_papers/CT-XRay/papers_links.csv,118,CT-XRay,Published_papers/CT-XRay/papers_links.csv,118,kept,"Keep first occurrence by alphabetical modality directory, then original row order"
https://papers.miccai.org/miccai-2026/0381-Paper0744.html,Federated Medical Image Segmentation under Modality Heterogeneity via Specialized Adapters,MRI,Published_papers/MRI/papers_links.csv,99,CT-XRay,Published_papers/CT-XRay/papers_links.csv,118,removed_duplicate,"Keep first occurrence by alphabetical modality directory, then original row order"
https://papers.miccai.org/miccai-2026/0382-Paper1947.html,FedProIn: Mitigating Client Drift for Learnable Prototypes in Federated Medical Imaging,Histology,Published_papers/Histology/papers_links.csv,36,Histology,Published_papers/Histology/papers_links.csv,30,kept,"Keep first occurrence by alphabetical modality directory, then original row order"
https://papers.miccai.org/miccai-2026/0383-Paper6676.html,FedSwitch: From Standard to Balanced Aggregation via Private Histogram Estimation in Federated Medical Image Classification,Photo_video,Published_papers/Photo_video/papers_links.csv,49,Photo_video,Published_papers/Photo_video/papers_links.csv,26,kept,"Keep first occurrence by alphabetical modality directory, then original row order"
https://papers.miccai.org/miccai-2026/0384-Paper3777.html,FermatSyn: SAM2-Enhanced Bidirectional Mamba with Isotropic Spiral Scanning for Multi-Modal Medical Image Synthesis,MRI,Published_papers/MRI/papers_links.csv,100,MRI,Published_papers/MRI/papers_links.csv,59,kept,"Keep first occurrence by alphabetical modality directory, then original row order"
https://papers.miccai.org/miccai-2026/0385-Paper0018.html,FetalAgents: A Multi-Agent System for Fetal Ultrasound Image and Video Analysis,ultrasounds,Published_papers/ultrasounds/papers_links.csv,51,ultrasounds,Published_papers/ultrasounds/papers_links.csv,34,kept,"Keep first occurrence by alphabetical modality directory, then original row order"
https://papers.miccai.org/miccai-2026/0386-Paper2375.html,Fibers of Asymmetric Similarity: A Framework for Clinical and Imaging Data,EHR,Published_papers/EHR/papers_links.csv,8,EHR,Published_papers/EHR/papers_links.csv,8,kept,"Keep first occurrence by alphabetical modality directory, then original row order"
https://papers.miccai.org/miccai-2026/0386-Paper2375.html,Fibers of Asymmetric Similarity: A Framework for Clinical and Imaging Data,ultrasounds,Published_papers/ultrasounds/papers_links.csv,52,EHR,Published_papers/EHR/papers_links.csv,8,removed_duplicate,"Keep first occurrence by alphabetical modality directory, then original row order"
https://papers.miccai.org/miccai-2026/0387-Paper3344.html,Fine-Grained Cerebrovascular Parsing in DSA via Structurally-Grounded Semantic Disentanglement,CT-XRay,Published_papers/CT-XRay/papers_links.csv,119,CT-XRay,Published_papers/CT-XRay/papers_links.csv,119,kept,"Keep first occurrence by alphabetical modality directory, then original row order"
https://papers.miccai.org/miccai-2026/0388-Paper0758.html,FlowReg: Reconstruction-Guided Flow Matching for Universal Spinal CT/X-Ray Registration,CT-XRay,Published_papers/CT-XRay/papers_links.csv,120,CT-XRay,Published_papers/CT-XRay/papers_links.csv,120,kept,"Keep first occurrence by alphabetical modality directory, then original row order"
https://papers.miccai.org/miccai-2026/0389-Paper3230.html,FluxCut: Shifting from Global Reconstruction to Local Geometry for Unsupervised Small Lesion Segmentation,MRI,Published_papers/MRI/papers_links.csv,101,MRI,Published_papers/MRI/papers_links.csv,60,kept,"Keep first occurrence by alphabetical modality directory, then original row order"
https://papers.miccai.org/miccai-2026/0390-Paper1799.html,FOCUS: Towards Fetal Obstetric Corrective UltraSound Guidance,ultrasounds,Published_papers/ultrasounds/papers_links.csv,53,ultrasounds,Published_papers/ultrasounds/papers_links.csv,35,kept,"Keep first occurrence by alphabetical modality directory, then original row order"
https://papers.miccai.org/miccai-2026/0391-Paper5125.html,Footprint-Guided Exemplar-Free Continual Histopathology Report Generation,Histology,Published_papers/Histology/papers_links.csv,37,Histology,Published_papers/Histology/papers_links.csv,31,kept,"Keep first occurrence by alphabetical modality directory, then original row order"
https://papers.miccai.org/miccai-2026/0392-Paper1307.html,Foundation Model-Driven Key Anatomy Frame Selection for Blind-Sweep Ultrasound Fetal Birth Weight Estimation,ultrasounds,Published_papers/ultrasounds/papers_links.csv,54,ultrasounds,Published_papers/ultrasounds/papers_links.csv,36,kept,"Keep first occurrence by alphabetical modality directory, then original row order"
https://papers.miccai.org/miccai-2026/0393-Paper3530.html,FrameONE: Hierarchical Motion Modeling for Universal Multi-view Echocardiographic Keyframe Detection,ultrasounds,Published_papers/ultrasounds/papers_links.csv,55,ultrasounds,Published_papers/ultrasounds/papers_links.csv,37,kept,"Keep first occurrence by alphabetical modality directory, then original row order"
https://papers.miccai.org/miccai-2026/0394-Paper2873.html,FreeBridge: Variational Schrödinger Bridges for Cellular Transition Dynamics,Microscopy,Published_papers/Microscopy/papers_links.csv,28,Microscopy,Published_papers/Microscopy/papers_links.csv,19,kept,"Keep first occurrence by alphabetical modality directory, then original row order"
https://papers.miccai.org/miccai-2026/0395-Paper5172.html,Frequency and Geometry Guided Graph Clustering for Weakly Supervised Skin Lesion Segmentation,Photo_video,Published_papers/Photo_video/papers_links.csv,50,Photo_video,Published_papers/Photo_video/papers_links.csv,27,kept,"Keep first occurrence by alphabetical modality directory, then original row order"
https://papers.miccai.org/miccai-2026/0396-Paper4760.html,Frequency-Aware Multi-Margin Loss for Imbalanced Medical Ordinal Classification,Others,Published_papers/Others/papers_links.csv,39,Others,Published_papers/Others/papers_links.csv,22,kept,"Keep first occurrence by alphabetical modality directory, then original row order"
https://papers.miccai.org/miccai-2026/0396-Paper4760.html,Frequency-Aware Multi-Margin Loss for Imbalanced Medical Ordinal Classification,ultrasounds,Published_papers/ultrasounds/papers_links.csv,56,Others,Published_papers/Others/papers_links.csv,22,removed_duplicate,"Keep first occurrence by alphabetical modality directory, then original row order"
https://papers.miccai.org/miccai-2026/0397-Paper0594.html,Frequency-Aware Neural Architecture Search with Bidirectional Mamba for EEG Emotion Recognition,Physio-signals,Published_papers/Physio-signals/papers_links.csv,20,Physio-signals,Published_papers/Physio-signals/papers_links.csv,12,kept,"Keep first occurrence by alphabetical modality directory, then original row order"
https://papers.miccai.org/miccai-2026/0398-Paper5014.html,Frequency-Aware Post-Training Quantization for Medical Image Denoising,CT-XRay,Published_papers/CT-XRay/papers_links.csv,121,CT-XRay,Published_papers/CT-XRay/papers_links.csv,121,kept,"Keep first occurrence by alphabetical modality directory, then original row order"
https://papers.miccai.org/miccai-2026/0399-Paper2555.html,Frequency-Aware Prototype Learning in VLM for Intracranial Aneurysm HR-VWI Segmentation,MRI,Published_papers/MRI/papers_links.csv,102,MRI,Published_papers/MRI/papers_links.csv,61,kept,"Keep first occurrence by alphabetical modality directory, then original row order"
https://papers.miccai.org/miccai-2026/0400-Paper4966.html,From Baseline to Future CT: Large-Scale Diffusion Pretraining for Single-Scan IPF Progression Prediction,CT-XRay,Published_papers/CT-XRay/papers_links.csv,122,CT-XRay,Published_papers/CT-XRay/papers_links.csv,122,kept,"Keep first occurrence by alphabetical modality directory, then original row order"
https://papers.miccai.org/miccai-2026/0401-Paper1911.html,From Exams to Trajectories: Neural Controlled Differential Equations for Longitudinal Mammography Vision-Language Pretraining,CT-XRay,Published_papers/CT-XRay/papers_links.csv,123,CT-XRay,Published_papers/CT-XRay/papers_links.csv,123,kept,"Keep first occurrence by alphabetical modality directory, then original row order"
https://papers.miccai.org/miccai-2026/0402-Paper1259.html,From Geometry to Clinic: A Physics-Aware Evaluation Framework and Benchmark for Automated Dental Crown Design,Others,Published_papers/Others/papers_links.csv,40,Others,Published_papers/Others/papers_links.csv,23,kept,"Keep first occurrence by alphabetical modality directory, then original row order"
https://papers.miccai.org/miccai-2026/0403-Paper2673.html,From Patches to Patients: A Study of the Tile-to-Slide Performance Transferability in Digital Pathology,Histology,Published_papers/Histology/papers_links.csv,38,Histology,Published_papers/Histology/papers_links.csv,32,kept,"Keep first occurrence by alphabetical modality directory, then original row order"
https://papers.miccai.org/miccai-2026/0404-Paper2613.html,From Perception to Anticipation: Forecasting Vessel–Instrument Interactions in Endoscopic Surgery under Unreliable Observations,Endoscopy,Published_papers/Endoscopy/papers_links.csv,30,Endoscopy,Published_papers/Endoscopy/papers_links.csv,26,kept,"Keep first occurrence by alphabetical modality directory, then original row order"
https://papers.miccai.org/miccai-2026/0405-Paper4491.html,From Point Estimates to Distributions: GMM Pooling for MIL in Preterm Birth Prediction,ultrasounds,Published_papers/ultrasounds/papers_links.csv,57,ultrasounds,Published_papers/ultrasounds/papers_links.csv,38,kept,"Keep first occurrence by alphabetical modality directory, then original row order"
https://papers.miccai.org/miccai-2026/0406-Paper2814.html,From Scanning Guidelines to Action: A Robotic Ultrasound Agent with LLM-Based Reasoning,ultrasounds,Published_papers/ultrasounds/papers_links.csv,58,ultrasounds,Published_papers/ultrasounds/papers_links.csv,39,kept,"Keep first occurrence by alphabetical modality directory, then original row order"
https://papers.miccai.org/miccai-2026/0407-Paper3258.html,From Sparsity to Geometry: Spatial Modeling for 3D Reconstruction from Biplanar Bone X-rays,CT-XRay,Published_papers/CT-XRay/papers_links.csv,124,CT-XRay,Published_papers/CT-XRay/papers_links.csv,124,kept,"Keep first occurrence by alphabetical modality directory, then original row order"
https://papers.miccai.org/miccai-2026/0408-Paper1438.html,From Trajectories to Phenotypes: Disease Progression as Structural Priors for Multi-organ Imaging Representation Learning,Multimodals,Published_papers/Multimodals/papers_links.csv,9,Multimodals,Published_papers/Multimodals/papers_links.csv,7,kept,"Keep first occurrence by alphabetical modality directory, then original row order"
https://papers.miccai.org/miccai-2026/0409-Paper3239.html,FSE-Reg: Enhancing 3D Deformable Registration with Frozen Large-Scale Pre-trained Segmentation Encoders,CT-XRay,Published_papers/CT-XRay/papers_links.csv,125,CT-XRay,Published_papers/CT-XRay/papers_links.csv,125,kept,"Keep first occurrence by alphabetical modality directory, then original row order"
https://papers.miccai.org/miccai-2026/0409-Paper3239.html,FSE-Reg: Enhancing 3D Deformable Registration with Frozen Large-Scale Pre-trained Segmentation Encoders,MRI,Published_papers/MRI/papers_links.csv,103,CT-XRay,Published_papers/CT-XRay/papers_links.csv,125,removed_duplicate,"Keep first occurrence by alphabetical modality directory, then original row order"
https://papers.miccai.org/miccai-2026/0410-Paper3819.html,FunPiQ: A New Benchmark for Pixel-Level Quality Assessment in Fundus Images,Others,Published_papers/Others/papers_links.csv,41,Others,Published_papers/Others/papers_links.csv,24,kept,"Keep first occurrence by alphabetical modality directory, then original row order"
https://papers.miccai.org/miccai-2026/0411-Paper4165.html,Fusion-E2Pulse: A Multimodal Event-RGB Fusion Network for Non-contact Pulse Wave Reconstruction,Multimodals,Published_papers/Multimodals/papers_links.csv,10,Multimodals,Published_papers/Multimodals/papers_links.csv,8,kept,"Keep first occurrence by alphabetical modality directory, then original row order"
https://papers.miccai.org/miccai-2026/0411-Paper4165.html,Fusion-E2Pulse: A Multimodal Event-RGB Fusion Network for Non-contact Pulse Wave Reconstruction,Physio-signals,Published_papers/Physio-signals/papers_links.csv,21,Multimodals,Published_papers/Multimodals/papers_links.csv,8,removed_duplicate,"Keep first occurrence by alphabetical modality directory, then original row order"
https://papers.miccai.org/miccai-2026/0411-Paper4165.html,Fusion-E2Pulse: A Multimodal Event-RGB Fusion Network for Non-contact Pulse Wave Reconstruction,Sensors,Published_papers/Sensors/papers_links.csv,12,Multimodals,Published_papers/Multimodals/papers_links.csv,8,removed_duplicate,"Keep first occurrence by alphabetical modality directory, then original row order"
https://papers.miccai.org/miccai-2026/0412-Paper2298.html,G3R: Gaussian-Based Geometry-Guided Reconstruction for Fetal Brain MRI,MRI,Published_papers/MRI/papers_links.csv,104,MRI,Published_papers/MRI/papers_links.csv,62,kept,"Keep first occurrence by alphabetical modality directory, then original row order"
https://papers.miccai.org/miccai-2026/0413-Paper0972.html,Gabor Primitives for Accelerated Cardiac Cine MRI Reconstruction,MRI,Published_papers/MRI/papers_links.csv,105,MRI,Published_papers/MRI/papers_links.csv,63,kept,"Keep first occurrence by alphabetical modality directory, then original row order"
https://papers.miccai.org/miccai-2026/0414-Paper3367.html,GCM-Net: Anatomy-Aware Gaussian-Contrastive Multi-layer Fusion Network for Abdominal Ultrasound Standard Plane Classification,ultrasounds,Published_papers/ultrasounds/papers_links.csv,59,ultrasounds,Published_papers/ultrasounds/papers_links.csv,40,kept,"Keep first occurrence by alphabetical modality directory, then original row order"
https://papers.miccai.org/miccai-2026/0415-Paper2142.html,GeneRAG: A Retrieval-Augmented Framework for Spatially Resolved Gene Expression Prediction,Histology,Published_papers/Histology/papers_links.csv,40,Histology,Published_papers/Histology/papers_links.csv,33,kept,"Keep first occurrence by alphabetical modality directory, then original row order"
https://papers.miccai.org/miccai-2026/0416-Paper4890.html,Generative Anchor-Guided Federated Domain Generalization for Heterogeneous Pan Cancer Image Analysis,Histology,Published_papers/Histology/papers_links.csv,41,Histology,Published_papers/Histology/papers_links.csv,34,kept,"Keep first occurrence by alphabetical modality directory, then original row order"
https://papers.miccai.org/miccai-2026/0417-Paper1384.html,Gene-Selective Morphological Conditioning with Heteroscedastic Flow Matching for Spatial Transcriptomics,Histology,Published_papers/Histology/papers_links.csv,39,Histology,Published_papers/Histology/papers_links.csv,35,kept,"Keep first occurrence by alphabetical modality directory, then original row order"
https://papers.miccai.org/miccai-2026/0418-Paper5759.html,Genetically Aligned Patient Representations Improve Hematological Diagnosis,Histology,Published_papers/Histology/papers_links.csv,42,Histology,Published_papers/Histology/papers_links.csv,36,kept,"Keep first occurrence by alphabetical modality directory, then original row order"
https://papers.miccai.org/miccai-2026/0419-Paper0202.html,GeoCAN: Nonlinear Causal-Geometric Learning for Echocardiography Quality Assessment,ultrasounds,Published_papers/ultrasounds/papers_links.csv,60,ultrasounds,Published_papers/ultrasounds/papers_links.csv,41,kept,"Keep first occurrence by alphabetical modality directory, then original row order"
https://papers.miccai.org/miccai-2026/0420-Paper3726.html,Geometric-to-Semantic Spherical Transfer Learning for Cortical Sulci Labeling,MRI,Published_papers/MRI/papers_links.csv,106,MRI,Published_papers/MRI/papers_links.csv,64,kept,"Keep first occurrence by alphabetical modality directory, then original row order"
https://papers.miccai.org/miccai-2026/0421-Paper0473.html,Geometry-Aware Manifold Trajectory Modeling for Task fMRI Activation Mapping,Func_MRI,Published_papers/Func_MRI/papers_links.csv,24,Func_MRI,Published_papers/Func_MRI/papers_links.csv,17,kept,"Keep first occurrence by alphabetical modality directory, then original row order"
https://papers.miccai.org/miccai-2026/0421-Paper0473.html,Geometry-Aware Manifold Trajectory Modeling for Task fMRI Activation Mapping,MRI,Published_papers/MRI/papers_links.csv,107,Func_MRI,Published_papers/Func_MRI/papers_links.csv,17,removed_duplicate,"Keep first occurrence by alphabetical modality directory, then original row order"
https://papers.miccai.org/miccai-2026/0422-Paper0687.html,Geometry-Aware Point-to-Voxel Fusion via Gaussian Splatting for Intracranial Aneurysm Segmentation,CT-XRay,Published_papers/CT-XRay/papers_links.csv,126,CT-XRay,Published_papers/CT-XRay/papers_links.csv,126,kept,"Keep first occurrence by alphabetical modality directory, then original row order"
https://papers.miccai.org/miccai-2026/0423-Paper5507.html,Geometry-Aware Self-supervised Learning for Whole-Heart 3D+t Representation,MRI,Published_papers/MRI/papers_links.csv,108,MRI,Published_papers/MRI/papers_links.csv,65,kept,"Keep first occurrence by alphabetical modality directory, then original row order"
https://papers.miccai.org/miccai-2026/0424-Paper5100.html,Geometry-Aware Superpixel Graph Transformer with Metadata for Skin Lesion Classification,Photo_video,Published_papers/Photo_video/papers_links.csv,51,Photo_video,Published_papers/Photo_video/papers_links.csv,28,kept,"Keep first occurrence by alphabetical modality directory, then original row order"
https://papers.miccai.org/miccai-2026/0425-Paper3881.html,"GES-Net: A Gesture, Error, and Smoothness Aware Network for Surgical Skill Assessment",Endoscopy,Published_papers/Endoscopy/papers_links.csv,31,Endoscopy,Published_papers/Endoscopy/papers_links.csv,27,kept,"Keep first occurrence by alphabetical modality directory, then original row order"
https://papers.miccai.org/miccai-2026/0425-Paper3881.html,"GES-Net: A Gesture, Error, and Smoothness Aware Network for Surgical Skill Assessment",Robotics,Published_papers/Robotics/papers_links.csv,9,Endoscopy,Published_papers/Endoscopy/papers_links.csv,27,removed_duplicate,"Keep first occurrence by alphabetical modality directory, then original row order"
https://papers.miccai.org/miccai-2026/0426-Paper2838.html,GFR-MIL: Glance–Focus–Reflect Based Multiple Instance Learning for Multi-Scale Whole Slide Image Analysis,Histology,Published_papers/Histology/papers_links.csv,43,Histology,Published_papers/Histology/papers_links.csv,37,kept,"Keep first occurrence by alphabetical modality directory, then original row order"
https://papers.miccai.org/miccai-2026/0427-Paper5853.html,GG-AE: Genetically-Guided Autoencoder for Disentangling Structural Networks of Brain Atrophy,MRI,Published_papers/MRI/papers_links.csv,109,MRI,Published_papers/MRI/papers_links.csv,66,kept,"Keep first occurrence by alphabetical modality directory, then original row order"
https://papers.miccai.org/miccai-2026/0428-Paper5435.html,GGFI-Net: Genomics-Guided Cross-Modal Imputation for Multimodal Survival Analysis with Missing Modality,CT-XRay,Published_papers/CT-XRay/papers_links.csv,127,CT-XRay,Published_papers/CT-XRay/papers_links.csv,127,kept,"Keep first occurrence by alphabetical modality directory, then original row order"
https://papers.miccai.org/miccai-2026/0428-Paper5435.html,GGFI-Net: Genomics-Guided Cross-Modal Imputation for Multimodal Survival Analysis with Missing Modality,Others,Published_papers/Others/papers_links.csv,42,CT-XRay,Published_papers/CT-XRay/papers_links.csv,127,removed_duplicate,"Keep first occurrence by alphabetical modality directory, then original row order"
https://papers.miccai.org/miccai-2026/0429-Paper1781.html,Glasses: Adapter-Enhanced DINOv3 with Boundary-Aware Multi-Scale Representations for Medical Image Segmentation,CT-XRay,Published_papers/CT-XRay/papers_links.csv,128,CT-XRay,Published_papers/CT-XRay/papers_links.csv,128,kept,"Keep first occurrence by alphabetical modality directory, then original row order"
https://papers.miccai.org/miccai-2026/0429-Paper1781.html,Glasses: Adapter-Enhanced DINOv3 with Boundary-Aware Multi-Scale Representations for Medical Image Segmentation,Others,Published_papers/Others/papers_links.csv,43,CT-XRay,Published_papers/CT-XRay/papers_links.csv,128,removed_duplicate,"Keep first occurrence by alphabetical modality directory, then original row order"
https://papers.miccai.org/miccai-2026/0430-Paper2407.html,GLeVE: Graph-Guided Lesion Grounding with Proposal Verification in 3D CT,CT-XRay,Published_papers/CT-XRay/papers_links.csv,129,CT-XRay,Published_papers/CT-XRay/papers_links.csv,129,kept,"Keep first occurrence by alphabetical modality directory, then original row order"
https://papers.miccai.org/miccai-2026/0431-Paper3705.html,Global-Local Structure-Aware Alignment for Automated LGE MRI Report Generation,MRI,Published_papers/MRI/papers_links.csv,110,MRI,Published_papers/MRI/papers_links.csv,67,kept,"Keep first occurrence by alphabetical modality directory, then original row order"
https://papers.miccai.org/miccai-2026/0432-Paper3404.html,Good Enough? An Investigation on the Impact of Label Quality in Large-Scale Medical Datasets,CT-XRay,Published_papers/CT-XRay/papers_links.csv,130,CT-XRay,Published_papers/CT-XRay/papers_links.csv,130,kept,"Keep first occurrence by alphabetical modality directory, then original row order"
https://papers.miccai.org/miccai-2026/0433-Paper5465.html,Graph Neural Networks for Morphometric Characterization of the Aortic Valve,CT-XRay,Published_papers/CT-XRay/papers_links.csv,131,CT-XRay,Published_papers/CT-XRay/papers_links.csv,131,kept,"Keep first occurrence by alphabetical modality directory, then original row order"
https://papers.miccai.org/miccai-2026/0434-Paper4934.html,Graph-of-Differences: Anatomy-Structured Difference Alignment for Medical Image Re-identification,Multimodals,Published_papers/Multimodals/papers_links.csv,11,Multimodals,Published_papers/Multimodals/papers_links.csv,9,kept,"Keep first occurrence by alphabetical modality directory, then original row order"
https://papers.miccai.org/miccai-2026/0435-Paper2803.html,Group Equivariant Diffusion for Anomaly Detection in Computational Cytology,Histology,Published_papers/Histology/papers_links.csv,44,Histology,Published_papers/Histology/papers_links.csv,38,kept,"Keep first occurrence by alphabetical modality directory, then original row order"
https://papers.miccai.org/miccai-2026/0436-Paper1968.html,Group-Conditioned Representation Modulation for Fair Skin Disease Diagnosis,Photo_video,Published_papers/Photo_video/papers_links.csv,52,Photo_video,Published_papers/Photo_video/papers_links.csv,29,kept,"Keep first occurrence by alphabetical modality directory, then original row order"
https://papers.miccai.org/miccai-2026/0437-Paper6477.html,GTRE: A Physiological-Semantic Foundation Model for Generalizable EEG Analysis via Preference-Guided Alignment,Physio-signals,Published_papers/Physio-signals/papers_links.csv,22,Physio-signals,Published_papers/Physio-signals/papers_links.csv,13,kept,"Keep first occurrence by alphabetical modality directory, then original row order"
https://papers.miccai.org/miccai-2026/0438-Paper4078.html,GU-SAM2: A Semi-supervised Medical Image Segmentation Framework via Gated Feature Fusion of MIM-Pretrained U-Net and SAM 2,CT-XRay,Published_papers/CT-XRay/papers_links.csv,132,CT-XRay,Published_papers/CT-XRay/papers_links.csv,132,kept,"Keep first occurrence by alphabetical modality directory, then original row order"
https://papers.miccai.org/miccai-2026/0438-Paper4078.html,GU-SAM2: A Semi-supervised Medical Image Segmentation Framework via Gated Feature Fusion of MIM-Pretrained U-Net and SAM 2,MRI,Published_papers/MRI/papers_links.csv,111,CT-XRay,Published_papers/CT-XRay/papers_links.csv,132,removed_duplicate,"Keep first occurrence by alphabetical modality directory, then original row order"
https://papers.miccai.org/miccai-2026/0439-Paper2266.html,H2GT: Hub-enhanced Hierarchical Graph Transformer for Explainable Diagnosis of ASD with Functional Brain Networks,Func_MRI,Published_papers/Func_MRI/papers_links.csv,25,Func_MRI,Published_papers/Func_MRI/papers_links.csv,18,kept,"Keep first occurrence by alphabetical modality directory, then original row order"
https://papers.miccai.org/miccai-2026/0440-Paper2164.html,H2M-Net: Hierarchical Hyperbolic Memory Network for Pathological Report Generation,Histology,Published_papers/Histology/papers_links.csv,45,Histology,Published_papers/Histology/papers_links.csv,39,kept,"Keep first occurrence by alphabetical modality directory, then original row order"
https://papers.miccai.org/miccai-2026/0441-Paper0859.html,HadBalance: A Plug-and-Play Unified Global Geometric Prior Framework for Generalizable Biomedical Segmentation,Endoscopy,Published_papers/Endoscopy/papers_links.csv,32,Endoscopy,Published_papers/Endoscopy/papers_links.csv,28,kept,"Keep first occurrence by alphabetical modality directory, then original row order"
https://papers.miccai.org/miccai-2026/0441-Paper0859.html,HadBalance: A Plug-and-Play Unified Global Geometric Prior Framework for Generalizable Biomedical Segmentation,ultrasounds,Published_papers/ultrasounds/papers_links.csv,61,Endoscopy,Published_papers/Endoscopy/papers_links.csv,28,removed_duplicate,"Keep first occurrence by alphabetical modality directory, then original row order"
https://papers.miccai.org/miccai-2026/0442-Paper0281.html,Hallucination Detection and Correction in Medical VLMs via Counter-Evidence Verification,CT-XRay,Published_papers/CT-XRay/papers_links.csv,133,CT-XRay,Published_papers/CT-XRay/papers_links.csv,133,kept,"Keep first occurrence by alphabetical modality directory, then original row order"
https://papers.miccai.org/miccai-2026/0443-Paper2504.html,HAM-BGT: Harmonic-Aware Multimodal Brain Graph Transformer for Brain Disease Diagnosis,Diffusion-MRI,Published_papers/Diffusion-MRI/papers_links.csv,14,Diffusion-MRI,Published_papers/Diffusion-MRI/papers_links.csv,12,kept,"Keep first occurrence by alphabetical modality directory, then original row order"
https://papers.miccai.org/miccai-2026/0443-Paper2504.html,HAM-BGT: Harmonic-Aware Multimodal Brain Graph Transformer for Brain Disease Diagnosis,Func_MRI,Published_papers/Func_MRI/papers_links.csv,26,Diffusion-MRI,Published_papers/Diffusion-MRI/papers_links.csv,12,removed_duplicate,"Keep first occurrence by alphabetical modality directory, then original row order"
https://papers.miccai.org/miccai-2026/0444-Paper2875.html,Harmless Copyright Protection for CT Dataset,CT-XRay,Published_papers/CT-XRay/papers_links.csv,134,CT-XRay,Published_papers/CT-XRay/papers_links.csv,134,kept,"Keep first occurrence by alphabetical modality directory, then original row order"
https://papers.miccai.org/miccai-2026/0445-Paper0024.html,HAR-MoE: Hierarchical Affinity-aware Routing Mixture-of-Experts for Unified Multi-Organ Ultrasound Analysis,ultrasounds,Published_papers/ultrasounds/papers_links.csv,62,ultrasounds,Published_papers/ultrasounds/papers_links.csv,42,kept,"Keep first occurrence by alphabetical modality directory, then original row order"
https://papers.miccai.org/miccai-2026/0446-Paper2470.html,Harmonic Kernel Mixing for Interpretable Oculomotor Event Segmentation in Video-Nystagmography,Physio-signals,Published_papers/Physio-signals/papers_links.csv,23,Physio-signals,Published_papers/Physio-signals/papers_links.csv,14,kept,"Keep first occurrence by alphabetical modality directory, then original row order"
https://papers.miccai.org/miccai-2026/0447-Paper0753.html,"Harnessing Adversarial Distillation to Customise Debiased, Disease-Specific Pathology Foundation Models for Breast Cancer",Histology,Published_papers/Histology/papers_links.csv,46,Histology,Published_papers/Histology/papers_links.csv,40,kept,"Keep first occurrence by alphabetical modality directory, then original row order"
https://papers.miccai.org/miccai-2026/0448-Paper1519.html,HbO2 and HbR Spatiotemporal Heatmap Feature Fusion Network for ADHD Diagnosis in Children,Physio-signals,Published_papers/Physio-signals/papers_links.csv,24,Physio-signals,Published_papers/Physio-signals/papers_links.csv,15,kept,"Keep first occurrence by alphabetical modality directory, then original row order"
https://papers.miccai.org/miccai-2026/0449-Paper3549.html,HD-TTA: Hypothesis-Driven Test-Time Adaptation for Safer Brain Tumor Segmentation,MRI,Published_papers/MRI/papers_links.csv,112,MRI,Published_papers/MRI/papers_links.csv,68,kept,"Keep first occurrence by alphabetical modality directory, then original row order"
https://papers.miccai.org/miccai-2026/0450-Paper0664.html,HeartFormer: Semantic-Aware Dual-Structure Transformers for 3D Four-Chamber Cardiac Point Cloud Reconstruction,MRI,Published_papers/MRI/papers_links.csv,113,MRI,Published_papers/MRI/papers_links.csv,69,kept,"Keep first occurrence by alphabetical modality directory, then original row order"
https://papers.miccai.org/miccai-2026/0451-Paper3675.html,HeartVolMesh: Cardiac Volumetric Mesh Reconstruction via Covariance-Guided Graph Deformation,CT-XRay,Published_papers/CT-XRay/papers_links.csv,135,CT-XRay,Published_papers/CT-XRay/papers_links.csv,135,kept,"Keep first occurrence by alphabetical modality directory, then original row order"
https://papers.miccai.org/miccai-2026/0452-Paper4167.html,HEDS-Net: A Hybrid State-Space Architecture with Axial Bridge and Progressive Weighting for Medical Image Segmentation,Others,Published_papers/Others/papers_links.csv,44,Others,Published_papers/Others/papers_links.csv,25,kept,"Keep first occurrence by alphabetical modality directory, then original row order"
https://papers.miccai.org/miccai-2026/0453-Paper2058.html,HemoPIC: A Physics-Informed Cerebral Hemodynamics Digital Twin for Brain Perfusion,MRI,Published_papers/MRI/papers_links.csv,114,MRI,Published_papers/MRI/papers_links.csv,70,kept,"Keep first occurrence by alphabetical modality directory, then original row order"
https://papers.miccai.org/miccai-2026/0454-Paper0412.html,Hepato-LLaVA: An Expert MLLM with Sparse Topo-Pack Attention for Hepatocellular Pathology Analysis on Whole Slide Images,Histology,Published_papers/Histology/papers_links.csv,47,Histology,Published_papers/Histology/papers_links.csv,41,kept,"Keep first occurrence by alphabetical modality directory, then original row order"
https://papers.miccai.org/miccai-2026/0455-Paper4607.html,HERO: Hypothesis-Driven Evidence Retrieval from Omics for Multi-task Breast Cancer Analysis,Histology,Published_papers/Histology/papers_links.csv,48,Histology,Published_papers/Histology/papers_links.csv,42,kept,"Keep first occurrence by alphabetical modality directory, then original row order"
https://papers.miccai.org/miccai-2026/0456-Paper2603.html,Heterogeneity-Adaptive Diffusion Schrödinger Bridge for PET-Guided Whole-Body MRI Translation,MRI,Published_papers/MRI/papers_links.csv,115,MRI,Published_papers/MRI/papers_links.csv,71,kept,"Keep first occurrence by alphabetical modality directory, then original row order"
https://papers.miccai.org/miccai-2026/0457-Paper6475.html,HiEDL: Hierarchical Evidential Deep Learning for Uncertainty-Aware Tumor Segmentation from 3D CT via Boundary Regularization,CT-XRay,Published_papers/CT-XRay/papers_links.csv,136,CT-XRay,Published_papers/CT-XRay/papers_links.csv,136,kept,"Keep first occurrence by alphabetical modality directory, then original row order"
https://papers.miccai.org/miccai-2026/0458-Paper0945.html,Hierarchical Cautious Optimization for Semi-supervised Medical Image Segmentation,CT-XRay,Published_papers/CT-XRay/papers_links.csv,137,CT-XRay,Published_papers/CT-XRay/papers_links.csv,137,kept,"Keep first occurrence by alphabetical modality directory, then original row order"
https://papers.miccai.org/miccai-2026/0458-Paper0945.html,Hierarchical Cautious Optimization for Semi-supervised Medical Image Segmentation,MRI,Published_papers/MRI/papers_links.csv,116,CT-XRay,Published_papers/CT-XRay/papers_links.csv,137,removed_duplicate,"Keep first occurrence by alphabetical modality directory, then original row order"
https://papers.miccai.org/miccai-2026/0459-Paper2578.html,Hierarchical Cross-Modal Fusion with Modality-Specific Training Paradigms for High-Precision Non-invasive Aging Assessment,Others,Published_papers/Others/papers_links.csv,45,Others,Published_papers/Others/papers_links.csv,26,kept,"Keep first occurrence by alphabetical modality directory, then original row order"
https://papers.miccai.org/miccai-2026/0460-Paper0554.html,Hierarchical Disentangled Consistency Learning for Semi-supervised Multi-modal Medical Image Segmentation,MRI,Published_papers/MRI/papers_links.csv,117,MRI,Published_papers/MRI/papers_links.csv,72,kept,"Keep first occurrence by alphabetical modality directory, then original row order"
https://papers.miccai.org/miccai-2026/0461-Paper1498.html,Hierarchical Hyperbolic Self-Attention Network for Medical Image Segmentation,Endoscopy,Published_papers/Endoscopy/papers_links.csv,34,Endoscopy,Published_papers/Endoscopy/papers_links.csv,29,kept,"Keep first occurrence by alphabetical modality directory, then original row order"
https://papers.miccai.org/miccai-2026/0461-Paper1498.html,Hierarchical Hyperbolic Self-Attention Network for Medical Image Segmentation,MRI,Published_papers/MRI/papers_links.csv,118,Endoscopy,Published_papers/Endoscopy/papers_links.csv,29,removed_duplicate,"Keep first occurrence by alphabetical modality directory, then original row order"
https://papers.miccai.org/miccai-2026/0461-Paper1498.html,Hierarchical Hyperbolic Self-Attention Network for Medical Image Segmentation,ultrasounds,Published_papers/ultrasounds/papers_links.csv,63,Endoscopy,Published_papers/Endoscopy/papers_links.csv,29,removed_duplicate,"Keep first occurrence by alphabetical modality directory, then original row order"
https://papers.miccai.org/miccai-2026/0462-Paper1067.html,Hierarchical Memory for Radiology Report Generation with Rich Context,CT-XRay,Published_papers/CT-XRay/papers_links.csv,138,CT-XRay,Published_papers/CT-XRay/papers_links.csv,138,kept,"Keep first occurrence by alphabetical modality directory, then original row order"
https://papers.miccai.org/miccai-2026/0463-Paper3381.html,Hierarchical Multi-Video Multiple Instance Learning: AI-Interpreted Point-of-Care Ultrasound for TB Detection,ultrasounds,Published_papers/ultrasounds/papers_links.csv,64,ultrasounds,Published_papers/ultrasounds/papers_links.csv,43,kept,"Keep first occurrence by alphabetical modality directory, then original row order"
https://papers.miccai.org/miccai-2026/0464-Paper2898.html,Hierarchical Region-Aware Multi-Granularity Mamba for White Matter Lesion Segmentation,MRI,Published_papers/MRI/papers_links.csv,119,MRI,Published_papers/MRI/papers_links.csv,73,kept,"Keep first occurrence by alphabetical modality directory, then original row order"
https://papers.miccai.org/miccai-2026/0465-Paper5067.html,Hierarchical Text-Guided Brain Tumor Segmentation via Sub-Region-Aware Prompts,MRI,Published_papers/MRI/papers_links.csv,120,MRI,Published_papers/MRI/papers_links.csv,74,kept,"Keep first occurrence by alphabetical modality directory, then original row order"
https://papers.miccai.org/miccai-2026/0466-Paper3274.html,HiFi-Rep: Leveraging High-Resolution Vision Foundation Models with Tri-Planar Slice Context for CT Report Generation,CT-XRay,Published_papers/CT-XRay/papers_links.csv,139,CT-XRay,Published_papers/CT-XRay/papers_links.csv,139,kept,"Keep first occurrence by alphabetical modality directory, then original row order"
https://papers.miccai.org/miccai-2026/0467-Paper4826.html,Hi-FL: Hierarchical Federated Learning Adaptation of Vision-Language Models for Multi-Institutional Surgical Phase Recognition,Endoscopy,Published_papers/Endoscopy/papers_links.csv,33,Endoscopy,Published_papers/Endoscopy/papers_links.csv,30,kept,"Keep first occurrence by alphabetical modality directory, then original row order"
https://papers.miccai.org/miccai-2026/0468-Paper3616.html,High-Capacity Robust Medical Image Exfiltration via Neural Network Weight Replacement,CT-XRay,Published_papers/CT-XRay/papers_links.csv,140,CT-XRay,Published_papers/CT-XRay/papers_links.csv,140,kept,"Keep first occurrence by alphabetical modality directory, then original row order"
https://papers.miccai.org/miccai-2026/0468-Paper3616.html,High-Capacity Robust Medical Image Exfiltration via Neural Network Weight Replacement,MRI,Published_papers/MRI/papers_links.csv,121,CT-XRay,Published_papers/CT-XRay/papers_links.csv,140,removed_duplicate,"Keep first occurrence by alphabetical modality directory, then original row order"
https://papers.miccai.org/miccai-2026/0469-Paper3581.html,High-Frequency Guided Feature Refinement for Semi-supervised Ultrasound Image Segmentation,ultrasounds,Published_papers/ultrasounds/papers_links.csv,65,ultrasounds,Published_papers/ultrasounds/papers_links.csv,44,kept,"Keep first occurrence by alphabetical modality directory, then original row order"
https://papers.miccai.org/miccai-2026/0470-Paper3957.html,HiLoGraph: Hierarchical-Longitudinal Brain Network Representation Learning,Diffusion-MRI,Published_papers/Diffusion-MRI/papers_links.csv,15,Diffusion-MRI,Published_papers/Diffusion-MRI/papers_links.csv,13,kept,"Keep first occurrence by alphabetical modality directory, then original row order"
https://papers.miccai.org/miccai-2026/0470-Paper3957.html,HiLoGraph: Hierarchical-Longitudinal Brain Network Representation Learning,MRI,Published_papers/MRI/papers_links.csv,122,Diffusion-MRI,Published_papers/Diffusion-MRI/papers_links.csv,13,removed_duplicate,"Keep first occurrence by alphabetical modality directory, then original row order"
https://papers.miccai.org/miccai-2026/0471-Paper4029.html,HiPath: Hierarchical Vision-Language Alignment for Structured Pathology Report Prediction,EHR,Published_papers/EHR/papers_links.csv,9,EHR,Published_papers/EHR/papers_links.csv,9,kept,"Keep first occurrence by alphabetical modality directory, then original row order"
https://papers.miccai.org/miccai-2026/0471-Paper4029.html,HiPath: Hierarchical Vision-Language Alignment for Structured Pathology Report Prediction,Histology,Published_papers/Histology/papers_links.csv,49,EHR,Published_papers/EHR/papers_links.csv,9,removed_duplicate,"Keep first occurrence by alphabetical modality directory, then original row order"
https://papers.miccai.org/miccai-2026/0472-Paper4897.html,HiProS: A Hierarchical Prompt Selection for Stage-wise Vision–Language Alignment in Medical Image Segmentation,CT-XRay,Published_papers/CT-XRay/papers_links.csv,141,CT-XRay,Published_papers/CT-XRay/papers_links.csv,141,kept,"Keep first occurrence by alphabetical modality directory, then original row order"
https://papers.miccai.org/miccai-2026/0473-Paper5288.html,HK-Fuse: Hilbert-Interleaved Kimi Delta Attention for Incomplete-Modality Brain Tumor Segmentation,MRI,Published_papers/MRI/papers_links.csv,123,MRI,Published_papers/MRI/papers_links.csv,75,kept,"Keep first occurrence by alphabetical modality directory, then original row order"
https://papers.miccai.org/miccai-2026/0474-Paper2263.html,HomoSeg: A Weak-Label-Guided Semi-supervised Framework for Tumor Microenvironment Segmentation,Histology,Published_papers/Histology/papers_links.csv,50,Histology,Published_papers/Histology/papers_links.csv,43,kept,"Keep first occurrence by alphabetical modality directory, then original row order"
https://papers.miccai.org/miccai-2026/0475-Paper2588.html,HoughSAM: Geometry-Guided Zero-Shot Segmentation of Main Incision in Cataract Surgery Using SAM2 for Skill Assessment,Photo_video,Published_papers/Photo_video/papers_links.csv,53,Photo_video,Published_papers/Photo_video/papers_links.csv,30,kept,"Keep first occurrence by alphabetical modality directory, then original row order"
https://papers.miccai.org/miccai-2026/0476-Paper3355.html,How Good Are Foundation Models in Longitudinal MRI Disease Progression Reasoning?,MRI,Published_papers/MRI/papers_links.csv,124,MRI,Published_papers/MRI/papers_links.csv,76,kept,"Keep first occurrence by alphabetical modality directory, then original row order"
https://papers.miccai.org/miccai-2026/0477-Paper6000.html,Human-AI Collaboration for 2D/3D Registration Quality Assurance,CT-XRay,Published_papers/CT-XRay/papers_links.csv,142,CT-XRay,Published_papers/CT-XRay/papers_links.csv,142,kept,"Keep first occurrence by alphabetical modality directory, then original row order"
https://papers.miccai.org/miccai-2026/0478-Paper0552.html,Human-In-The-Loop Multi-agent Ventilator Decision Support with Contextual Bandit Preference Learning,EHR,Published_papers/EHR/papers_links.csv,10,EHR,Published_papers/EHR/papers_links.csv,10,kept,"Keep first occurrence by alphabetical modality directory, then original row order"
https://papers.miccai.org/miccai-2026/0479-Paper4858.html,Hybrid Transformer-Mamba for Weakly Supervised Volumetric Medical Segmentation,CT-XRay,Published_papers/CT-XRay/papers_links.csv,143,CT-XRay,Published_papers/CT-XRay/papers_links.csv,143,kept,"Keep first occurrence by alphabetical modality directory, then original row order"
https://papers.miccai.org/miccai-2026/0479-Paper4858.html,Hybrid Transformer-Mamba for Weakly Supervised Volumetric Medical Segmentation,MRI,Published_papers/MRI/papers_links.csv,125,CT-XRay,Published_papers/CT-XRay/papers_links.csv,143,removed_duplicate,"Keep first occurrence by alphabetical modality directory, then original row order"
https://papers.miccai.org/miccai-2026/0480-Paper3824.html,Hyperbolic Contrastive Learning with Entailment for Spatial Transcriptomics,Histology,Published_papers/Histology/papers_links.csv,51,Histology,Published_papers/Histology/papers_links.csv,44,kept,"Keep first occurrence by alphabetical modality directory, then original row order"
https://papers.miccai.org/miccai-2026/0481-Paper2184.html,Hyperbolic Vision-Language Interaction for Semi-supervised Medical Image Segmentation,CT-XRay,Published_papers/CT-XRay/papers_links.csv,144,CT-XRay,Published_papers/CT-XRay/papers_links.csv,144,kept,"Keep first occurrence by alphabetical modality directory, then original row order"
https://papers.miccai.org/miccai-2026/0481-Paper2184.html,Hyperbolic Vision-Language Interaction for Semi-supervised Medical Image Segmentation,MRI,Published_papers/MRI/papers_links.csv,126,CT-XRay,Published_papers/CT-XRay/papers_links.csv,144,removed_duplicate,"Keep first occurrence by alphabetical modality directory, then original row order"
https://papers.miccai.org/miccai-2026/0482-Paper5295.html,HyperVLP: Enhancing Hierarchical Surgical Video-Language Pre-training in Hyperbolic Space,Photo_video,Published_papers/Photo_video/papers_links.csv,54,Photo_video,Published_papers/Photo_video/papers_links.csv,31,kept,"Keep first occurrence by alphabetical modality directory, then original row order"
https://papers.miccai.org/miccai-2026/0483-Paper5916.html,HypOProto: Hyperbolic Ordinal Prototypes for Left Ventricular Filling Pressure Classification,ultrasounds,Published_papers/ultrasounds/papers_links.csv,66,ultrasounds,Published_papers/ultrasounds/papers_links.csv,45,kept,"Keep first occurrence by alphabetical modality directory, then original row order"
https://papers.miccai.org/miccai-2026/0484-Paper5659.html,I²-Med: Interpretable Medical Inference Through Visual-Guided Dynamic Logits Calibration,CT-XRay,Published_papers/CT-XRay/papers_links.csv,152,CT-XRay,Published_papers/CT-XRay/papers_links.csv,145,kept,"Keep first occurrence by alphabetical modality directory, then original row order"
https://papers.miccai.org/miccai-2026/0484-Paper5659.html,I²-Med: Interpretable Medical Inference Through Visual-Guided Dynamic Logits Calibration,MRI,Published_papers/MRI/papers_links.csv,135,CT-XRay,Published_papers/CT-XRay/papers_links.csv,145,removed_duplicate,"Keep first occurrence by alphabetical modality directory, then original row order"
https://papers.miccai.org/miccai-2026/0484-Paper5659.html,I²-Med: Interpretable Medical Inference Through Visual-Guided Dynamic Logits Calibration,ultrasounds,Published_papers/ultrasounds/papers_links.csv,72,CT-XRay,Published_papers/CT-XRay/papers_links.csv,145,removed_duplicate,"Keep first occurrence by alphabetical modality directory, then original row order"
https://papers.miccai.org/miccai-2026/0486-Paper1049.html,ICH-DIANet: A Modality-Disentangled and Attention-Expert Interaction Network for Brain Injury Assessment in Intracerebral Hemorrhage,CT-XRay,Published_papers/CT-XRay/papers_links.csv,145,CT-XRay,Published_papers/CT-XRay/papers_links.csv,146,kept,"Keep first occurrence by alphabetical modality directory, then original row order"
https://papers.miccai.org/miccai-2026/0486-Paper1049.html,ICH-DIANet: A Modality-Disentangled and Attention-Expert Interaction Network for Brain Injury Assessment in Intracerebral Hemorrhage,EHR,Published_papers/EHR/papers_links.csv,11,CT-XRay,Published_papers/CT-XRay/papers_links.csv,146,removed_duplicate,"Keep first occurrence by alphabetical modality directory, then original row order"
https://papers.miccai.org/miccai-2026/0487-Paper5216.html,ICHOR: A Robust Representation Learning Approach for ASL CBF Maps with Self-supervised Masked Autoencoders,MRI,Published_papers/MRI/papers_links.csv,127,MRI,Published_papers/MRI/papers_links.csv,77,kept,"Keep first occurrence by alphabetical modality directory, then original row order"
https://papers.miccai.org/miccai-2026/0488-Paper2533.html,IgG4-QPC: Quantitative Pathology-Consistent Virtual Staining from H&E to IgG4,Histology,Published_papers/Histology/papers_links.csv,52,Histology,Published_papers/Histology/papers_links.csv,45,kept,"Keep first occurrence by alphabetical modality directory, then original row order"
https://papers.miccai.org/miccai-2026/0489-Paper2335.html,Image-mediated fMRI-to-caption generation with visual pathway tokens and hyperbolic alignment,Func_MRI,Published_papers/Func_MRI/papers_links.csv,27,Func_MRI,Published_papers/Func_MRI/papers_links.csv,19,kept,"Keep first occurrence by alphabetical modality directory, then original row order"
https://papers.miccai.org/miccai-2026/0490-Paper4758.html,Imbalance-Aware Distributional Alignment of Heterogeneous Modalities for HER2 Status Prediction,Histology,Published_papers/Histology/papers_links.csv,53,Histology,Published_papers/Histology/papers_links.csv,46,kept,"Keep first occurrence by alphabetical modality directory, then original row order"
https://papers.miccai.org/miccai-2026/0490-Paper4758.html,Imbalance-Aware Distributional Alignment of Heterogeneous Modalities for HER2 Status Prediction,MRI,Published_papers/MRI/papers_links.csv,128,Histology,Published_papers/Histology/papers_links.csv,46,removed_duplicate,"Keep first occurrence by alphabetical modality directory, then original row order"
https://papers.miccai.org/miccai-2026/0490-Paper4758.html,Imbalance-Aware Distributional Alignment of Heterogeneous Modalities for HER2 Status Prediction,Multimodals,Published_papers/Multimodals/papers_links.csv,12,Histology,Published_papers/Histology/papers_links.csv,46,removed_duplicate,"Keep first occurrence by alphabetical modality directory, then original row order"
https://papers.miccai.org/miccai-2026/0491-Paper3854.html,ImPartial: Multi-channel Whole-Cell Segmentation Using Partial Annotations,Histology,Published_papers/Histology/papers_links.csv,54,Histology,Published_papers/Histology/papers_links.csv,47,kept,"Keep first occurrence by alphabetical modality directory, then original row order"
https://papers.miccai.org/miccai-2026/0491-Paper3854.html,ImPartial: Multi-channel Whole-Cell Segmentation Using Partial Annotations,Microscopy,Published_papers/Microscopy/papers_links.csv,29,Histology,Published_papers/Histology/papers_links.csv,47,removed_duplicate,"Keep first occurrence by alphabetical modality directory, then original row order"
https://papers.miccai.org/miccai-2026/0492-Paper1869.html,Improved Vascular Segmentation via Binary Flow Matching with Straight-Path Regularization,CT-XRay,Published_papers/CT-XRay/papers_links.csv,146,CT-XRay,Published_papers/CT-XRay/papers_links.csv,147,kept,"Keep first occurrence by alphabetical modality directory, then original row order"
https://papers.miccai.org/miccai-2026/0493-Paper1415.html,Improving Factuality of 3D Brain MRI Report Generation with Paired Image-domain Retrieval and Text-domain Augmentation,Diffusion-MRI,Published_papers/Diffusion-MRI/papers_links.csv,16,Diffusion-MRI,Published_papers/Diffusion-MRI/papers_links.csv,14,kept,"Keep first occurrence by alphabetical modality directory, then original row order"
https://papers.miccai.org/miccai-2026/0493-Paper1415.html,Improving Factuality of 3D Brain MRI Report Generation with Paired Image-domain Retrieval and Text-domain Augmentation,MRI,Published_papers/MRI/papers_links.csv,129,Diffusion-MRI,Published_papers/Diffusion-MRI/papers_links.csv,14,removed_duplicate,"Keep first occurrence by alphabetical modality directory, then original row order"
https://papers.miccai.org/miccai-2026/0494-Paper1026.html,Inception-Powered Unrolling Reconstruction for Accelerated Dynamic Cardiac Late Gadolinium Enhancement MRI,MRI,Published_papers/MRI/papers_links.csv,130,MRI,Published_papers/MRI/papers_links.csv,78,kept,"Keep first occurrence by alphabetical modality directory, then original row order"
https://papers.miccai.org/miccai-2026/0495-Paper5591.html,Induce to Empower: Improving Lightweight Baselines via Foundation Model Induction for Generalized Polyp Segmentation,Endoscopy,Published_papers/Endoscopy/papers_links.csv,35,Endoscopy,Published_papers/Endoscopy/papers_links.csv,31,kept,"Keep first occurrence by alphabetical modality directory, then original row order"
https://papers.miccai.org/miccai-2026/0496-Paper5823.html,Inflated Performance in fMRI-Based ASD Diagnosis: A Reproducibility Study of Data Leakage in Feature Selection Pipelines,Func_MRI,Published_papers/Func_MRI/papers_links.csv,28,Func_MRI,Published_papers/Func_MRI/papers_links.csv,20,kept,"Keep first occurrence by alphabetical modality directory, then original row order"
https://papers.miccai.org/miccai-2026/0497-Paper0191.html,Information Maximization for Long-Tailed Semi-Supervised Domain Generalization,Histology,Published_papers/Histology/papers_links.csv,55,Histology,Published_papers/Histology/papers_links.csv,48,kept,"Keep first occurrence by alphabetical modality directory, then original row order"
https://papers.miccai.org/miccai-2026/0497-Paper0191.html,Information Maximization for Long-Tailed Semi-Supervised Domain Generalization,Others,Published_papers/Others/papers_links.csv,46,Histology,Published_papers/Histology/papers_links.csv,48,removed_duplicate,"Keep first occurrence by alphabetical modality directory, then original row order"
https://papers.miccai.org/miccai-2026/0498-Paper0629.html,Injecting a Low-Rank Background Prior: A Plugin for Medical Image Segmentation,Endoscopy,Published_papers/Endoscopy/papers_links.csv,36,Endoscopy,Published_papers/Endoscopy/papers_links.csv,32,kept,"Keep first occurrence by alphabetical modality directory, then original row order"
https://papers.miccai.org/miccai-2026/0498-Paper0629.html,Injecting a Low-Rank Background Prior: A Plugin for Medical Image Segmentation,ultrasounds,Published_papers/ultrasounds/papers_links.csv,67,Endoscopy,Published_papers/Endoscopy/papers_links.csv,32,removed_duplicate,"Keep first occurrence by alphabetical modality directory, then original row order"
https://papers.miccai.org/miccai-2026/0499-Paper1332.html,InSPIRE: Multiparameter Inversion for Ultrasound Computed Tomography via Sequential Position-Based Implicit Representation,ultrasounds,Published_papers/ultrasounds/papers_links.csv,68,ultrasounds,Published_papers/ultrasounds/papers_links.csv,46,kept,"Keep first occurrence by alphabetical modality directory, then original row order"
https://papers.miccai.org/miccai-2026/0500-Paper2051.html,INST-Align: Implicit Neural Alignment for Spatial Transcriptomics via Canonical Expression Fields,Microscopy,Published_papers/Microscopy/papers_links.csv,30,Microscopy,Published_papers/Microscopy/papers_links.csv,20,kept,"Keep first occurrence by alphabetical modality directory, then original row order"
https://papers.miccai.org/miccai-2026/0500-Paper2051.html,INST-Align: Implicit Neural Alignment for Spatial Transcriptomics via Canonical Expression Fields,Others,Published_papers/Others/papers_links.csv,47,Microscopy,Published_papers/Microscopy/papers_links.csv,20,removed_duplicate,"Keep first occurrence by alphabetical modality directory, then original row order"
https://papers.miccai.org/miccai-2026/0501-Paper6427.html,Interaction-Aware Contrastive Multi-task Learning for Joint Segmentation and Malignancy Classification in Thyroid Ultrasound,ultrasounds,Published_papers/ultrasounds/papers_links.csv,69,ultrasounds,Published_papers/ultrasounds/papers_links.csv,47,kept,"Keep first occurrence by alphabetical modality directory, then original row order"
https://papers.miccai.org/miccai-2026/0502-Paper4853.html,Interactive MWA Planning via Probabilistic Inverse Inference,CT-XRay,Published_papers/CT-XRay/papers_links.csv,147,CT-XRay,Published_papers/CT-XRay/papers_links.csv,148,kept,"Keep first occurrence by alphabetical modality directory, then original row order"
https://papers.miccai.org/miccai-2026/0503-Paper3925.html,Interpretable Local-to-Global Estimation of Brain Aging Speed From Morphological Changes Using Longitudinal Structural MRI Data,MRI,Published_papers/MRI/papers_links.csv,131,MRI,Published_papers/MRI/papers_links.csv,79,kept,"Keep first occurrence by alphabetical modality directory, then original row order"
https://papers.miccai.org/miccai-2026/0504-Paper1800.html,Interpretable Longitudinal Disease Forecasting with Graph-Based Multimodal Encoding and Population-Aware Language Generation,MRI,Published_papers/MRI/papers_links.csv,132,MRI,Published_papers/MRI/papers_links.csv,80,kept,"Keep first occurrence by alphabetical modality directory, then original row order"
https://papers.miccai.org/miccai-2026/0504-Paper1800.html,Interpretable Longitudinal Disease Forecasting with Graph-Based Multimodal Encoding and Population-Aware Language Generation,Others,Published_papers/Others/papers_links.csv,48,MRI,Published_papers/MRI/papers_links.csv,80,removed_duplicate,"Keep first occurrence by alphabetical modality directory, then original row order"
https://papers.miccai.org/miccai-2026/0505-Paper4734.html,Interpretable Medical Image Diagnosis via VLM-based Concept Alignment and Graph Reasoning,CT-XRay,Published_papers/CT-XRay/papers_links.csv,148,CT-XRay,Published_papers/CT-XRay/papers_links.csv,149,kept,"Keep first occurrence by alphabetical modality directory, then original row order"
https://papers.miccai.org/miccai-2026/0505-Paper4734.html,Interpretable Medical Image Diagnosis via VLM-based Concept Alignment and Graph Reasoning,ultrasounds,Published_papers/ultrasounds/papers_links.csv,70,CT-XRay,Published_papers/CT-XRay/papers_links.csv,149,removed_duplicate,"Keep first occurrence by alphabetical modality directory, then original row order"
https://papers.miccai.org/miccai-2026/0506-Paper2379.html,Interpretable Probabilistic Medical Image Segmentation via Gaussian Process with Explicit Modelling of Annotation Bias and Variability,ultrasounds,Published_papers/ultrasounds/papers_links.csv,71,ultrasounds,Published_papers/ultrasounds/papers_links.csv,48,kept,"Keep first occurrence by alphabetical modality directory, then original row order"
https://papers.miccai.org/miccai-2026/0507-Paper4642.html,Interpretable Structure-Function Coupling via State-Space Models for Brain Connectome Analysis,Diffusion-MRI,Published_papers/Diffusion-MRI/papers_links.csv,17,Diffusion-MRI,Published_papers/Diffusion-MRI/papers_links.csv,15,kept,"Keep first occurrence by alphabetical modality directory, then original row order"
https://papers.miccai.org/miccai-2026/0507-Paper4642.html,Interpretable Structure-Function Coupling via State-Space Models for Brain Connectome Analysis,Func_MRI,Published_papers/Func_MRI/papers_links.csv,29,Diffusion-MRI,Published_papers/Diffusion-MRI/papers_links.csv,15,removed_duplicate,"Keep first occurrence by alphabetical modality directory, then original row order"
https://papers.miccai.org/miccai-2026/0507-Paper4642.html,Interpretable Structure-Function Coupling via State-Space Models for Brain Connectome Analysis,Multimodals,Published_papers/Multimodals/papers_links.csv,13,Diffusion-MRI,Published_papers/Diffusion-MRI/papers_links.csv,15,removed_duplicate,"Keep first occurrence by alphabetical modality directory, then original row order"
https://papers.miccai.org/miccai-2026/0508-Paper1309.html,Intraoperative Fluoroscopy-Volume Registration Using Virtual-Supervision Skeleton Attention,CT-XRay,Published_papers/CT-XRay/papers_links.csv,149,CT-XRay,Published_papers/CT-XRay/papers_links.csv,150,kept,"Keep first occurrence by alphabetical modality directory, then original row order"
https://papers.miccai.org/miccai-2026/0509-Paper5208.html,Intraoperative X-Ray-Guided Tumor Tracking via Dynamic 3D/2D Registration with Task-Driven 3D Gaussian Priors,CT-XRay,Published_papers/CT-XRay/papers_links.csv,150,CT-XRay,Published_papers/CT-XRay/papers_links.csv,151,kept,"Keep first occurrence by alphabetical modality directory, then original row order"
https://papers.miccai.org/miccai-2026/0510-Paper2804.html,IntraStyler: Intra-Domain Style Synthesis for Cross-Modality MRI Domain Adaptation,MRI,Published_papers/MRI/papers_links.csv,133,MRI,Published_papers/MRI/papers_links.csv,81,kept,"Keep first occurrence by alphabetical modality directory, then original row order"
https://papers.miccai.org/miccai-2026/0511-Paper0456.html,InvDetect: Unsupervised Medical Anomaly Detection in the Noise Latent Space of DDIM,CT-XRay,Published_papers/CT-XRay/papers_links.csv,151,CT-XRay,Published_papers/CT-XRay/papers_links.csv,152,kept,"Keep first occurrence by alphabetical modality directory, then original row order"
https://papers.miccai.org/miccai-2026/0511-Paper0456.html,InvDetect: Unsupervised Medical Anomaly Detection in the Noise Latent Space of DDIM,MRI,Published_papers/MRI/papers_links.csv,134,CT-XRay,Published_papers/CT-XRay/papers_links.csv,152,removed_duplicate,"Keep first occurrence by alphabetical modality directory, then original row order"
https://papers.miccai.org/miccai-2026/0512-Paper5470.html,Inverse Protocol Prediction from Spheroid Microscopy Imaging via Morphology-Aware Structured Learning,Microscopy,Published_papers/Microscopy/papers_links.csv,31,Microscopy,Published_papers/Microscopy/papers_links.csv,21,kept,"Keep first occurrence by alphabetical modality directory, then original row order"
https://papers.miccai.org/miccai-2026/0512-Paper5470.html,Inverse Protocol Prediction from Spheroid Microscopy Imaging via Morphology-Aware Structured Learning,Others,Published_papers/Others/papers_links.csv,49,Microscopy,Published_papers/Microscopy/papers_links.csv,21,removed_duplicate,"Keep first occurrence by alphabetical modality directory, then original row order"
https://papers.miccai.org/miccai-2026/0513-Paper2919.html,Inversion from ECG Foundation Model,Physio-signals,Published_papers/Physio-signals/papers_links.csv,25,Physio-signals,Published_papers/Physio-signals/papers_links.csv,16,kept,"Keep first occurrence by alphabetical modality directory, then original row order"
https://papers.miccai.org/miccai-2026/0514-Paper6442.html,IOSVLM: A 3D Vision-Language Model for Unified Dental Diagnosis from Intraoral Scans,Others,Published_papers/Others/papers_links.csv,50,Others,Published_papers/Others/papers_links.csv,27,kept,"Keep first occurrence by alphabetical modality directory, then original row order"
https://papers.miccai.org/miccai-2026/0515-Paper5330.html,IRIS: An Intelligent Vision-Language System for Ocular Surface Diseases via Topic Tree and Scene-Driven VQA Generation,Photo_video,Published_papers/Photo_video/papers_links.csv,55,Photo_video,Published_papers/Photo_video/papers_links.csv,32,kept,"Keep first occurrence by alphabetical modality directory, then original row order"
https://papers.miccai.org/miccai-2026/0516-Paper5443.html,JANUS: Anatomy-Conditioned Gating for Robust CT Triage Under Distribution Shift,CT-XRay,Published_papers/CT-XRay/papers_links.csv,153,CT-XRay,Published_papers/CT-XRay/papers_links.csv,153,kept,"Keep first occurrence by alphabetical modality directory, then original row order"
https://papers.miccai.org/miccai-2026/0517-Paper1567.html,Joint Biomarker and Survival Prediction via Concept-Conditioned Multimodal Slot Factorization,Histology,Published_papers/Histology/papers_links.csv,56,Histology,Published_papers/Histology/papers_links.csv,49,kept,"Keep first occurrence by alphabetical modality directory, then original row order"
https://papers.miccai.org/miccai-2026/0518-Paper6039.html,Joint Decomposition and Learned Deformation for Part-to-Whole MRI to Histology Registration,Histology,Published_papers/Histology/papers_links.csv,57,Histology,Published_papers/Histology/papers_links.csv,50,kept,"Keep first occurrence by alphabetical modality directory, then original row order"
https://papers.miccai.org/miccai-2026/0518-Paper6039.html,Joint Decomposition and Learned Deformation for Part-to-Whole MRI to Histology Registration,MRI,Published_papers/MRI/papers_links.csv,136,Histology,Published_papers/Histology/papers_links.csv,50,removed_duplicate,"Keep first occurrence by alphabetical modality directory, then original row order"
https://papers.miccai.org/miccai-2026/0519-Paper6144.html,Joint Imaging–ROI Representation Learning via Cross-View Contrastive Alignment for Brain Disorder Classification,MRI,Published_papers/MRI/papers_links.csv,137,MRI,Published_papers/MRI/papers_links.csv,82,kept,"Keep first occurrence by alphabetical modality directory, then original row order"
https://papers.miccai.org/miccai-2026/0520-Paper6218.html,Joint Multi-modal Learning for Susceptibility-Induced Distortion Correction in Diffusion MRI,Diffusion-MRI,Published_papers/Diffusion-MRI/papers_links.csv,18,Diffusion-MRI,Published_papers/Diffusion-MRI/papers_links.csv,16,kept,"Keep first occurrence by alphabetical modality directory, then original row order"
https://papers.miccai.org/miccai-2026/0521-Paper4240.html,Joint Segmentation and Graph-Based Skeletal Representation Learning with Geometric Priors,MRI,Published_papers/MRI/papers_links.csv,138,MRI,Published_papers/MRI/papers_links.csv,83,kept,"Keep first occurrence by alphabetical modality directory, then original row order"
https://papers.miccai.org/miccai-2026/0522-Paper5943.html,Joint-Level Motor Imagery Decoding in fNIRS via a Unified Pairwise Machine Learning Framework,Physio-signals,Published_papers/Physio-signals/papers_links.csv,26,Physio-signals,Published_papers/Physio-signals/papers_links.csv,17,kept,"Keep first occurrence by alphabetical modality directory, then original row order"
https://papers.miccai.org/miccai-2026/0523-Paper1432.html,Just 32 Tokens: Medical Referring Image Segmentation via Next-Token Mask Prediction,CT-XRay,Published_papers/CT-XRay/papers_links.csv,154,CT-XRay,Published_papers/CT-XRay/papers_links.csv,154,kept,"Keep first occurrence by alphabetical modality directory, then original row order"
https://papers.miccai.org/miccai-2026/0524-Paper5427.html,KAN-AINet: Kolmogorov-Arnold Network with Adaptive Illumination Modulation for Generalizable Polyp Segmentation,Endoscopy,Published_papers/Endoscopy/papers_links.csv,37,Endoscopy,Published_papers/Endoscopy/papers_links.csv,33,kept,"Keep first occurrence by alphabetical modality directory, then original row order"
https://papers.miccai.org/miccai-2026/0525-Paper4330.html,KANEx: Translating Kolmogorov-Arnold Networks’ Interpretability to Medical Explainability,CT-XRay,Published_papers/CT-XRay/papers_links.csv,156,CT-XRay,Published_papers/CT-XRay/papers_links.csv,155,kept,"Keep first occurrence by alphabetical modality directory, then original row order"
https://papers.miccai.org/miccai-2026/0525-Paper4330.html,KANEx: Translating Kolmogorov-Arnold Networks’ Interpretability to Medical Explainability,EHR,Published_papers/EHR/papers_links.csv,12,CT-XRay,Published_papers/CT-XRay/papers_links.csv,155,removed_duplicate,"Keep first occurrence by alphabetical modality directory, then original row order"
https://papers.miccai.org/miccai-2026/0526-Paper0621.html,KANResDiff: Learning Local Residual Diffusion via Kolmogorov-Arnold Network for Ambiguous Medical Image Segmentation,CT-XRay,Published_papers/CT-XRay/papers_links.csv,157,CT-XRay,Published_papers/CT-XRay/papers_links.csv,156,kept,"Keep first occurrence by alphabetical modality directory, then original row order"
https://papers.miccai.org/miccai-2026/0527-Paper1810.html,KEPIL: Knowledge-Enhanced Prompt-Image Learning for Prompt-Robust Disease Detection,CT-XRay,Published_papers/CT-XRay/papers_links.csv,158,CT-XRay,Published_papers/CT-XRay/papers_links.csv,157,kept,"Keep first occurrence by alphabetical modality directory, then original row order"
https://papers.miccai.org/miccai-2026/0528-Paper5399.html,Keypoint Correspondence Learning for CBCT–IOS Registration,CT-XRay,Published_papers/CT-XRay/papers_links.csv,159,CT-XRay,Published_papers/CT-XRay/papers_links.csv,158,kept,"Keep first occurrence by alphabetical modality directory, then original row order"
https://papers.miccai.org/miccai-2026/0528-Paper5399.html,Keypoint Correspondence Learning for CBCT–IOS Registration,Others,Published_papers/Others/papers_links.csv,52,CT-XRay,Published_papers/CT-XRay/papers_links.csv,158,removed_duplicate,"Keep first occurrence by alphabetical modality directory, then original row order"
https://papers.miccai.org/miccai-2026/0529-Paper2403.html,KGT-Reg: Knowledge-Guided Multimodal Framework for Medical Image Registration,MRI,Published_papers/MRI/papers_links.csv,139,MRI,Published_papers/MRI/papers_links.csv,84,kept,"Keep first occurrence by alphabetical modality directory, then original row order"
https://papers.miccai.org/miccai-2026/0530-Paper3626.html,KIDA: Kinematic-Intent Dual-path Alignment for Surgical Error Detection,Photo_video,Published_papers/Photo_video/papers_links.csv,56,Photo_video,Published_papers/Photo_video/papers_links.csv,33,kept,"Keep first occurrence by alphabetical modality directory, then original row order"
https://papers.miccai.org/miccai-2026/0531-Paper2415.html,KiD-Seg: Kinetic-Disentangled Contrastive Learning with Anchor Guidance for Incomplete Multi-Modal Liver Tumor Segmentation,MRI,Published_papers/MRI/papers_links.csv,140,MRI,Published_papers/MRI/papers_links.csv,85,kept,"Keep first occurrence by alphabetical modality directory, then original row order"
https://papers.miccai.org/miccai-2026/0532-Paper4105.html,KiMoCo-Net: Dual-Domain Learning for MRI Motion Artifact Correction,MRI,Published_papers/MRI/papers_links.csv,141,MRI,Published_papers/MRI/papers_links.csv,86,kept,"Keep first occurrence by alphabetical modality directory, then original row order"
https://papers.miccai.org/miccai-2026/0533-Paper1699.html,Kinetics-Informed Neural Representation for Dual-Tracer Dynamic PET Separation,PET_SPECT,Published_papers/PET_SPECT/papers_links.csv,8,PET_SPECT,Published_papers/PET_SPECT/papers_links.csv,4,kept,"Keep first occurrence by alphabetical modality directory, then original row order"
https://papers.miccai.org/miccai-2026/0534-Paper0576.html,KJD-25K: A 3D Multi-modal Dataset and Benchmark for Knee Joint Diagnosis,MRI,Published_papers/MRI/papers_links.csv,142,MRI,Published_papers/MRI/papers_links.csv,87,kept,"Keep first occurrence by alphabetical modality directory, then original row order"
https://papers.miccai.org/miccai-2026/0535-Paper5065.html,K-MaT: Knowledge-Anchored Manifold Transport for Cross-Modal Prompt Learning in Medical Imaging,CT-XRay,Published_papers/CT-XRay/papers_links.csv,155,CT-XRay,Published_papers/CT-XRay/papers_links.csv,159,kept,"Keep first occurrence by alphabetical modality directory, then original row order"
https://papers.miccai.org/miccai-2026/0535-Paper5065.html,K-MaT: Knowledge-Anchored Manifold Transport for Cross-Modal Prompt Learning in Medical Imaging,Others,Published_papers/Others/papers_links.csv,51,CT-XRay,Published_papers/CT-XRay/papers_links.csv,159,removed_duplicate,"Keep first occurrence by alphabetical modality directory, then original row order"
https://papers.miccai.org/miccai-2026/0535-Paper5065.html,K-MaT: Knowledge-Anchored Manifold Transport for Cross-Modal Prompt Learning in Medical Imaging,ultrasounds,Published_papers/ultrasounds/papers_links.csv,73,CT-XRay,Published_papers/CT-XRay/papers_links.csv,159,removed_duplicate,"Keep first occurrence by alphabetical modality directory, then original row order"
https://papers.miccai.org/miccai-2026/0537-Paper2528.html,Knowledge Distillation-Driven Quality Transfer with Importance-Guided Supervision for Fundus Image Enhancement,Photo_video,Published_papers/Photo_video/papers_links.csv,57,Photo_video,Published_papers/Photo_video/papers_links.csv,34,kept,"Keep first occurrence by alphabetical modality directory, then original row order"
https://papers.miccai.org/miccai-2026/0538-Paper1405.html,Knowledge-Enhanced Representation Learning with Retrieval-Augmented Multimodal Fusion for Survival Prediction,Histology,Published_papers/Histology/papers_links.csv,58,Histology,Published_papers/Histology/papers_links.csv,51,kept,"Keep first occurrence by alphabetical modality directory, then original row order"
https://papers.miccai.org/miccai-2026/0539-Paper1084.html,KOAL: Knowledge-Driven Prostate Cancer Grading with Ordinal-Aware Learning,MRI,Published_papers/MRI/papers_links.csv,143,MRI,Published_papers/MRI/papers_links.csv,88,kept,"Keep first occurrence by alphabetical modality directory, then original row order"
https://papers.miccai.org/miccai-2026/0540-Paper1258.html,KS-SAM: Kolmogorov-Arnold-driven Shape Alignment for Single-Domain Generalization in 3D Medical Image Segmentation,CT-XRay,Published_papers/CT-XRay/papers_links.csv,160,CT-XRay,Published_papers/CT-XRay/papers_links.csv,160,kept,"Keep first occurrence by alphabetical modality directory, then original row order"
https://papers.miccai.org/miccai-2026/0541-Paper0291.html,LAD: Learnable Anisotropic Deformation for 3D Medical Image Analysis,CT-XRay,Published_papers/CT-XRay/papers_links.csv,161,CT-XRay,Published_papers/CT-XRay/papers_links.csv,161,kept,"Keep first occurrence by alphabetical modality directory, then original row order"
https://papers.miccai.org/miccai-2026/0541-Paper0291.html,LAD: Learnable Anisotropic Deformation for 3D Medical Image Analysis,MRI,Published_papers/MRI/papers_links.csv,145,CT-XRay,Published_papers/CT-XRay/papers_links.csv,161,removed_duplicate,"Keep first occurrence by alphabetical modality directory, then original row order"
https://papers.miccai.org/miccai-2026/0542-Paper6364.html,LaGuadia: Language-Guided Adaptive Distillation from Pathology Foundation Models,Histology,Published_papers/Histology/papers_links.csv,59,Histology,Published_papers/Histology/papers_links.csv,52,kept,"Keep first occurrence by alphabetical modality directory, then original row order"
https://papers.miccai.org/miccai-2026/0543-Paper5630.html,Landmark-Free Assessment of Lower-Limb Alignment with Implicit Neural Shape Functions from Knee Radiographs,CT-XRay,Published_papers/CT-XRay/papers_links.csv,162,CT-XRay,Published_papers/CT-XRay/papers_links.csv,162,kept,"Keep first occurrence by alphabetical modality directory, then original row order"
https://papers.miccai.org/miccai-2026/0544-Paper1007.html,LangOR: 3D Language Field Reconstruction for Operating Room,Photo_video,Published_papers/Photo_video/papers_links.csv,58,Photo_video,Published_papers/Photo_video/papers_links.csv,35,kept,"Keep first occurrence by alphabetical modality directory, then original row order"
https://papers.miccai.org/miccai-2026/0545-Paper2047.html,Large-Scale Distributed GPU-Accelerated Respiratory Motion-Resolved Reconstruction of 3D Non-cartesian mGRE MRI,MRI,Published_papers/MRI/papers_links.csv,146,MRI,Published_papers/MRI/papers_links.csv,89,kept,"Keep first occurrence by alphabetical modality directory, then original row order"
https://papers.miccai.org/miccai-2026/0546-Paper1153.html,Large-Small Model Collaboration for Zero-Shot Surgical Phase Recognition,Endoscopy,Published_papers/Endoscopy/papers_links.csv,38,Endoscopy,Published_papers/Endoscopy/papers_links.csv,34,kept,"Keep first occurrence by alphabetical modality directory, then original row order"
https://papers.miccai.org/miccai-2026/0547-Paper5738.html,Latent Lessons from Histopathology: A Registration-Free Cross-Modal Supervision Framework for mpMRI-Based ISUP Grading,Histology,Published_papers/Histology/papers_links.csv,60,Histology,Published_papers/Histology/papers_links.csv,53,kept,"Keep first occurrence by alphabetical modality directory, then original row order"
https://papers.miccai.org/miccai-2026/0547-Paper5738.html,Latent Lessons from Histopathology: A Registration-Free Cross-Modal Supervision Framework for mpMRI-Based ISUP Grading,MRI,Published_papers/MRI/papers_links.csv,147,Histology,Published_papers/Histology/papers_links.csv,53,removed_duplicate,"Keep first occurrence by alphabetical modality directory, then original row order"
https://papers.miccai.org/miccai-2026/0548-Paper0959.html,Latent Motion Spectral Regularity for Congenital Heart Defect Screening in Fetal Echocardiography,ultrasounds,Published_papers/ultrasounds/papers_links.csv,74,ultrasounds,Published_papers/ultrasounds/papers_links.csv,49,kept,"Keep first occurrence by alphabetical modality directory, then original row order"
https://papers.miccai.org/miccai-2026/0549-Paper1376.html,Latent Pathology–Age Decoupling in Functional Connectivity Graphs for Multi-task Schizophrenia Assessment,Func_MRI,Published_papers/Func_MRI/papers_links.csv,30,Func_MRI,Published_papers/Func_MRI/papers_links.csv,21,kept,"Keep first occurrence by alphabetical modality directory, then original row order"
https://papers.miccai.org/miccai-2026/0550-Paper0748.html,Latent-CURE: Interpretable Breast Cancer Diagnosis via Dual-Asymmetric Chain-of-Thought,ultrasounds,Published_papers/ultrasounds/papers_links.csv,75,ultrasounds,Published_papers/ultrasounds/papers_links.csv,50,kept,"Keep first occurrence by alphabetical modality directory, then original row order"
https://papers.miccai.org/miccai-2026/0551-Paper3260.html,Latent-to-Latent Flow for Volumetric Stochastic Segmentation,CT-XRay,Published_papers/CT-XRay/papers_links.csv,163,CT-XRay,Published_papers/CT-XRay/papers_links.csv,163,kept,"Keep first occurrence by alphabetical modality directory, then original row order"
https://papers.miccai.org/miccai-2026/0552-Paper2562.html,Learnable Gaussian Prototype Guided Ordinal Learning for Fine-Grained WSI Grading,Histology,Published_papers/Histology/papers_links.csv,61,Histology,Published_papers/Histology/papers_links.csv,54,kept,"Keep first occurrence by alphabetical modality directory, then original row order"
https://papers.miccai.org/miccai-2026/0553-Paper4183.html,Learnable In-Context Templates for Medical Image Segmentation via In-Context Learning,Endoscopy,Published_papers/Endoscopy/papers_links.csv,39,Endoscopy,Published_papers/Endoscopy/papers_links.csv,35,kept,"Keep first occurrence by alphabetical modality directory, then original row order"
https://papers.miccai.org/miccai-2026/0553-Paper4183.html,Learnable In-Context Templates for Medical Image Segmentation via In-Context Learning,Microscopy,Published_papers/Microscopy/papers_links.csv,32,Endoscopy,Published_papers/Endoscopy/papers_links.csv,35,removed_duplicate,"Keep first occurrence by alphabetical modality directory, then original row order"
https://papers.miccai.org/miccai-2026/0553-Paper4183.html,Learnable In-Context Templates for Medical Image Segmentation via In-Context Learning,ultrasounds,Published_papers/ultrasounds/papers_links.csv,76,Endoscopy,Published_papers/Endoscopy/papers_links.csv,35,removed_duplicate,"Keep first occurrence by alphabetical modality directory, then original row order"
https://papers.miccai.org/miccai-2026/0554-Paper3226.html,Learning Beyond Pixels: Structured Knowledge Topology Consistency for Semi-supervised 2D/3D Medical Image Segmentation,MRI,Published_papers/MRI/papers_links.csv,148,MRI,Published_papers/MRI/papers_links.csv,90,kept,"Keep first occurrence by alphabetical modality directory, then original row order"
https://papers.miccai.org/miccai-2026/0555-Paper6050.html,Learning Class Difficulty via Dynamic Focal Attention for Histopathology Segmentation,Histology,Published_papers/Histology/papers_links.csv,62,Histology,Published_papers/Histology/papers_links.csv,55,kept,"Keep first occurrence by alphabetical modality directory, then original row order"
https://papers.miccai.org/miccai-2026/0556-Paper3762.html,Learning Directional Semantic Transitions for Longitudinal Chest X-Ray Analysis,CT-XRay,Published_papers/CT-XRay/papers_links.csv,164,CT-XRay,Published_papers/CT-XRay/papers_links.csv,164,kept,"Keep first occurrence by alphabetical modality directory, then original row order"
https://papers.miccai.org/miccai-2026/0557-Paper4818.html,Learning Diverse and Realistic Polyp Data via Style-Fused Diffusion Models,Endoscopy,Published_papers/Endoscopy/papers_links.csv,40,Endoscopy,Published_papers/Endoscopy/papers_links.csv,36,kept,"Keep first occurrence by alphabetical modality directory, then original row order"
https://papers.miccai.org/miccai-2026/0558-Paper2314.html,Learning Dual Prior Presentation for Opportunistic Screening of Visceral Artery Aneurysms on Non-Contrast CT,CT-XRay,Published_papers/CT-XRay/papers_links.csv,165,CT-XRay,Published_papers/CT-XRay/papers_links.csv,165,kept,"Keep first occurrence by alphabetical modality directory, then original row order"
https://papers.miccai.org/miccai-2026/0559-Paper0206.html,Learning from Good Neighbors: Slice-wise Quality-aware CT-to-Diffusion MRI Synthesis,CT-XRay,Published_papers/CT-XRay/papers_links.csv,166,CT-XRay,Published_papers/CT-XRay/papers_links.csv,166,kept,"Keep first occurrence by alphabetical modality directory, then original row order"
https://papers.miccai.org/miccai-2026/0559-Paper0206.html,Learning from Good Neighbors: Slice-wise Quality-aware CT-to-Diffusion MRI Synthesis,Diffusion-MRI,Published_papers/Diffusion-MRI/papers_links.csv,19,CT-XRay,Published_papers/CT-XRay/papers_links.csv,166,removed_duplicate,"Keep first occurrence by alphabetical modality directory, then original row order"
https://papers.miccai.org/miccai-2026/0560-Paper5462.html,Learning Geometry-Aware Bundles with Spectral Heat Kernel Diffusion for fMRI-based Brain Disease Diagnosis,Func_MRI,Published_papers/Func_MRI/papers_links.csv,31,Func_MRI,Published_papers/Func_MRI/papers_links.csv,22,kept,"Keep first occurrence by alphabetical modality directory, then original row order"
https://papers.miccai.org/miccai-2026/0561-Paper0927.html,Learning Hierarchical Anatomy-Grounded Representation for Cross-Modal Registration,CT-XRay,Published_papers/CT-XRay/papers_links.csv,167,CT-XRay,Published_papers/CT-XRay/papers_links.csv,167,kept,"Keep first occurrence by alphabetical modality directory, then original row order"
https://papers.miccai.org/miccai-2026/0561-Paper0927.html,Learning Hierarchical Anatomy-Grounded Representation for Cross-Modal Registration,MRI,Published_papers/MRI/papers_links.csv,149,CT-XRay,Published_papers/CT-XRay/papers_links.csv,167,removed_duplicate,"Keep first occurrence by alphabetical modality directory, then original row order"
https://papers.miccai.org/miccai-2026/0562-Paper2265.html,Learning Invariant Anatomical Representations from Multi-Sequence MRI for Brain Segmentation,MRI,Published_papers/MRI/papers_links.csv,150,MRI,Published_papers/MRI/papers_links.csv,91,kept,"Keep first occurrence by alphabetical modality directory, then original row order"
https://papers.miccai.org/miccai-2026/0563-Paper2472.html,Learning Modality-Invariant Structure and Distribution Alignment for Multimodal Medical Image Registration,CT-XRay,Published_papers/CT-XRay/papers_links.csv,168,CT-XRay,Published_papers/CT-XRay/papers_links.csv,168,kept,"Keep first occurrence by alphabetical modality directory, then original row order"
https://papers.miccai.org/miccai-2026/0563-Paper2472.html,Learning Modality-Invariant Structure and Distribution Alignment for Multimodal Medical Image Registration,MRI,Published_papers/MRI/papers_links.csv,151,CT-XRay,Published_papers/CT-XRay/papers_links.csv,168,removed_duplicate,"Keep first occurrence by alphabetical modality directory, then original row order"
https://papers.miccai.org/miccai-2026/0564-Paper3218.html,Learning Prototypes for Unsupervised Joint Generation of Conditional Templates and Atlases,MRI,Published_papers/MRI/papers_links.csv,152,MRI,Published_papers/MRI/papers_links.csv,92,kept,"Keep first occurrence by alphabetical modality directory, then original row order"
https://papers.miccai.org/miccai-2026/0565-Paper5051.html,Learning Quantitative Calibration of Computed Tomography for Bone Mineral Density Estimation Using Multi-Center Data,CT-XRay,Published_papers/CT-XRay/papers_links.csv,169,CT-XRay,Published_papers/CT-XRay/papers_links.csv,169,kept,"Keep first occurrence by alphabetical modality directory, then original row order"
https://papers.miccai.org/miccai-2026/0566-Paper2250.html,Learning Robust Medical Image Segmentation Under Mixed-Quality Annotations,Endoscopy,Published_papers/Endoscopy/papers_links.csv,41,Endoscopy,Published_papers/Endoscopy/papers_links.csv,37,kept,"Keep first occurrence by alphabetical modality directory, then original row order"
https://papers.miccai.org/miccai-2026/0566-Paper2250.html,Learning Robust Medical Image Segmentation Under Mixed-Quality Annotations,Photo_video,Published_papers/Photo_video/papers_links.csv,59,Endoscopy,Published_papers/Endoscopy/papers_links.csv,37,removed_duplicate,"Keep first occurrence by alphabetical modality directory, then original row order"
https://papers.miccai.org/miccai-2026/0567-Paper2035.html,Learning Role-Conditioned Alignment for Medical Image Referring Segmentation,CT-XRay,Published_papers/CT-XRay/papers_links.csv,170,CT-XRay,Published_papers/CT-XRay/papers_links.csv,170,kept,"Keep first occurrence by alphabetical modality directory, then original row order"
https://papers.miccai.org/miccai-2026/0568-Paper3064.html,Learning Task-Specific Anatomical Priors via Context Distillation for In-Context Medical Image Segmentation,Others,Published_papers/Others/papers_links.csv,53,Others,Published_papers/Others/papers_links.csv,28,kept,"Keep first occurrence by alphabetical modality directory, then original row order"
https://papers.miccai.org/miccai-2026/0569-Paper2916.html,Learning the Hierarchical Organization in Brain Network for Brain Disorder Diagnosis,Func_MRI,Published_papers/Func_MRI/papers_links.csv,32,Func_MRI,Published_papers/Func_MRI/papers_links.csv,23,kept,"Keep first occurrence by alphabetical modality directory, then original row order"
https://papers.miccai.org/miccai-2026/0570-Paper4009.html,Learning to Distort: Weakly-Supervised Image Quality Transfer for Prostate DWI Correction,Computational_imagings,Published_papers/Computational_imagings/papers_links.csv,15,Computational_imagings,Published_papers/Computational_imagings/papers_links.csv,10,kept,"Keep first occurrence by alphabetical modality directory, then original row order"
https://papers.miccai.org/miccai-2026/0570-Paper4009.html,Learning to Distort: Weakly-Supervised Image Quality Transfer for Prostate DWI Correction,Diffusion-MRI,Published_papers/Diffusion-MRI/papers_links.csv,20,Computational_imagings,Published_papers/Computational_imagings/papers_links.csv,10,removed_duplicate,"Keep first occurrence by alphabetical modality directory, then original row order"
https://papers.miccai.org/miccai-2026/0570-Paper4009.html,Learning to Distort: Weakly-Supervised Image Quality Transfer for Prostate DWI Correction,MRI,Published_papers/MRI/papers_links.csv,153,Computational_imagings,Published_papers/Computational_imagings/papers_links.csv,10,removed_duplicate,"Keep first occurrence by alphabetical modality directory, then original row order"
https://papers.miccai.org/miccai-2026/0571-Paper3613.html,Learning to Optimize Radiotherapy Plans via Fluence Maps Diffusion Model Generation and LSTM-Based Optimization,CT-XRay,Published_papers/CT-XRay/papers_links.csv,171,CT-XRay,Published_papers/CT-XRay/papers_links.csv,171,kept,"Keep first occurrence by alphabetical modality directory, then original row order"
https://papers.miccai.org/miccai-2026/0571-Paper3613.html,Learning to Optimize Radiotherapy Plans via Fluence Maps Diffusion Model Generation and LSTM-Based Optimization,Others,Published_papers/Others/papers_links.csv,54,CT-XRay,Published_papers/CT-XRay/papers_links.csv,171,removed_duplicate,"Keep first occurrence by alphabetical modality directory, then original row order"
https://papers.miccai.org/miccai-2026/0572-Paper3986.html,Learning to Read Where to Look: Disease-Aware Vision–Language Pretraining for 3D CT,CT-XRay,Published_papers/CT-XRay/papers_links.csv,172,CT-XRay,Published_papers/CT-XRay/papers_links.csv,172,kept,"Keep first occurrence by alphabetical modality directory, then original row order"
https://papers.miccai.org/miccai-2026/0573-Paper5539.html,Learning to Segment Burns with Limited Labels: A Dual-Path Cascaded Network with Uncertainty-Guided Teacher Diffusion Exposure,Photo_video,Published_papers/Photo_video/papers_links.csv,60,Photo_video,Published_papers/Photo_video/papers_links.csv,36,kept,"Keep first occurrence by alphabetical modality directory, then original row order"
https://papers.miccai.org/miccai-2026/0574-Paper0307.html,Learning to Trim: End-to-End Causal Graph Pruning with Dynamic Anatomical Feature Banks for Medical VQA,CT-XRay,Published_papers/CT-XRay/papers_links.csv,173,CT-XRay,Published_papers/CT-XRay/papers_links.csv,173,kept,"Keep first occurrence by alphabetical modality directory, then original row order"
https://papers.miccai.org/miccai-2026/0574-Paper0307.html,Learning to Trim: End-to-End Causal Graph Pruning with Dynamic Anatomical Feature Banks for Medical VQA,MRI,Published_papers/MRI/papers_links.csv,154,CT-XRay,Published_papers/CT-XRay/papers_links.csv,173,removed_duplicate,"Keep first occurrence by alphabetical modality directory, then original row order"
https://papers.miccai.org/miccai-2026/0575-Paper6046.html,Learning to Unify Deformable Shape and Texture Representations for Cardiac Video Classification,MRI,Published_papers/MRI/papers_links.csv,155,MRI,Published_papers/MRI/papers_links.csv,93,kept,"Keep first occurrence by alphabetical modality directory, then original row order"
https://papers.miccai.org/miccai-2026/0576-Paper1989.html,Learning What Can Move: Patient-Specific Motion Subspaces from a Single Scan,CT-XRay,Published_papers/CT-XRay/papers_links.csv,174,CT-XRay,Published_papers/CT-XRay/papers_links.csv,174,kept,"Keep first occurrence by alphabetical modality directory, then original row order"
https://papers.miccai.org/miccai-2026/0577-Paper6168.html,Learning Where to Look: A Reinforcement Learning Framework for Robust Micro-ultrasound Prostate Cancer Detection,ultrasounds,Published_papers/ultrasounds/papers_links.csv,77,ultrasounds,Published_papers/ultrasounds/papers_links.csv,51,kept,"Keep first occurrence by alphabetical modality directory, then original row order"
https://papers.miccai.org/miccai-2026/0578-Paper4161.html,Learning Where to Look: Pathologist-Inspired Multi-field-of-View Evidence Retrieval for Cell Type Classification in H&E,Histology,Published_papers/Histology/papers_links.csv,63,Histology,Published_papers/Histology/papers_links.csv,56,kept,"Keep first occurrence by alphabetical modality directory, then original row order"
https://papers.miccai.org/miccai-2026/0579-Paper3568.html,LEGEND: A Language-Aligned EEG Foundation Model with Flow Matching Latent Denoising,Physio-signals,Published_papers/Physio-signals/papers_links.csv,27,Physio-signals,Published_papers/Physio-signals/papers_links.csv,18,kept,"Keep first occurrence by alphabetical modality directory, then original row order"
https://papers.miccai.org/miccai-2026/0580-Paper3214.html,LeGend: Lesion-Guided Longitudinal CXR Generation via Gaussian-Biased Causal Attention,CT-XRay,Published_papers/CT-XRay/papers_links.csv,175,CT-XRay,Published_papers/CT-XRay/papers_links.csv,175,kept,"Keep first occurrence by alphabetical modality directory, then original row order"
https://papers.miccai.org/miccai-2026/0581-Paper1990.html,Lesion-Centric Structured Report Generation for 3D CT with Multimodal Large Language Models via Hierarchical Evidence Tokens,CT-XRay,Published_papers/CT-XRay/papers_links.csv,176,CT-XRay,Published_papers/CT-XRay/papers_links.csv,176,kept,"Keep first occurrence by alphabetical modality directory, then original row order"
https://papers.miccai.org/miccai-2026/0582-Paper5194.html,"Leuko, I Am Your Prototype: A Prototypical Detection Framework for Fine-Grained Laryngeal Lesion Stratification",Endoscopy,Published_papers/Endoscopy/papers_links.csv,42,Endoscopy,Published_papers/Endoscopy/papers_links.csv,38,kept,"Keep first occurrence by alphabetical modality directory, then original row order"
https://papers.miccai.org/miccai-2026/0583-Paper4786.html,Leveraging Pathology Co-occurrence for Test-Time Adaptation in Chest X-Ray Diagnosis,CT-XRay,Published_papers/CT-XRay/papers_links.csv,177,CT-XRay,Published_papers/CT-XRay/papers_links.csv,177,kept,"Keep first occurrence by alphabetical modality directory, then original row order"
https://papers.miccai.org/miccai-2026/0584-Paper3584.html,LinGuinE: Longitudinal Guidance Estimation for Volumetric Tumour Segmentation,CT-XRay,Published_papers/CT-XRay/papers_links.csv,178,CT-XRay,Published_papers/CT-XRay/papers_links.csv,178,kept,"Keep first occurrence by alphabetical modality directory, then original row order"
https://papers.miccai.org/miccai-2026/0585-Paper5026.html,LiSAD: A Label-Efficient Implicit Model with Spatially Adaptive Directional Total Variation for Spatial Transcriptomics,Histology,Published_papers/Histology/papers_links.csv,64,Histology,Published_papers/Histology/papers_links.csv,57,kept,"Keep first occurrence by alphabetical modality directory, then original row order"
https://papers.miccai.org/miccai-2026/0586-Paper1671.html,LLM-Bootstrapped Targeted Finding Guidance for Factual MLLM-based Medical Report Generation,CT-XRay,Published_papers/CT-XRay/papers_links.csv,179,CT-XRay,Published_papers/CT-XRay/papers_links.csv,179,kept,"Keep first occurrence by alphabetical modality directory, then original row order"
https://papers.miccai.org/miccai-2026/0586-Paper1671.html,LLM-Bootstrapped Targeted Finding Guidance for Factual MLLM-based Medical Report Generation,Photo_video,Published_papers/Photo_video/papers_links.csv,61,CT-XRay,Published_papers/CT-XRay/papers_links.csv,179,removed_duplicate,"Keep first occurrence by alphabetical modality directory, then original row order"
https://papers.miccai.org/miccai-2026/0587-Paper4195.html,LLM-Steered Clinical Knowledge Discovery for CVD Outcome Modeling,CT-XRay,Published_papers/CT-XRay/papers_links.csv,180,CT-XRay,Published_papers/CT-XRay/papers_links.csv,180,kept,"Keep first occurrence by alphabetical modality directory, then original row order"
https://papers.miccai.org/miccai-2026/0588-Paper3411.html,Localization-Grounded Supervision: Revisiting Vanilla SFT of Large Vision-Language Models for Medical Image Analysis,CT-XRay,Published_papers/CT-XRay/papers_links.csv,181,CT-XRay,Published_papers/CT-XRay/papers_links.csv,181,kept,"Keep first occurrence by alphabetical modality directory, then original row order"
https://papers.miccai.org/miccai-2026/0588-Paper3411.html,Localization-Grounded Supervision: Revisiting Vanilla SFT of Large Vision-Language Models for Medical Image Analysis,MRI,Published_papers/MRI/papers_links.csv,156,CT-XRay,Published_papers/CT-XRay/papers_links.csv,181,removed_duplicate,"Keep first occurrence by alphabetical modality directory, then original row order"
https://papers.miccai.org/miccai-2026/0589-Paper2716.html,LoFi: Location-Aware Fine-Grained Representation Learning for Chest X-Ray,CT-XRay,Published_papers/CT-XRay/papers_links.csv,182,CT-XRay,Published_papers/CT-XRay/papers_links.csv,182,kept,"Keep first occurrence by alphabetical modality directory, then original row order"
https://papers.miccai.org/miccai-2026/0589-Paper2716.html,LoFi: Location-Aware Fine-Grained Representation Learning for Chest X-Ray,EHR,Published_papers/EHR/papers_links.csv,13,CT-XRay,Published_papers/CT-XRay/papers_links.csv,182,removed_duplicate,"Keep first occurrence by alphabetical modality directory, then original row order"
https://papers.miccai.org/miccai-2026/0590-Paper0650.html,LoHi-Net: A Low-to-High Hierarchical Wavelet Network for Laparoscopic Surgical Smoke Removal,Endoscopy,Published_papers/Endoscopy/papers_links.csv,43,Endoscopy,Published_papers/Endoscopy/papers_links.csv,39,kept,"Keep first occurrence by alphabetical modality directory, then original row order"
https://papers.miccai.org/miccai-2026/0591-Paper2399.html,Longitudinal Multi-view Modeling for Breast Cancer Risk Prediction,CT-XRay,Published_papers/CT-XRay/papers_links.csv,183,CT-XRay,Published_papers/CT-XRay/papers_links.csv,183,kept,"Keep first occurrence by alphabetical modality directory, then original row order"
https://papers.miccai.org/miccai-2026/0592-Paper3319.html,Longitudinal Reliability of Cross-Sectional Normative Models Under Measurement Error,MRI,Published_papers/MRI/papers_links.csv,157,MRI,Published_papers/MRI/papers_links.csv,94,kept,"Keep first occurrence by alphabetical modality directory, then original row order"
https://papers.miccai.org/miccai-2026/0593-Paper4292.html,LongMedBench: Benchmarking Medical Agents for Long-Horizon Clinical Decision-Making,EHR,Published_papers/EHR/papers_links.csv,14,EHR,Published_papers/EHR/papers_links.csv,11,kept,"Keep first occurrence by alphabetical modality directory, then original row order"
https://papers.miccai.org/miccai-2026/0594-Paper2355.html,Lost in the Folds: When Cross-Validation Is Not a Deep Ensemble for Uncertainty Estimation,CT-XRay,Published_papers/CT-XRay/papers_links.csv,184,CT-XRay,Published_papers/CT-XRay/papers_links.csv,184,kept,"Keep first occurrence by alphabetical modality directory, then original row order"
https://papers.miccai.org/miccai-2026/0594-Paper2355.html,Lost in the Folds: When Cross-Validation Is Not a Deep Ensemble for Uncertainty Estimation,MRI,Published_papers/MRI/papers_links.csv,158,CT-XRay,Published_papers/CT-XRay/papers_links.csv,184,removed_duplicate,"Keep first occurrence by alphabetical modality directory, then original row order"
https://papers.miccai.org/miccai-2026/0595-Paper4615.html,Lost in Volume: The CT-SpatialVQA Benchmark for Evaluating Semantic-Spatial Understanding of 3D Medical Vision–Language Models,CT-XRay,Published_papers/CT-XRay/papers_links.csv,185,CT-XRay,Published_papers/CT-XRay/papers_links.csv,185,kept,"Keep first occurrence by alphabetical modality directory, then original row order"
https://papers.miccai.org/miccai-2026/0596-Paper1071.html,LOT-Bridge: A Latent Optimal Transport Bridge Based on Signed Distance Fields for Automatic Skull Defect Reconstruction,CT-XRay,Published_papers/CT-XRay/papers_links.csv,186,CT-XRay,Published_papers/CT-XRay/papers_links.csv,186,kept,"Keep first occurrence by alphabetical modality directory, then original row order"
https://papers.miccai.org/miccai-2026/0597-Paper4532.html,Low-Rank Text-Guided Spectral Learning for Semi-supervised MHSI Segmentation,Microscopy,Published_papers/Microscopy/papers_links.csv,33,Microscopy,Published_papers/Microscopy/papers_links.csv,22,kept,"Keep first occurrence by alphabetical modality directory, then original row order"
https://papers.miccai.org/miccai-2026/0598-Paper0472.html,Low-Rank Velocity Fields as a Structural Prior for Unsupervised 4D Medical Image Interpolation,CT-XRay,Published_papers/CT-XRay/papers_links.csv,187,CT-XRay,Published_papers/CT-XRay/papers_links.csv,187,kept,"Keep first occurrence by alphabetical modality directory, then original row order"
https://papers.miccai.org/miccai-2026/0598-Paper0472.html,Low-Rank Velocity Fields as a Structural Prior for Unsupervised 4D Medical Image Interpolation,MRI,Published_papers/MRI/papers_links.csv,159,CT-XRay,Published_papers/CT-XRay/papers_links.csv,187,removed_duplicate,"Keep first occurrence by alphabetical modality directory, then original row order"
https://papers.miccai.org/miccai-2026/0599-Paper1186.html,Low-Rank-Modulated Functa: Exploring the Latent Space of Implicit Neural Representations for Interpretable Ultrasound Video Analysis,ultrasounds,Published_papers/ultrasounds/papers_links.csv,78,ultrasounds,Published_papers/ultrasounds/papers_links.csv,52,kept,"Keep first occurrence by alphabetical modality directory, then original row order"
https://papers.miccai.org/miccai-2026/0600-Paper1395.html,Low-Resource Cross-Modality Nucleus Detection via One-Sided Domain Adaptation,Microscopy,Published_papers/Microscopy/papers_links.csv,34,Microscopy,Published_papers/Microscopy/papers_links.csv,23,kept,"Keep first occurrence by alphabetical modality directory, then original row order"
https://papers.miccai.org/miccai-2026/0601-Paper6341.html,LRMIL: Efficient Low-Resolution Multiple Instance Learning via High-Resolution Knowledge Distillation for Whole Slide Image Classification,Histology,Published_papers/Histology/papers_links.csv,65,Histology,Published_papers/Histology/papers_links.csv,58,kept,"Keep first occurrence by alphabetical modality directory, then original row order"
https://papers.miccai.org/miccai-2026/0602-Paper2497.html,L-TGVN: Leveraging Longitudinal Priors for Personalized Rapid MRI,MRI,Published_papers/MRI/papers_links.csv,144,MRI,Published_papers/MRI/papers_links.csv,95,kept,"Keep first occurrence by alphabetical modality directory, then original row order"
https://papers.miccai.org/miccai-2026/0603-Paper2271.html,LumiState: Retinex-inspired Illumination Decoupling in 4D Gaussian Splatting for Endoscopic Reconstruction,Endoscopy,Published_papers/Endoscopy/papers_links.csv,44,Endoscopy,Published_papers/Endoscopy/papers_links.csv,40,kept,"Keep first occurrence by alphabetical modality directory, then original row order"
https://papers.miccai.org/miccai-2026/0604-Paper1643.html,M3D-QAdapter: 3D Medical VQA with Lesion-Level Finding-Segmentation Alignment and Query-Driven Adaptive Token Reduction,CT-XRay,Published_papers/CT-XRay/papers_links.csv,188,CT-XRay,Published_papers/CT-XRay/papers_links.csv,188,kept,"Keep first occurrence by alphabetical modality directory, then original row order"
https://papers.miccai.org/miccai-2026/0605-Paper4527.html,MAGE: Color-Invariant and Spatial Knowledge Distillation for Gastric Neoplasm Classification,Endoscopy,Published_papers/Endoscopy/papers_links.csv,45,Endoscopy,Published_papers/Endoscopy/papers_links.csv,41,kept,"Keep first occurrence by alphabetical modality directory, then original row order"
https://papers.miccai.org/miccai-2026/0606-Paper3539.html,MAGEFormer: Learning Metric-Consistent Representations for Anisotropic CT Segmentation,CT-XRay,Published_papers/CT-XRay/papers_links.csv,189,CT-XRay,Published_papers/CT-XRay/papers_links.csv,189,kept,"Keep first occurrence by alphabetical modality directory, then original row order"
https://papers.miccai.org/miccai-2026/0607-Paper5285.html,Making HE Histopathological Images More Colorful by Conditional Flow Matching,Histology,Published_papers/Histology/papers_links.csv,66,Histology,Published_papers/Histology/papers_links.csv,59,kept,"Keep first occurrence by alphabetical modality directory, then original row order"
https://papers.miccai.org/miccai-2026/0608-Paper3605.html,MamaDino: Mammography-Aware Multi-view Attentional DINO for 3-Year Breast Cancer Risk Prediction,CT-XRay,Published_papers/CT-XRay/papers_links.csv,190,CT-XRay,Published_papers/CT-XRay/papers_links.csv,190,kept,"Keep first occurrence by alphabetical modality directory, then original row order"
https://papers.miccai.org/miccai-2026/0609-Paper5381.html,Mamba Based Anisotropic Diffusion Model for Speckle Noise Reduction in Ultrasound Images,ultrasounds,Published_papers/ultrasounds/papers_links.csv,79,ultrasounds,Published_papers/ultrasounds/papers_links.csv,53,kept,"Keep first occurrence by alphabetical modality directory, then original row order"
https://papers.miccai.org/miccai-2026/0610-Paper3745.html,MammoFlow: Multiview Mammogram Synthesis with Anatomically Consistent Flow Matching,CT-XRay,Published_papers/CT-XRay/papers_links.csv,191,CT-XRay,Published_papers/CT-XRay/papers_links.csv,191,kept,"Keep first occurrence by alphabetical modality directory, then original row order"
https://papers.miccai.org/miccai-2026/0611-Paper2041.html,MAP-Diff: Multi-anchor Guided Diffusion for Progressive 3D Whole-Body Low-Dose PET Denoising,PET_SPECT,Published_papers/PET_SPECT/papers_links.csv,9,PET_SPECT,Published_papers/PET_SPECT/papers_links.csv,5,kept,"Keep first occurrence by alphabetical modality directory, then original row order"
https://papers.miccai.org/miccai-2026/0612-Paper4437.html,MARBLE: Lightweight EEG-to-fMRI Translation via Mamba-Attention and ROI-Conditioned Decoding,Func_MRI,Published_papers/Func_MRI/papers_links.csv,33,Func_MRI,Published_papers/Func_MRI/papers_links.csv,24,kept,"Keep first occurrence by alphabetical modality directory, then original row order"
https://papers.miccai.org/miccai-2026/0612-Paper4437.html,MARBLE: Lightweight EEG-to-fMRI Translation via Mamba-Attention and ROI-Conditioned Decoding,Physio-signals,Published_papers/Physio-signals/papers_links.csv,28,Func_MRI,Published_papers/Func_MRI/papers_links.csv,24,removed_duplicate,"Keep first occurrence by alphabetical modality directory, then original row order"
https://papers.miccai.org/miccai-2026/0613-Paper6616.html,Marginal Constrained Morphological Prototype Learning for Patch Search in Whole Slide Images,Histology,Published_papers/Histology/papers_links.csv,67,Histology,Published_papers/Histology/papers_links.csv,60,kept,"Keep first occurrence by alphabetical modality directory, then original row order"
https://papers.miccai.org/miccai-2026/0614-Paper0289.html,MaRS: Robust Out-of-Distribution Detection via Mahalanobis Residual Scoring,CT-XRay,Published_papers/CT-XRay/papers_links.csv,192,CT-XRay,Published_papers/CT-XRay/papers_links.csv,192,kept,"Keep first occurrence by alphabetical modality directory, then original row order"
https://papers.miccai.org/miccai-2026/0614-Paper0289.html,MaRS: Robust Out-of-Distribution Detection via Mahalanobis Residual Scoring,Histology,Published_papers/Histology/papers_links.csv,68,CT-XRay,Published_papers/CT-XRay/papers_links.csv,192,removed_duplicate,"Keep first occurrence by alphabetical modality directory, then original row order"
https://papers.miccai.org/miccai-2026/0614-Paper0289.html,MaRS: Robust Out-of-Distribution Detection via Mahalanobis Residual Scoring,Others,Published_papers/Others/papers_links.csv,55,CT-XRay,Published_papers/CT-XRay/papers_links.csv,192,removed_duplicate,"Keep first occurrence by alphabetical modality directory, then original row order"
https://papers.miccai.org/miccai-2026/0615-Paper1221.html,Mask to Concept: Auto-Promptable SAM3 via Efficient Test-Time Concept Embedding Search for Few-Shot Annotation,Endoscopy,Published_papers/Endoscopy/papers_links.csv,46,Endoscopy,Published_papers/Endoscopy/papers_links.csv,42,kept,"Keep first occurrence by alphabetical modality directory, then original row order"
https://papers.miccai.org/miccai-2026/0615-Paper1221.html,Mask to Concept: Auto-Promptable SAM3 via Efficient Test-Time Concept Embedding Search for Few-Shot Annotation,Photo_video,Published_papers/Photo_video/papers_links.csv,62,Endoscopy,Published_papers/Endoscopy/papers_links.csv,42,removed_duplicate,"Keep first occurrence by alphabetical modality directory, then original row order"
https://papers.miccai.org/miccai-2026/0616-Paper5497.html,Mask-Guided Attention Regulation for Anatomically Consistent Counterfactual CXR Synthesis,CT-XRay,Published_papers/CT-XRay/papers_links.csv,193,CT-XRay,Published_papers/CT-XRay/papers_links.csv,193,kept,"Keep first occurrence by alphabetical modality directory, then original row order"
https://papers.miccai.org/miccai-2026/0617-Paper4000.html,MASurv: Risk-Conditional Martingale Adversarial Training for Calibrated Multi-slide Survival Prediction in Whole-Slide Histopathology Images,Histology,Published_papers/Histology/papers_links.csv,69,Histology,Published_papers/Histology/papers_links.csv,61,kept,"Keep first occurrence by alphabetical modality directory, then original row order"
https://papers.miccai.org/miccai-2026/0618-Paper0246.html,Maximizing Domain Generalization in Automated Fetal Brain Biometry,MRI,Published_papers/MRI/papers_links.csv,160,MRI,Published_papers/MRI/papers_links.csv,96,kept,"Keep first occurrence by alphabetical modality directory, then original row order"
https://papers.miccai.org/miccai-2026/0619-Paper5325.html,MBFAD: Benchmarking Balance Function Assessment with Environmental Perturbation and Synergistic Tasks,Multimodals,Published_papers/Multimodals/papers_links.csv,14,Multimodals,Published_papers/Multimodals/papers_links.csv,10,kept,"Keep first occurrence by alphabetical modality directory, then original row order"
https://papers.miccai.org/miccai-2026/0619-Paper5325.html,MBFAD: Benchmarking Balance Function Assessment with Environmental Perturbation and Synergistic Tasks,Sensors,Published_papers/Sensors/papers_links.csv,13,Multimodals,Published_papers/Multimodals/papers_links.csv,10,removed_duplicate,"Keep first occurrence by alphabetical modality directory, then original row order"
https://papers.miccai.org/miccai-2026/0620-Paper3690.html,MDL-DA Track: Self-supervised Sperm Motility Direction Learning and Density-Adaptive Association for Sperm Tracking,Photo_video,Published_papers/Photo_video/papers_links.csv,63,Photo_video,Published_papers/Photo_video/papers_links.csv,37,kept,"Keep first occurrence by alphabetical modality directory, then original row order"
https://papers.miccai.org/miccai-2026/0621-Paper4123.html,MDPNet: A Multi-Scale Deformable Prototype Network for Accurate and Interpretable Medical Image Classification,CT-XRay,Published_papers/CT-XRay/papers_links.csv,194,CT-XRay,Published_papers/CT-XRay/papers_links.csv,194,kept,"Keep first occurrence by alphabetical modality directory, then original row order"
https://papers.miccai.org/miccai-2026/0621-Paper4123.html,MDPNet: A Multi-Scale Deformable Prototype Network for Accurate and Interpretable Medical Image Classification,Physio-signals,Published_papers/Physio-signals/papers_links.csv,29,CT-XRay,Published_papers/CT-XRay/papers_links.csv,194,removed_duplicate,"Keep first occurrence by alphabetical modality directory, then original row order"
https://papers.miccai.org/miccai-2026/0622-Paper4530.html,MEASURE: Multi-Task Slice Selection and Regression for Neonatal Brain Biometry,Func_MRI,Published_papers/Func_MRI/papers_links.csv,34,Func_MRI,Published_papers/Func_MRI/papers_links.csv,25,kept,"Keep first occurrence by alphabetical modality directory, then original row order"
https://papers.miccai.org/miccai-2026/0622-Paper4530.html,MEASURE: Multi-Task Slice Selection and Regression for Neonatal Brain Biometry,MRI,Published_papers/MRI/papers_links.csv,161,Func_MRI,Published_papers/Func_MRI/papers_links.csv,25,removed_duplicate,"Keep first occurrence by alphabetical modality directory, then original row order"
https://papers.miccai.org/miccai-2026/0623-Paper3943.html,Measuring Prediction Uncertainty in Neural Cellular Automata,Microscopy,Published_papers/Microscopy/papers_links.csv,35,Microscopy,Published_papers/Microscopy/papers_links.csv,24,kept,"Keep first occurrence by alphabetical modality directory, then original row order"
https://papers.miccai.org/miccai-2026/0624-Paper2453.html,Measuring What VLMs Don’t Say: Validation Metrics Hide Clinical Terminology Erasure in Radiology Report Generation,CT-XRay,Published_papers/CT-XRay/papers_links.csv,195,CT-XRay,Published_papers/CT-XRay/papers_links.csv,195,kept,"Keep first occurrence by alphabetical modality directory, then original row order"
https://papers.miccai.org/miccai-2026/0625-Paper1547.html,MEC: A Multi-expert Consultation Framework for Synergizing Frozen Foundation Models in Whole Slide Image Analysis,Histology,Published_papers/Histology/papers_links.csv,70,Histology,Published_papers/Histology/papers_links.csv,62,kept,"Keep first occurrence by alphabetical modality directory, then original row order"
https://papers.miccai.org/miccai-2026/0626-Paper2354.html,MEC: Medical Evidence Capsules for Retrieval-Augmented Generation in Medical Multimodal Question Answering,CT-XRay,Published_papers/CT-XRay/papers_links.csv,196,CT-XRay,Published_papers/CT-XRay/papers_links.csv,196,kept,"Keep first occurrence by alphabetical modality directory, then original row order"
https://papers.miccai.org/miccai-2026/0626-Paper2354.html,MEC: Medical Evidence Capsules for Retrieval-Augmented Generation in Medical Multimodal Question Answering,Photo_video,Published_papers/Photo_video/papers_links.csv,64,CT-XRay,Published_papers/CT-XRay/papers_links.csv,196,removed_duplicate,"Keep first occurrence by alphabetical modality directory, then original row order"
https://papers.miccai.org/miccai-2026/0627-Paper0550.html,Med3D-R1: Mitigating Narrative Bias and Enhancing Reasoning Consistency in 3D Medical Vision-Language Models,CT-XRay,Published_papers/CT-XRay/papers_links.csv,198,CT-XRay,Published_papers/CT-XRay/papers_links.csv,197,kept,"Keep first occurrence by alphabetical modality directory, then original row order"
https://papers.miccai.org/miccai-2026/0628-Paper3867.html,Med-CAP: Counterfactual Evidence and Adaptive Prior Suppression for Robust Medical Visual Question Answering,CT-XRay,Published_papers/CT-XRay/papers_links.csv,197,CT-XRay,Published_papers/CT-XRay/papers_links.csv,198,kept,"Keep first occurrence by alphabetical modality directory, then original row order"
https://papers.miccai.org/miccai-2026/0628-Paper3867.html,Med-CAP: Counterfactual Evidence and Adaptive Prior Suppression for Robust Medical Visual Question Answering,MRI,Published_papers/MRI/papers_links.csv,162,CT-XRay,Published_papers/CT-XRay/papers_links.csv,198,removed_duplicate,"Keep first occurrence by alphabetical modality directory, then original row order"
https://papers.miccai.org/miccai-2026/0629-Paper0759.html,MedCenterDet: A Center-Based Object Detection Framework for 3D Medical Image,CT-XRay,Published_papers/CT-XRay/papers_links.csv,199,CT-XRay,Published_papers/CT-XRay/papers_links.csv,199,kept,"Keep first occurrence by alphabetical modality directory, then original row order"
https://papers.miccai.org/miccai-2026/0629-Paper0759.html,MedCenterDet: A Center-Based Object Detection Framework for 3D Medical Image,MRI,Published_papers/MRI/papers_links.csv,163,CT-XRay,Published_papers/CT-XRay/papers_links.csv,199,removed_duplicate,"Keep first occurrence by alphabetical modality directory, then original row order"
https://papers.miccai.org/miccai-2026/0630-Paper5647.html,MedConcept: Unsupervised Concept Discovery for Interpretability in Medical VLMs,CT-XRay,Published_papers/CT-XRay/papers_links.csv,200,CT-XRay,Published_papers/CT-XRay/papers_links.csv,200,kept,"Keep first occurrence by alphabetical modality directory, then original row order"
https://papers.miccai.org/miccai-2026/0631-Paper5084.html,MedEnv: Scaling Multimodal Virtual Medical Environments for Long-Horizon Diagnosis,EHR,Published_papers/EHR/papers_links.csv,15,EHR,Published_papers/EHR/papers_links.csv,12,kept,"Keep first occurrence by alphabetical modality directory, then original row order"
https://papers.miccai.org/miccai-2026/0632-Paper4886.html,MedExpMem: Adapting Experience Memory for Differential Diagnosis,CT-XRay,Published_papers/CT-XRay/papers_links.csv,201,CT-XRay,Published_papers/CT-XRay/papers_links.csv,201,kept,"Keep first occurrence by alphabetical modality directory, then original row order"
https://papers.miccai.org/miccai-2026/0632-Paper4886.html,MedExpMem: Adapting Experience Memory for Differential Diagnosis,EHR,Published_papers/EHR/papers_links.csv,16,CT-XRay,Published_papers/CT-XRay/papers_links.csv,201,removed_duplicate,"Keep first occurrence by alphabetical modality directory, then original row order"
https://papers.miccai.org/miccai-2026/0632-Paper4886.html,MedExpMem: Adapting Experience Memory for Differential Diagnosis,MRI,Published_papers/MRI/papers_links.csv,164,CT-XRay,Published_papers/CT-XRay/papers_links.csv,201,removed_duplicate,"Keep first occurrence by alphabetical modality directory, then original row order"
https://papers.miccai.org/miccai-2026/0632-Paper4886.html,MedExpMem: Adapting Experience Memory for Differential Diagnosis,ultrasounds,Published_papers/ultrasounds/papers_links.csv,80,CT-XRay,Published_papers/CT-XRay/papers_links.csv,201,removed_duplicate,"Keep first occurrence by alphabetical modality directory, then original row order"
https://papers.miccai.org/miccai-2026/0633-Paper2490.html,MedFM-Robust: Benchmarking Robustness of Medical Foundation Models,CT-XRay,Published_papers/CT-XRay/papers_links.csv,202,CT-XRay,Published_papers/CT-XRay/papers_links.csv,202,kept,"Keep first occurrence by alphabetical modality directory, then original row order"
https://papers.miccai.org/miccai-2026/0633-Paper2490.html,MedFM-Robust: Benchmarking Robustness of Medical Foundation Models,MRI,Published_papers/MRI/papers_links.csv,165,CT-XRay,Published_papers/CT-XRay/papers_links.csv,202,removed_duplicate,"Keep first occurrence by alphabetical modality directory, then original row order"
https://papers.miccai.org/miccai-2026/0633-Paper2490.html,MedFM-Robust: Benchmarking Robustness of Medical Foundation Models,ultrasounds,Published_papers/ultrasounds/papers_links.csv,81,CT-XRay,Published_papers/CT-XRay/papers_links.csv,202,removed_duplicate,"Keep first occurrence by alphabetical modality directory, then original row order"
https://papers.miccai.org/miccai-2026/0634-Paper2934.html,MedFuse-Seg: Multi-level Visual and Semantic Context Fusion for Segmentation-Based Medical Reasoning,CT-XRay,Published_papers/CT-XRay/papers_links.csv,203,CT-XRay,Published_papers/CT-XRay/papers_links.csv,203,kept,"Keep first occurrence by alphabetical modality directory, then original row order"
https://papers.miccai.org/miccai-2026/0634-Paper2934.html,MedFuse-Seg: Multi-level Visual and Semantic Context Fusion for Segmentation-Based Medical Reasoning,MRI,Published_papers/MRI/papers_links.csv,166,CT-XRay,Published_papers/CT-XRay/papers_links.csv,203,removed_duplicate,"Keep first occurrence by alphabetical modality directory, then original row order"
https://papers.miccai.org/miccai-2026/0634-Paper2934.html,MedFuse-Seg: Multi-level Visual and Semantic Context Fusion for Segmentation-Based Medical Reasoning,Photo_video,Published_papers/Photo_video/papers_links.csv,65,CT-XRay,Published_papers/CT-XRay/papers_links.csv,203,removed_duplicate,"Keep first occurrence by alphabetical modality directory, then original row order"
https://papers.miccai.org/miccai-2026/0635-Paper2003.html,Medical Image Spatial Grounding with Semantic Sampling,CT-XRay,Published_papers/CT-XRay/papers_links.csv,204,CT-XRay,Published_papers/CT-XRay/papers_links.csv,204,kept,"Keep first occurrence by alphabetical modality directory, then original row order"
https://papers.miccai.org/miccai-2026/0635-Paper2003.html,Medical Image Spatial Grounding with Semantic Sampling,MRI,Published_papers/MRI/papers_links.csv,167,CT-XRay,Published_papers/CT-XRay/papers_links.csv,204,removed_duplicate,"Keep first occurrence by alphabetical modality directory, then original row order"
https://papers.miccai.org/miccai-2026/0636-Paper0988.html,Medical Knowledge-Guided Fusion of Holistic Hospital Data for Tumor Survival Analysis,EHR,Published_papers/EHR/papers_links.csv,17,EHR,Published_papers/EHR/papers_links.csv,13,kept,"Keep first occurrence by alphabetical modality directory, then original row order"
https://papers.miccai.org/miccai-2026/0636-Paper0988.html,Medical Knowledge-Guided Fusion of Holistic Hospital Data for Tumor Survival Analysis,Histology,Published_papers/Histology/papers_links.csv,71,EHR,Published_papers/EHR/papers_links.csv,13,removed_duplicate,"Keep first occurrence by alphabetical modality directory, then original row order"
https://papers.miccai.org/miccai-2026/0636-Paper0988.html,Medical Knowledge-Guided Fusion of Holistic Hospital Data for Tumor Survival Analysis,Microscopy,Published_papers/Microscopy/papers_links.csv,36,EHR,Published_papers/EHR/papers_links.csv,13,removed_duplicate,"Keep first occurrence by alphabetical modality directory, then original row order"
https://papers.miccai.org/miccai-2026/0636-Paper0988.html,Medical Knowledge-Guided Fusion of Holistic Hospital Data for Tumor Survival Analysis,Others,Published_papers/Others/papers_links.csv,56,EHR,Published_papers/EHR/papers_links.csv,13,removed_duplicate,"Keep first occurrence by alphabetical modality directory, then original row order"
https://papers.miccai.org/miccai-2026/0637-Paper4379.html,MedObvious: Exposing the Medical Moravec’s Paradox in VLMs via Clinical Triage,CT-XRay,Published_papers/CT-XRay/papers_links.csv,205,CT-XRay,Published_papers/CT-XRay/papers_links.csv,205,kept,"Keep first occurrence by alphabetical modality directory, then original row order"
https://papers.miccai.org/miccai-2026/0637-Paper4379.html,MedObvious: Exposing the Medical Moravec’s Paradox in VLMs via Clinical Triage,MRI,Published_papers/MRI/papers_links.csv,168,CT-XRay,Published_papers/CT-XRay/papers_links.csv,205,removed_duplicate,"Keep first occurrence by alphabetical modality directory, then original row order"
https://papers.miccai.org/miccai-2026/0637-Paper4379.html,MedObvious: Exposing the Medical Moravec’s Paradox in VLMs via Clinical Triage,ultrasounds,Published_papers/ultrasounds/papers_links.csv,82,CT-XRay,Published_papers/CT-XRay/papers_links.csv,205,removed_duplicate,"Keep first occurrence by alphabetical modality directory, then original row order"
https://papers.miccai.org/miccai-2026/0638-Paper1552.html,MedPro: Dual-View Propagation and Prototypical Assessment for Training-Free Few-Shot Medical Segmentation,CT-XRay,Published_papers/CT-XRay/papers_links.csv,206,CT-XRay,Published_papers/CT-XRay/papers_links.csv,206,kept,"Keep first occurrence by alphabetical modality directory, then original row order"
https://papers.miccai.org/miccai-2026/0638-Paper1552.html,MedPro: Dual-View Propagation and Prototypical Assessment for Training-Free Few-Shot Medical Segmentation,MRI,Published_papers/MRI/papers_links.csv,169,CT-XRay,Published_papers/CT-XRay/papers_links.csv,206,removed_duplicate,"Keep first occurrence by alphabetical modality directory, then original row order"
https://papers.miccai.org/miccai-2026/0639-Paper3756.html,MedPruner: Training-Free Hierarchical Token Pruning for Efficient 3D Medical Image Understanding in Vision-Language Models,CT-XRay,Published_papers/CT-XRay/papers_links.csv,207,CT-XRay,Published_papers/CT-XRay/papers_links.csv,207,kept,"Keep first occurrence by alphabetical modality directory, then original row order"
https://papers.miccai.org/miccai-2026/0639-Paper3756.html,MedPruner: Training-Free Hierarchical Token Pruning for Efficient 3D Medical Image Understanding in Vision-Language Models,Diffusion-MRI,Published_papers/Diffusion-MRI/papers_links.csv,21,CT-XRay,Published_papers/CT-XRay/papers_links.csv,207,removed_duplicate,"Keep first occurrence by alphabetical modality directory, then original row order"
https://papers.miccai.org/miccai-2026/0641-Paper3774.html,MedRAG-SCA: A Retrieval-Augmented Self-correcting Agent for Clinically Compliant Cross-Modality MRI Synthesis,MRI,Published_papers/MRI/papers_links.csv,170,MRI,Published_papers/MRI/papers_links.csv,97,kept,"Keep first occurrence by alphabetical modality directory, then original row order"
https://papers.miccai.org/miccai-2026/0642-Paper0601.html,MedTri: Structured Medical Report Normalization for Enhanced Vision–Language Pretraining,CT-XRay,Published_papers/CT-XRay/papers_links.csv,208,CT-XRay,Published_papers/CT-XRay/papers_links.csv,208,kept,"Keep first occurrence by alphabetical modality directory, then original row order"
https://papers.miccai.org/miccai-2026/0643-Paper1929.html,MedTriage-LM: Anatomically Grounded Visual Phenotype Synthesis for Interpretable ED Triage,EHR,Published_papers/EHR/papers_links.csv,18,EHR,Published_papers/EHR/papers_links.csv,14,kept,"Keep first occurrence by alphabetical modality directory, then original row order"
https://papers.miccai.org/miccai-2026/0644-Paper0683.html,MedTriFlow: Efficient Resolution-Agnostic 3D Medical Image Generation with Implicit Triplane Representation,CT-XRay,Published_papers/CT-XRay/papers_links.csv,209,CT-XRay,Published_papers/CT-XRay/papers_links.csv,209,kept,"Keep first occurrence by alphabetical modality directory, then original row order"
https://papers.miccai.org/miccai-2026/0644-Paper0683.html,MedTriFlow: Efficient Resolution-Agnostic 3D Medical Image Generation with Implicit Triplane Representation,MRI,Published_papers/MRI/papers_links.csv,171,CT-XRay,Published_papers/CT-XRay/papers_links.csv,209,removed_duplicate,"Keep first occurrence by alphabetical modality directory, then original row order"
https://papers.miccai.org/miccai-2026/0645-Paper0644.html,MedTSC-Net: Bridging Semantic and Scale Gaps in Text-Guided Medical Image Segmentation,CT-XRay,Published_papers/CT-XRay/papers_links.csv,210,CT-XRay,Published_papers/CT-XRay/papers_links.csv,210,kept,"Keep first occurrence by alphabetical modality directory, then original row order"
https://papers.miccai.org/miccai-2026/0646-Paper5029.html,MedTS-TTT: Test-Time Training for Medical Time Series Classification,Physio-signals,Published_papers/Physio-signals/papers_links.csv,30,Physio-signals,Published_papers/Physio-signals/papers_links.csv,19,kept,"Keep first occurrence by alphabetical modality directory, then original row order"
https://papers.miccai.org/miccai-2026/0647-Paper2593.html,MedVol-R1: Reward-Driven Evidence Grounding for Volumetric Reasoning Segmentation,CT-XRay,Published_papers/CT-XRay/papers_links.csv,211,CT-XRay,Published_papers/CT-XRay/papers_links.csv,211,kept,"Keep first occurrence by alphabetical modality directory, then original row order"
https://papers.miccai.org/miccai-2026/0648-Paper0241.html,MedXEdit-GRPO: Reasoning-Aware Online RL for Counterfactual Medical Image Generation,CT-XRay,Published_papers/CT-XRay/papers_links.csv,212,CT-XRay,Published_papers/CT-XRay/papers_links.csv,212,kept,"Keep first occurrence by alphabetical modality directory, then original row order"
https://papers.miccai.org/miccai-2026/0649-Paper0347.html,Memory-Guided Random-Direction Feature Disentanglement Model for Multi-phase MRI Translation,MRI,Published_papers/MRI/papers_links.csv,172,MRI,Published_papers/MRI/papers_links.csv,98,kept,"Keep first occurrence by alphabetical modality directory, then original row order"
https://papers.miccai.org/miccai-2026/0650-Paper4795.html,MERIT: Multi-scale Mamba with Enhanced Information Retention for Treatment Response Prediction from Whole Slide Images,Histology,Published_papers/Histology/papers_links.csv,72,Histology,Published_papers/Histology/papers_links.csv,63,kept,"Keep first occurrence by alphabetical modality directory, then original row order"
https://papers.miccai.org/miccai-2026/0651-Paper4063.html,"Merlin Plus: A Large-Scale, Multi-cancer, Image-Mask-Report Dataset",CT-XRay,Published_papers/CT-XRay/papers_links.csv,213,CT-XRay,Published_papers/CT-XRay/papers_links.csv,213,kept,"Keep first occurrence by alphabetical modality directory, then original row order"
https://papers.miccai.org/miccai-2026/0652-Paper1866.html,MetaFormer: Efficient Metadata-Guided Transformer for Patient-Aware 12-Lead Electrocardiogram Reconstruction,Sensors,Published_papers/Sensors/papers_links.csv,14,Sensors,Published_papers/Sensors/papers_links.csv,4,kept,"Keep first occurrence by alphabetical modality directory, then original row order"
https://papers.miccai.org/miccai-2026/0653-Paper4389.html,MetaVFM: Meta-Learned Efficient Adaptation of Vision Foundation Models for Medical Imaging,PET_SPECT,Published_papers/PET_SPECT/papers_links.csv,10,PET_SPECT,Published_papers/PET_SPECT/papers_links.csv,6,kept,"Keep first occurrence by alphabetical modality directory, then original row order"
https://papers.miccai.org/miccai-2026/0654-Paper5949.html,Microglia-RTS: Instance Segmentation of Microglia in Hypoxic Ischemic Fetal Sheep Brain Histology,Microscopy,Published_papers/Microscopy/papers_links.csv,37,Microscopy,Published_papers/Microscopy/papers_links.csv,25,kept,"Keep first occurrence by alphabetical modality directory, then original row order"
https://papers.miccai.org/miccai-2026/0655-Paper1753.html,MicroscopyCLIP: A Domain-Specific Vision-Language Model for Optical Microscopy,Microscopy,Published_papers/Microscopy/papers_links.csv,38,Microscopy,Published_papers/Microscopy/papers_links.csv,26,kept,"Keep first occurrence by alphabetical modality directory, then original row order"
https://papers.miccai.org/miccai-2026/0656-Paper3393.html,MiGAD: Gut Microbiota-informed Genetic Surrogates for Multimodal Alzheimer’s Disease Diagnosis,MRI,Published_papers/MRI/papers_links.csv,173,MRI,Published_papers/MRI/papers_links.csv,99,kept,"Keep first occurrence by alphabetical modality directory, then original row order"
https://papers.miccai.org/miccai-2026/0657-Paper0943.html,MIL-PF: Multiple Instance Learning on Precomputed Features for Mammography Classification,CT-XRay,Published_papers/CT-XRay/papers_links.csv,214,CT-XRay,Published_papers/CT-XRay/papers_links.csv,214,kept,"Keep first occurrence by alphabetical modality directory, then original row order"
https://papers.miccai.org/miccai-2026/0658-Paper5167.html,MINT: Molecularly Informed Training with Spatial Transcriptomics Supervision for Pathology Foundation Models,Histology,Published_papers/Histology/papers_links.csv,73,Histology,Published_papers/Histology/papers_links.csv,64,kept,"Keep first occurrence by alphabetical modality directory, then original row order"
https://papers.miccai.org/miccai-2026/0659-Paper1236.html,Missing Modality-Aware Calibration for Trustworthy Brain Tumor Segmentation,MRI,Published_papers/MRI/papers_links.csv,174,MRI,Published_papers/MRI/papers_links.csv,100,kept,"Keep first occurrence by alphabetical modality directory, then original row order"
https://papers.miccai.org/miccai-2026/0660-Paper1243.html,Missingness-Aware Multimodal Learning for Four-Class Adrenal Tumor Classification,CT-XRay,Published_papers/CT-XRay/papers_links.csv,215,CT-XRay,Published_papers/CT-XRay/papers_links.csv,215,kept,"Keep first occurrence by alphabetical modality directory, then original row order"
https://papers.miccai.org/miccai-2026/0660-Paper1243.html,Missingness-Aware Multimodal Learning for Four-Class Adrenal Tumor Classification,EHR,Published_papers/EHR/papers_links.csv,19,CT-XRay,Published_papers/CT-XRay/papers_links.csv,215,removed_duplicate,"Keep first occurrence by alphabetical modality directory, then original row order"
https://papers.miccai.org/miccai-2026/0660-Paper1243.html,Missingness-Aware Multimodal Learning for Four-Class Adrenal Tumor Classification,Multimodals,Published_papers/Multimodals/papers_links.csv,15,CT-XRay,Published_papers/CT-XRay/papers_links.csv,215,removed_duplicate,"Keep first occurrence by alphabetical modality directory, then original row order"
https://papers.miccai.org/miccai-2026/0661-Paper1642.html,Mitigating Grade Boundary Conflicts for Disease Severity Grading with Ambiguous Labels,CT-XRay,Published_papers/CT-XRay/papers_links.csv,216,CT-XRay,Published_papers/CT-XRay/papers_links.csv,216,kept,"Keep first occurrence by alphabetical modality directory, then original row order"
https://papers.miccai.org/miccai-2026/0662-Paper0903.html,MLLM-Enhanced Region-Aware Bidirectional Evidence-Based Model for Tongue Diagnosis,Photo_video,Published_papers/Photo_video/papers_links.csv,66,Photo_video,Published_papers/Photo_video/papers_links.csv,38,kept,"Keep first occurrence by alphabetical modality directory, then original row order"
https://papers.miccai.org/miccai-2026/0663-Paper3564.html,MMIC-EndoDepth: Self-Supervised Endoscopic Depth Estimation with Multi-Mechanism Illumination Correction,Endoscopy,Published_papers/Endoscopy/papers_links.csv,47,Endoscopy,Published_papers/Endoscopy/papers_links.csv,43,kept,"Keep first occurrence by alphabetical modality directory, then original row order"
https://papers.miccai.org/miccai-2026/0664-Paper6340.html,MM-UNet: Meta Mamba UNet for Volumetric Medical Image Segmentation,CT-XRay,Published_papers/CT-XRay/papers_links.csv,217,CT-XRay,Published_papers/CT-XRay/papers_links.csv,217,kept,"Keep first occurrence by alphabetical modality directory, then original row order"
https://papers.miccai.org/miccai-2026/0665-Paper3091.html,MoCaf-Mamba: Modality Completion and Alignment in Feature Space for Missing-Modality Segmentation,CT-XRay,Published_papers/CT-XRay/papers_links.csv,218,CT-XRay,Published_papers/CT-XRay/papers_links.csv,218,kept,"Keep first occurrence by alphabetical modality directory, then original row order"
https://papers.miccai.org/miccai-2026/0666-Paper1055.html,Modality-Agnostic Domain Generalizable Medical Image Segmentation via Self-Coordinated Focusing,CT-XRay,Published_papers/CT-XRay/papers_links.csv,219,CT-XRay,Published_papers/CT-XRay/papers_links.csv,219,kept,"Keep first occurrence by alphabetical modality directory, then original row order"
https://papers.miccai.org/miccai-2026/0666-Paper1055.html,Modality-Agnostic Domain Generalizable Medical Image Segmentation via Self-Coordinated Focusing,Endoscopy,Published_papers/Endoscopy/papers_links.csv,48,CT-XRay,Published_papers/CT-XRay/papers_links.csv,219,removed_duplicate,"Keep first occurrence by alphabetical modality directory, then original row order"
https://papers.miccai.org/miccai-2026/0666-Paper1055.html,Modality-Agnostic Domain Generalizable Medical Image Segmentation via Self-Coordinated Focusing,ultrasounds,Published_papers/ultrasounds/papers_links.csv,83,CT-XRay,Published_papers/CT-XRay/papers_links.csv,219,removed_duplicate,"Keep first occurrence by alphabetical modality directory, then original row order"
https://papers.miccai.org/miccai-2026/0667-Paper5426.html,Modeling Clinical Workflow for SYNTAX Scoring from Coronary Angiography Videos,CT-XRay,Published_papers/CT-XRay/papers_links.csv,220,CT-XRay,Published_papers/CT-XRay/papers_links.csv,220,kept,"Keep first occurrence by alphabetical modality directory, then original row order"
https://papers.miccai.org/miccai-2026/0668-Paper3815.html,MORI-Seg: Learning Morphological Geometry for Instance Segmentation Without Instance Annotations,Histology,Published_papers/Histology/papers_links.csv,74,Histology,Published_papers/Histology/papers_links.csv,65,kept,"Keep first occurrence by alphabetical modality directory, then original row order"
https://papers.miccai.org/miccai-2026/0669-Paper1425.html,MoSE: Mixture-of-Scale-Experts for Medical Image Restoration,CT-XRay,Published_papers/CT-XRay/papers_links.csv,221,CT-XRay,Published_papers/CT-XRay/papers_links.csv,221,kept,"Keep first occurrence by alphabetical modality directory, then original row order"
https://papers.miccai.org/miccai-2026/0669-Paper1425.html,MoSE: Mixture-of-Scale-Experts for Medical Image Restoration,Endoscopy,Published_papers/Endoscopy/papers_links.csv,49,CT-XRay,Published_papers/CT-XRay/papers_links.csv,221,removed_duplicate,"Keep first occurrence by alphabetical modality directory, then original row order"
https://papers.miccai.org/miccai-2026/0669-Paper1425.html,MoSE: Mixture-of-Scale-Experts for Medical Image Restoration,MRI,Published_papers/MRI/papers_links.csv,175,CT-XRay,Published_papers/CT-XRay/papers_links.csv,221,removed_duplicate,"Keep first occurrence by alphabetical modality directory, then original row order"
https://papers.miccai.org/miccai-2026/0669-Paper1425.html,MoSE: Mixture-of-Scale-Experts for Medical Image Restoration,PET_SPECT,Published_papers/PET_SPECT/papers_links.csv,11,CT-XRay,Published_papers/CT-XRay/papers_links.csv,221,removed_duplicate,"Keep first occurrence by alphabetical modality directory, then original row order"
https://papers.miccai.org/miccai-2026/0670-Paper3435.html,Motion-Conditioned Multi-view Fusion for Myocardial Infarction Localization from Echocardiography,ultrasounds,Published_papers/ultrasounds/papers_links.csv,84,ultrasounds,Published_papers/ultrasounds/papers_links.csv,54,kept,"Keep first occurrence by alphabetical modality directory, then original row order"
https://papers.miccai.org/miccai-2026/0671-Paper2812.html,MPFlow: Multi-modal Posterior-Guided Flow Matching for Zero-Shot MRI Reconstruction,MRI,Published_papers/MRI/papers_links.csv,176,MRI,Published_papers/MRI/papers_links.csv,101,kept,"Keep first occurrence by alphabetical modality directory, then original row order"
https://papers.miccai.org/miccai-2026/0672-Paper2760.html,MRI2Rep: Autoregressive Structured Report Generation for 3D Liver MRI,MRI,Published_papers/MRI/papers_links.csv,177,MRI,Published_papers/MRI/papers_links.csv,102,kept,"Keep first occurrence by alphabetical modality directory, then original row order"
https://papers.miccai.org/miccai-2026/0673-Paper0767.html,MRSeg3D: A Perturbation-Resilient Model for 3D Medical Reasoning Segmentation,CT-XRay,Published_papers/CT-XRay/papers_links.csv,222,CT-XRay,Published_papers/CT-XRay/papers_links.csv,222,kept,"Keep first occurrence by alphabetical modality directory, then original row order"
https://papers.miccai.org/miccai-2026/0674-Paper1669.html,MS-GDUN: Multi-scale Graph Deep Unfolding Network with Gradient-Threshold Learning for FMT Reconstruction,Computational_imagings,Published_papers/Computational_imagings/papers_links.csv,16,Computational_imagings,Published_papers/Computational_imagings/papers_links.csv,11,kept,"Keep first occurrence by alphabetical modality directory, then original row order"
https://papers.miccai.org/miccai-2026/0675-Paper2496.html,MSHF-Net: Multimodal Breast Cancer Molecular Subtype Prediction via Segmentation-Guided Hierarchical Fusion Network,CT-XRay,Published_papers/CT-XRay/papers_links.csv,223,CT-XRay,Published_papers/CT-XRay/papers_links.csv,223,kept,"Keep first occurrence by alphabetical modality directory, then original row order"
https://papers.miccai.org/miccai-2026/0675-Paper2496.html,MSHF-Net: Multimodal Breast Cancer Molecular Subtype Prediction via Segmentation-Guided Hierarchical Fusion Network,Multimodals,Published_papers/Multimodals/papers_links.csv,16,CT-XRay,Published_papers/CT-XRay/papers_links.csv,223,removed_duplicate,"Keep first occurrence by alphabetical modality directory, then original row order"
https://papers.miccai.org/miccai-2026/0675-Paper2496.html,MSHF-Net: Multimodal Breast Cancer Molecular Subtype Prediction via Segmentation-Guided Hierarchical Fusion Network,ultrasounds,Published_papers/ultrasounds/papers_links.csv,85,CT-XRay,Published_papers/CT-XRay/papers_links.csv,223,removed_duplicate,"Keep first occurrence by alphabetical modality directory, then original row order"
https://papers.miccai.org/miccai-2026/0676-Paper4806.html,mSpecFusion-Net: Intelligent Multimodal Smartphone Imaging for Mobile Differential Diagnosis of Psoriasis and Dermatitis and Deep Learning,Multimodals,Published_papers/Multimodals/papers_links.csv,17,Multimodals,Published_papers/Multimodals/papers_links.csv,11,kept,"Keep first occurrence by alphabetical modality directory, then original row order"
https://papers.miccai.org/miccai-2026/0676-Paper4806.html,mSpecFusion-Net: Intelligent Multimodal Smartphone Imaging for Mobile Differential Diagnosis of Psoriasis and Dermatitis and Deep Learning,Sensors,Published_papers/Sensors/papers_links.csv,15,Multimodals,Published_papers/Multimodals/papers_links.csv,11,removed_duplicate,"Keep first occurrence by alphabetical modality directory, then original row order"
https://papers.miccai.org/miccai-2026/0677-Paper2113.html,MSQG-3DNet: Multi-scale Token Selection with Query-Decoder and Gated Fusion for 3D Breast Tumor Classification,ultrasounds,Published_papers/ultrasounds/papers_links.csv,86,ultrasounds,Published_papers/ultrasounds/papers_links.csv,55,kept,"Keep first occurrence by alphabetical modality directory, then original row order"
https://papers.miccai.org/miccai-2026/0678-Paper4140.html,MSS-Net: Learning Hierarchical Multi-scale and Multimodal Representations for Complex Cardiac Disease Classification,Physio-signals,Published_papers/Physio-signals/papers_links.csv,31,Physio-signals,Published_papers/Physio-signals/papers_links.csv,20,kept,"Keep first occurrence by alphabetical modality directory, then original row order"
https://papers.miccai.org/miccai-2026/0679-Paper2771.html,MuellerPT: Decomposition Driven Pre-training for Dense Learning in Mueller Polarimetry,Others,Published_papers/Others/papers_links.csv,57,Others,Published_papers/Others/papers_links.csv,29,kept,"Keep first occurrence by alphabetical modality directory, then original row order"
https://papers.miccai.org/miccai-2026/0680-Paper2376.html,Multi-agent Test-Time Adaptation for Robust Medical Image-to-Image Translation,CT-XRay,Published_papers/CT-XRay/papers_links.csv,224,CT-XRay,Published_papers/CT-XRay/papers_links.csv,224,kept,"Keep first occurrence by alphabetical modality directory, then original row order"
https://papers.miccai.org/miccai-2026/0680-Paper2376.html,Multi-agent Test-Time Adaptation for Robust Medical Image-to-Image Translation,MRI,Published_papers/MRI/papers_links.csv,178,CT-XRay,Published_papers/CT-XRay/papers_links.csv,224,removed_duplicate,"Keep first occurrence by alphabetical modality directory, then original row order"
https://papers.miccai.org/miccai-2026/0681-Paper2169.html,Multi-Annotation Adaption: A Label-Informed Dynamic Framework for Medical Segmentation and Localization,Endoscopy,Published_papers/Endoscopy/papers_links.csv,50,Endoscopy,Published_papers/Endoscopy/papers_links.csv,44,kept,"Keep first occurrence by alphabetical modality directory, then original row order"
https://papers.miccai.org/miccai-2026/0681-Paper2169.html,Multi-Annotation Adaption: A Label-Informed Dynamic Framework for Medical Segmentation and Localization,MRI,Published_papers/MRI/papers_links.csv,179,Endoscopy,Published_papers/Endoscopy/papers_links.csv,44,removed_duplicate,"Keep first occurrence by alphabetical modality directory, then original row order"
https://papers.miccai.org/miccai-2026/0682-Paper0941.html,Multi-camera AR Guidance System for Surgical Instrument Handling and Assembly: Investigating Workload and Efficiency,Photo_video,Published_papers/Photo_video/papers_links.csv,67,Photo_video,Published_papers/Photo_video/papers_links.csv,39,kept,"Keep first occurrence by alphabetical modality directory, then original row order"
https://papers.miccai.org/miccai-2026/0683-Paper5371.html,Multi-depth Rubidium PET Graph Neural Network for Major Adverse Cardiac Event Prediction,PET_SPECT,Published_papers/PET_SPECT/papers_links.csv,12,PET_SPECT,Published_papers/PET_SPECT/papers_links.csv,7,kept,"Keep first occurrence by alphabetical modality directory, then original row order"
https://papers.miccai.org/miccai-2026/0684-Paper0417.html,Multi-Disease Diagnosis in Retinal Images via Patch-Level Reasoning and Selective Aggregation,Photo_video,Published_papers/Photo_video/papers_links.csv,68,Photo_video,Published_papers/Photo_video/papers_links.csv,40,kept,"Keep first occurrence by alphabetical modality directory, then original row order"
https://papers.miccai.org/miccai-2026/0685-Paper4241.html,Multi-Expert Representation Learning with Dynamic Routing for Brain Captioning,Func_MRI,Published_papers/Func_MRI/papers_links.csv,35,Func_MRI,Published_papers/Func_MRI/papers_links.csv,26,kept,"Keep first occurrence by alphabetical modality directory, then original row order"
https://papers.miccai.org/miccai-2026/0686-Paper4278.html,Multi-frame Restoration for 10 Hz Lissajous Confocal Laser Endomicroscopy,Endoscopy,Published_papers/Endoscopy/papers_links.csv,51,Endoscopy,Published_papers/Endoscopy/papers_links.csv,45,kept,"Keep first occurrence by alphabetical modality directory, then original row order"
https://papers.miccai.org/miccai-2026/0686-Paper4278.html,Multi-frame Restoration for 10 Hz Lissajous Confocal Laser Endomicroscopy,Microscopy,Published_papers/Microscopy/papers_links.csv,39,Endoscopy,Published_papers/Endoscopy/papers_links.csv,45,removed_duplicate,"Keep first occurrence by alphabetical modality directory, then original row order"
https://papers.miccai.org/miccai-2026/0687-Paper4058.html,Multi-Kernel Gated Decoder Adapters for Robust Multi-Task Thyroid Ultrasound under Cross-Center Shift,ultrasounds,Published_papers/ultrasounds/papers_links.csv,87,ultrasounds,Published_papers/ultrasounds/papers_links.csv,56,kept,"Keep first occurrence by alphabetical modality directory, then original row order"
https://papers.miccai.org/miccai-2026/0688-Paper3586.html,Multilayer Modularity-Aware Graph Autoencoder for Detecting Subpopulation Community Structure in Dynamic Brain Networks,Func_MRI,Published_papers/Func_MRI/papers_links.csv,36,Func_MRI,Published_papers/Func_MRI/papers_links.csv,27,kept,"Keep first occurrence by alphabetical modality directory, then original row order"
https://papers.miccai.org/miccai-2026/0689-Paper3491.html,Multimodal Contrastive Regression for Organ-Resolved Biological Age Prediction,EHR,Published_papers/EHR/papers_links.csv,20,EHR,Published_papers/EHR/papers_links.csv,15,kept,"Keep first occurrence by alphabetical modality directory, then original row order"
https://papers.miccai.org/miccai-2026/0689-Paper3491.html,Multimodal Contrastive Regression for Organ-Resolved Biological Age Prediction,MRI,Published_papers/MRI/papers_links.csv,181,EHR,Published_papers/EHR/papers_links.csv,15,removed_duplicate,"Keep first occurrence by alphabetical modality directory, then original row order"
https://papers.miccai.org/miccai-2026/0690-Paper1577.html,Multimodal Large Language Model-Driven Self-Verification Reasoning for Interpretable Diagnosis of Diffuse Cystic Lung Diseases,CT-XRay,Published_papers/CT-XRay/papers_links.csv,227,CT-XRay,Published_papers/CT-XRay/papers_links.csv,225,kept,"Keep first occurrence by alphabetical modality directory, then original row order"
https://papers.miccai.org/miccai-2026/0691-Paper2543.html,Multimodal-Conditioned Flow Matching for Pathology Nuclei Data Augmentation,Histology,Published_papers/Histology/papers_links.csv,76,Histology,Published_papers/Histology/papers_links.csv,66,kept,"Keep first occurrence by alphabetical modality directory, then original row order"
https://papers.miccai.org/miccai-2026/0692-Paper1983.html,Multi-parametric MRI for Contrast Agent Free Breast DCE-MRI Synthesis,MRI,Published_papers/MRI/papers_links.csv,180,MRI,Published_papers/MRI/papers_links.csv,103,kept,"Keep first occurrence by alphabetical modality directory, then original row order"
https://papers.miccai.org/miccai-2026/0693-Paper3286.html,Multi-probe Trait–State Latent Modeling for Cross-Context Clinical Motor Assessment,Photo_video,Published_papers/Photo_video/papers_links.csv,69,Photo_video,Published_papers/Photo_video/papers_links.csv,41,kept,"Keep first occurrence by alphabetical modality directory, then original row order"
https://papers.miccai.org/miccai-2026/0694-Paper1327.html,Multi-regional CT Radiomics Fusion to Quantify Pathology-Derived Pollutant Burden in Lung Cancer,CT-XRay,Published_papers/CT-XRay/papers_links.csv,225,CT-XRay,Published_papers/CT-XRay/papers_links.csv,226,kept,"Keep first occurrence by alphabetical modality directory, then original row order"
https://papers.miccai.org/miccai-2026/0694-Paper1327.html,Multi-regional CT Radiomics Fusion to Quantify Pathology-Derived Pollutant Burden in Lung Cancer,Histology,Published_papers/Histology/papers_links.csv,75,CT-XRay,Published_papers/CT-XRay/papers_links.csv,226,removed_duplicate,"Keep first occurrence by alphabetical modality directory, then original row order"
https://papers.miccai.org/miccai-2026/0695-Paper1557.html,Multi-scale Dual-domain Fusion-Based Spatio-Temporal Graph Learning for fNIRS Signal Classification,Physio-signals,Published_papers/Physio-signals/papers_links.csv,32,Physio-signals,Published_papers/Physio-signals/papers_links.csv,21,kept,"Keep first occurrence by alphabetical modality directory, then original row order"
https://papers.miccai.org/miccai-2026/0696-Paper2862.html,Multi-Stage Dilated Convolution-Mamba Network for Surgical Action Triplet Recognition,Endoscopy,Published_papers/Endoscopy/papers_links.csv,52,Endoscopy,Published_papers/Endoscopy/papers_links.csv,46,kept,"Keep first occurrence by alphabetical modality directory, then original row order"
https://papers.miccai.org/miccai-2026/0697-Paper5185.html,Multi-stage NeRF for Efficient 3D Coronary Artery Reconstruction from Two Narrow-Angle Angiographic Projections,CT-XRay,Published_papers/CT-XRay/papers_links.csv,226,CT-XRay,Published_papers/CT-XRay/papers_links.csv,227,kept,"Keep first occurrence by alphabetical modality directory, then original row order"
https://papers.miccai.org/miccai-2026/0698-Paper1627.html,Multi-view Consistency-Based Adaptation of SAM2 for 3D ABUS Tumor Segmentation,ultrasounds,Published_papers/ultrasounds/papers_links.csv,88,ultrasounds,Published_papers/ultrasounds/papers_links.csv,57,kept,"Keep first occurrence by alphabetical modality directory, then original row order"
https://papers.miccai.org/miccai-2026/0699-Paper0353.html,Mutual Distillation of Dual-Foundation Models for Semi-supervised PET/CT Segmentation,CT-XRay,Published_papers/CT-XRay/papers_links.csv,228,CT-XRay,Published_papers/CT-XRay/papers_links.csv,228,kept,"Keep first occurrence by alphabetical modality directory, then original row order"
https://papers.miccai.org/miccai-2026/0699-Paper0353.html,Mutual Distillation of Dual-Foundation Models for Semi-supervised PET/CT Segmentation,PET_SPECT,Published_papers/PET_SPECT/papers_links.csv,13,CT-XRay,Published_papers/CT-XRay/papers_links.csv,228,removed_duplicate,"Keep first occurrence by alphabetical modality directory, then original row order"
https://papers.miccai.org/miccai-2026/0700-Paper5545.html,Mutually Promoted Medical Image Segmentation and Classification via Prompt-Driven Interaction,Others,Published_papers/Others/papers_links.csv,58,Others,Published_papers/Others/papers_links.csv,30,kept,"Keep first occurrence by alphabetical modality directory, then original row order"
https://papers.miccai.org/miccai-2026/0701-Paper5332.html,MUX-USCT: A Noise-Robust Neural Network for Ultrasound Computed Tomography,ultrasounds,Published_papers/ultrasounds/papers_links.csv,89,ultrasounds,Published_papers/ultrasounds/papers_links.csv,58,kept,"Keep first occurrence by alphabetical modality directory, then original row order"
https://papers.miccai.org/miccai-2026/0702-Paper1321.html,MVDA-Net: Multi-View Dual-Alignment Network for 3D Carotid Artery Segmentation,CT-XRay,Published_papers/CT-XRay/papers_links.csv,229,CT-XRay,Published_papers/CT-XRay/papers_links.csv,229,kept,"Keep first occurrence by alphabetical modality directory, then original row order"
https://papers.miccai.org/miccai-2026/0702-Paper1321.html,MVDA-Net: Multi-View Dual-Alignment Network for 3D Carotid Artery Segmentation,MRI,Published_papers/MRI/papers_links.csv,182,CT-XRay,Published_papers/CT-XRay/papers_links.csv,229,removed_duplicate,"Keep first occurrence by alphabetical modality directory, then original row order"
https://papers.miccai.org/miccai-2026/0703-Paper0441.html,N6-TreeMamba: Radiology Knowledge-Guided 6-Neighborhood Tree Scanning for 3D MRI-Based Stroke Complication Prediction,MRI,Published_papers/MRI/papers_links.csv,183,MRI,Published_papers/MRI/papers_links.csv,104,kept,"Keep first occurrence by alphabetical modality directory, then original row order"
https://papers.miccai.org/miccai-2026/0704-Paper0935.html,NASD-Diff: A Noise-Assisted Structural Difference Diffusion Model for CT Angiography Generation from NCCT,CT-XRay,Published_papers/CT-XRay/papers_links.csv,230,CT-XRay,Published_papers/CT-XRay/papers_links.csv,230,kept,"Keep first occurrence by alphabetical modality directory, then original row order"
https://papers.miccai.org/miccai-2026/0705-Paper0040.html,NEARL: Interacted Query Adaptation with Orthogonal Regularization for Medical Vision-Language Understanding,CT-XRay,Published_papers/CT-XRay/papers_links.csv,231,CT-XRay,Published_papers/CT-XRay/papers_links.csv,231,kept,"Keep first occurrence by alphabetical modality directory, then original row order"
https://papers.miccai.org/miccai-2026/0706-Paper2430.html,NeRD: Neuro-Symbolic Rule Distillation for Efficient Ontology-Grounded Chain-of-Thought in Medical Image Diagnosis,Microscopy,Published_papers/Microscopy/papers_links.csv,40,Microscopy,Published_papers/Microscopy/papers_links.csv,27,kept,"Keep first occurrence by alphabetical modality directory, then original row order"
https://papers.miccai.org/miccai-2026/0707-Paper5888.html,NetCorr: A Resection-Induced Network Perturbation Framework for Predicting Seizure Freedom in Drug-Resistant Epilepsy,Physio-signals,Published_papers/Physio-signals/papers_links.csv,33,Physio-signals,Published_papers/Physio-signals/papers_links.csv,22,kept,"Keep first occurrence by alphabetical modality directory, then original row order"
https://papers.miccai.org/miccai-2026/0708-Paper3895.html,Network-Aware Bilinear Tokenization for Brain Functional Connectivity Representation Learning,Func_MRI,Published_papers/Func_MRI/papers_links.csv,37,Func_MRI,Published_papers/Func_MRI/papers_links.csv,28,kept,"Keep first occurrence by alphabetical modality directory, then original row order"
https://papers.miccai.org/miccai-2026/0709-Paper1211.html,NeuroAlign: A Unified Plug-and-Play Enhancer for Visual and Linguistic Brain Decoding,Func_MRI,Published_papers/Func_MRI/papers_links.csv,38,Func_MRI,Published_papers/Func_MRI/papers_links.csv,29,kept,"Keep first occurrence by alphabetical modality directory, then original row order"
https://papers.miccai.org/miccai-2026/0710-Paper0221.html,NeuroFlow: Manifold-Aware Topological Flow Matching for EEG Decoding,Physio-signals,Published_papers/Physio-signals/papers_links.csv,34,Physio-signals,Published_papers/Physio-signals/papers_links.csv,23,kept,"Keep first occurrence by alphabetical modality directory, then original row order"
https://papers.miccai.org/miccai-2026/0711-Paper4295.html,NeuroSonic: Conditional Flow Matching for EEG-to-Speech Reconstruction,Physio-signals,Published_papers/Physio-signals/papers_links.csv,35,Physio-signals,Published_papers/Physio-signals/papers_links.csv,24,kept,"Keep first occurrence by alphabetical modality directory, then original row order"
https://papers.miccai.org/miccai-2026/0712-Paper6461.html,NeuroSymb-MRG: Differentiable Abductive Reasoning with Active Uncertainty Minimization for Radiology Report Generation,CT-XRay,Published_papers/CT-XRay/papers_links.csv,232,CT-XRay,Published_papers/CT-XRay/papers_links.csv,232,kept,"Keep first occurrence by alphabetical modality directory, then original row order"
https://papers.miccai.org/miccai-2026/0713-Paper1665.html,NoiBox: Safeguard Frontier via Reverse Adversarial Diffusion for Noisy-Box-Supervised 3D Tumor Segmentation,CT-XRay,Published_papers/CT-XRay/papers_links.csv,233,CT-XRay,Published_papers/CT-XRay/papers_links.csv,233,kept,"Keep first occurrence by alphabetical modality directory, then original row order"
https://papers.miccai.org/miccai-2026/0714-Paper2148.html,Noise-Aware Importance–Uncertainty Disentangled Multimodal Learning for Robust Cancer Survival Prediction,Histology,Published_papers/Histology/papers_links.csv,77,Histology,Published_papers/Histology/papers_links.csv,67,kept,"Keep first occurrence by alphabetical modality directory, then original row order"
https://papers.miccai.org/miccai-2026/0715-Paper5425.html,Non-intrusive Body Composition Assessment from Full-Body mmWave Scans,Others,Published_papers/Others/papers_links.csv,59,Others,Published_papers/Others/papers_links.csv,31,kept,"Keep first occurrence by alphabetical modality directory, then original row order"
https://papers.miccai.org/miccai-2026/0716-Paper5263.html,Non-linear INR-Based Motion Modeling for 4D Radiotherapy,CT-XRay,Published_papers/CT-XRay/papers_links.csv,234,CT-XRay,Published_papers/CT-XRay/papers_links.csv,234,kept,"Keep first occurrence by alphabetical modality directory, then original row order"
https://papers.miccai.org/miccai-2026/0717-Paper2839.html,Non-parametric Prototypes Enable Semantic Graph Learning for Whole-Slide Pathology,Microscopy,Published_papers/Microscopy/papers_links.csv,41,Microscopy,Published_papers/Microscopy/papers_links.csv,28,kept,"Keep first occurrence by alphabetical modality directory, then original row order"
https://papers.miccai.org/miccai-2026/0718-Paper6038.html,Non-Stationary Spectral State-Space Networks with Region-Wise Frequency Routing for Robust Fundus Vessel Segmentation,Spectroscopy,Published_papers/Spectroscopy/papers_links.csv,4,Spectroscopy,Published_papers/Spectroscopy/papers_links.csv,3,kept,"Keep first occurrence by alphabetical modality directory, then original row order"
https://papers.miccai.org/miccai-2026/0719-Paper3825.html,NR-Align: Non-rigid Alignment for Non-simultaneous Two-View 3D Coronary Reconstruction in Complex Cardiac Interventions,CT-XRay,Published_papers/CT-XRay/papers_links.csv,235,CT-XRay,Published_papers/CT-XRay/papers_links.csv,235,kept,"Keep first occurrence by alphabetical modality directory, then original row order"
https://papers.miccai.org/miccai-2026/0720-Paper4999.html,NutriDiff: Phenotype-Consistent Diffusion Augmentation for Malnutrition Screening,Photo_video,Published_papers/Photo_video/papers_links.csv,70,Photo_video,Published_papers/Photo_video/papers_links.csv,42,kept,"Keep first occurrence by alphabetical modality directory, then original row order"
https://papers.miccai.org/miccai-2026/0721-Paper4567.html,Occlusion-aware Disparity Estimation via Depth Prior Embedded Cost Volume for Stereo Endoscopic Images,Endoscopy,Published_papers/Endoscopy/papers_links.csv,53,Endoscopy,Published_papers/Endoscopy/papers_links.csv,47,kept,"Keep first occurrence by alphabetical modality directory, then original row order"
https://papers.miccai.org/miccai-2026/0722-Paper2089.html,"OCS-MAMBA: Object-Centric, Logic-Guided Approach for Surgical Action Understanding",Photo_video,Published_papers/Photo_video/papers_links.csv,71,Photo_video,Published_papers/Photo_video/papers_links.csv,43,kept,"Keep first occurrence by alphabetical modality directory, then original row order"
https://papers.miccai.org/miccai-2026/0723-Paper3020.html,Oculo: A Multilabel Dataset for the Identification of Ocular Abnormalities from Ultrasound Images,ultrasounds,Published_papers/ultrasounds/papers_links.csv,90,ultrasounds,Published_papers/ultrasounds/papers_links.csv,59,kept,"Keep first occurrence by alphabetical modality directory, then original row order"
https://papers.miccai.org/miccai-2026/0724-Paper2428.html,Omni-Sleep: A Sleep Foundation Model via Hierarchical Contrastive Learning of CNS–ANS Dynamics,Physio-signals,Published_papers/Physio-signals/papers_links.csv,36,Physio-signals,Published_papers/Physio-signals/papers_links.csv,25,kept,"Keep first occurrence by alphabetical modality directory, then original row order"
https://papers.miccai.org/miccai-2026/0725-Paper4416.html,On the Behavior of Calibration Error Under Rater Disagreement,CT-XRay,Published_papers/CT-XRay/papers_links.csv,236,CT-XRay,Published_papers/CT-XRay/papers_links.csv,236,kept,"Keep first occurrence by alphabetical modality directory, then original row order"
https://papers.miccai.org/miccai-2026/0726-Paper4661.html,On the Robustness of Temporal Vision-Language Models for Surgical Endoscopy Videos,Endoscopy,Published_papers/Endoscopy/papers_links.csv,54,Endoscopy,Published_papers/Endoscopy/papers_links.csv,48,kept,"Keep first occurrence by alphabetical modality directory, then original row order"
https://papers.miccai.org/miccai-2026/0727-Paper1360.html,One Sequence to Segment Them All: Efficient Data Augmentation for CT and MRI Cross-Domain 3D Spine Segmentation,CT-XRay,Published_papers/CT-XRay/papers_links.csv,237,CT-XRay,Published_papers/CT-XRay/papers_links.csv,237,kept,"Keep first occurrence by alphabetical modality directory, then original row order"
https://papers.miccai.org/miccai-2026/0727-Paper1360.html,One Sequence to Segment Them All: Efficient Data Augmentation for CT and MRI Cross-Domain 3D Spine Segmentation,MRI,Published_papers/MRI/papers_links.csv,185,CT-XRay,Published_papers/CT-XRay/papers_links.csv,237,removed_duplicate,"Keep first occurrence by alphabetical modality directory, then original row order"
https://papers.miccai.org/miccai-2026/0728-Paper2859.html,Oneclass4ASD: Autism Spectrum Disorder Screening via One-class Classifier,Others,Published_papers/Others/papers_links.csv,60,Others,Published_papers/Others/papers_links.csv,32,kept,"Keep first occurrence by alphabetical modality directory, then original row order"
https://papers.miccai.org/miccai-2026/0729-Paper3438.html,One-Shot Data Selection for Medical Image Classification via Graph Coverage,CT-XRay,Published_papers/CT-XRay/papers_links.csv,238,CT-XRay,Published_papers/CT-XRay/papers_links.csv,238,kept,"Keep first occurrence by alphabetical modality directory, then original row order"
https://papers.miccai.org/miccai-2026/0729-Paper3438.html,One-Shot Data Selection for Medical Image Classification via Graph Coverage,Histology,Published_papers/Histology/papers_links.csv,78,CT-XRay,Published_papers/CT-XRay/papers_links.csv,238,removed_duplicate,"Keep first occurrence by alphabetical modality directory, then original row order"
https://papers.miccai.org/miccai-2026/0729-Paper3438.html,One-Shot Data Selection for Medical Image Classification via Graph Coverage,Microscopy,Published_papers/Microscopy/papers_links.csv,42,CT-XRay,Published_papers/CT-XRay/papers_links.csv,238,removed_duplicate,"Keep first occurrence by alphabetical modality directory, then original row order"
https://papers.miccai.org/miccai-2026/0730-Paper4033.html,On-Manifold Variational Learning with Heat-Kernel Priors,Computational_imagings,Published_papers/Computational_imagings/papers_links.csv,17,Computational_imagings,Published_papers/Computational_imagings/papers_links.csv,12,kept,"Keep first occurrence by alphabetical modality directory, then original row order"
https://papers.miccai.org/miccai-2026/0730-Paper4033.html,On-Manifold Variational Learning with Heat-Kernel Priors,MRI,Published_papers/MRI/papers_links.csv,184,Computational_imagings,Published_papers/Computational_imagings/papers_links.csv,12,removed_duplicate,"Keep first occurrence by alphabetical modality directory, then original row order"
https://papers.miccai.org/miccai-2026/0731-Paper0618.html,Ontology-Grounded Structured Prediction for Dental CBCT Reporting,CT-XRay,Published_papers/CT-XRay/papers_links.csv,239,CT-XRay,Published_papers/CT-XRay/papers_links.csv,239,kept,"Keep first occurrence by alphabetical modality directory, then original row order"
https://papers.miccai.org/miccai-2026/0732-Paper0763.html,Open World MRI Reconstruction with Bias-Calibrated Adaptation,MRI,Published_papers/MRI/papers_links.csv,186,MRI,Published_papers/MRI/papers_links.csv,105,kept,"Keep first occurrence by alphabetical modality directory, then original row order"
https://papers.miccai.org/miccai-2026/0733-Paper2639.html,Open-PMC-18M: A High-Fidelity Large Scale Medical Dataset for Multimodal Representation Learning,CT-XRay,Published_papers/CT-XRay/papers_links.csv,240,CT-XRay,Published_papers/CT-XRay/papers_links.csv,240,kept,"Keep first occurrence by alphabetical modality directory, then original row order"
https://papers.miccai.org/miccai-2026/0733-Paper2639.html,Open-PMC-18M: A High-Fidelity Large Scale Medical Dataset for Multimodal Representation Learning,Histology,Published_papers/Histology/papers_links.csv,79,CT-XRay,Published_papers/CT-XRay/papers_links.csv,240,removed_duplicate,"Keep first occurrence by alphabetical modality directory, then original row order"
https://papers.miccai.org/miccai-2026/0733-Paper2639.html,Open-PMC-18M: A High-Fidelity Large Scale Medical Dataset for Multimodal Representation Learning,Microscopy,Published_papers/Microscopy/papers_links.csv,43,CT-XRay,Published_papers/CT-XRay/papers_links.csv,240,removed_duplicate,"Keep first occurrence by alphabetical modality directory, then original row order"
https://papers.miccai.org/miccai-2026/0733-Paper2639.html,Open-PMC-18M: A High-Fidelity Large Scale Medical Dataset for Multimodal Representation Learning,ultrasounds,Published_papers/ultrasounds/papers_links.csv,91,CT-XRay,Published_papers/CT-XRay/papers_links.csv,240,removed_duplicate,"Keep first occurrence by alphabetical modality directory, then original row order"
https://papers.miccai.org/miccai-2026/0734-Paper5978.html,OpenRC: An Open-Source Robotic Colonoscopy Framework for Multimodal Data Acquisition and Autonomy Research,Endoscopy,Published_papers/Endoscopy/papers_links.csv,55,Endoscopy,Published_papers/Endoscopy/papers_links.csv,49,kept,"Keep first occurrence by alphabetical modality directory, then original row order"
https://papers.miccai.org/miccai-2026/0734-Paper5978.html,OpenRC: An Open-Source Robotic Colonoscopy Framework for Multimodal Data Acquisition and Autonomy Research,Multimodals,Published_papers/Multimodals/papers_links.csv,18,Endoscopy,Published_papers/Endoscopy/papers_links.csv,49,removed_duplicate,"Keep first occurrence by alphabetical modality directory, then original row order"
https://papers.miccai.org/miccai-2026/0734-Paper5978.html,OpenRC: An Open-Source Robotic Colonoscopy Framework for Multimodal Data Acquisition and Autonomy Research,Robotics,Published_papers/Robotics/papers_links.csv,10,Endoscopy,Published_papers/Endoscopy/papers_links.csv,49,removed_duplicate,"Keep first occurrence by alphabetical modality directory, then original row order"
https://papers.miccai.org/miccai-2026/0735-Paper0308.html,OPGAgent: An Agent for Auditable Dental Panoramic X-ray Interpretation,CT-XRay,Published_papers/CT-XRay/papers_links.csv,241,CT-XRay,Published_papers/CT-XRay/papers_links.csv,241,kept,"Keep first occurrence by alphabetical modality directory, then original row order"
https://papers.miccai.org/miccai-2026/0737-Paper3631.html,Opportunistic Cardiac Health Assessment: Estimating Phenotypes from Localizer MRI Through Multi-modal Representations,MRI,Published_papers/MRI/papers_links.csv,187,MRI,Published_papers/MRI/papers_links.csv,106,kept,"Keep first occurrence by alphabetical modality directory, then original row order"
https://papers.miccai.org/miccai-2026/0737-Paper3631.html,Opportunistic Cardiac Health Assessment: Estimating Phenotypes from Localizer MRI Through Multi-modal Representations,Physio-signals,Published_papers/Physio-signals/papers_links.csv,37,MRI,Published_papers/MRI/papers_links.csv,106,removed_duplicate,"Keep first occurrence by alphabetical modality directory, then original row order"
https://papers.miccai.org/miccai-2026/0738-Paper0160.html,OPS: One-Shot Point Prompted Semantics-Aware Learning for Medical Image Registration,CT-XRay,Published_papers/CT-XRay/papers_links.csv,242,CT-XRay,Published_papers/CT-XRay/papers_links.csv,242,kept,"Keep first occurrence by alphabetical modality directory, then original row order"
https://papers.miccai.org/miccai-2026/0738-Paper0160.html,OPS: One-Shot Point Prompted Semantics-Aware Learning for Medical Image Registration,MRI,Published_papers/MRI/papers_links.csv,188,CT-XRay,Published_papers/CT-XRay/papers_links.csv,242,removed_duplicate,"Keep first occurrence by alphabetical modality directory, then original row order"
https://papers.miccai.org/miccai-2026/0739-Paper3666.html,Optimal Steps for Fast Diffeomorphic Shape Registration,CT-XRay,Published_papers/CT-XRay/papers_links.csv,243,CT-XRay,Published_papers/CT-XRay/papers_links.csv,243,kept,"Keep first occurrence by alphabetical modality directory, then original row order"
https://papers.miccai.org/miccai-2026/0740-Paper3650.html,OPVD: On-Policy Chain-of-Visual-Thought Distillation for Medical Reasoning,Photo_video,Published_papers/Photo_video/papers_links.csv,72,Photo_video,Published_papers/Photo_video/papers_links.csv,44,kept,"Keep first occurrence by alphabetical modality directory, then original row order"
https://papers.miccai.org/miccai-2026/0741-Paper4727.html,OR-Action: Multi-Role Video Understanding with Fine-Grained Actions,Photo_video,Published_papers/Photo_video/papers_links.csv,73,Photo_video,Published_papers/Photo_video/papers_links.csv,45,kept,"Keep first occurrence by alphabetical modality directory, then original row order"
https://papers.miccai.org/miccai-2026/0742-Paper3874.html,Ordinal Diffusion Models for Color Fundus Images,Photo_video,Published_papers/Photo_video/papers_links.csv,74,Photo_video,Published_papers/Photo_video/papers_links.csv,46,kept,"Keep first occurrence by alphabetical modality directory, then original row order"
https://papers.miccai.org/miccai-2026/0743-Paper3291.html,Ordinal Priors for Colonoscopy Temporal Segmentation,Endoscopy,Published_papers/Endoscopy/papers_links.csv,56,Endoscopy,Published_papers/Endoscopy/papers_links.csv,50,kept,"Keep first occurrence by alphabetical modality directory, then original row order"
https://papers.miccai.org/miccai-2026/0744-Paper2499.html,Organ-Invariant Tumor Representation Learning via Disentangled Adversarial MAE for Multi-organ Ultrasound Imaging,ultrasounds,Published_papers/ultrasounds/papers_links.csv,92,ultrasounds,Published_papers/ultrasounds/papers_links.csv,60,kept,"Keep first occurrence by alphabetical modality directory, then original row order"
https://papers.miccai.org/miccai-2026/0745-Paper2224.html,OrthoFlow: Decoupled Landmark Prediction and Image Synthesis for Orthodontic Treatment Outcome Visualization,CT-XRay,Published_papers/CT-XRay/papers_links.csv,244,CT-XRay,Published_papers/CT-XRay/papers_links.csv,244,kept,"Keep first occurrence by alphabetical modality directory, then original row order"
https://papers.miccai.org/miccai-2026/0746-Paper1814.html,OrthoMorphNet: Alignment-Guided Hierarchical Morphological Synthesis of Post-orthodontic Dentition and Gingiva,Others,Published_papers/Others/papers_links.csv,61,Others,Published_papers/Others/papers_links.csv,33,kept,"Keep first occurrence by alphabetical modality directory, then original row order"
https://papers.miccai.org/miccai-2026/0747-Paper2736.html,OSCAR: Occupancy-Based Shape Completion via Acoustic Neural Implicit Representations,ultrasounds,Published_papers/ultrasounds/papers_links.csv,93,ultrasounds,Published_papers/ultrasounds/papers_links.csv,61,kept,"Keep first occurrence by alphabetical modality directory, then original row order"
https://papers.miccai.org/miccai-2026/0748-Paper5704.html,OsteoFlow: Lyapunov-Guided Flow Distillation for Predicting Bone Remodeling after Mandibular Reconstruction,CT-XRay,Published_papers/CT-XRay/papers_links.csv,245,CT-XRay,Published_papers/CT-XRay/papers_links.csv,245,kept,"Keep first occurrence by alphabetical modality directory, then original row order"
https://papers.miccai.org/miccai-2026/0749-Paper4914.html,OTCHA: Optimal Transport-Driven Confidence-Aware Latent Hub Alignment for Multi-view Medical Image Classification,CT-XRay,Published_papers/CT-XRay/papers_links.csv,246,CT-XRay,Published_papers/CT-XRay/papers_links.csv,246,kept,"Keep first occurrence by alphabetical modality directory, then original row order"
https://papers.miccai.org/miccai-2026/0750-Paper0555.html,OT-Coupled Flow: Towards Realistic TEE Simulation via Unpaired Cross-Modality Translation with Anatomical Consistency,Computational_imagings,Published_papers/Computational_imagings/papers_links.csv,18,Computational_imagings,Published_papers/Computational_imagings/papers_links.csv,13,kept,"Keep first occurrence by alphabetical modality directory, then original row order"
https://papers.miccai.org/miccai-2026/0750-Paper0555.html,OT-Coupled Flow: Towards Realistic TEE Simulation via Unpaired Cross-Modality Translation with Anatomical Consistency,Others,Published_papers/Others/papers_links.csv,62,Computational_imagings,Published_papers/Computational_imagings/papers_links.csv,13,removed_duplicate,"Keep first occurrence by alphabetical modality directory, then original row order"
https://papers.miccai.org/miccai-2026/0750-Paper0555.html,OT-Coupled Flow: Towards Realistic TEE Simulation via Unpaired Cross-Modality Translation with Anatomical Consistency,Robotics,Published_papers/Robotics/papers_links.csv,11,Computational_imagings,Published_papers/Computational_imagings/papers_links.csv,13,removed_duplicate,"Keep first occurrence by alphabetical modality directory, then original row order"
https://papers.miccai.org/miccai-2026/0750-Paper0555.html,OT-Coupled Flow: Towards Realistic TEE Simulation via Unpaired Cross-Modality Translation with Anatomical Consistency,ultrasounds,Published_papers/ultrasounds/papers_links.csv,94,Computational_imagings,Published_papers/Computational_imagings/papers_links.csv,13,removed_duplicate,"Keep first occurrence by alphabetical modality directory, then original row order"
https://papers.miccai.org/miccai-2026/0751-Paper2836.html,OTFusion: Optimal Transport-Driven 3D Multi-modal Medical Image Fusion for Enhanced Cross-Modality Representation,CT-XRay,Published_papers/CT-XRay/papers_links.csv,247,CT-XRay,Published_papers/CT-XRay/papers_links.csv,247,kept,"Keep first occurrence by alphabetical modality directory, then original row order"
https://papers.miccai.org/miccai-2026/0751-Paper2836.html,OTFusion: Optimal Transport-Driven 3D Multi-modal Medical Image Fusion for Enhanced Cross-Modality Representation,Computational_imagings,Published_papers/Computational_imagings/papers_links.csv,19,CT-XRay,Published_papers/CT-XRay/papers_links.csv,247,removed_duplicate,"Keep first occurrence by alphabetical modality directory, then original row order"
https://papers.miccai.org/miccai-2026/0751-Paper2836.html,OTFusion: Optimal Transport-Driven 3D Multi-modal Medical Image Fusion for Enhanced Cross-Modality Representation,MRI,Published_papers/MRI/papers_links.csv,189,CT-XRay,Published_papers/CT-XRay/papers_links.csv,247,removed_duplicate,"Keep first occurrence by alphabetical modality directory, then original row order"
https://papers.miccai.org/miccai-2026/0751-Paper2836.html,OTFusion: Optimal Transport-Driven 3D Multi-modal Medical Image Fusion for Enhanced Cross-Modality Representation,Multimodals,Published_papers/Multimodals/papers_links.csv,19,CT-XRay,Published_papers/CT-XRay/papers_links.csv,247,removed_duplicate,"Keep first occurrence by alphabetical modality directory, then original row order"
https://papers.miccai.org/miccai-2026/0752-Paper1881.html,P2R-Net: Physics-to-Reality SM Calibration Network with Sparse Measurement Guidance for High-Precision MPI Reconstruction,Computational_imagings,Published_papers/Computational_imagings/papers_links.csv,20,Computational_imagings,Published_papers/Computational_imagings/papers_links.csv,14,kept,"Keep first occurrence by alphabetical modality directory, then original row order"
https://papers.miccai.org/miccai-2026/0753-Paper1582.html,PALETTE: Pathology-Aware Latent Embedding for Targeted Tissue Expression,Histology,Published_papers/Histology/papers_links.csv,80,Histology,Published_papers/Histology/papers_links.csv,68,kept,"Keep first occurrence by alphabetical modality directory, then original row order"
https://papers.miccai.org/miccai-2026/0754-Paper1096.html,PancCADx: A Multimodal Framework for Pancreatic Cancer Diagnosis,Endoscopy,Published_papers/Endoscopy/papers_links.csv,57,Endoscopy,Published_papers/Endoscopy/papers_links.csv,51,kept,"Keep first occurrence by alphabetical modality directory, then original row order"
https://papers.miccai.org/miccai-2026/0754-Paper1096.html,PancCADx: A Multimodal Framework for Pancreatic Cancer Diagnosis,ultrasounds,Published_papers/ultrasounds/papers_links.csv,95,Endoscopy,Published_papers/Endoscopy/papers_links.csv,51,removed_duplicate,"Keep first occurrence by alphabetical modality directory, then original row order"
https://papers.miccai.org/miccai-2026/0755-Paper1654.html,PANet: Probability-Anchored Network for Ultrasound Bone Segmentation,ultrasounds,Published_papers/ultrasounds/papers_links.csv,96,ultrasounds,Published_papers/ultrasounds/papers_links.csv,62,kept,"Keep first occurrence by alphabetical modality directory, then original row order"
https://papers.miccai.org/miccai-2026/0756-Paper4755.html,Parameter-Efficient Self-Supervised Adaptation for EEG-FM under Fixed Computational Budgets,Physio-signals,Published_papers/Physio-signals/papers_links.csv,38,Physio-signals,Published_papers/Physio-signals/papers_links.csv,26,kept,"Keep first occurrence by alphabetical modality directory, then original row order"
https://papers.miccai.org/miccai-2026/0757-Paper6076.html,Patch-to-Global: Random Patch Diffusion for Globally Consistent Megapixel Artifact Inpainting in Whole Slide Images,Histology,Published_papers/Histology/papers_links.csv,81,Histology,Published_papers/Histology/papers_links.csv,69,kept,"Keep first occurrence by alphabetical modality directory, then original row order"
https://papers.miccai.org/miccai-2026/0758-Paper4588.html,Pathologist Attention–Aligned Report Generation for Prostate Histopathology,Histology,Published_papers/Histology/papers_links.csv,82,Histology,Published_papers/Histology/papers_links.csv,70,kept,"Keep first occurrence by alphabetical modality directory, then original row order"
https://papers.miccai.org/miccai-2026/0759-Paper5198.html,PathoMamba: Piecewise-Diffeomorphic Registration via Stiffness-Modulated State Space Dynamics,MRI,Published_papers/MRI/papers_links.csv,190,MRI,Published_papers/MRI/papers_links.csv,107,kept,"Keep first occurrence by alphabetical modality directory, then original row order"
https://papers.miccai.org/miccai-2026/0760-Paper5805.html,Patient-Conditioned Vision–Language Priors with Stable Mixture-of-Experts for Label-Efficient Alzheimer’s MRI Staging,MRI,Published_papers/MRI/papers_links.csv,191,MRI,Published_papers/MRI/papers_links.csv,108,kept,"Keep first occurrence by alphabetical modality directory, then original row order"
https://papers.miccai.org/miccai-2026/0761-Paper0625.html,PAVL: Enhancing Feature Prototype Alignment with Vision–Language Model for Semi-supervised Medical Image Segmentation,CT-XRay,Published_papers/CT-XRay/papers_links.csv,248,CT-XRay,Published_papers/CT-XRay/papers_links.csv,248,kept,"Keep first occurrence by alphabetical modality directory, then original row order"
https://papers.miccai.org/miccai-2026/0762-Paper4084.html,PCRP: Progressive Coarse-to-Fine Refinement for Pathology Grounding,Histology,Published_papers/Histology/papers_links.csv,83,Histology,Published_papers/Histology/papers_links.csv,71,kept,"Keep first occurrence by alphabetical modality directory, then original row order"
https://papers.miccai.org/miccai-2026/0763-Paper6555.html,PC-Seg: Progressive Cross-View Consistency for 3D OCT Segmentation from Sparse 2D Annotations,Others,Published_papers/Others/papers_links.csv,63,Others,Published_papers/Others/papers_links.csv,34,kept,"Keep first occurrence by alphabetical modality directory, then original row order"
https://papers.miccai.org/miccai-2026/0764-Paper6229.html,PC-VLG: Position-Correlated Vision–Language Graph Alignment for Semi-supervised Medical Image Segmentation,MRI,Published_papers/MRI/papers_links.csv,192,MRI,Published_papers/MRI/papers_links.csv,109,kept,"Keep first occurrence by alphabetical modality directory, then original row order"
https://papers.miccai.org/miccai-2026/0765-Paper0989.html,Peeling an Onion: Layer-Wise Doppler-Backprojected Ultrasound Microvascular Vector Flow Imaging,ultrasounds,Published_papers/ultrasounds/papers_links.csv,97,ultrasounds,Published_papers/ultrasounds/papers_links.csv,63,kept,"Keep first occurrence by alphabetical modality directory, then original row order"
https://papers.miccai.org/miccai-2026/0766-Paper3855.html,Percept-Aware Surgical Planning for Visual Cortical Prostheses with Vascular Avoidance,Others,Published_papers/Others/papers_links.csv,64,Others,Published_papers/Others/papers_links.csv,35,kept,"Keep first occurrence by alphabetical modality directory, then original row order"
https://papers.miccai.org/miccai-2026/0766-Paper3855.html,Percept-Aware Surgical Planning for Visual Cortical Prostheses with Vascular Avoidance,Robotics,Published_papers/Robotics/papers_links.csv,12,Others,Published_papers/Others/papers_links.csv,35,removed_duplicate,"Keep first occurrence by alphabetical modality directory, then original row order"
https://papers.miccai.org/miccai-2026/0767-Paper1122.html,Perfusion Aware Infarct Core and Penumbra Segmentation on NCCT with Region Constraints,CT-XRay,Published_papers/CT-XRay/papers_links.csv,249,CT-XRay,Published_papers/CT-XRay/papers_links.csv,249,kept,"Keep first occurrence by alphabetical modality directory, then original row order"
https://papers.miccai.org/miccai-2026/0768-Paper1581.html,PET-Adapter: Test-Time Domain Adaptation for Full and Limited-Angle PET Image Reconstruction,PET_SPECT,Published_papers/PET_SPECT/papers_links.csv,14,PET_SPECT,Published_papers/PET_SPECT/papers_links.csv,8,kept,"Keep first occurrence by alphabetical modality directory, then original row order"
https://papers.miccai.org/miccai-2026/0769-Paper0655.html,PETFlux: Taming Natural Foundation Models for Accurate MRI-to-PET Synthesis,MRI,Published_papers/MRI/papers_links.csv,193,MRI,Published_papers/MRI/papers_links.csv,110,kept,"Keep first occurrence by alphabetical modality directory, then original row order"
https://papers.miccai.org/miccai-2026/0769-Paper0655.html,PETFlux: Taming Natural Foundation Models for Accurate MRI-to-PET Synthesis,PET_SPECT,Published_papers/PET_SPECT/papers_links.csv,15,MRI,Published_papers/MRI/papers_links.csv,110,removed_duplicate,"Keep first occurrence by alphabetical modality directory, then original row order"
https://papers.miccai.org/miccai-2026/0770-Paper3917.html,PhaseAT: Fourier Phase Adversarial Training for Medical Image Domain Generalization,Histology,Published_papers/Histology/papers_links.csv,84,Histology,Published_papers/Histology/papers_links.csv,72,kept,"Keep first occurrence by alphabetical modality directory, then original row order"
https://papers.miccai.org/miccai-2026/0771-Paper4662.html,PhaseGen: A Diffusion-Based Approach for Complex-Valued MRI Data Generation,MRI,Published_papers/MRI/papers_links.csv,194,MRI,Published_papers/MRI/papers_links.csv,111,kept,"Keep first occurrence by alphabetical modality directory, then original row order"
https://papers.miccai.org/miccai-2026/0772-Paper1619.html,PhaseMamba: Two-Stage Learning from Short Clips to Full Procedures for Online Surgical Phase Recognition,Endoscopy,Published_papers/Endoscopy/papers_links.csv,58,Endoscopy,Published_papers/Endoscopy/papers_links.csv,52,kept,"Keep first occurrence by alphabetical modality directory, then original row order"
https://papers.miccai.org/miccai-2026/0773-Paper1942.html,PhyDiCT: Plug-and-Play CT Reconstruction from Sparse X-Rays via Differentiable Rendering and Strong Priors,CT-XRay,Published_papers/CT-XRay/papers_links.csv,250,CT-XRay,Published_papers/CT-XRay/papers_links.csv,250,kept,"Keep first occurrence by alphabetical modality directory, then original row order"
https://papers.miccai.org/miccai-2026/0773-Paper1942.html,PhyDiCT: Plug-and-Play CT Reconstruction from Sparse X-Rays via Differentiable Rendering and Strong Priors,Computational_imagings,Published_papers/Computational_imagings/papers_links.csv,21,CT-XRay,Published_papers/CT-XRay/papers_links.csv,250,removed_duplicate,"Keep first occurrence by alphabetical modality directory, then original row order"
https://papers.miccai.org/miccai-2026/0774-Paper0017.html,PhyRadGS: Physics-Aware Radiative Gaussian Splatting for Fly-Scanning CBCT Reconstruction,CT-XRay,Published_papers/CT-XRay/papers_links.csv,251,CT-XRay,Published_papers/CT-XRay/papers_links.csv,251,kept,"Keep first occurrence by alphabetical modality directory, then original row order"
https://papers.miccai.org/miccai-2026/0774-Paper0017.html,PhyRadGS: Physics-Aware Radiative Gaussian Splatting for Fly-Scanning CBCT Reconstruction,Computational_imagings,Published_papers/Computational_imagings/papers_links.csv,22,CT-XRay,Published_papers/CT-XRay/papers_links.csv,251,removed_duplicate,"Keep first occurrence by alphabetical modality directory, then original row order"
https://papers.miccai.org/miccai-2026/0775-Paper0756.html,Physical-Driven Unified Implicit Regularization Network with Scan Parameter Prompts for Accelerated Multi-parametric MR Imaging,MRI,Published_papers/MRI/papers_links.csv,195,MRI,Published_papers/MRI/papers_links.csv,112,kept,"Keep first occurrence by alphabetical modality directory, then original row order"
https://papers.miccai.org/miccai-2026/0776-Paper2423.html,Physics-Based iOCT Sonification for Real-Time Interaction Awareness in Subretinal Injection,Others,Published_papers/Others/papers_links.csv,65,Others,Published_papers/Others/papers_links.csv,36,kept,"Keep first occurrence by alphabetical modality directory, then original row order"
https://papers.miccai.org/miccai-2026/0777-Paper3538.html,Physics-Driven Cold Diffusion with Severity-Aware Sampling and Adaptive Degradation Estimation for MRI Motion Artifact Removal,MRI,Published_papers/MRI/papers_links.csv,196,MRI,Published_papers/MRI/papers_links.csv,113,kept,"Keep first occurrence by alphabetical modality directory, then original row order"
https://papers.miccai.org/miccai-2026/0778-Paper1322.html,Physics-Grounded Weakly Supervised Histopathological Tissue Segmentation via Frozen Tri-Domain Prototypes,Histology,Published_papers/Histology/papers_links.csv,85,Histology,Published_papers/Histology/papers_links.csv,73,kept,"Keep first occurrence by alphabetical modality directory, then original row order"
https://papers.miccai.org/miccai-2026/0779-Paper4252.html,Physics-Informed Surrogate Model Using Graph Neural Network for Cardiac Electrophysiology,Physio-signals,Published_papers/Physio-signals/papers_links.csv,39,Physio-signals,Published_papers/Physio-signals/papers_links.csv,27,kept,"Keep first occurrence by alphabetical modality directory, then original row order"
https://papers.miccai.org/miccai-2026/0780-Paper2583.html,Physics-Inspired Continuous Transformer for Fast QDSA Reconstruction,CT-XRay,Published_papers/CT-XRay/papers_links.csv,252,CT-XRay,Published_papers/CT-XRay/papers_links.csv,252,kept,"Keep first occurrence by alphabetical modality directory, then original row order"
https://papers.miccai.org/miccai-2026/0781-Paper1526.html,Physio-Anatomical Prior-Guided Probabilistic Field Learning for Ultrasound-Based Neuro-Fascial Interface Landmark Localization,ultrasounds,Published_papers/ultrasounds/papers_links.csv,98,ultrasounds,Published_papers/ultrasounds/papers_links.csv,64,kept,"Keep first occurrence by alphabetical modality directory, then original row order"
https://papers.miccai.org/miccai-2026/0782-Paper0977.html,Physiologically Consistent Missing Channel Reconstruction and Cascaded MoE for Impairment Categorization from Visual Electrophysiological Signals,Physio-signals,Published_papers/Physio-signals/papers_links.csv,40,Physio-signals,Published_papers/Physio-signals/papers_links.csv,28,kept,"Keep first occurrence by alphabetical modality directory, then original row order"
https://papers.miccai.org/miccai-2026/0783-Paper0066.html,Physiology and Anatomy Aware Inverse Inference of Myocardial Infarction for Cardiac Digital Twin,MRI,Published_papers/MRI/papers_links.csv,197,MRI,Published_papers/MRI/papers_links.csv,114,kept,"Keep first occurrence by alphabetical modality directory, then original row order"
https://papers.miccai.org/miccai-2026/0783-Paper0066.html,Physiology and Anatomy Aware Inverse Inference of Myocardial Infarction for Cardiac Digital Twin,Physio-signals,Published_papers/Physio-signals/papers_links.csv,41,MRI,Published_papers/MRI/papers_links.csv,114,removed_duplicate,"Keep first occurrence by alphabetical modality directory, then original row order"
https://papers.miccai.org/miccai-2026/0784-Paper1443.html,Physiology-Aligned Hierarchical Network for Heart Murmur Detection,Physio-signals,Published_papers/Physio-signals/papers_links.csv,42,Physio-signals,Published_papers/Physio-signals/papers_links.csv,29,kept,"Keep first occurrence by alphabetical modality directory, then original row order"
https://papers.miccai.org/miccai-2026/0785-Paper2264.html,Physiology-Guided Cross-View Spatial-Temporal Aligning for Early Prediction of pCR in Breast Cancer from Longitudinal Multimodal MRI,MRI,Published_papers/MRI/papers_links.csv,198,MRI,Published_papers/MRI/papers_links.csv,115,kept,"Keep first occurrence by alphabetical modality directory, then original row order"
https://papers.miccai.org/miccai-2026/0786-Paper2002.html,PhysioSplat: Physics-Informed Dynamic Gaussian Splatting for Surgical Scene Reconstruction,Endoscopy,Published_papers/Endoscopy/papers_links.csv,59,Endoscopy,Published_papers/Endoscopy/papers_links.csv,53,kept,"Keep first occurrence by alphabetical modality directory, then original row order"
https://papers.miccai.org/miccai-2026/0787-Paper1750.html,PhysOCT: Physics-Guided Retinal Modeling for OCT Image Synthesis,Others,Published_papers/Others/papers_links.csv,66,Others,Published_papers/Others/papers_links.csv,37,kept,"Keep first occurrence by alphabetical modality directory, then original row order"
https://papers.miccai.org/miccai-2026/0788-Paper6349.html,PICA: Physics-Guided Implicit Neural Fields with Boundary Conditioning for Intracranial Aneurysm Hemodynamics,CT-XRay,Published_papers/CT-XRay/papers_links.csv,253,CT-XRay,Published_papers/CT-XRay/papers_links.csv,253,kept,"Keep first occurrence by alphabetical modality directory, then original row order"
https://papers.miccai.org/miccai-2026/0789-Paper1880.html,Piecewise Dynamic Diffusion Regularization for Reconstruction of Cardiac Cine MRI,MRI,Published_papers/MRI/papers_links.csv,199,MRI,Published_papers/MRI/papers_links.csv,116,kept,"Keep first occurrence by alphabetical modality directory, then original row order"
https://papers.miccai.org/miccai-2026/0790-Paper4108.html,PiMoE: Physics-Informed Mixture-of-Experts for Accelerated MRI Reconstruction,MRI,Published_papers/MRI/papers_links.csv,200,MRI,Published_papers/MRI/papers_links.csv,117,kept,"Keep first occurrence by alphabetical modality directory, then original row order"
https://papers.miccai.org/miccai-2026/0791-Paper1824.html,PINet: A Multimodal Network for Pontine Infarction Segmentation and Early Neurological Deterioration Prediction,Func_MRI,Published_papers/Func_MRI/papers_links.csv,39,Func_MRI,Published_papers/Func_MRI/papers_links.csv,30,kept,"Keep first occurrence by alphabetical modality directory, then original row order"
https://papers.miccai.org/miccai-2026/0791-Paper1824.html,PINet: A Multimodal Network for Pontine Infarction Segmentation and Early Neurological Deterioration Prediction,MRI,Published_papers/MRI/papers_links.csv,201,Func_MRI,Published_papers/Func_MRI/papers_links.csv,30,removed_duplicate,"Keep first occurrence by alphabetical modality directory, then original row order"
https://papers.miccai.org/miccai-2026/0791-Paper1824.html,PINet: A Multimodal Network for Pontine Infarction Segmentation and Early Neurological Deterioration Prediction,Photo_video,Published_papers/Photo_video/papers_links.csv,75,Func_MRI,Published_papers/Func_MRI/papers_links.csv,30,removed_duplicate,"Keep first occurrence by alphabetical modality directory, then original row order"
https://papers.miccai.org/miccai-2026/0792-Paper1982.html,PINNOCHIO: Physics-Informed Neural Network for Coupled Hyperelastic Interface-Volume Simulation in Orthognathic Surgery,CT-XRay,Published_papers/CT-XRay/papers_links.csv,254,CT-XRay,Published_papers/CT-XRay/papers_links.csv,254,kept,"Keep first occurrence by alphabetical modality directory, then original row order"
https://papers.miccai.org/miccai-2026/0792-Paper1982.html,PINNOCHIO: Physics-Informed Neural Network for Coupled Hyperelastic Interface-Volume Simulation in Orthognathic Surgery,Photo_video,Published_papers/Photo_video/papers_links.csv,76,CT-XRay,Published_papers/CT-XRay/papers_links.csv,254,removed_duplicate,"Keep first occurrence by alphabetical modality directory, then original row order"
https://papers.miccai.org/miccai-2026/0793-Paper0971.html,Pix2Rep-v2: Data-Efficient Representation Learning for Dense Medical Imaging Applications,MRI,Published_papers/MRI/papers_links.csv,202,MRI,Published_papers/MRI/papers_links.csv,118,kept,"Keep first occurrence by alphabetical modality directory, then original row order"
https://papers.miccai.org/miccai-2026/0794-Paper0966.html,PlaneCycle: Training-Free 2D-to-3D Lifting of Foundation Models Without Adapters,CT-XRay,Published_papers/CT-XRay/papers_links.csv,255,CT-XRay,Published_papers/CT-XRay/papers_links.csv,255,kept,"Keep first occurrence by alphabetical modality directory, then original row order"
https://papers.miccai.org/miccai-2026/0794-Paper0966.html,PlaneCycle: Training-Free 2D-to-3D Lifting of Foundation Models Without Adapters,MRI,Published_papers/MRI/papers_links.csv,203,CT-XRay,Published_papers/CT-XRay/papers_links.csv,255,removed_duplicate,"Keep first occurrence by alphabetical modality directory, then original row order"
https://papers.miccai.org/miccai-2026/0794-Paper0966.html,PlaneCycle: Training-Free 2D-to-3D Lifting of Foundation Models Without Adapters,Microscopy,Published_papers/Microscopy/papers_links.csv,44,CT-XRay,Published_papers/CT-XRay/papers_links.csv,255,removed_duplicate,"Keep first occurrence by alphabetical modality directory, then original row order"
https://papers.miccai.org/miccai-2026/0795-Paper2220.html,Plane-Wise Retrieval Memory and Structural Evidence Fusion for Tetralogy of Fallot Video Diagnosis,ultrasounds,Published_papers/ultrasounds/papers_links.csv,99,ultrasounds,Published_papers/ultrasounds/papers_links.csv,65,kept,"Keep first occurrence by alphabetical modality directory, then original row order"
https://papers.miccai.org/miccai-2026/0796-Paper5166.html,Planning the Perfect Burn: Multi-objective PSO for Multi-needle Thermal Ablation,CT-XRay,Published_papers/CT-XRay/papers_links.csv,256,CT-XRay,Published_papers/CT-XRay/papers_links.csv,256,kept,"Keep first occurrence by alphabetical modality directory, then original row order"
https://papers.miccai.org/miccai-2026/0797-Paper3172.html,PoCoLT: Position-Aware Cross-Modal Learning with LLM-Decoupled Hierarchical Reports for TMD Diagnosis,MRI,Published_papers/MRI/papers_links.csv,204,MRI,Published_papers/MRI/papers_links.csv,119,kept,"Keep first occurrence by alphabetical modality directory, then original row order"
https://papers.miccai.org/miccai-2026/0798-Paper4342.html,PolypSteer: Counterfactual Endoscopic Synthesis via Training-Free Activation Steering,Endoscopy,Published_papers/Endoscopy/papers_links.csv,60,Endoscopy,Published_papers/Endoscopy/papers_links.csv,54,kept,"Keep first occurrence by alphabetical modality directory, then original row order"
https://papers.miccai.org/miccai-2026/0799-Paper2461.html,PoseBridgeNet: Learning a Pose-Evolving Schrödinger Bridge for Multi-Organs Segmentation in Prenatal Volumetric Ultrasound,ultrasounds,Published_papers/ultrasounds/papers_links.csv,100,ultrasounds,Published_papers/ultrasounds/papers_links.csv,66,kept,"Keep first occurrence by alphabetical modality directory, then original row order"
https://papers.miccai.org/miccai-2026/0800-Paper0366.html,Positive Semi-definite Group-Aware Instance Disentangled Learning for WSI Representation,Histology,Published_papers/Histology/papers_links.csv,86,Histology,Published_papers/Histology/papers_links.csv,74,kept,"Keep first occurrence by alphabetical modality directory, then original row order"
https://papers.miccai.org/miccai-2026/0801-Paper4053.html,Posterior-Aware Motor Phenotyping with Multimodal Imaging Validation in Parkinson’s Disease,EHR,Published_papers/EHR/papers_links.csv,21,EHR,Published_papers/EHR/papers_links.csv,16,kept,"Keep first occurrence by alphabetical modality directory, then original row order"
https://papers.miccai.org/miccai-2026/0801-Paper4053.html,Posterior-Aware Motor Phenotyping with Multimodal Imaging Validation in Parkinson’s Disease,Multimodals,Published_papers/Multimodals/papers_links.csv,20,EHR,Published_papers/EHR/papers_links.csv,16,removed_duplicate,"Keep first occurrence by alphabetical modality directory, then original row order"
https://papers.miccai.org/miccai-2026/0802-Paper0801.html,POT-SAM3: Prompt-Only Tuning for One-Shot Electron Microscopy Segmentation,Microscopy,Published_papers/Microscopy/papers_links.csv,45,Microscopy,Published_papers/Microscopy/papers_links.csv,29,kept,"Keep first occurrence by alphabetical modality directory, then original row order"
https://papers.miccai.org/miccai-2026/0803-Paper0712.html,PRA-PoE: Robust Multimodal Alzheimer’s Disease Classification under Arbitrary Modality Missingness,MRI,Published_papers/MRI/papers_links.csv,205,MRI,Published_papers/MRI/papers_links.csv,120,kept,"Keep first occurrence by alphabetical modality directory, then original row order"
https://papers.miccai.org/miccai-2026/0803-Paper0712.html,PRA-PoE: Robust Multimodal Alzheimer’s Disease Classification under Arbitrary Modality Missingness,PET_SPECT,Published_papers/PET_SPECT/papers_links.csv,16,MRI,Published_papers/MRI/papers_links.csv,120,removed_duplicate,"Keep first occurrence by alphabetical modality directory, then original row order"
https://papers.miccai.org/miccai-2026/0804-Paper4076.html,Precision Recall Controllable Radiology Report Generation via Hybrid Natural Language and Clinical Reward Learning,CT-XRay,Published_papers/CT-XRay/papers_links.csv,257,CT-XRay,Published_papers/CT-XRay/papers_links.csv,257,kept,"Keep first occurrence by alphabetical modality directory, then original row order"
https://papers.miccai.org/miccai-2026/0805-Paper1535.html,Predicting Radiologist Expertise from 3D Gaze Patterns During CT Interpretation,CT-XRay,Published_papers/CT-XRay/papers_links.csv,258,CT-XRay,Published_papers/CT-XRay/papers_links.csv,258,kept,"Keep first occurrence by alphabetical modality directory, then original row order"
https://papers.miccai.org/miccai-2026/0806-Paper4830.html,Preoperative Simulation of Personalized Breast Reconstruction via Implant Prior Controllable Diffusion,CT-XRay,Published_papers/CT-XRay/papers_links.csv,259,CT-XRay,Published_papers/CT-XRay/papers_links.csv,259,kept,"Keep first occurrence by alphabetical modality directory, then original row order"
https://papers.miccai.org/miccai-2026/0807-Paper4746.html,Pressure-Tuned Auditor for Sycophancy-Resistant Breast Ultrasound VLM Diagnosis,ultrasounds,Published_papers/ultrasounds/papers_links.csv,101,ultrasounds,Published_papers/ultrasounds/papers_links.csv,67,kept,"Keep first occurrence by alphabetical modality directory, then original row order"
https://papers.miccai.org/miccai-2026/0808-Paper5999.html,PriLoRA: Prior-Conditioned Low-Rank Adapters for Medical Vision Models,CT-XRay,Published_papers/CT-XRay/papers_links.csv,260,CT-XRay,Published_papers/CT-XRay/papers_links.csv,260,kept,"Keep first occurrence by alphabetical modality directory, then original row order"
https://papers.miccai.org/miccai-2026/0809-Paper2990.html,Prior-Anchored Debiasing for Long-Tailed Multi-Organ Pathology Report Generation,Histology,Published_papers/Histology/papers_links.csv,87,Histology,Published_papers/Histology/papers_links.csv,75,kept,"Keep first occurrence by alphabetical modality directory, then original row order"
https://papers.miccai.org/miccai-2026/0810-Paper1534.html,Prior-Guided Hierarchical Vector Quantized-VAE for Digital Subtraction Angiography Generation,CT-XRay,Published_papers/CT-XRay/papers_links.csv,261,CT-XRay,Published_papers/CT-XRay/papers_links.csv,261,kept,"Keep first occurrence by alphabetical modality directory, then original row order"
https://papers.miccai.org/miccai-2026/0811-Paper5506.html,PRISM: Differentiable Analysis-by-Synthesis for Fixel Recovery in Diffusion MRI,Diffusion-MRI,Published_papers/Diffusion-MRI/papers_links.csv,22,Diffusion-MRI,Published_papers/Diffusion-MRI/papers_links.csv,17,kept,"Keep first occurrence by alphabetical modality directory, then original row order"
https://papers.miccai.org/miccai-2026/0812-Paper2957.html,Privacy-Preserving Video-Based Facial Palsy Recognition via Dynamic Facial Action Modeling,Photo_video,Published_papers/Photo_video/papers_links.csv,77,Photo_video,Published_papers/Photo_video/papers_links.csv,47,kept,"Keep first occurrence by alphabetical modality directory, then original row order"
https://papers.miccai.org/miccai-2026/0813-Paper3642.html,Proactive Domain Unification for Robust Echocardiography Segmentation,ultrasounds,Published_papers/ultrasounds/papers_links.csv,102,ultrasounds,Published_papers/ultrasounds/papers_links.csv,68,kept,"Keep first occurrence by alphabetical modality directory, then original row order"
https://papers.miccai.org/miccai-2026/0814-Paper5829.html,Probabilistic Multi-rater Segmentation via Style-Aware Boundary Conditioning,CT-XRay,Published_papers/CT-XRay/papers_links.csv,262,CT-XRay,Published_papers/CT-XRay/papers_links.csv,262,kept,"Keep first occurrence by alphabetical modality directory, then original row order"
https://papers.miccai.org/miccai-2026/0814-Paper5829.html,Probabilistic Multi-rater Segmentation via Style-Aware Boundary Conditioning,Endoscopy,Published_papers/Endoscopy/papers_links.csv,61,CT-XRay,Published_papers/CT-XRay/papers_links.csv,262,removed_duplicate,"Keep first occurrence by alphabetical modality directory, then original row order"
https://papers.miccai.org/miccai-2026/0815-Paper3535.html,Probe-EM: Targeted Neuron Tracing via Training-Free Semantic Verification,Microscopy,Published_papers/Microscopy/papers_links.csv,46,Microscopy,Published_papers/Microscopy/papers_links.csv,30,kept,"Keep first occurrence by alphabetical modality directory, then original row order"
https://papers.miccai.org/miccai-2026/0816-Paper3365.html,Progressive Self-supervised Learning with Individualized Community Assignment for Brain Network Analysis,Func_MRI,Published_papers/Func_MRI/papers_links.csv,40,Func_MRI,Published_papers/Func_MRI/papers_links.csv,31,kept,"Keep first occurrence by alphabetical modality directory, then original row order"
https://papers.miccai.org/miccai-2026/0817-Paper1724.html,ProMoE-FL: Prototype-conditioned Mixture of Experts for Multimodal Federated Learning with Missing Modalities,CT-XRay,Published_papers/CT-XRay/papers_links.csv,263,CT-XRay,Published_papers/CT-XRay/papers_links.csv,263,kept,"Keep first occurrence by alphabetical modality directory, then original row order"
https://papers.miccai.org/miccai-2026/0818-Paper5623.html,Prompt and Probe: Data-Efficient Adaptation of Black-Box Foundation Models via Unified Active Visual Prompting,Others,Published_papers/Others/papers_links.csv,67,Others,Published_papers/Others/papers_links.csv,38,kept,"Keep first occurrence by alphabetical modality directory, then original row order"
https://papers.miccai.org/miccai-2026/0819-Paper5066.html,Prompt Group-Aware Training for Robust Text-Guided Nuclei Segmentation,Histology,Published_papers/Histology/papers_links.csv,88,Histology,Published_papers/Histology/papers_links.csv,76,kept,"Keep first occurrence by alphabetical modality directory, then original row order"
https://papers.miccai.org/miccai-2026/0820-Paper5058.html,PromptGate: Client-Adaptive Vision–Language Gating for Open-Set Federated Active Learning,CT-XRay,Published_papers/CT-XRay/papers_links.csv,264,CT-XRay,Published_papers/CT-XRay/papers_links.csv,264,kept,"Keep first occurrence by alphabetical modality directory, then original row order"
https://papers.miccai.org/miccai-2026/0820-Paper5058.html,PromptGate: Client-Adaptive Vision–Language Gating for Open-Set Federated Active Learning,Others,Published_papers/Others/papers_links.csv,68,CT-XRay,Published_papers/CT-XRay/papers_links.csv,264,removed_duplicate,"Keep first occurrence by alphabetical modality directory, then original row order"
https://papers.miccai.org/miccai-2026/0820-Paper5058.html,PromptGate: Client-Adaptive Vision–Language Gating for Open-Set Federated Active Learning,Sensors,Published_papers/Sensors/papers_links.csv,16,CT-XRay,Published_papers/CT-XRay/papers_links.csv,264,removed_duplicate,"Keep first occurrence by alphabetical modality directory, then original row order"
https://papers.miccai.org/miccai-2026/0821-Paper4691.html,PromptMedCT: A Training-Free LLM-Guided Framework for Volumetric CT Data Realization with Quantifiable Disease Manifestations and Multi-Tier Annotations,CT-XRay,Published_papers/CT-XRay/papers_links.csv,265,CT-XRay,Published_papers/CT-XRay/papers_links.csv,265,kept,"Keep first occurrence by alphabetical modality directory, then original row order"
https://papers.miccai.org/miccai-2026/0822-Paper1951.html,Propagating Structural Guidance: Synthesizing Fluorescein Angiography from Fundus Images and Sparse OCT Scans,Multimodals,Published_papers/Multimodals/papers_links.csv,21,Multimodals,Published_papers/Multimodals/papers_links.csv,12,kept,"Keep first occurrence by alphabetical modality directory, then original row order"
https://papers.miccai.org/miccai-2026/0823-Paper5245.html,ProSMA-UNet: Decoder Conditioning for Proximal-Sparse Skip Feature Selection,CT-XRay,Published_papers/CT-XRay/papers_links.csv,266,CT-XRay,Published_papers/CT-XRay/papers_links.csv,266,kept,"Keep first occurrence by alphabetical modality directory, then original row order"
https://papers.miccai.org/miccai-2026/0823-Paper5245.html,ProSMA-UNet: Decoder Conditioning for Proximal-Sparse Skip Feature Selection,ultrasounds,Published_papers/ultrasounds/papers_links.csv,103,CT-XRay,Published_papers/CT-XRay/papers_links.csv,266,removed_duplicate,"Keep first occurrence by alphabetical modality directory, then original row order"
https://papers.miccai.org/miccai-2026/0824-Paper4942.html,ProSyn-Net: A Reliable Prototypical Synergy Network for Imbalanced Dermatologic Multimodal Ultrasound Diagnosis,ultrasounds,Published_papers/ultrasounds/papers_links.csv,104,ultrasounds,Published_papers/ultrasounds/papers_links.csv,69,kept,"Keep first occurrence by alphabetical modality directory, then original row order"
https://papers.miccai.org/miccai-2026/0825-Paper3429.html,Proto-CAP: Prototype Memory Fusion and Curriculum-Adaptive Loss for Pediatric Myopia Visual Question Answering,Others,Published_papers/Others/papers_links.csv,69,Others,Published_papers/Others/papers_links.csv,39,kept,"Keep first occurrence by alphabetical modality directory, then original row order"
https://papers.miccai.org/miccai-2026/0826-Paper4796.html,Protocol-Manifold Coverage Learning (PMCL): Source-Free Active Adaptation for Multi-Center Nasopharyngeal Carcinoma MRI Segmentation,MRI,Published_papers/MRI/papers_links.csv,206,MRI,Published_papers/MRI/papers_links.csv,121,kept,"Keep first occurrence by alphabetical modality directory, then original row order"
https://papers.miccai.org/miccai-2026/0827-Paper4773.html,PROTON: Prototype-Based Test-Time Online OOD Detection for Medical VLMs,Multimodals,Published_papers/Multimodals/papers_links.csv,22,Multimodals,Published_papers/Multimodals/papers_links.csv,13,kept,"Keep first occurrence by alphabetical modality directory, then original row order"
https://papers.miccai.org/miccai-2026/0828-Paper0875.html,ProtoReg: Prototype Guidance and Dual-Level Uncertainty-Weighted Consistency for Semi-supervised Pulmonary Perfusion Regression,CT-XRay,Published_papers/CT-XRay/papers_links.csv,267,CT-XRay,Published_papers/CT-XRay/papers_links.csv,267,kept,"Keep first occurrence by alphabetical modality directory, then original row order"
https://papers.miccai.org/miccai-2026/0828-Paper0875.html,ProtoReg: Prototype Guidance and Dual-Level Uncertainty-Weighted Consistency for Semi-supervised Pulmonary Perfusion Regression,PET_SPECT,Published_papers/PET_SPECT/papers_links.csv,17,CT-XRay,Published_papers/CT-XRay/papers_links.csv,267,removed_duplicate,"Keep first occurrence by alphabetical modality directory, then original row order"
https://papers.miccai.org/miccai-2026/0829-Paper0426.html,Prototype Instance-Semantic Disentanglement with Low-Rank Regularized Subspace Clustering for WSIs Explainable Recognition,Histology,Published_papers/Histology/papers_links.csv,89,Histology,Published_papers/Histology/papers_links.csv,77,kept,"Keep first occurrence by alphabetical modality directory, then original row order"
https://papers.miccai.org/miccai-2026/0830-Paper1688.html,Prototype Learning for Visual Field Estimation from Fundus Photography in High Myopia,Others,Published_papers/Others/papers_links.csv,70,Others,Published_papers/Others/papers_links.csv,40,kept,"Keep first occurrence by alphabetical modality directory, then original row order"
https://papers.miccai.org/miccai-2026/0831-Paper1851.html,Prototype Memory-Guided Training-Free Anomaly Classification and Localization in Prenatal Ultrasound,ultrasounds,Published_papers/ultrasounds/papers_links.csv,105,ultrasounds,Published_papers/ultrasounds/papers_links.csv,70,kept,"Keep first occurrence by alphabetical modality directory, then original row order"
https://papers.miccai.org/miccai-2026/0832-Paper1889.html,Prototype-based Physiological Transfer Enables NCCT-only Hyperacute Stroke Tissue-Window Segmentation Under Missing Perfusion,CT-XRay,Published_papers/CT-XRay/papers_links.csv,268,CT-XRay,Published_papers/CT-XRay/papers_links.csv,268,kept,"Keep first occurrence by alphabetical modality directory, then original row order"
https://papers.miccai.org/miccai-2026/0833-Paper0275.html,Prototype-Driven Robust Domain Generalization in Corneal Endothelial Cell Segmentation,Microscopy,Published_papers/Microscopy/papers_links.csv,47,Microscopy,Published_papers/Microscopy/papers_links.csv,31,kept,"Keep first occurrence by alphabetical modality directory, then original row order"
https://papers.miccai.org/miccai-2026/0834-Paper4314.html,Proxy-CAC: Learning Coronary Calcium Segmentation from Volume-Level Scores,CT-XRay,Published_papers/CT-XRay/papers_links.csv,269,CT-XRay,Published_papers/CT-XRay/papers_links.csv,269,kept,"Keep first occurrence by alphabetical modality directory, then original row order"
https://papers.miccai.org/miccai-2026/0835-Paper0846.html,PseudoRET: A General Retinal Segmentation Framework with Multi-target Pseudo Embeddings,Photo_video,Published_papers/Photo_video/papers_links.csv,78,Photo_video,Published_papers/Photo_video/papers_links.csv,48,kept,"Keep first occurrence by alphabetical modality directory, then original row order"
https://papers.miccai.org/miccai-2026/0836-Paper1456.html,PSP: Harnessing Position and Shape Priors for Cross-Domain Few-Shot Medical Image Segmentation,CT-XRay,Published_papers/CT-XRay/papers_links.csv,270,CT-XRay,Published_papers/CT-XRay/papers_links.csv,270,kept,"Keep first occurrence by alphabetical modality directory, then original row order"
https://papers.miccai.org/miccai-2026/0836-Paper1456.html,PSP: Harnessing Position and Shape Priors for Cross-Domain Few-Shot Medical Image Segmentation,MRI,Published_papers/MRI/papers_links.csv,207,CT-XRay,Published_papers/CT-XRay/papers_links.csv,270,removed_duplicate,"Keep first occurrence by alphabetical modality directory, then original row order"
https://papers.miccai.org/miccai-2026/0837-Paper5113.html,Pulmonary Embolism Risk Stratification from CTPA and Medical Records: Vascular Graphs Are Not All You Need,CT-XRay,Published_papers/CT-XRay/papers_links.csv,271,CT-XRay,Published_papers/CT-XRay/papers_links.csv,271,kept,"Keep first occurrence by alphabetical modality directory, then original row order"
https://papers.miccai.org/miccai-2026/0837-Paper5113.html,Pulmonary Embolism Risk Stratification from CTPA and Medical Records: Vascular Graphs Are Not All You Need,EHR,Published_papers/EHR/papers_links.csv,22,CT-XRay,Published_papers/CT-XRay/papers_links.csv,271,removed_duplicate,"Keep first occurrence by alphabetical modality directory, then original row order"
https://papers.miccai.org/miccai-2026/0838-Paper1286.html,QCAgent: An Agentic Framework for Quality-Controllable Pathology Report Generation from Whole Slide Image,Histology,Published_papers/Histology/papers_links.csv,90,Histology,Published_papers/Histology/papers_links.csv,78,kept,"Keep first occurrence by alphabetical modality directory, then original row order"
https://papers.miccai.org/miccai-2026/0839-Paper3611.html,QG-MIL: A Gated Transformer Aggregator for Domain-Agnostic Multiple Instance Learning in Medical Imaging,Histology,Published_papers/Histology/papers_links.csv,91,Histology,Published_papers/Histology/papers_links.csv,79,kept,"Keep first occurrence by alphabetical modality directory, then original row order"
https://papers.miccai.org/miccai-2026/0840-Paper4232.html,Quality-Guided Semi-supervised Learning for Medical Image Segmentation,Photo_video,Published_papers/Photo_video/papers_links.csv,79,Photo_video,Published_papers/Photo_video/papers_links.csv,49,kept,"Keep first occurrence by alphabetical modality directory, then original row order"
https://papers.miccai.org/miccai-2026/0841-Paper6617.html,Quantification of 3D Musculoskeletal CT Image-Based Biomarkers in the Lumbar Spine: Application in Metastatic Prostate Cancer,CT-XRay,Published_papers/CT-XRay/papers_links.csv,272,CT-XRay,Published_papers/CT-XRay/papers_links.csv,272,kept,"Keep first occurrence by alphabetical modality directory, then original row order"
https://papers.miccai.org/miccai-2026/0842-Paper3376.html,Quantification of Uncertainty with Adversarial Models in Medical Image Segmentation,MRI,Published_papers/MRI/papers_links.csv,208,MRI,Published_papers/MRI/papers_links.csv,122,kept,"Keep first occurrence by alphabetical modality directory, then original row order"
https://papers.miccai.org/miccai-2026/0842-Paper3376.html,Quantification of Uncertainty with Adversarial Models in Medical Image Segmentation,Photo_video,Published_papers/Photo_video/papers_links.csv,80,MRI,Published_papers/MRI/papers_links.csv,122,removed_duplicate,"Keep first occurrence by alphabetical modality directory, then original row order"
https://papers.miccai.org/miccai-2026/0843-Paper4233.html,"Quantify, Collect, and Correct: Evidence-Driven Multi-agent Framework for Critical Evidence Refinement in Emergency Rooms",EHR,Published_papers/EHR/papers_links.csv,23,EHR,Published_papers/EHR/papers_links.csv,17,kept,"Keep first occurrence by alphabetical modality directory, then original row order"
https://papers.miccai.org/miccai-2026/0843-Paper4233.html,"Quantify, Collect, and Correct: Evidence-Driven Multi-agent Framework for Critical Evidence Refinement in Emergency Rooms",Others,Published_papers/Others/papers_links.csv,71,EHR,Published_papers/EHR/papers_links.csv,17,removed_duplicate,"Keep first occurrence by alphabetical modality directory, then original row order"
https://papers.miccai.org/miccai-2026/0844-Paper1813.html,Question-Driven Decision Tree via Knowledge Distillation for Interpretable Prediction,Photo_video,Published_papers/Photo_video/papers_links.csv,81,Photo_video,Published_papers/Photo_video/papers_links.csv,50,kept,"Keep first occurrence by alphabetical modality directory, then original row order"
https://papers.miccai.org/miccai-2026/0845-Paper2360.html,R2P-SAM: Root-to-Prompt Hair Instance Segmentation with Geometric Priors under Point Supervision,Microscopy,Published_papers/Microscopy/papers_links.csv,48,Microscopy,Published_papers/Microscopy/papers_links.csv,32,kept,"Keep first occurrence by alphabetical modality directory, then original row order"
https://papers.miccai.org/miccai-2026/0846-Paper2740.html,RACA: Rule-Aligned Collaborative Agents for Evidence-Grounded Breast Ultrasound Classification,ultrasounds,Published_papers/ultrasounds/papers_links.csv,106,ultrasounds,Published_papers/ultrasounds/papers_links.csv,71,kept,"Keep first occurrence by alphabetical modality directory, then original row order"
https://papers.miccai.org/miccai-2026/0847-Paper5740.html,RADAR: A Multimodal Benchmark for 3D Image-Based Radiology Report Review,CT-XRay,Published_papers/CT-XRay/papers_links.csv,273,CT-XRay,Published_papers/CT-XRay/papers_links.csv,273,kept,"Keep first occurrence by alphabetical modality directory, then original row order"
https://papers.miccai.org/miccai-2026/0848-Paper1791.html,RadHiera: Semantic Hierarchical Reinforcement Learning for Medical Report Generation,CT-XRay,Published_papers/CT-XRay/papers_links.csv,274,CT-XRay,Published_papers/CT-XRay/papers_links.csv,274,kept,"Keep first occurrence by alphabetical modality directory, then original row order"
https://papers.miccai.org/miccai-2026/0849-Paper2094.html,RADIANT-PET: Reasoning-Augmented PET/CT Lesion Segmentation with Large Language Models and Reinforcement Learning,PET_SPECT,Published_papers/PET_SPECT/papers_links.csv,18,PET_SPECT,Published_papers/PET_SPECT/papers_links.csv,9,kept,"Keep first occurrence by alphabetical modality directory, then original row order"
https://papers.miccai.org/miccai-2026/0850-Paper4714.html,Radiogenomics-Driven Hierarchical Multimodal Stacking for Non-invasive Triage of High-Risk PKD1-Truncating Genotypes in ADPKD,MRI,Published_papers/MRI/papers_links.csv,210,MRI,Published_papers/MRI/papers_links.csv,123,kept,"Keep first occurrence by alphabetical modality directory, then original row order"
https://papers.miccai.org/miccai-2026/0851-Paper2420.html,RaD-Seg: Region-Aware Disentangled Learning for Plan-Guided Longitudinal Tumor Segmentation in Head-and-Neck Adaptive Radiotherapy,MRI,Published_papers/MRI/papers_links.csv,209,MRI,Published_papers/MRI/papers_links.csv,124,kept,"Keep first occurrence by alphabetical modality directory, then original row order"
https://papers.miccai.org/miccai-2026/0852-Paper3168.html,RadSLDP: Selective Local Differential Privacy for Radiology Vision-Language Models,CT-XRay,Published_papers/CT-XRay/papers_links.csv,275,CT-XRay,Published_papers/CT-XRay/papers_links.csv,275,kept,"Keep first occurrence by alphabetical modality directory, then original row order"
https://papers.miccai.org/miccai-2026/0853-Paper1120.html,RaLMPH: Reliability-Aware Learning for Multi-Pathologist Harmonization in Whole-Slide Image Classification,Histology,Published_papers/Histology/papers_links.csv,92,Histology,Published_papers/Histology/papers_links.csv,80,kept,"Keep first occurrence by alphabetical modality directory, then original row order"
https://papers.miccai.org/miccai-2026/0854-Paper5091.html,RAM-Missing: Retrieval-Augmented Missing-Aware Fusion for Robust Lung Cancer Subtyping,CT-XRay,Published_papers/CT-XRay/papers_links.csv,276,CT-XRay,Published_papers/CT-XRay/papers_links.csv,276,kept,"Keep first occurrence by alphabetical modality directory, then original row order"
https://papers.miccai.org/miccai-2026/0854-Paper5091.html,RAM-Missing: Retrieval-Augmented Missing-Aware Fusion for Robust Lung Cancer Subtyping,Histology,Published_papers/Histology/papers_links.csv,93,CT-XRay,Published_papers/CT-XRay/papers_links.csv,276,removed_duplicate,"Keep first occurrence by alphabetical modality directory, then original row order"
https://papers.miccai.org/miccai-2026/0854-Paper5091.html,RAM-Missing: Retrieval-Augmented Missing-Aware Fusion for Robust Lung Cancer Subtyping,Multimodals,Published_papers/Multimodals/papers_links.csv,23,CT-XRay,Published_papers/CT-XRay/papers_links.csv,276,removed_duplicate,"Keep first occurrence by alphabetical modality directory, then original row order"
https://papers.miccai.org/miccai-2026/0855-Paper1391.html,RAPO: Risk-Aware Anatomical Prior Optimization via Reinforcement Learning for CAC Detection in Rheumatoid Arthritis,CT-XRay,Published_papers/CT-XRay/papers_links.csv,277,CT-XRay,Published_papers/CT-XRay/papers_links.csv,277,kept,"Keep first occurrence by alphabetical modality directory, then original row order"
https://papers.miccai.org/miccai-2026/0856-Paper1264.html,RareGCD: Toward Rare Disease Discovery via Generalized Category Discovery,CT-XRay,Published_papers/CT-XRay/papers_links.csv,278,CT-XRay,Published_papers/CT-XRay/papers_links.csv,278,kept,"Keep first occurrence by alphabetical modality directory, then original row order"
https://papers.miccai.org/miccai-2026/0856-Paper1264.html,RareGCD: Toward Rare Disease Discovery via Generalized Category Discovery,Histology,Published_papers/Histology/papers_links.csv,94,CT-XRay,Published_papers/CT-XRay/papers_links.csv,278,removed_duplicate,"Keep first occurrence by alphabetical modality directory, then original row order"
https://papers.miccai.org/miccai-2026/0857-Paper4703.html,RASP: Bridging the Long-Tail Gap in Surgical Video Understanding via Retrieval-Augmented Perception,Endoscopy,Published_papers/Endoscopy/papers_links.csv,62,Endoscopy,Published_papers/Endoscopy/papers_links.csv,55,kept,"Keep first occurrence by alphabetical modality directory, then original row order"
https://papers.miccai.org/miccai-2026/0858-Paper0427.html,RatSeizure: A Benchmark and Saliency-Context Transformer for Rat Seizure Localization,Photo_video,Published_papers/Photo_video/papers_links.csv,83,Photo_video,Published_papers/Photo_video/papers_links.csv,51,kept,"Keep first occurrence by alphabetical modality directory, then original row order"
https://papers.miccai.org/miccai-2026/0859-Paper2147.html,RDE-Seg: Role-Disentangled Experts with Residual Routing and Anatomy Constraints for DSA Guidewire Segmentation,CT-XRay,Published_papers/CT-XRay/papers_links.csv,279,CT-XRay,Published_papers/CT-XRay/papers_links.csv,279,kept,"Keep first occurrence by alphabetical modality directory, then original row order"
https://papers.miccai.org/miccai-2026/0860-Paper5386.html,Really Need Recursion? Revisiting One-Pass Registration with Multi-Level Multi-Space Contextual Guidance,MRI,Published_papers/MRI/papers_links.csv,211,MRI,Published_papers/MRI/papers_links.csv,125,kept,"Keep first occurrence by alphabetical modality directory, then original row order"
https://papers.miccai.org/miccai-2026/0861-Paper6213.html,Real-Time 6D Ultrasound Probe Pose Tracking in Freehand Scanning,ultrasounds,Published_papers/ultrasounds/papers_links.csv,107,ultrasounds,Published_papers/ultrasounds/papers_links.csv,72,kept,"Keep first occurrence by alphabetical modality directory, then original row order"
https://papers.miccai.org/miccai-2026/0862-Paper2888.html,Real-Time Hardware-Free HIFU Interference Suppression via Teacher-Student Diffusion Framework,ultrasounds,Published_papers/ultrasounds/papers_links.csv,108,ultrasounds,Published_papers/ultrasounds/papers_links.csv,73,kept,"Keep first occurrence by alphabetical modality directory, then original row order"
https://papers.miccai.org/miccai-2026/0863-Paper6181.html,Real-Time Prediction of Impending Severe Fetal Distress Using Deep Learning on Fetal Heart Rate Monitoring,Physio-signals,Published_papers/Physio-signals/papers_links.csv,43,Physio-signals,Published_papers/Physio-signals/papers_links.csv,30,kept,"Keep first occurrence by alphabetical modality directory, then original row order"
https://papers.miccai.org/miccai-2026/0864-Paper3993.html,Reasoning Text-to-Video Retrieval for Operating Room Clips via Action-Driven Digital Twins,Others,Published_papers/Others/papers_links.csv,72,Others,Published_papers/Others/papers_links.csv,41,kept,"Keep first occurrence by alphabetical modality directory, then original row order"
https://papers.miccai.org/miccai-2026/0865-Paper6450.html,Reasoning Trace Divergence: An Empirical Signal for Trustworthy Black-Box MLLMs in Histopathology Classification,Histology,Published_papers/Histology/papers_links.csv,95,Histology,Published_papers/Histology/papers_links.csv,81,kept,"Keep first occurrence by alphabetical modality directory, then original row order"
https://papers.miccai.org/miccai-2026/0866-Paper1142.html,Reconstructing Isotropic 3D Cervical MRI from Anisotropic Clinical Scans via Anatomy-Style Decoupled INRs,MRI,Published_papers/MRI/papers_links.csv,212,MRI,Published_papers/MRI/papers_links.csv,126,kept,"Keep first occurrence by alphabetical modality directory, then original row order"
https://papers.miccai.org/miccai-2026/0867-Paper2677.html,"Recover Semantics First, Generate Better: Improved Latent Modeling for 3D MRI Reconstruction and Cross-Contrast Synthesis",MRI,Published_papers/MRI/papers_links.csv,213,MRI,Published_papers/MRI/papers_links.csv,127,kept,"Keep first occurrence by alphabetical modality directory, then original row order"
https://papers.miccai.org/miccai-2026/0868-Paper5257.html,ReDIVE: A Two-Stage Hybrid Network for Keratitis Diagnosis via Retinex-based Enhancement and Depth-Informed Vertical Embedding,Microscopy,Published_papers/Microscopy/papers_links.csv,49,Microscopy,Published_papers/Microscopy/papers_links.csv,33,kept,"Keep first occurrence by alphabetical modality directory, then original row order"
https://papers.miccai.org/miccai-2026/0869-Paper5035.html,Reducing Expert Annotation Effort for CTA Vessel Delineation with Synthetic Pretraining,CT-XRay,Published_papers/CT-XRay/papers_links.csv,280,CT-XRay,Published_papers/CT-XRay/papers_links.csv,280,kept,"Keep first occurrence by alphabetical modality directory, then original row order"
https://papers.miccai.org/miccai-2026/0870-Paper0566.html,Reference-Guided Gradient Balancing Loss for Long-Tailed Multi-label Medical Image Classification,CT-XRay,Published_papers/CT-XRay/papers_links.csv,281,CT-XRay,Published_papers/CT-XRay/papers_links.csv,281,kept,"Keep first occurrence by alphabetical modality directory, then original row order"
https://papers.miccai.org/miccai-2026/0871-Paper0740.html,Refining 3D Medical Segmentation with Verbal Instruction,MRI,Published_papers/MRI/papers_links.csv,214,MRI,Published_papers/MRI/papers_links.csv,128,kept,"Keep first occurrence by alphabetical modality directory, then original row order"
https://papers.miccai.org/miccai-2026/0871-Paper0740.html,Refining 3D Medical Segmentation with Verbal Instruction,Others,Published_papers/Others/papers_links.csv,73,MRI,Published_papers/MRI/papers_links.csv,128,removed_duplicate,"Keep first occurrence by alphabetical modality directory, then original row order"
https://papers.miccai.org/miccai-2026/0872-Paper1715.html,Reformulating Chest X-Ray Report Generation as Fine-Grained Visual Question Answering with Structured Clinical Report Templates,CT-XRay,Published_papers/CT-XRay/papers_links.csv,282,CT-XRay,Published_papers/CT-XRay/papers_links.csv,282,kept,"Keep first occurrence by alphabetical modality directory, then original row order"
https://papers.miccai.org/miccai-2026/0873-Paper1612.html,RefTr: Recurrent Refinement of Confluent Trajectories for 3D Tubular Tree Centerlines,CT-XRay,Published_papers/CT-XRay/papers_links.csv,283,CT-XRay,Published_papers/CT-XRay/papers_links.csv,283,kept,"Keep first occurrence by alphabetical modality directory, then original row order"
https://papers.miccai.org/miccai-2026/0874-Paper1506.html,Reliability-Aware Cross-Prompt Aggregation for Propagation-Based Segmentation of Arbitrary 3D Medical Objects,CT-XRay,Published_papers/CT-XRay/papers_links.csv,284,CT-XRay,Published_papers/CT-XRay/papers_links.csv,284,kept,"Keep first occurrence by alphabetical modality directory, then original row order"
https://papers.miccai.org/miccai-2026/0875-Paper1855.html,ReLiF-3D: Prior-Guided Semi-supervised 3D MRI Segmentation via Robust Bias-Consistent Paired Views,MRI,Published_papers/MRI/papers_links.csv,215,MRI,Published_papers/MRI/papers_links.csv,129,kept,"Keep first occurrence by alphabetical modality directory, then original row order"
https://papers.miccai.org/miccai-2026/0876-Paper5016.html,ReMeDI: Refined Memory for Disambiguation of Identities with SAM3 in Surgical Segmentation,Endoscopy,Published_papers/Endoscopy/papers_links.csv,63,Endoscopy,Published_papers/Endoscopy/papers_links.csv,56,kept,"Keep first occurrence by alphabetical modality directory, then original row order"
https://papers.miccai.org/miccai-2026/0877-Paper3998.html,Remixing Embeddings for Patient Augmentation in Data Scarce Multiple Instance Learning,Histology,Published_papers/Histology/papers_links.csv,96,Histology,Published_papers/Histology/papers_links.csv,82,kept,"Keep first occurrence by alphabetical modality directory, then original row order"
https://papers.miccai.org/miccai-2026/0877-Paper3998.html,Remixing Embeddings for Patient Augmentation in Data Scarce Multiple Instance Learning,Others,Published_papers/Others/papers_links.csv,74,Histology,Published_papers/Histology/papers_links.csv,82,removed_duplicate,"Keep first occurrence by alphabetical modality directory, then original row order"
https://papers.miccai.org/miccai-2026/0878-Paper2915.html,ReMiX-Seg: Latent Modality Completion Meets Expert Routing for Robust Glioma Segmentation,MRI,Published_papers/MRI/papers_links.csv,216,MRI,Published_papers/MRI/papers_links.csv,130,kept,"Keep first occurrence by alphabetical modality directory, then original row order"
https://papers.miccai.org/miccai-2026/0879-Paper2090.html,RePCM: Region-Specific and Phenotype-Adaptive Bi-ventricular Cardiac Motion Synthesis,MRI,Published_papers/MRI/papers_links.csv,217,MRI,Published_papers/MRI/papers_links.csv,131,kept,"Keep first occurrence by alphabetical modality directory, then original row order"
https://papers.miccai.org/miccai-2026/0880-Paper0852.html,ReportX: The BraTS Clinical Report Dataset,MRI,Published_papers/MRI/papers_links.csv,218,MRI,Published_papers/MRI/papers_links.csv,132,kept,"Keep first occurrence by alphabetical modality directory, then original row order"
https://papers.miccai.org/miccai-2026/0881-Paper0399.html,Representation Learning with Distance-Residualized Functional Connectivity for Cortical Parcellation from rs-fMRI,Func_MRI,Published_papers/Func_MRI/papers_links.csv,41,Func_MRI,Published_papers/Func_MRI/papers_links.csv,32,kept,"Keep first occurrence by alphabetical modality directory, then original row order"
https://papers.miccai.org/miccai-2026/0882-Paper5128.html,ReScan-IA: A Spatially-Adaptive Diffusion Framework for Controllable 3D Intracranial Aneurysm Inpainting,CT-XRay,Published_papers/CT-XRay/papers_links.csv,285,CT-XRay,Published_papers/CT-XRay/papers_links.csv,285,kept,"Keep first occurrence by alphabetical modality directory, then original row order"
https://papers.miccai.org/miccai-2026/0883-Paper6182.html,Research Design Considerations for Empirical User Studies in MICCAI,Others,Published_papers/Others/papers_links.csv,75,Others,Published_papers/Others/papers_links.csv,42,kept,"Keep first occurrence by alphabetical modality directory, then original row order"
https://papers.miccai.org/miccai-2026/0884-Paper3942.html,Residual Diffusion Bridge in Wavelet Space for Medical Image Translation,MRI,Published_papers/MRI/papers_links.csv,219,MRI,Published_papers/MRI/papers_links.csv,133,kept,"Keep first occurrence by alphabetical modality directory, then original row order"
https://papers.miccai.org/miccai-2026/0885-Paper1766.html,Residual-Aware Structured Pruning with Dual-Stream Alignment for Adapter-Tuned SAM,MRI,Published_papers/MRI/papers_links.csv,220,MRI,Published_papers/MRI/papers_links.csv,134,kept,"Keep first occurrence by alphabetical modality directory, then original row order"
https://papers.miccai.org/miccai-2026/0886-Paper1434.html,Resolution-Conditioned Representation Learning for Unified Brain MRI Modeling,MRI,Published_papers/MRI/papers_links.csv,221,MRI,Published_papers/MRI/papers_links.csv,135,kept,"Keep first occurrence by alphabetical modality directory, then original row order"
https://papers.miccai.org/miccai-2026/0887-Paper1583.html,Response-Aware Multimodal Learning for Post-treatment Visual Acuity Forecasting,EHR,Published_papers/EHR/papers_links.csv,24,EHR,Published_papers/EHR/papers_links.csv,18,kept,"Keep first occurrence by alphabetical modality directory, then original row order"
https://papers.miccai.org/miccai-2026/0887-Paper1583.html,Response-Aware Multimodal Learning for Post-treatment Visual Acuity Forecasting,Photo_video,Published_papers/Photo_video/papers_links.csv,84,EHR,Published_papers/EHR/papers_links.csv,18,removed_duplicate,"Keep first occurrence by alphabetical modality directory, then original row order"
https://papers.miccai.org/miccai-2026/0888-Paper2424.html,Rest2Visual: Predicting Visually Evoked fMRI from Resting-State Scans,Computational_imagings,Published_papers/Computational_imagings/papers_links.csv,23,Computational_imagings,Published_papers/Computational_imagings/papers_links.csv,15,kept,"Keep first occurrence by alphabetical modality directory, then original row order"
https://papers.miccai.org/miccai-2026/0888-Paper2424.html,Rest2Visual: Predicting Visually Evoked fMRI from Resting-State Scans,Func_MRI,Published_papers/Func_MRI/papers_links.csv,42,Computational_imagings,Published_papers/Computational_imagings/papers_links.csv,15,removed_duplicate,"Keep first occurrence by alphabetical modality directory, then original row order"
https://papers.miccai.org/miccai-2026/0889-Paper3169.html,Rethinking RAG: Mitigating Text-Driven Hallucinations via Feature-Level Retrieval Integration in Medical LVLMs,CT-XRay,Published_papers/CT-XRay/papers_links.csv,286,CT-XRay,Published_papers/CT-XRay/papers_links.csv,286,kept,"Keep first occurrence by alphabetical modality directory, then original row order"
https://papers.miccai.org/miccai-2026/0890-Paper0247.html,Rethinking the Adaptation of Vision Foundation Models for Efficient Cell Segmentation,Microscopy,Published_papers/Microscopy/papers_links.csv,50,Microscopy,Published_papers/Microscopy/papers_links.csv,34,kept,"Keep first occurrence by alphabetical modality directory, then original row order"
https://papers.miccai.org/miccai-2026/0891-Paper2826.html,Retinopathy of Prematurity Staging via Prototype-Evidential Learning,Photo_video,Published_papers/Photo_video/papers_links.csv,85,Photo_video,Published_papers/Photo_video/papers_links.csv,52,kept,"Keep first occurrence by alphabetical modality directory, then original row order"
https://papers.miccai.org/miccai-2026/0892-Paper1917.html,Retrieval-Augmented Anatomical Guidance for Text-to-CT Generation,CT-XRay,Published_papers/CT-XRay/papers_links.csv,287,CT-XRay,Published_papers/CT-XRay/papers_links.csv,287,kept,"Keep first occurrence by alphabetical modality directory, then original row order"
https://papers.miccai.org/miccai-2026/0893-Paper2015.html,Retrieval-Based Mixture-of-Experts for Patient-Specific Cancer Survival Prediction with Incomplete Multimodal Data,Histology,Published_papers/Histology/papers_links.csv,97,Histology,Published_papers/Histology/papers_links.csv,83,kept,"Keep first occurrence by alphabetical modality directory, then original row order"
https://papers.miccai.org/miccai-2026/0893-Paper2015.html,Retrieval-Based Mixture-of-Experts for Patient-Specific Cancer Survival Prediction with Incomplete Multimodal Data,Others,Published_papers/Others/papers_links.csv,76,Histology,Published_papers/Histology/papers_links.csv,83,removed_duplicate,"Keep first occurrence by alphabetical modality directory, then original row order"
https://papers.miccai.org/miccai-2026/0894-Paper1631.html,Retrieval-Guided Semi-supervised Federated Learning for Medical Image Segmentation,Endoscopy,Published_papers/Endoscopy/papers_links.csv,64,Endoscopy,Published_papers/Endoscopy/papers_links.csv,57,kept,"Keep first occurrence by alphabetical modality directory, then original row order"
https://papers.miccai.org/miccai-2026/0895-Paper2649.html,REVEAL++: Differentiable Phenotypic Grouping for Vision–Language Retinal Modeling of Alzheimer’s Disease Risk,Others,Published_papers/Others/papers_links.csv,77,Others,Published_papers/Others/papers_links.csv,43,kept,"Keep first occurrence by alphabetical modality directory, then original row order"
https://papers.miccai.org/miccai-2026/0895-Paper2649.html,REVEAL++: Differentiable Phenotypic Grouping for Vision–Language Retinal Modeling of Alzheimer’s Disease Risk,Photo_video,Published_papers/Photo_video/papers_links.csv,86,Others,Published_papers/Others/papers_links.csv,43,removed_duplicate,"Keep first occurrence by alphabetical modality directory, then original row order"
https://papers.miccai.org/miccai-2026/0896-Paper3515.html,Revisiting Integration of Image and Metadata for DICOM Series Classification: Cross-Attention and Dictionary Learning,MRI,Published_papers/MRI/papers_links.csv,222,MRI,Published_papers/MRI/papers_links.csv,136,kept,"Keep first occurrence by alphabetical modality directory, then original row order"
https://papers.miccai.org/miccai-2026/0897-Paper1020.html,Reward-Guided Distillation: A Progressive Pseudo-Bag Purification Framework for WSI Multiple Instance Learning,Histology,Published_papers/Histology/papers_links.csv,98,Histology,Published_papers/Histology/papers_links.csv,84,kept,"Keep first occurrence by alphabetical modality directory, then original row order"
https://papers.miccai.org/miccai-2026/0898-Paper1392.html,Riemannian Batch Normalization on Correlation Manifolds for EEG Decoding,Physio-signals,Published_papers/Physio-signals/papers_links.csv,44,Physio-signals,Published_papers/Physio-signals/papers_links.csv,31,kept,"Keep first occurrence by alphabetical modality directory, then original row order"
https://papers.miccai.org/miccai-2026/0899-Paper3813.html,"Right Answer, Wrong Evidence: Revealing Visual Confabulation in Multi-Image Medical VLMs with the Evidence Attribution Score",CT-XRay,Published_papers/CT-XRay/papers_links.csv,288,CT-XRay,Published_papers/CT-XRay/papers_links.csv,288,kept,"Keep first occurrence by alphabetical modality directory, then original row order"
https://papers.miccai.org/miccai-2026/0899-Paper3813.html,"Right Answer, Wrong Evidence: Revealing Visual Confabulation in Multi-Image Medical VLMs with the Evidence Attribution Score",MRI,Published_papers/MRI/papers_links.csv,223,CT-XRay,Published_papers/CT-XRay/papers_links.csv,288,removed_duplicate,"Keep first occurrence by alphabetical modality directory, then original row order"
https://papers.miccai.org/miccai-2026/0899-Paper3813.html,"Right Answer, Wrong Evidence: Revealing Visual Confabulation in Multi-Image Medical VLMs with the Evidence Attribution Score",Photo_video,Published_papers/Photo_video/papers_links.csv,87,CT-XRay,Published_papers/CT-XRay/papers_links.csv,288,removed_duplicate,"Keep first occurrence by alphabetical modality directory, then original row order"
https://papers.miccai.org/miccai-2026/0900-Paper2933.html,R-MSA: Rhythm-Conditioned Surgical Video Skill Assessment via Morphology Synchronization and Uncertainty Calibration,Photo_video,Published_papers/Photo_video/papers_links.csv,82,Photo_video,Published_papers/Photo_video/papers_links.csv,53,kept,"Keep first occurrence by alphabetical modality directory, then original row order"
https://papers.miccai.org/miccai-2026/0900-Paper2933.html,R-MSA: Rhythm-Conditioned Surgical Video Skill Assessment via Morphology Synchronization and Uncertainty Calibration,Robotics,Published_papers/Robotics/papers_links.csv,13,Photo_video,Published_papers/Photo_video/papers_links.csv,53,removed_duplicate,"Keep first occurrence by alphabetical modality directory, then original row order"
https://papers.miccai.org/miccai-2026/0901-Paper5031.html,Robotic Ultrasound Makes CBCT Alive,Robotics,Published_papers/Robotics/papers_links.csv,14,Robotics,Published_papers/Robotics/papers_links.csv,4,kept,"Keep first occurrence by alphabetical modality directory, then original row order"
https://papers.miccai.org/miccai-2026/0901-Paper5031.html,Robotic Ultrasound Makes CBCT Alive,ultrasounds,Published_papers/ultrasounds/papers_links.csv,109,Robotics,Published_papers/Robotics/papers_links.csv,4,removed_duplicate,"Keep first occurrence by alphabetical modality directory, then original row order"
https://papers.miccai.org/miccai-2026/0902-Paper1486.html,Robust automatic brain vessel segmentation in 3D CTA scans using dynamic 4D-CTA data,CT-XRay,Published_papers/CT-XRay/papers_links.csv,289,CT-XRay,Published_papers/CT-XRay/papers_links.csv,289,kept,"Keep first occurrence by alphabetical modality directory, then original row order"
https://papers.miccai.org/miccai-2026/0903-Paper2213.html,Robust Colonoscopy Video Polyp Segmentation via Quality-Aware Memory and Prototype Alignment,Endoscopy,Published_papers/Endoscopy/papers_links.csv,65,Endoscopy,Published_papers/Endoscopy/papers_links.csv,58,kept,"Keep first occurrence by alphabetical modality directory, then original row order"
https://papers.miccai.org/miccai-2026/0903-Paper2213.html,Robust Colonoscopy Video Polyp Segmentation via Quality-Aware Memory and Prototype Alignment,Photo_video,Published_papers/Photo_video/papers_links.csv,88,Endoscopy,Published_papers/Endoscopy/papers_links.csv,58,removed_duplicate,"Keep first occurrence by alphabetical modality directory, then original row order"
https://papers.miccai.org/miccai-2026/0904-Paper2145.html,Robust Mitigation of Age-Dependent Confounding Effects via Sample-Difficulty Decorrelation,CT-XRay,Published_papers/CT-XRay/papers_links.csv,290,CT-XRay,Published_papers/CT-XRay/papers_links.csv,290,kept,"Keep first occurrence by alphabetical modality directory, then original row order"
https://papers.miccai.org/miccai-2026/0905-Paper4686.html,Robust Tooth Segmentation Under Orthodontic CBCT: A Metal Artifact-Aware Approach,CT-XRay,Published_papers/CT-XRay/papers_links.csv,291,CT-XRay,Published_papers/CT-XRay/papers_links.csv,291,kept,"Keep first occurrence by alphabetical modality directory, then original row order"
https://papers.miccai.org/miccai-2026/0906-Paper0705.html,ROTE: Routing–Timescale Framework for Balanced Expert Allocation in MoE-Based Continual Segmentation,Others,Published_papers/Others/papers_links.csv,78,Others,Published_papers/Others/papers_links.csv,44,kept,"Keep first occurrence by alphabetical modality directory, then original row order"
https://papers.miccai.org/miccai-2026/0907-Paper2529.html,RPG-SAM: Reliability-Weighted Prototypes and Geometric Adaptive Threshold Selection for Training-Free One-Shot Polyp Segmentation,Endoscopy,Published_papers/Endoscopy/papers_links.csv,66,Endoscopy,Published_papers/Endoscopy/papers_links.csv,59,kept,"Keep first occurrence by alphabetical modality directory, then original row order"
https://papers.miccai.org/miccai-2026/0908-Paper4075.html,RT-Super: Learning Tumor Segmentation from Longitudinal Images and Reports,CT-XRay,Published_papers/CT-XRay/papers_links.csv,292,CT-XRay,Published_papers/CT-XRay/papers_links.csv,292,kept,"Keep first occurrence by alphabetical modality directory, then original row order"
https://papers.miccai.org/miccai-2026/0909-Paper2353.html,S2DLight: Single Step Diffusion Network via Degradation-Aware Adaptation for Surgical Endoscopic Image Low-Light Enhancement,Endoscopy,Published_papers/Endoscopy/papers_links.csv,67,Endoscopy,Published_papers/Endoscopy/papers_links.csv,60,kept,"Keep first occurrence by alphabetical modality directory, then original row order"
https://papers.miccai.org/miccai-2026/0910-Paper5203.html,S2GAIN: Spatio-Spectral Guided Affinity Imputation Network for Alzheimer’s Disease Diagnosis with Incomplete Modality,MRI,Published_papers/MRI/papers_links.csv,225,MRI,Published_papers/MRI/papers_links.csv,137,kept,"Keep first occurrence by alphabetical modality directory, then original row order"
https://papers.miccai.org/miccai-2026/0910-Paper5203.html,S2GAIN: Spatio-Spectral Guided Affinity Imputation Network for Alzheimer’s Disease Diagnosis with Incomplete Modality,PET_SPECT,Published_papers/PET_SPECT/papers_links.csv,19,MRI,Published_papers/MRI/papers_links.csv,137,removed_duplicate,"Keep first occurrence by alphabetical modality directory, then original row order"
https://papers.miccai.org/miccai-2026/0911-Paper2653.html,S3H-Net: Injecting Hybrid Semantic-Spatial Guidance via Superpixel Hypergraphs for Medical Image Segmentation,Endoscopy,Published_papers/Endoscopy/papers_links.csv,68,Endoscopy,Published_papers/Endoscopy/papers_links.csv,61,kept,"Keep first occurrence by alphabetical modality directory, then original row order"
https://papers.miccai.org/miccai-2026/0911-Paper2653.html,S3H-Net: Injecting Hybrid Semantic-Spatial Guidance via Superpixel Hypergraphs for Medical Image Segmentation,Microscopy,Published_papers/Microscopy/papers_links.csv,51,Endoscopy,Published_papers/Endoscopy/papers_links.csv,61,removed_duplicate,"Keep first occurrence by alphabetical modality directory, then original row order"
https://papers.miccai.org/miccai-2026/0911-Paper2653.html,S3H-Net: Injecting Hybrid Semantic-Spatial Guidance via Superpixel Hypergraphs for Medical Image Segmentation,ultrasounds,Published_papers/ultrasounds/papers_links.csv,110,Endoscopy,Published_papers/Endoscopy/papers_links.csv,61,removed_duplicate,"Keep first occurrence by alphabetical modality directory, then original row order"
https://papers.miccai.org/miccai-2026/0912-Paper2408.html,SA-CFM: Structure-Aware Continuous Flow Matching for Normative Modeling of EEG Microstate,Physio-signals,Published_papers/Physio-signals/papers_links.csv,46,Physio-signals,Published_papers/Physio-signals/papers_links.csv,32,kept,"Keep first occurrence by alphabetical modality directory, then original row order"
https://papers.miccai.org/miccai-2026/0913-Paper3480.html,SAFE-Diff: Scale-Aware Attention and Feature-Dispersive Diffusion with Uncertainty Estimation for Contrast-Enhanced Breast MRI Synthesis,MRI,Published_papers/MRI/papers_links.csv,226,MRI,Published_papers/MRI/papers_links.csv,138,kept,"Keep first occurrence by alphabetical modality directory, then original row order"
https://papers.miccai.org/miccai-2026/0914-Paper1196.html,SAFE-Diff: Structurally Anchored Diffusion for Anatomically Faithful CT Image Super-Resolution,CT-XRay,Published_papers/CT-XRay/papers_links.csv,293,CT-XRay,Published_papers/CT-XRay/papers_links.csv,293,kept,"Keep first occurrence by alphabetical modality directory, then original row order"
https://papers.miccai.org/miccai-2026/0915-Paper0802.html,SAGEAgent: A Self-evolving Agent for Cost-Aware Modality Acquisition in Multimodal Survival Prediction,MRI,Published_papers/MRI/papers_links.csv,227,MRI,Published_papers/MRI/papers_links.csv,139,kept,"Keep first occurrence by alphabetical modality directory, then original row order"
https://papers.miccai.org/miccai-2026/0916-Paper3034.html,SAM2 as a Key Bridge Between 2D Slices and 3D Volumes for Sparsely-supervised Medical Image Segmentation,CT-XRay,Published_papers/CT-XRay/papers_links.csv,294,CT-XRay,Published_papers/CT-XRay/papers_links.csv,294,kept,"Keep first occurrence by alphabetical modality directory, then original row order"
https://papers.miccai.org/miccai-2026/0917-Paper4643.html,SAM-Cluster and SAM-LP: Structure-Aware Evaluation Metrics for Selecting WSI Feature Extractors Without MIL Training,Histology,Published_papers/Histology/papers_links.csv,99,Histology,Published_papers/Histology/papers_links.csv,85,kept,"Keep first occurrence by alphabetical modality directory, then original row order"
https://papers.miccai.org/miccai-2026/0918-Paper3249.html,SAMoCo: A Learning-Initialized and Physics-Refined Framework for Sampling-Agnostic Motion Correction in MRI,MRI,Published_papers/MRI/papers_links.csv,228,MRI,Published_papers/MRI/papers_links.csv,140,kept,"Keep first occurrence by alphabetical modality directory, then original row order"
https://papers.miccai.org/miccai-2026/0919-Paper4448.html,SANT-CBM: Structurally-Aware and Noise-Tolerant Semi-supervised Concept Bottleneck Models,Photo_video,Published_papers/Photo_video/papers_links.csv,89,Photo_video,Published_papers/Photo_video/papers_links.csv,54,kept,"Keep first occurrence by alphabetical modality directory, then original row order"
https://papers.miccai.org/miccai-2026/0920-Paper1730.html,SAR-Net: Sample-Agnostic Retrieval Network for Robust Brain Tumor Segmentation with Missing Modalities,MRI,Published_papers/MRI/papers_links.csv,229,MRI,Published_papers/MRI/papers_links.csv,141,kept,"Keep first occurrence by alphabetical modality directory, then original row order"
https://papers.miccai.org/miccai-2026/0921-Paper5513.html,SAVer: Structure-Aware Validation of Standard Fetal Head Planes via Clinically Grounded Anatomical Completeness,ultrasounds,Published_papers/ultrasounds/papers_links.csv,111,ultrasounds,Published_papers/ultrasounds/papers_links.csv,74,kept,"Keep first occurrence by alphabetical modality directory, then original row order"
https://papers.miccai.org/miccai-2026/0922-Paper2781.html,SAW: Toward a Surgical Action World Model via Controllable and Scalable Video Generation,Robotics,Published_papers/Robotics/papers_links.csv,15,Robotics,Published_papers/Robotics/papers_links.csv,5,kept,"Keep first occurrence by alphabetical modality directory, then original row order"
https://papers.miccai.org/miccai-2026/0923-Paper4764.html,Scalable Training of Spatially Grounded 2D Vision–Language Models for Radiology,CT-XRay,Published_papers/CT-XRay/papers_links.csv,295,CT-XRay,Published_papers/CT-XRay/papers_links.csv,295,kept,"Keep first occurrence by alphabetical modality directory, then original row order"
https://papers.miccai.org/miccai-2026/0923-Paper4764.html,Scalable Training of Spatially Grounded 2D Vision–Language Models for Radiology,MRI,Published_papers/MRI/papers_links.csv,230,CT-XRay,Published_papers/CT-XRay/papers_links.csv,295,removed_duplicate,"Keep first occurrence by alphabetical modality directory, then original row order"
https://papers.miccai.org/miccai-2026/0924-Paper6624.html,S-CEReBrO: Breaking the Memory Barrier in Continuous EEG Monitoring,Physio-signals,Published_papers/Physio-signals/papers_links.csv,45,Physio-signals,Published_papers/Physio-signals/papers_links.csv,33,kept,"Keep first occurrence by alphabetical modality directory, then original row order"
https://papers.miccai.org/miccai-2026/0925-Paper5377.html,SCISSR: Scribble-Conditioned Interactive Surgical Segmentation and Refinement,Endoscopy,Published_papers/Endoscopy/papers_links.csv,69,Endoscopy,Published_papers/Endoscopy/papers_links.csv,62,kept,"Keep first occurrence by alphabetical modality directory, then original row order"
https://papers.miccai.org/miccai-2026/0926-Paper0226.html,SCKAN: Structural Consensus-Based KAN Prototype Learning for Semi-supervised Pancreas Segmentation,CT-XRay,Published_papers/CT-XRay/papers_links.csv,296,CT-XRay,Published_papers/CT-XRay/papers_links.csv,296,kept,"Keep first occurrence by alphabetical modality directory, then original row order"
https://papers.miccai.org/miccai-2026/0927-Paper1119.html,ScribbleDose: Scribble-Guided Dose Prediction in Radiotherapy,CT-XRay,Published_papers/CT-XRay/papers_links.csv,297,CT-XRay,Published_papers/CT-XRay/papers_links.csv,297,kept,"Keep first occurrence by alphabetical modality directory, then original row order"
https://papers.miccai.org/miccai-2026/0928-Paper1385.html,SD-SAM: Synergizing SAM and DINOv3 for Parameter-Efficient Polyp Segmentation and a Challenging Benchmark Dataset,Endoscopy,Published_papers/Endoscopy/papers_links.csv,70,Endoscopy,Published_papers/Endoscopy/papers_links.csv,63,kept,"Keep first occurrence by alphabetical modality directory, then original row order"
https://papers.miccai.org/miccai-2026/0929-Paper4124.html,Seamless Whole Slide Label-Free Virtual Staining,Computational_imagings,Published_papers/Computational_imagings/papers_links.csv,24,Computational_imagings,Published_papers/Computational_imagings/papers_links.csv,16,kept,"Keep first occurrence by alphabetical modality directory, then original row order"
https://papers.miccai.org/miccai-2026/0929-Paper4124.html,Seamless Whole Slide Label-Free Virtual Staining,Histology,Published_papers/Histology/papers_links.csv,100,Computational_imagings,Published_papers/Computational_imagings/papers_links.csv,16,removed_duplicate,"Keep first occurrence by alphabetical modality directory, then original row order"
https://papers.miccai.org/miccai-2026/0929-Paper4124.html,Seamless Whole Slide Label-Free Virtual Staining,Microscopy,Published_papers/Microscopy/papers_links.csv,52,Computational_imagings,Published_papers/Computational_imagings/papers_links.csv,16,removed_duplicate,"Keep first occurrence by alphabetical modality directory, then original row order"
https://papers.miccai.org/miccai-2026/0930-Paper3635.html,SeedPro: Place Brachytherapy Seeds Like Expert Clinicians via Hierarchical Reinforcement Agents,CT-XRay,Published_papers/CT-XRay/papers_links.csv,298,CT-XRay,Published_papers/CT-XRay/papers_links.csv,298,kept,"Keep first occurrence by alphabetical modality directory, then original row order"
https://papers.miccai.org/miccai-2026/0931-Paper1298.html,Seeing Through Multiple Views: Parameter-Efficient Fine-Tuning via Selective Neurons for Consistent Radiology Report Generation,CT-XRay,Published_papers/CT-XRay/papers_links.csv,299,CT-XRay,Published_papers/CT-XRay/papers_links.csv,299,kept,"Keep first occurrence by alphabetical modality directory, then original row order"
https://papers.miccai.org/miccai-2026/0932-Paper4094.html,Seeing Through Smoke: Surgical Desmoking for Improved Visual Perception,Endoscopy,Published_papers/Endoscopy/papers_links.csv,71,Endoscopy,Published_papers/Endoscopy/papers_links.csv,64,kept,"Keep first occurrence by alphabetical modality directory, then original row order"
https://papers.miccai.org/miccai-2026/0932-Paper4094.html,Seeing Through Smoke: Surgical Desmoking for Improved Visual Perception,Robotics,Published_papers/Robotics/papers_links.csv,16,Endoscopy,Published_papers/Endoscopy/papers_links.csv,64,removed_duplicate,"Keep first occurrence by alphabetical modality directory, then original row order"
https://papers.miccai.org/miccai-2026/0933-Paper0067.html,SegDINO: Introducing Multi-Scale Structure into DINO for Efficient Medical Image Segmentation,CT-XRay,Published_papers/CT-XRay/papers_links.csv,300,CT-XRay,Published_papers/CT-XRay/papers_links.csv,300,kept,"Keep first occurrence by alphabetical modality directory, then original row order"
https://papers.miccai.org/miccai-2026/0933-Paper0067.html,SegDINO: Introducing Multi-Scale Structure into DINO for Efficient Medical Image Segmentation,Endoscopy,Published_papers/Endoscopy/papers_links.csv,72,CT-XRay,Published_papers/CT-XRay/papers_links.csv,300,removed_duplicate,"Keep first occurrence by alphabetical modality directory, then original row order"
https://papers.miccai.org/miccai-2026/0933-Paper0067.html,SegDINO: Introducing Multi-Scale Structure into DINO for Efficient Medical Image Segmentation,Photo_video,Published_papers/Photo_video/papers_links.csv,90,CT-XRay,Published_papers/CT-XRay/papers_links.csv,300,removed_duplicate,"Keep first occurrence by alphabetical modality directory, then original row order"
https://papers.miccai.org/miccai-2026/0933-Paper0067.html,SegDINO: Introducing Multi-Scale Structure into DINO for Efficient Medical Image Segmentation,ultrasounds,Published_papers/ultrasounds/papers_links.csv,112,CT-XRay,Published_papers/CT-XRay/papers_links.csv,300,removed_duplicate,"Keep first occurrence by alphabetical modality directory, then original row order"
https://papers.miccai.org/miccai-2026/0934-Paper4696.html,Segment Anything Model with Symmetric Spectral Uncertainty Gating for Generalizable Medical Image Segmentation,MRI,Published_papers/MRI/papers_links.csv,231,MRI,Published_papers/MRI/papers_links.csv,142,kept,"Keep first occurrence by alphabetical modality directory, then original row order"
https://papers.miccai.org/miccai-2026/0934-Paper4696.html,Segment Anything Model with Symmetric Spectral Uncertainty Gating for Generalizable Medical Image Segmentation,Photo_video,Published_papers/Photo_video/papers_links.csv,91,MRI,Published_papers/MRI/papers_links.csv,142,removed_duplicate,"Keep first occurrence by alphabetical modality directory, then original row order"
https://papers.miccai.org/miccai-2026/0935-Paper3264.html,Selective Confidence Fusion for Specular Highlight Detection in Medical Images,Endoscopy,Published_papers/Endoscopy/papers_links.csv,73,Endoscopy,Published_papers/Endoscopy/papers_links.csv,65,kept,"Keep first occurrence by alphabetical modality directory, then original row order"
https://papers.miccai.org/miccai-2026/0936-Paper1135.html,Selective Rank-1 Orthogonality Regularization: Rethinking Stability-Plasticity Balance in Continual Medical Image Classification,Histology,Published_papers/Histology/papers_links.csv,101,Histology,Published_papers/Histology/papers_links.csv,86,kept,"Keep first occurrence by alphabetical modality directory, then original row order"
https://papers.miccai.org/miccai-2026/0936-Paper1135.html,Selective Rank-1 Orthogonality Regularization: Rethinking Stability-Plasticity Balance in Continual Medical Image Classification,Microscopy,Published_papers/Microscopy/papers_links.csv,53,Histology,Published_papers/Histology/papers_links.csv,86,removed_duplicate,"Keep first occurrence by alphabetical modality directory, then original row order"
https://papers.miccai.org/miccai-2026/0936-Paper1135.html,Selective Rank-1 Orthogonality Regularization: Rethinking Stability-Plasticity Balance in Continual Medical Image Classification,Photo_video,Published_papers/Photo_video/papers_links.csv,92,Histology,Published_papers/Histology/papers_links.csv,86,removed_duplicate,"Keep first occurrence by alphabetical modality directory, then original row order"
https://papers.miccai.org/miccai-2026/0937-Paper3785.html,Self-auditing Parameter-Efficient Fine-Tuning for Few-Shot 3D Medical Image Segmentation,CT-XRay,Published_papers/CT-XRay/papers_links.csv,301,CT-XRay,Published_papers/CT-XRay/papers_links.csv,301,kept,"Keep first occurrence by alphabetical modality directory, then original row order"
https://papers.miccai.org/miccai-2026/0938-Paper1033.html,Self-Supervised Implicit CEST Reconstruction via Physics-Informed Lorentz Encoding,MRI,Published_papers/MRI/papers_links.csv,232,MRI,Published_papers/MRI/papers_links.csv,143,kept,"Keep first occurrence by alphabetical modality directory, then original row order"
https://papers.miccai.org/miccai-2026/0939-Paper3947.html,Self-supervised Learning on Lingual Ultrasound Video Encodes Clinically Meaningful Articulatory Structure of Rhotic Production in Residual Speech Sound Disorder,ultrasounds,Published_papers/ultrasounds/papers_links.csv,113,ultrasounds,Published_papers/ultrasounds/papers_links.csv,75,kept,"Keep first occurrence by alphabetical modality directory, then original row order"
https://papers.miccai.org/miccai-2026/0940-Paper0985.html,Self-supervised Longitudinal Neuroimaging Augmentation for Continuous Staging of Alzheimer’s Disease,PET_SPECT,Published_papers/PET_SPECT/papers_links.csv,20,PET_SPECT,Published_papers/PET_SPECT/papers_links.csv,10,kept,"Keep first occurrence by alphabetical modality directory, then original row order"
https://papers.miccai.org/miccai-2026/0941-Paper1703.html,Self-supervised Spline Autoencoder for Smooth Latent Dynamics in Echocardiography,ultrasounds,Published_papers/ultrasounds/papers_links.csv,114,ultrasounds,Published_papers/ultrasounds/papers_links.csv,76,kept,"Keep first occurrence by alphabetical modality directory, then original row order"
https://papers.miccai.org/miccai-2026/0942-Paper5651.html,Self-supervised Temporal Regularization for Landmark-Based Cardiac Segmentation with Automatic AHA Regional Mapping,ultrasounds,Published_papers/ultrasounds/papers_links.csv,115,ultrasounds,Published_papers/ultrasounds/papers_links.csv,77,kept,"Keep first occurrence by alphabetical modality directory, then original row order"
https://papers.miccai.org/miccai-2026/0943-Paper1039.html,Semantic Feature Modulation for Mammographic Lesion Classification,CT-XRay,Published_papers/CT-XRay/papers_links.csv,302,CT-XRay,Published_papers/CT-XRay/papers_links.csv,302,kept,"Keep first occurrence by alphabetical modality directory, then original row order"
https://papers.miccai.org/miccai-2026/0944-Paper0238.html,Semantically Consistent Whole-Body PET/CT Report Generation with Local Lesion-Level Guidance,PET_SPECT,Published_papers/PET_SPECT/papers_links.csv,21,PET_SPECT,Published_papers/PET_SPECT/papers_links.csv,11,kept,"Keep first occurrence by alphabetical modality directory, then original row order"
https://papers.miccai.org/miccai-2026/0945-Paper2223.html,Semantic-Aware Organ-Level Esophageal Tumor Synthesis via Latent Rectified Flow,CT-XRay,Published_papers/CT-XRay/papers_links.csv,303,CT-XRay,Published_papers/CT-XRay/papers_links.csv,303,kept,"Keep first occurrence by alphabetical modality directory, then original row order"
https://papers.miccai.org/miccai-2026/0946-Paper5633.html,Semantic-Consistent Dual-Image Vision-Language Alignment via Modality Routing for 3D PET/CT,CT-XRay,Published_papers/CT-XRay/papers_links.csv,304,CT-XRay,Published_papers/CT-XRay/papers_links.csv,304,kept,"Keep first occurrence by alphabetical modality directory, then original row order"
https://papers.miccai.org/miccai-2026/0947-Paper2599.html,Sequence-Conditioned Flow-Based Models for Digital Phantom Generation in MRI,MRI,Published_papers/MRI/papers_links.csv,233,MRI,Published_papers/MRI/papers_links.csv,144,kept,"Keep first occurrence by alphabetical modality directory, then original row order"
https://papers.miccai.org/miccai-2026/0948-Paper0220.html,"Set-Based Groupwise Registration for Variable-Length, Variable-Contrast Cardiac MRI",Computational_imagings,Published_papers/Computational_imagings/papers_links.csv,25,Computational_imagings,Published_papers/Computational_imagings/papers_links.csv,17,kept,"Keep first occurrence by alphabetical modality directory, then original row order"
https://papers.miccai.org/miccai-2026/0948-Paper0220.html,"Set-Based Groupwise Registration for Variable-Length, Variable-Contrast Cardiac MRI",MRI,Published_papers/MRI/papers_links.csv,234,Computational_imagings,Published_papers/Computational_imagings/papers_links.csv,17,removed_duplicate,"Keep first occurrence by alphabetical modality directory, then original row order"
https://papers.miccai.org/miccai-2026/0949-Paper1877.html,Set-Inclusive Uncertainty Modeling for Robust Brain Tumor Segmentation,MRI,Published_papers/MRI/papers_links.csv,235,MRI,Published_papers/MRI/papers_links.csv,145,kept,"Keep first occurrence by alphabetical modality directory, then original row order"
https://papers.miccai.org/miccai-2026/0949-Paper1877.html,Set-Inclusive Uncertainty Modeling for Robust Brain Tumor Segmentation,Multimodals,Published_papers/Multimodals/papers_links.csv,24,MRI,Published_papers/MRI/papers_links.csv,145,removed_duplicate,"Keep first occurrence by alphabetical modality directory, then original row order"
https://papers.miccai.org/miccai-2026/0950-Paper0787.html,SF-DINO: Spatial-Frequency Adapted Foundation Model for Multiple Myeloma Diagnosis,Microscopy,Published_papers/Microscopy/papers_links.csv,54,Microscopy,Published_papers/Microscopy/papers_links.csv,35,kept,"Keep first occurrence by alphabetical modality directory, then original row order"
https://papers.miccai.org/miccai-2026/0951-Paper1756.html,S-GRPO: Structural Group Relative Policy Optimization for Medical Image Segmentation,MRI,Published_papers/MRI/papers_links.csv,224,MRI,Published_papers/MRI/papers_links.csv,146,kept,"Keep first occurrence by alphabetical modality directory, then original row order"
https://papers.miccai.org/miccai-2026/0951-Paper1756.html,S-GRPO: Structural Group Relative Policy Optimization for Medical Image Segmentation,Others,Published_papers/Others/papers_links.csv,79,MRI,Published_papers/MRI/papers_links.csv,146,removed_duplicate,"Keep first occurrence by alphabetical modality directory, then original row order"
https://papers.miccai.org/miccai-2026/0952-Paper3242.html,Shape-Adaptive Guidance Signal for Interactive Cortical Sulcal Labeling,MRI,Published_papers/MRI/papers_links.csv,236,MRI,Published_papers/MRI/papers_links.csv,147,kept,"Keep first occurrence by alphabetical modality directory, then original row order"
https://papers.miccai.org/miccai-2026/0953-Paper3358.html,Shape-Aware Registration Without Pretraining: CT-Ultrasound Bone Surface Alignment via Instance-Level Shape Completion,ultrasounds,Published_papers/ultrasounds/papers_links.csv,116,ultrasounds,Published_papers/ultrasounds/papers_links.csv,78,kept,"Keep first occurrence by alphabetical modality directory, then original row order"
https://papers.miccai.org/miccai-2026/0954-Paper2861.html,ShapeEFM: A Shape-Based Pretrained Foundation Model on ECG Morphology Comprehension,Physio-signals,Published_papers/Physio-signals/papers_links.csv,47,Physio-signals,Published_papers/Physio-signals/papers_links.csv,34,kept,"Keep first occurrence by alphabetical modality directory, then original row order"
https://papers.miccai.org/miccai-2026/0955-Paper1676.html,Shape-Scale Aware Diffusion Models for Weakly Supervised Medical Image Anomaly Detection,MRI,Published_papers/MRI/papers_links.csv,237,MRI,Published_papers/MRI/papers_links.csv,148,kept,"Keep first occurrence by alphabetical modality directory, then original row order"
https://papers.miccai.org/miccai-2026/0956-Paper3767.html,ShapKO: Shapley-Adaptive Modality Knockout for Robust Multimodal Learning,CT-XRay,Published_papers/CT-XRay/papers_links.csv,305,CT-XRay,Published_papers/CT-XRay/papers_links.csv,305,kept,"Keep first occurrence by alphabetical modality directory, then original row order"
https://papers.miccai.org/miccai-2026/0956-Paper3767.html,ShapKO: Shapley-Adaptive Modality Knockout for Robust Multimodal Learning,EHR,Published_papers/EHR/papers_links.csv,25,CT-XRay,Published_papers/CT-XRay/papers_links.csv,305,removed_duplicate,"Keep first occurrence by alphabetical modality directory, then original row order"
https://papers.miccai.org/miccai-2026/0956-Paper3767.html,ShapKO: Shapley-Adaptive Modality Knockout for Robust Multimodal Learning,Histology,Published_papers/Histology/papers_links.csv,102,CT-XRay,Published_papers/CT-XRay/papers_links.csv,305,removed_duplicate,"Keep first occurrence by alphabetical modality directory, then original row order"
https://papers.miccai.org/miccai-2026/0956-Paper3767.html,ShapKO: Shapley-Adaptive Modality Knockout for Robust Multimodal Learning,MRI,Published_papers/MRI/papers_links.csv,238,CT-XRay,Published_papers/CT-XRay/papers_links.csv,305,removed_duplicate,"Keep first occurrence by alphabetical modality directory, then original row order"
https://papers.miccai.org/miccai-2026/0957-Paper2065.html,Shared Gaussian Geometry for Brain MRI Spatial Resolution Harmonization Without External Training,MRI,Published_papers/MRI/papers_links.csv,239,MRI,Published_papers/MRI/papers_links.csv,149,kept,"Keep first occurrence by alphabetical modality directory, then original row order"
https://papers.miccai.org/miccai-2026/0958-Paper4741.html,SHINE: An Entropy-Guided Digital Twin Framework for 3D Myocardial Scar Reconstruction from Sparse CMR,MRI,Published_papers/MRI/papers_links.csv,240,MRI,Published_papers/MRI/papers_links.csv,150,kept,"Keep first occurrence by alphabetical modality directory, then original row order"
https://papers.miccai.org/miccai-2026/0959-Paper4889.html,SHOT-CCR: Biologically Guided Adversarial Training for Test-Time Adaptation in Cellular Morphology,Microscopy,Published_papers/Microscopy/papers_links.csv,55,Microscopy,Published_papers/Microscopy/papers_links.csv,36,kept,"Keep first occurrence by alphabetical modality directory, then original row order"
https://papers.miccai.org/miccai-2026/0960-Paper3072.html,SIGMA-VAE: Sketched Isotropic Gaussian Multi-View Autoencoder for Normative Modeling,MRI,Published_papers/MRI/papers_links.csv,241,MRI,Published_papers/MRI/papers_links.csv,151,kept,"Keep first occurrence by alphabetical modality directory, then original row order"
https://papers.miccai.org/miccai-2026/0961-Paper3170.html,Single-Stage Hierarchical Rectification for Weakly Supervised Histopathology Segmentation,Histology,Published_papers/Histology/papers_links.csv,103,Histology,Published_papers/Histology/papers_links.csv,87,kept,"Keep first occurrence by alphabetical modality directory, then original row order"
https://papers.miccai.org/miccai-2026/0962-Paper6049.html,Single-Subject Multi-view MRI Super-Resolution via Implicit Neural Representations,MRI,Published_papers/MRI/papers_links.csv,242,MRI,Published_papers/MRI/papers_links.csv,152,kept,"Keep first occurrence by alphabetical modality directory, then original row order"
https://papers.miccai.org/miccai-2026/0963-Paper1772.html,SIRA: Reasoning-Aware Surgical Instrument Segmentation via Query-Anchored Alignment,Endoscopy,Published_papers/Endoscopy/papers_links.csv,74,Endoscopy,Published_papers/Endoscopy/papers_links.csv,66,kept,"Keep first occurrence by alphabetical modality directory, then original row order"
https://papers.miccai.org/miccai-2026/0963-Paper1772.html,SIRA: Reasoning-Aware Surgical Instrument Segmentation via Query-Anchored Alignment,Photo_video,Published_papers/Photo_video/papers_links.csv,93,Endoscopy,Published_papers/Endoscopy/papers_links.csv,66,removed_duplicate,"Keep first occurrence by alphabetical modality directory, then original row order"
https://papers.miccai.org/miccai-2026/0964-Paper2608.html,Situational context embedding and knowledge-based grounding for LLMs in surgical training assistance,Others,Published_papers/Others/papers_links.csv,80,Others,Published_papers/Others/papers_links.csv,45,kept,"Keep first occurrence by alphabetical modality directory, then original row order"
https://papers.miccai.org/miccai-2026/0965-Paper2357.html,SkepticalNet: A Safety-Aware Interactive Segmentation Framework for Neuro-Oncology,MRI,Published_papers/MRI/papers_links.csv,243,MRI,Published_papers/MRI/papers_links.csv,153,kept,"Keep first occurrence by alphabetical modality directory, then original row order"
https://papers.miccai.org/miccai-2026/0966-Paper3761.html,Skill-Evolving Grounded Reasoning for Free-Text Promptable 3D Medical Image Segmentation,CT-XRay,Published_papers/CT-XRay/papers_links.csv,306,CT-XRay,Published_papers/CT-XRay/papers_links.csv,306,kept,"Keep first occurrence by alphabetical modality directory, then original row order"
https://papers.miccai.org/miccai-2026/0966-Paper3761.html,Skill-Evolving Grounded Reasoning for Free-Text Promptable 3D Medical Image Segmentation,MRI,Published_papers/MRI/papers_links.csv,244,CT-XRay,Published_papers/CT-XRay/papers_links.csv,306,removed_duplicate,"Keep first occurrence by alphabetical modality directory, then original row order"
https://papers.miccai.org/miccai-2026/0967-Paper0579.html,Skin2Mind: A Multimodal Framework for Mental Health Risk Screening via Facial Images and Structured Skin Reports,Photo_video,Published_papers/Photo_video/papers_links.csv,94,Photo_video,Published_papers/Photo_video/papers_links.csv,55,kept,"Keep first occurrence by alphabetical modality directory, then original row order"
https://papers.miccai.org/miccai-2026/0968-Paper2557.html,SLICE-MIL: Counterfactual Semantic Anchoring of Disentangled Evidence for Child-Pugh Grading,CT-XRay,Published_papers/CT-XRay/papers_links.csv,307,CT-XRay,Published_papers/CT-XRay/papers_links.csv,307,kept,"Keep first occurrence by alphabetical modality directory, then original row order"
https://papers.miccai.org/miccai-2026/0969-Paper3442.html,SlideGuard: WSI Artifact Detection Benchmark,Histology,Published_papers/Histology/papers_links.csv,104,Histology,Published_papers/Histology/papers_links.csv,88,kept,"Keep first occurrence by alphabetical modality directory, then original row order"
https://papers.miccai.org/miccai-2026/0970-Paper4849.html,Slim nnU-Net: Revisiting nnU-Net Self Configuration from an Optimization Angle,MRI,Published_papers/MRI/papers_links.csv,245,MRI,Published_papers/MRI/papers_links.csv,154,kept,"Keep first occurrence by alphabetical modality directory, then original row order"
https://papers.miccai.org/miccai-2026/0971-Paper6533.html,SMART-KNEE: Sparse-Morphology Based Anatomical Reconstruction Using Topology-Aware Networks for Imageless Total Knee Arthroplasty,Robotics,Published_papers/Robotics/papers_links.csv,17,Robotics,Published_papers/Robotics/papers_links.csv,6,kept,"Keep first occurrence by alphabetical modality directory, then original row order"
https://papers.miccai.org/miccai-2026/0972-Paper2449.html,Smartphone-Based ASD Screening via Instance-Adaptive Cross-Modal Fusion and Contrastive Learning,Sensors,Published_papers/Sensors/papers_links.csv,17,Sensors,Published_papers/Sensors/papers_links.csv,5,kept,"Keep first occurrence by alphabetical modality directory, then original row order"
https://papers.miccai.org/miccai-2026/0973-Paper2137.html,SONIC: Sonographer-Inspired Conceptual Explanation for Neural Networks,ultrasounds,Published_papers/ultrasounds/papers_links.csv,117,ultrasounds,Published_papers/ultrasounds/papers_links.csv,79,kept,"Keep first occurrence by alphabetical modality directory, then original row order"
https://papers.miccai.org/miccai-2026/0974-Paper5124.html,SonoCLIP: Mask-Guided Region-Aware Vision–Language Pretraining for Fetal Ultrasound Analysis,Multimodals,Published_papers/Multimodals/papers_links.csv,25,Multimodals,Published_papers/Multimodals/papers_links.csv,14,kept,"Keep first occurrence by alphabetical modality directory, then original row order"
https://papers.miccai.org/miccai-2026/0974-Paper5124.html,SonoCLIP: Mask-Guided Region-Aware Vision–Language Pretraining for Fetal Ultrasound Analysis,ultrasounds,Published_papers/ultrasounds/papers_links.csv,118,Multimodals,Published_papers/Multimodals/papers_links.csv,14,removed_duplicate,"Keep first occurrence by alphabetical modality directory, then original row order"
https://papers.miccai.org/miccai-2026/0975-Paper4948.html,Source-Free Domain Adaptation for Medical Image Segmentation via LLM-Agent Collaboration,MRI,Published_papers/MRI/papers_links.csv,246,MRI,Published_papers/MRI/papers_links.csv,155,kept,"Keep first occurrence by alphabetical modality directory, then original row order"
https://papers.miccai.org/miccai-2026/0976-Paper4497.html,Sparse Autoencoders for Interpretable Medical Image Representation Learning,CT-XRay,Published_papers/CT-XRay/papers_links.csv,308,CT-XRay,Published_papers/CT-XRay/papers_links.csv,308,kept,"Keep first occurrence by alphabetical modality directory, then original row order"
https://papers.miccai.org/miccai-2026/0976-Paper4497.html,Sparse Autoencoders for Interpretable Medical Image Representation Learning,MRI,Published_papers/MRI/papers_links.csv,247,CT-XRay,Published_papers/CT-XRay/papers_links.csv,308,removed_duplicate,"Keep first occurrence by alphabetical modality directory, then original row order"
https://papers.miccai.org/miccai-2026/0977-Paper1037.html,Sparse Local Latents for Explainable Zero-Shot Reasoning in Medical Vision-Language Models,CT-XRay,Published_papers/CT-XRay/papers_links.csv,309,CT-XRay,Published_papers/CT-XRay/papers_links.csv,309,kept,"Keep first occurrence by alphabetical modality directory, then original row order"
https://papers.miccai.org/miccai-2026/0978-Paper5645.html,Sparsely Supervised Surgical Video Segmentation with Reliable Asymmetric Dual Memory,Photo_video,Published_papers/Photo_video/papers_links.csv,95,Photo_video,Published_papers/Photo_video/papers_links.csv,56,kept,"Keep first occurrence by alphabetical modality directory, then original row order"
https://papers.miccai.org/miccai-2026/0979-Paper6009.html,Spatially-Aware Graph Geometric Representation for Lung Nodules Detection,CT-XRay,Published_papers/CT-XRay/papers_links.csv,310,CT-XRay,Published_papers/CT-XRay/papers_links.csv,310,kept,"Keep first occurrence by alphabetical modality directory, then original row order"
https://papers.miccai.org/miccai-2026/0980-Paper0448.html,Spatiotemporal Modeling of Longitudinal MRI with Causal Graph Reasoning for Breast Cancer pCR Prediction,MRI,Published_papers/MRI/papers_links.csv,248,MRI,Published_papers/MRI/papers_links.csv,156,kept,"Keep first occurrence by alphabetical modality directory, then original row order"
https://papers.miccai.org/miccai-2026/0981-Paper5716.html,Spatiotemporal Modeling of Tumor Dynamics via Optimal Transport for Enhanced Longitudinal Analysis,CT-XRay,Published_papers/CT-XRay/papers_links.csv,311,CT-XRay,Published_papers/CT-XRay/papers_links.csv,311,kept,"Keep first occurrence by alphabetical modality directory, then original row order"
https://papers.miccai.org/miccai-2026/0982-Paper4287.html,SPEAR: Error-Guided Sparse Refinement for Scalable Deformable Medical Image Registration,MRI,Published_papers/MRI/papers_links.csv,249,MRI,Published_papers/MRI/papers_links.csv,157,kept,"Keep first occurrence by alphabetical modality directory, then original row order"
https://papers.miccai.org/miccai-2026/0983-Paper1928.html,SpecF2M: A Spectral-Aware Multi-task Network Estimating Axial Length and Refractive Error from Pediatric Fundus Photographs,Photo_video,Published_papers/Photo_video/papers_links.csv,96,Photo_video,Published_papers/Photo_video/papers_links.csv,57,kept,"Keep first occurrence by alphabetical modality directory, then original row order"
https://papers.miccai.org/miccai-2026/0984-Paper4444.html,Spectral-Semantic Consensus for Few-Shot Whole Slide Image Classification,Histology,Published_papers/Histology/papers_links.csv,105,Histology,Published_papers/Histology/papers_links.csv,89,kept,"Keep first occurrence by alphabetical modality directory, then original row order"
https://papers.miccai.org/miccai-2026/0985-Paper0830.html,Spectral-Temporal State Space Modeling on Functional Brain Networks,Func_MRI,Published_papers/Func_MRI/papers_links.csv,43,Func_MRI,Published_papers/Func_MRI/papers_links.csv,33,kept,"Keep first occurrence by alphabetical modality directory, then original row order"
https://papers.miccai.org/miccai-2026/0986-Paper1811.html,Speech-Guided Multimodal Learning for Vocal Tract Segmentation in Real-Time MRI,MRI,Published_papers/MRI/papers_links.csv,250,MRI,Published_papers/MRI/papers_links.csv,158,kept,"Keep first occurrence by alphabetical modality directory, then original row order"
https://papers.miccai.org/miccai-2026/0987-Paper3058.html,SPHARM-Mamba: Rotation-Invariant Multiscale Modeling for Brain Age Prediction,MRI,Published_papers/MRI/papers_links.csv,251,MRI,Published_papers/MRI/papers_links.csv,159,kept,"Keep first occurrence by alphabetical modality directory, then original row order"
https://papers.miccai.org/miccai-2026/0988-Paper3622.html,Spherical Clinical Embedding with Adaptive Multi-expert Fusion for AAA Rupture Classification,CT-XRay,Published_papers/CT-XRay/papers_links.csv,312,CT-XRay,Published_papers/CT-XRay/papers_links.csv,312,kept,"Keep first occurrence by alphabetical modality directory, then original row order"
https://papers.miccai.org/miccai-2026/0989-Paper2498.html,SpikeEEGformer: A Spike-Driven Transformer for Generalized EEG Recognition,Physio-signals,Published_papers/Physio-signals/papers_links.csv,48,Physio-signals,Published_papers/Physio-signals/papers_links.csv,35,kept,"Keep first occurrence by alphabetical modality directory, then original row order"
https://papers.miccai.org/miccai-2026/0990-Paper4698.html,SpikeMamba: Spike-Driven State Space Models for Energy-Efficient Biomedical Sequence Modeling,Physio-signals,Published_papers/Physio-signals/papers_links.csv,49,Physio-signals,Published_papers/Physio-signals/papers_links.csv,36,kept,"Keep first occurrence by alphabetical modality directory, then original row order"
https://papers.miccai.org/miccai-2026/0990-Paper4698.html,SpikeMamba: Spike-Driven State Space Models for Energy-Efficient Biomedical Sequence Modeling,Sensors,Published_papers/Sensors/papers_links.csv,18,Physio-signals,Published_papers/Physio-signals/papers_links.csv,36,removed_duplicate,"Keep first occurrence by alphabetical modality directory, then original row order"
https://papers.miccai.org/miccai-2026/0991-Paper6164.html,Spinverse: Differentiable Physics for Permeability-Aware Microstructure Reconstruction from Diffusion MRI,Diffusion-MRI,Published_papers/Diffusion-MRI/papers_links.csv,23,Diffusion-MRI,Published_papers/Diffusion-MRI/papers_links.csv,18,kept,"Keep first occurrence by alphabetical modality directory, then original row order"
https://papers.miccai.org/miccai-2026/0992-Paper5682.html,SRMA-Mamba: Spatial Reverse Mamba Attention Network for Pathological Liver Segmentation in MRI Volumes,MRI,Published_papers/MRI/papers_links.csv,252,MRI,Published_papers/MRI/papers_links.csv,160,kept,"Keep first occurrence by alphabetical modality directory, then original row order"
https://papers.miccai.org/miccai-2026/0993-Paper1735.html,SRPAN: Implicit Neural Slice-to-Volume Reconstruction for Super-Resolution Pancreatic MRI,MRI,Published_papers/MRI/papers_links.csv,253,MRI,Published_papers/MRI/papers_links.csv,161,kept,"Keep first occurrence by alphabetical modality directory, then original row order"
https://papers.miccai.org/miccai-2026/0994-Paper5293.html,SS-IoSR: Self-supervised Intraoral Scans Repair,Others,Published_papers/Others/papers_links.csv,81,Others,Published_papers/Others/papers_links.csv,46,kept,"Keep first occurrence by alphabetical modality directory, then original row order"
https://papers.miccai.org/miccai-2026/0995-Paper2435.html,SSPT: Spiking Serialized Point Transformer for Couinaud Segmentation in 3D Medical Data,CT-XRay,Published_papers/CT-XRay/papers_links.csv,313,CT-XRay,Published_papers/CT-XRay/papers_links.csv,313,kept,"Keep first occurrence by alphabetical modality directory, then original row order"
https://papers.miccai.org/miccai-2026/0995-Paper2435.html,SSPT: Spiking Serialized Point Transformer for Couinaud Segmentation in 3D Medical Data,Others,Published_papers/Others/papers_links.csv,82,CT-XRay,Published_papers/CT-XRay/papers_links.csv,313,removed_duplicate,"Keep first occurrence by alphabetical modality directory, then original row order"
https://papers.miccai.org/miccai-2026/0996-Paper0190.html,Stabilizing Temporal Inference Dynamics for Online Surgical Phase Recognition,Photo_video,Published_papers/Photo_video/papers_links.csv,97,Photo_video,Published_papers/Photo_video/papers_links.csv,58,kept,"Keep first occurrence by alphabetical modality directory, then original row order"
https://papers.miccai.org/miccai-2026/0997-Paper3827.html,Stage-Aware Adaptive Reaction–Diffusion Framework for Modeling Alzheimer’s Disease Progression with Tau and Amyloid-β PET Scans,PET_SPECT,Published_papers/PET_SPECT/papers_links.csv,22,PET_SPECT,Published_papers/PET_SPECT/papers_links.csv,12,kept,"Keep first occurrence by alphabetical modality directory, then original row order"
https://papers.miccai.org/miccai-2026/0998-Paper3598.html,STAMP: Subtype-Aware Spatio-Temporal Atlases for Personalized Prediction of Longitudinal Alzheimer’s Disease Progression,MRI,Published_papers/MRI/papers_links.csv,254,MRI,Published_papers/MRI/papers_links.csv,162,kept,"Keep first occurrence by alphabetical modality directory, then original row order"
https://papers.miccai.org/miccai-2026/0999-Paper2940.html,"Steer the Sampling, Not the Kernel Grid: Geometry-Guided Sampling Operator for Volumetric Segmentation",CT-XRay,Published_papers/CT-XRay/papers_links.csv,314,CT-XRay,Published_papers/CT-XRay/papers_links.csv,314,kept,"Keep first occurrence by alphabetical modality directory, then original row order"
https://papers.miccai.org/miccai-2026/0999-Paper2940.html,"Steer the Sampling, Not the Kernel Grid: Geometry-Guided Sampling Operator for Volumetric Segmentation",MRI,Published_papers/MRI/papers_links.csv,255,CT-XRay,Published_papers/CT-XRay/papers_links.csv,314,removed_duplicate,"Keep first occurrence by alphabetical modality directory, then original row order"
https://papers.miccai.org/miccai-2026/0999-Paper2940.html,"Steer the Sampling, Not the Kernel Grid: Geometry-Guided Sampling Operator for Volumetric Segmentation",ultrasounds,Published_papers/ultrasounds/papers_links.csv,119,CT-XRay,Published_papers/CT-XRay/papers_links.csv,314,removed_duplicate,"Keep first occurrence by alphabetical modality directory, then original row order"
https://papers.miccai.org/miccai-2026/1000-Paper0549.html,StrokeTimer: Robust Representation Learning for Ischemic Stroke Onset-Time Estimation from Non-Contrast CT,CT-XRay,Published_papers/CT-XRay/papers_links.csv,315,CT-XRay,Published_papers/CT-XRay/papers_links.csv,315,kept,"Keep first occurrence by alphabetical modality directory, then original row order"
https://papers.miccai.org/miccai-2026/1001-Paper2313.html,Structural Congruence Matters: Biological Pretraining for Vascular Graph Extraction,CT-XRay,Published_papers/CT-XRay/papers_links.csv,316,CT-XRay,Published_papers/CT-XRay/papers_links.csv,316,kept,"Keep first occurrence by alphabetical modality directory, then original row order"
https://papers.miccai.org/miccai-2026/1001-Paper2313.html,Structural Congruence Matters: Biological Pretraining for Vascular Graph Extraction,MRI,Published_papers/MRI/papers_links.csv,256,CT-XRay,Published_papers/CT-XRay/papers_links.csv,316,removed_duplicate,"Keep first occurrence by alphabetical modality directory, then original row order"
https://papers.miccai.org/miccai-2026/1001-Paper2313.html,Structural Congruence Matters: Biological Pretraining for Vascular Graph Extraction,Microscopy,Published_papers/Microscopy/papers_links.csv,56,CT-XRay,Published_papers/CT-XRay/papers_links.csv,316,removed_duplicate,"Keep first occurrence by alphabetical modality directory, then original row order"
https://papers.miccai.org/miccai-2026/1002-Paper1769.html,Structural-Semantic Aware Information Reduction for Asymmetric EEG-Visual Alignment,Physio-signals,Published_papers/Physio-signals/papers_links.csv,50,Physio-signals,Published_papers/Physio-signals/papers_links.csv,37,kept,"Keep first occurrence by alphabetical modality directory, then original row order"
https://papers.miccai.org/miccai-2026/1003-Paper5369.html,Structure-Adaptive Sparse Diffusion in Voxel Space for 3D Medical Image Enhancement,CT-XRay,Published_papers/CT-XRay/papers_links.csv,317,CT-XRay,Published_papers/CT-XRay/papers_links.csv,317,kept,"Keep first occurrence by alphabetical modality directory, then original row order"
https://papers.miccai.org/miccai-2026/1003-Paper5369.html,Structure-Adaptive Sparse Diffusion in Voxel Space for 3D Medical Image Enhancement,MRI,Published_papers/MRI/papers_links.csv,257,CT-XRay,Published_papers/CT-XRay/papers_links.csv,317,removed_duplicate,"Keep first occurrence by alphabetical modality directory, then original row order"
https://papers.miccai.org/miccai-2026/1004-Paper0978.html,Structure-Aware Sensorless 3D Ultrasound and Photoacoustic Reconstruction,ultrasounds,Published_papers/ultrasounds/papers_links.csv,120,ultrasounds,Published_papers/ultrasounds/papers_links.csv,80,kept,"Keep first occurrence by alphabetical modality directory, then original row order"
https://papers.miccai.org/miccai-2026/1005-Paper0094.html,Structure-Contrast Disentangled INRs for Accelerated Multi-contrast MRI Reconstruction,MRI,Published_papers/MRI/papers_links.csv,258,MRI,Published_papers/MRI/papers_links.csv,163,kept,"Keep first occurrence by alphabetical modality directory, then original row order"
https://papers.miccai.org/miccai-2026/1006-Paper2756.html,Subject- and Task-Aware EEG Foundation Model,Physio-signals,Published_papers/Physio-signals/papers_links.csv,51,Physio-signals,Published_papers/Physio-signals/papers_links.csv,38,kept,"Keep first occurrence by alphabetical modality directory, then original row order"
https://papers.miccai.org/miccai-2026/1007-Paper0707.html,Subject-Specific Low-Field MRI Synthesis via a Neural Operator,MRI,Published_papers/MRI/papers_links.csv,260,MRI,Published_papers/MRI/papers_links.csv,164,kept,"Keep first occurrence by alphabetical modality directory, then original row order"
https://papers.miccai.org/miccai-2026/1008-Paper2334.html,Sub-Resolution Monocyte Detection in Time-Lapse MRI: A Benchmark,MRI,Published_papers/MRI/papers_links.csv,259,MRI,Published_papers/MRI/papers_links.csv,165,kept,"Keep first occurrence by alphabetical modality directory, then original row order"
https://papers.miccai.org/miccai-2026/1009-Paper1315.html,Sulcus-Aware Hippocampal Surface Modeling with Training-Time Sulcus-Guided Learning,MRI,Published_papers/MRI/papers_links.csv,261,MRI,Published_papers/MRI/papers_links.csv,166,kept,"Keep first occurrence by alphabetical modality directory, then original row order"
https://papers.miccai.org/miccai-2026/1010-Paper3125.html,SuRe-Flow: Surface-to-CT Synthesis via Retrieval-Augmented Rectified Flow for CT-Free Superficial Radiotherapy,CT-XRay,Published_papers/CT-XRay/papers_links.csv,318,CT-XRay,Published_papers/CT-XRay/papers_links.csv,318,kept,"Keep first occurrence by alphabetical modality directory, then original row order"
https://papers.miccai.org/miccai-2026/1011-Paper6540.html,SurfMark3D: Surface-Based Graph Convolution Framework for Distal Femoral Landmark Localisation in Total Knee Arthroplasty,CT-XRay,Published_papers/CT-XRay/papers_links.csv,319,CT-XRay,Published_papers/CT-XRay/papers_links.csv,319,kept,"Keep first occurrence by alphabetical modality directory, then original row order"
https://papers.miccai.org/miccai-2026/1011-Paper6540.html,SurfMark3D: Surface-Based Graph Convolution Framework for Distal Femoral Landmark Localisation in Total Knee Arthroplasty,MRI,Published_papers/MRI/papers_links.csv,262,CT-XRay,Published_papers/CT-XRay/papers_links.csv,319,removed_duplicate,"Keep first occurrence by alphabetical modality directory, then original row order"
https://papers.miccai.org/miccai-2026/1011-Paper6540.html,SurfMark3D: Surface-Based Graph Convolution Framework for Distal Femoral Landmark Localisation in Total Knee Arthroplasty,Others,Published_papers/Others/papers_links.csv,83,CT-XRay,Published_papers/CT-XRay/papers_links.csv,319,removed_duplicate,"Keep first occurrence by alphabetical modality directory, then original row order"
https://papers.miccai.org/miccai-2026/1012-Paper3502.html,Surgical Anatomy Recognition with Context Learning using Foundation Representations,Robotics,Published_papers/Robotics/papers_links.csv,18,Robotics,Published_papers/Robotics/papers_links.csv,7,kept,"Keep first occurrence by alphabetical modality directory, then original row order"
https://papers.miccai.org/miccai-2026/1013-Paper4572.html,Surgical Video Temporal Grounding,Endoscopy,Published_papers/Endoscopy/papers_links.csv,75,Endoscopy,Published_papers/Endoscopy/papers_links.csv,67,kept,"Keep first occurrence by alphabetical modality directory, then original row order"
https://papers.miccai.org/miccai-2026/1014-Paper0680.html,SurgLQA: Scalable Long-Horizon Surgical Video Question Answering,Endoscopy,Published_papers/Endoscopy/papers_links.csv,76,Endoscopy,Published_papers/Endoscopy/papers_links.csv,68,kept,"Keep first occurrence by alphabetical modality directory, then original row order"
https://papers.miccai.org/miccai-2026/1014-Paper0680.html,SurgLQA: Scalable Long-Horizon Surgical Video Question Answering,Photo_video,Published_papers/Photo_video/papers_links.csv,98,Endoscopy,Published_papers/Endoscopy/papers_links.csv,68,removed_duplicate,"Keep first occurrence by alphabetical modality directory, then original row order"
https://papers.miccai.org/miccai-2026/1015-Paper2259.html,SurgMark: Structure-Aware Watermarking for 4D Gaussian Splatting in Surgical Scenes,Endoscopy,Published_papers/Endoscopy/papers_links.csv,77,Endoscopy,Published_papers/Endoscopy/papers_links.csv,69,kept,"Keep first occurrence by alphabetical modality directory, then original row order"
https://papers.miccai.org/miccai-2026/1016-Paper1882.html,SurgOnAir: Hierarchy-Aware Real-Time Surgical Video Commentary,Endoscopy,Published_papers/Endoscopy/papers_links.csv,78,Endoscopy,Published_papers/Endoscopy/papers_links.csv,70,kept,"Keep first occurrence by alphabetical modality directory, then original row order"
https://papers.miccai.org/miccai-2026/1017-Paper1483.html,SurgRFO: Foundation Model Based Compositional Synthesis of Critical Retained Foreign Objects in Intraoperative Chest X-Rays,CT-XRay,Published_papers/CT-XRay/papers_links.csv,320,CT-XRay,Published_papers/CT-XRay/papers_links.csv,320,kept,"Keep first occurrence by alphabetical modality directory, then original row order"
https://papers.miccai.org/miccai-2026/1018-Paper1457.html,SurgVLA-Bench: Towards Evaluating Vision-Language-Action Models for Laparoscopic Surgical Robotics,Endoscopy,Published_papers/Endoscopy/papers_links.csv,79,Endoscopy,Published_papers/Endoscopy/papers_links.csv,71,kept,"Keep first occurrence by alphabetical modality directory, then original row order"
https://papers.miccai.org/miccai-2026/1019-Paper3187.html,SurgZSD: Zero-Shot Surgical Action Triplet Detection via Attribute Composition and Clinical Feasibility Inference,Endoscopy,Published_papers/Endoscopy/papers_links.csv,80,Endoscopy,Published_papers/Endoscopy/papers_links.csv,72,kept,"Keep first occurrence by alphabetical modality directory, then original row order"
https://papers.miccai.org/miccai-2026/1019-Paper3187.html,SurgZSD: Zero-Shot Surgical Action Triplet Detection via Attribute Composition and Clinical Feasibility Inference,Photo_video,Published_papers/Photo_video/papers_links.csv,99,Endoscopy,Published_papers/Endoscopy/papers_links.csv,72,removed_duplicate,"Keep first occurrence by alphabetical modality directory, then original row order"
https://papers.miccai.org/miccai-2026/1020-Paper1250.html,SurvTTA: Order-Aware Test-Time Adaptation for Heterogeneous Domain Shifts in Multi-modal Survival Analysis,CT-XRay,Published_papers/CT-XRay/papers_links.csv,321,CT-XRay,Published_papers/CT-XRay/papers_links.csv,321,kept,"Keep first occurrence by alphabetical modality directory, then original row order"
https://papers.miccai.org/miccai-2026/1020-Paper1250.html,SurvTTA: Order-Aware Test-Time Adaptation for Heterogeneous Domain Shifts in Multi-modal Survival Analysis,PET_SPECT,Published_papers/PET_SPECT/papers_links.csv,23,CT-XRay,Published_papers/CT-XRay/papers_links.csv,321,removed_duplicate,"Keep first occurrence by alphabetical modality directory, then original row order"
https://papers.miccai.org/miccai-2026/1021-Paper2703.html,SutureFormer: Learning Surgical Trajectories via Goal-Conditioned Offline RL in Pixel Space,Photo_video,Published_papers/Photo_video/papers_links.csv,100,Photo_video,Published_papers/Photo_video/papers_links.csv,59,kept,"Keep first occurrence by alphabetical modality directory, then original row order"
https://papers.miccai.org/miccai-2026/1021-Paper2703.html,SutureFormer: Learning Surgical Trajectories via Goal-Conditioned Offline RL in Pixel Space,Robotics,Published_papers/Robotics/papers_links.csv,19,Photo_video,Published_papers/Photo_video/papers_links.csv,59,removed_duplicate,"Keep first occurrence by alphabetical modality directory, then original row order"
https://papers.miccai.org/miccai-2026/1022-Paper2405.html,SwallowReg: SAM-Assisted Deformable Registration with Adaptive Global-Local Features for Cine-MRI Swallowing Function Quantification,Func_MRI,Published_papers/Func_MRI/papers_links.csv,44,Func_MRI,Published_papers/Func_MRI/papers_links.csv,34,kept,"Keep first occurrence by alphabetical modality directory, then original row order"
https://papers.miccai.org/miccai-2026/1022-Paper2405.html,SwallowReg: SAM-Assisted Deformable Registration with Adaptive Global-Local Features for Cine-MRI Swallowing Function Quantification,MRI,Published_papers/MRI/papers_links.csv,263,Func_MRI,Published_papers/Func_MRI/papers_links.csv,34,removed_duplicate,"Keep first occurrence by alphabetical modality directory, then original row order"
https://papers.miccai.org/miccai-2026/1022-Paper2405.html,SwallowReg: SAM-Assisted Deformable Registration with Adaptive Global-Local Features for Cine-MRI Swallowing Function Quantification,Photo_video,Published_papers/Photo_video/papers_links.csv,101,Func_MRI,Published_papers/Func_MRI/papers_links.csv,34,removed_duplicate,"Keep first occurrence by alphabetical modality directory, then original row order"
https://papers.miccai.org/miccai-2026/1023-Paper2681.html,SWoMo: Neuro-Symbolic World Model for Cataract Surgery Simulation,Computational_imagings,Published_papers/Computational_imagings/papers_links.csv,26,Computational_imagings,Published_papers/Computational_imagings/papers_links.csv,18,kept,"Keep first occurrence by alphabetical modality directory, then original row order"
https://papers.miccai.org/miccai-2026/1023-Paper2681.html,SWoMo: Neuro-Symbolic World Model for Cataract Surgery Simulation,Photo_video,Published_papers/Photo_video/papers_links.csv,102,Computational_imagings,Published_papers/Computational_imagings/papers_links.csv,18,removed_duplicate,"Keep first occurrence by alphabetical modality directory, then original row order"
https://papers.miccai.org/miccai-2026/1024-Paper4114.html,SymmDiff: Symmetry-Guided Diffusion for Fracture Localization in Pelvic Radiographs,CT-XRay,Published_papers/CT-XRay/papers_links.csv,322,CT-XRay,Published_papers/CT-XRay/papers_links.csv,322,kept,"Keep first occurrence by alphabetical modality directory, then original row order"
https://papers.miccai.org/miccai-2026/1025-Paper0048.html,Synergistic Information Disentanglement for Omni-Modal Slide Representation Learning in Computational Pathology,Histology,Published_papers/Histology/papers_links.csv,106,Histology,Published_papers/Histology/papers_links.csv,90,kept,"Keep first occurrence by alphabetical modality directory, then original row order"
https://papers.miccai.org/miccai-2026/1026-Paper0077.html,Synergistic Perception-Reasoning Governance: Grounding Medical MLLMs with Verifiable Anatomical Evidence,CT-XRay,Published_papers/CT-XRay/papers_links.csv,323,CT-XRay,Published_papers/CT-XRay/papers_links.csv,323,kept,"Keep first occurrence by alphabetical modality directory, then original row order"
https://papers.miccai.org/miccai-2026/1026-Paper0077.html,Synergistic Perception-Reasoning Governance: Grounding Medical MLLMs with Verifiable Anatomical Evidence,MRI,Published_papers/MRI/papers_links.csv,264,CT-XRay,Published_papers/CT-XRay/papers_links.csv,323,removed_duplicate,"Keep first occurrence by alphabetical modality directory, then original row order"
https://papers.miccai.org/miccai-2026/1027-Paper1217.html,"SynHydro: Biomechanics-Driven Domain Randomization for Hydrocephalus-Agnostic, Generalizable Tissue-Ventricle Segmentation Across Age, Modality, and Resolution",MRI,Published_papers/MRI/papers_links.csv,265,MRI,Published_papers/MRI/papers_links.csv,167,kept,"Keep first occurrence by alphabetical modality directory, then original row order"
https://papers.miccai.org/miccai-2026/1028-Paper3043.html,SynMamba: Synergizing Visual Mamba with Synthesized Clinical Semantics for Boundary-Aware Segmentation,CT-XRay,Published_papers/CT-XRay/papers_links.csv,324,CT-XRay,Published_papers/CT-XRay/papers_links.csv,324,kept,"Keep first occurrence by alphabetical modality directory, then original row order"
https://papers.miccai.org/miccai-2026/1029-Paper2011.html,SYNPRED: A Synergistic Approach to Multimodal Learning for Clinical Prediction,MRI,Published_papers/MRI/papers_links.csv,266,MRI,Published_papers/MRI/papers_links.csv,168,kept,"Keep first occurrence by alphabetical modality directory, then original row order"
https://papers.miccai.org/miccai-2026/1030-Paper1045.html,TAIR: Text-Guided Adaptive Prompt Refinement for Coarse-to-Fine all-in-One Medical Image Restoration,CT-XRay,Published_papers/CT-XRay/papers_links.csv,325,CT-XRay,Published_papers/CT-XRay/papers_links.csv,325,kept,"Keep first occurrence by alphabetical modality directory, then original row order"
https://papers.miccai.org/miccai-2026/1030-Paper1045.html,TAIR: Text-Guided Adaptive Prompt Refinement for Coarse-to-Fine all-in-One Medical Image Restoration,MRI,Published_papers/MRI/papers_links.csv,267,CT-XRay,Published_papers/CT-XRay/papers_links.csv,325,removed_duplicate,"Keep first occurrence by alphabetical modality directory, then original row order"
https://papers.miccai.org/miccai-2026/1030-Paper1045.html,TAIR: Text-Guided Adaptive Prompt Refinement for Coarse-to-Fine all-in-One Medical Image Restoration,PET_SPECT,Published_papers/PET_SPECT/papers_links.csv,24,CT-XRay,Published_papers/CT-XRay/papers_links.csv,325,removed_duplicate,"Keep first occurrence by alphabetical modality directory, then original row order"
https://papers.miccai.org/miccai-2026/1031-Paper0973.html,Task-Performance Routing for Multi-teacher Distillation in CT Medical Image Segmentation,CT-XRay,Published_papers/CT-XRay/papers_links.csv,326,CT-XRay,Published_papers/CT-XRay/papers_links.csv,326,kept,"Keep first occurrence by alphabetical modality directory, then original row order"
https://papers.miccai.org/miccai-2026/1032-Paper2099.html,TAVR-VLM: Risk-Conditioned Causal Grounding for Hallucination-Resistant Report Generation,CT-XRay,Published_papers/CT-XRay/papers_links.csv,327,CT-XRay,Published_papers/CT-XRay/papers_links.csv,327,kept,"Keep first occurrence by alphabetical modality directory, then original row order"
https://papers.miccai.org/miccai-2026/1033-Paper3821.html,TCCT: Trajectory-Conditioned CBCT Reconstruction for Sinusoidal Non-circular Orbits with a Fourier Neural Operator,CT-XRay,Published_papers/CT-XRay/papers_links.csv,328,CT-XRay,Published_papers/CT-XRay/papers_links.csv,328,kept,"Keep first occurrence by alphabetical modality directory, then original row order"
https://papers.miccai.org/miccai-2026/1034-Paper3685.html,TCFD-Net: Temporal-Calibrated Feature Disentanglement Network for Dual-Timepoint CT-Based Immunotherapy Response Prediction in Advanced Non-small Cell Lung Cancer,CT-XRay,Published_papers/CT-XRay/papers_links.csv,329,CT-XRay,Published_papers/CT-XRay/papers_links.csv,329,kept,"Keep first occurrence by alphabetical modality directory, then original row order"
https://papers.miccai.org/miccai-2026/1035-Paper2663.html,TC-SSA: Token Compression via Semantic Slot Aggregation for Gigapixel Pathology Reasoning,Histology,Published_papers/Histology/papers_links.csv,107,Histology,Published_papers/Histology/papers_links.csv,91,kept,"Keep first occurrence by alphabetical modality directory, then original row order"
https://papers.miccai.org/miccai-2026/1035-Paper2663.html,TC-SSA: Token Compression via Semantic Slot Aggregation for Gigapixel Pathology Reasoning,Microscopy,Published_papers/Microscopy/papers_links.csv,57,Histology,Published_papers/Histology/papers_links.csv,91,removed_duplicate,"Keep first occurrence by alphabetical modality directory, then original row order"
https://papers.miccai.org/miccai-2026/1036-Paper1672.html,TEDi: Temporal Memory-Enhanced and Denoising Transformer for Surgical Instrument Segmentation,Endoscopy,Published_papers/Endoscopy/papers_links.csv,81,Endoscopy,Published_papers/Endoscopy/papers_links.csv,73,kept,"Keep first occurrence by alphabetical modality directory, then original row order"
https://papers.miccai.org/miccai-2026/1036-Paper1672.html,TEDi: Temporal Memory-Enhanced and Denoising Transformer for Surgical Instrument Segmentation,Robotics,Published_papers/Robotics/papers_links.csv,20,Endoscopy,Published_papers/Endoscopy/papers_links.csv,73,removed_duplicate,"Keep first occurrence by alphabetical modality directory, then original row order"
https://papers.miccai.org/miccai-2026/1037-Paper4449.html,TeDyS: Temporal Dynamics with Spatial Context for Longitudinal Progression Prediction,CT-XRay,Published_papers/CT-XRay/papers_links.csv,330,CT-XRay,Published_papers/CT-XRay/papers_links.csv,330,kept,"Keep first occurrence by alphabetical modality directory, then original row order"
https://papers.miccai.org/miccai-2026/1037-Paper4449.html,TeDyS: Temporal Dynamics with Spatial Context for Longitudinal Progression Prediction,MRI,Published_papers/MRI/papers_links.csv,268,CT-XRay,Published_papers/CT-XRay/papers_links.csv,330,removed_duplicate,"Keep first occurrence by alphabetical modality directory, then original row order"
https://papers.miccai.org/miccai-2026/1038-Paper1936.html,Temporal Phase-Difference Guided Spatiotemporal Learning for DSA Vessel Segmentation,CT-XRay,Published_papers/CT-XRay/papers_links.csv,331,CT-XRay,Published_papers/CT-XRay/papers_links.csv,331,kept,"Keep first occurrence by alphabetical modality directory, then original row order"
https://papers.miccai.org/miccai-2026/1039-Paper4538.html,Testable Concept Bottlenecks for Pretreatment pCR Prediction in Breast DCE-MRI: Faithfulness and Reliability,MRI,Published_papers/MRI/papers_links.csv,269,MRI,Published_papers/MRI/papers_links.csv,169,kept,"Keep first occurrence by alphabetical modality directory, then original row order"
https://papers.miccai.org/miccai-2026/1040-Paper2304.html,Test-Time Adaptation for ECG Classification via SQI-Gated Self-training and Beat-Rhythm Consistency,Physio-signals,Published_papers/Physio-signals/papers_links.csv,52,Physio-signals,Published_papers/Physio-signals/papers_links.csv,39,kept,"Keep first occurrence by alphabetical modality directory, then original row order"
https://papers.miccai.org/miccai-2026/1041-Paper6471.html,Test-Time Adaptation for Rare Surgical Phase Recognition: Bridging the Coverage-Gap Paradox,Endoscopy,Published_papers/Endoscopy/papers_links.csv,82,Endoscopy,Published_papers/Endoscopy/papers_links.csv,74,kept,"Keep first occurrence by alphabetical modality directory, then original row order"
https://papers.miccai.org/miccai-2026/1042-Paper1314.html,Test-Time Adaptation in Optical Coherence Tomography Using Trajectory-Aligned Time-Independent Flow,CT-XRay,Published_papers/CT-XRay/papers_links.csv,332,CT-XRay,Published_papers/CT-XRay/papers_links.csv,332,kept,"Keep first occurrence by alphabetical modality directory, then original row order"
https://papers.miccai.org/miccai-2026/1043-Paper1573.html,Test-time Adaptation of Pelvic Bone Segmentation Models via Dynamic Reliability-Guided,CT-XRay,Published_papers/CT-XRay/papers_links.csv,333,CT-XRay,Published_papers/CT-XRay/papers_links.csv,333,kept,"Keep first occurrence by alphabetical modality directory, then original row order"
https://papers.miccai.org/miccai-2026/1044-Paper4518.html,Text as a Compass: Semantic-Navigated 3D Bone Collapse Prediction via Orthogonal Micro-volume Primitives,CT-XRay,Published_papers/CT-XRay/papers_links.csv,334,CT-XRay,Published_papers/CT-XRay/papers_links.csv,334,kept,"Keep first occurrence by alphabetical modality directory, then original row order"
https://papers.miccai.org/miccai-2026/1044-Paper4518.html,Text as a Compass: Semantic-Navigated 3D Bone Collapse Prediction via Orthogonal Micro-volume Primitives,EHR,Published_papers/EHR/papers_links.csv,26,CT-XRay,Published_papers/CT-XRay/papers_links.csv,334,removed_duplicate,"Keep first occurrence by alphabetical modality directory, then original row order"
https://papers.miccai.org/miccai-2026/1045-Paper1662.html,Text as Illumination: Spatial Contrastive Retinex Learning for Language-Guided Medical Image Segmentation,CT-XRay,Published_papers/CT-XRay/papers_links.csv,335,CT-XRay,Published_papers/CT-XRay/papers_links.csv,335,kept,"Keep first occurrence by alphabetical modality directory, then original row order"
https://papers.miccai.org/miccai-2026/1045-Paper1662.html,Text as Illumination: Spatial Contrastive Retinex Learning for Language-Guided Medical Image Segmentation,MRI,Published_papers/MRI/papers_links.csv,270,CT-XRay,Published_papers/CT-XRay/papers_links.csv,335,removed_duplicate,"Keep first occurrence by alphabetical modality directory, then original row order"
https://papers.miccai.org/miccai-2026/1046-Paper0685.html,Text as the Sieve: Information Bottleneck Guided Prototype Sieving for Text-Guided Medical Image Segmentation,CT-XRay,Published_papers/CT-XRay/papers_links.csv,336,CT-XRay,Published_papers/CT-XRay/papers_links.csv,336,kept,"Keep first occurrence by alphabetical modality directory, then original row order"
https://papers.miccai.org/miccai-2026/1047-Paper5707.html,Text Guidance and Distance Gating Improve Detection and Segmentation of Focal Cortical Dysplasia,MRI,Published_papers/MRI/papers_links.csv,271,MRI,Published_papers/MRI/papers_links.csv,170,kept,"Keep first occurrence by alphabetical modality directory, then original row order"
https://papers.miccai.org/miccai-2026/1048-Paper6416.html,Text-Deficient Multimodal Stroke Segmentation with Lesion-Grounded Self-Retrieval-Augmented Generation,Diffusion-MRI,Published_papers/Diffusion-MRI/papers_links.csv,24,Diffusion-MRI,Published_papers/Diffusion-MRI/papers_links.csv,19,kept,"Keep first occurrence by alphabetical modality directory, then original row order"
https://papers.miccai.org/miccai-2026/1049-Paper2061.html,Text-Guided Multi-frequency Latent Diffusion for Medical Image Segmentation,CT-XRay,Published_papers/CT-XRay/papers_links.csv,337,CT-XRay,Published_papers/CT-XRay/papers_links.csv,337,kept,"Keep first occurrence by alphabetical modality directory, then original row order"
https://papers.miccai.org/miccai-2026/1049-Paper2061.html,Text-Guided Multi-frequency Latent Diffusion for Medical Image Segmentation,Endoscopy,Published_papers/Endoscopy/papers_links.csv,83,CT-XRay,Published_papers/CT-XRay/papers_links.csv,337,removed_duplicate,"Keep first occurrence by alphabetical modality directory, then original row order"
https://papers.miccai.org/miccai-2026/1050-Paper0569.html,TGBD-Net: Tumor-Guided Bridging Distillation for Joint EGFR Mutation and Survival Prediction in Lung Cancer from CT Imaging,CT-XRay,Published_papers/CT-XRay/papers_links.csv,339,CT-XRay,Published_papers/CT-XRay/papers_links.csv,338,kept,"Keep first occurrence by alphabetical modality directory, then original row order"
https://papers.miccai.org/miccai-2026/1051-Paper0673.html,TGH-DB: Template-Guided Heteroscedastic Diffusion Bridge for Brain MRI-to-PET Synthesis,MRI,Published_papers/MRI/papers_links.csv,272,MRI,Published_papers/MRI/papers_links.csv,171,kept,"Keep first occurrence by alphabetical modality directory, then original row order"
https://papers.miccai.org/miccai-2026/1051-Paper0673.html,TGH-DB: Template-Guided Heteroscedastic Diffusion Bridge for Brain MRI-to-PET Synthesis,PET_SPECT,Published_papers/PET_SPECT/papers_links.csv,25,MRI,Published_papers/MRI/papers_links.csv,171,removed_duplicate,"Keep first occurrence by alphabetical modality directory, then original row order"
https://papers.miccai.org/miccai-2026/1052-Paper1931.html,TG-OT: Topology-Guided CCTA-IVUS Registration via Optimal Transport Matching,CT-XRay,Published_papers/CT-XRay/papers_links.csv,338,CT-XRay,Published_papers/CT-XRay/papers_links.csv,339,kept,"Keep first occurrence by alphabetical modality directory, then original row order"
https://papers.miccai.org/miccai-2026/1052-Paper1931.html,TG-OT: Topology-Guided CCTA-IVUS Registration via Optimal Transport Matching,ultrasounds,Published_papers/ultrasounds/papers_links.csv,121,CT-XRay,Published_papers/CT-XRay/papers_links.csv,339,removed_duplicate,"Keep first occurrence by alphabetical modality directory, then original row order"
https://papers.miccai.org/miccai-2026/1053-Paper3049.html,The Learnability Gap in Medical Latent Diffusion,CT-XRay,Published_papers/CT-XRay/papers_links.csv,340,CT-XRay,Published_papers/CT-XRay/papers_links.csv,340,kept,"Keep first occurrence by alphabetical modality directory, then original row order"
https://papers.miccai.org/miccai-2026/1053-Paper3049.html,The Learnability Gap in Medical Latent Diffusion,Photo_video,Published_papers/Photo_video/papers_links.csv,103,CT-XRay,Published_papers/CT-XRay/papers_links.csv,340,removed_duplicate,"Keep first occurrence by alphabetical modality directory, then original row order"
https://papers.miccai.org/miccai-2026/1053-Paper3049.html,The Learnability Gap in Medical Latent Diffusion,ultrasounds,Published_papers/ultrasounds/papers_links.csv,122,CT-XRay,Published_papers/CT-XRay/papers_links.csv,340,removed_duplicate,"Keep first occurrence by alphabetical modality directory, then original row order"
https://papers.miccai.org/miccai-2026/1054-Paper1965.html,The Neuro-Developing Engine: a Surrogate Longitudinal Model for Infant Brain Dynamics Via Causal Distillation,Func_MRI,Published_papers/Func_MRI/papers_links.csv,45,Func_MRI,Published_papers/Func_MRI/papers_links.csv,35,kept,"Keep first occurrence by alphabetical modality directory, then original row order"
https://papers.miccai.org/miccai-2026/1055-Paper0729.html,"The Paper Has a GitHub, the GitHub Has a README, the README Has Nothing: Reproducibility Signals for Review Support",Others,Published_papers/Others/papers_links.csv,84,Others,Published_papers/Others/papers_links.csv,47,kept,"Keep first occurrence by alphabetical modality directory, then original row order"
https://papers.miccai.org/miccai-2026/1056-Paper4899.html,"Think Global, Look Focal: Dual-Stream Retrieval-Augmented Pathology Report Generation for Whole Slide Images",Histology,Published_papers/Histology/papers_links.csv,108,Histology,Published_papers/Histology/papers_links.csv,92,kept,"Keep first occurrence by alphabetical modality directory, then original row order"
https://papers.miccai.org/miccai-2026/1057-Paper0259.html,Through the Schrödinger Bridge: Benchmarking Antemortem Image Restoration from Postmortem Autolysis to Enhance Forensic Diagnostics,Histology,Published_papers/Histology/papers_links.csv,109,Histology,Published_papers/Histology/papers_links.csv,93,kept,"Keep first occurrence by alphabetical modality directory, then original row order"
https://papers.miccai.org/miccai-2026/1058-Paper5469.html,Through-Plane Attention for Anisotropic CT Super-Resolution Improves Quantitative Lung Cancer Analysis,CT-XRay,Published_papers/CT-XRay/papers_links.csv,341,CT-XRay,Published_papers/CT-XRay/papers_links.csv,341,kept,"Keep first occurrence by alphabetical modality directory, then original row order"
https://papers.miccai.org/miccai-2026/1059-Paper0293.html,Time Matters: Rethinking Diffusion and Flow Models in One-Step Medical Image Translation,Computational_imagings,Published_papers/Computational_imagings/papers_links.csv,27,Computational_imagings,Published_papers/Computational_imagings/papers_links.csv,19,kept,"Keep first occurrence by alphabetical modality directory, then original row order"
https://papers.miccai.org/miccai-2026/1059-Paper0293.html,Time Matters: Rethinking Diffusion and Flow Models in One-Step Medical Image Translation,MRI,Published_papers/MRI/papers_links.csv,273,Computational_imagings,Published_papers/Computational_imagings/papers_links.csv,19,removed_duplicate,"Keep first occurrence by alphabetical modality directory, then original row order"
https://papers.miccai.org/miccai-2026/1059-Paper0293.html,Time Matters: Rethinking Diffusion and Flow Models in One-Step Medical Image Translation,PET_SPECT,Published_papers/PET_SPECT/papers_links.csv,26,Computational_imagings,Published_papers/Computational_imagings/papers_links.csv,19,removed_duplicate,"Keep first occurrence by alphabetical modality directory, then original row order"
https://papers.miccai.org/miccai-2026/1060-Paper4415.html,Time-Grounded Clinical Prediction from Longitudinal Multimodal Patient Histories,CT-XRay,Published_papers/CT-XRay/papers_links.csv,342,CT-XRay,Published_papers/CT-XRay/papers_links.csv,342,kept,"Keep first occurrence by alphabetical modality directory, then original row order"
https://papers.miccai.org/miccai-2026/1060-Paper4415.html,Time-Grounded Clinical Prediction from Longitudinal Multimodal Patient Histories,EHR,Published_papers/EHR/papers_links.csv,27,CT-XRay,Published_papers/CT-XRay/papers_links.csv,342,removed_duplicate,"Keep first occurrence by alphabetical modality directory, then original row order"
https://papers.miccai.org/miccai-2026/1061-Paper5521.html,TinyH2GNet: Exploring Lightweight Models for Gene Expression Prediction from H&E Images,Histology,Published_papers/Histology/papers_links.csv,110,Histology,Published_papers/Histology/papers_links.csv,94,kept,"Keep first occurrence by alphabetical modality directory, then original row order"
https://papers.miccai.org/miccai-2026/1061-Paper5521.html,TinyH2GNet: Exploring Lightweight Models for Gene Expression Prediction from H&E Images,Microscopy,Published_papers/Microscopy/papers_links.csv,58,Histology,Published_papers/Histology/papers_links.csv,94,removed_duplicate,"Keep first occurrence by alphabetical modality directory, then original row order"
https://papers.miccai.org/miccai-2026/1062-Paper1741.html,TissueCodePilot: A Code-Action Agent for AI-Assisted Spatial Tissue Analysis,Microscopy,Published_papers/Microscopy/papers_links.csv,59,Microscopy,Published_papers/Microscopy/papers_links.csv,37,kept,"Keep first occurrence by alphabetical modality directory, then original row order"
https://papers.miccai.org/miccai-2026/1063-Paper4528.html,TOF-GR: Unsupervised PET Reconstruction via Time-of-Flight Gaussian Representation and Kernel-Based Prior Modeling,PET_SPECT,Published_papers/PET_SPECT/papers_links.csv,27,PET_SPECT,Published_papers/PET_SPECT/papers_links.csv,13,kept,"Keep first occurrence by alphabetical modality directory, then original row order"
https://papers.miccai.org/miccai-2026/1064-Paper2261.html,TOFlow: Learning-Based Isotropic Reconstruction and Flow Mapping from Multi-orientation TOF-MRA,MRI,Published_papers/MRI/papers_links.csv,274,MRI,Published_papers/MRI/papers_links.csv,172,kept,"Keep first occurrence by alphabetical modality directory, then original row order"
https://papers.miccai.org/miccai-2026/1065-Paper5316.html,Tooth Alignment via Virtual Trajectories with Clinical Constraints,Others,Published_papers/Others/papers_links.csv,85,Others,Published_papers/Others/papers_links.csv,48,kept,"Keep first occurrence by alphabetical modality directory, then original row order"
https://papers.miccai.org/miccai-2026/1066-Paper0853.html,ToothFairy3: Scaling CBCT Maxillofacial Segmentation to 77 Classes with U-Mamba2,CT-XRay,Published_papers/CT-XRay/papers_links.csv,343,CT-XRay,Published_papers/CT-XRay/papers_links.csv,343,kept,"Keep first occurrence by alphabetical modality directory, then original row order"
https://papers.miccai.org/miccai-2026/1067-Paper2193.html,Topology-Driven Transferability Estimation of Medical Foundation Models for Segmentation,MRI,Published_papers/MRI/papers_links.csv,275,MRI,Published_papers/MRI/papers_links.csv,173,kept,"Keep first occurrence by alphabetical modality directory, then original row order"
https://papers.miccai.org/miccai-2026/1068-Paper2412.html,TopoOR: A Unified Topological Scene Representation for the Operating Room,Photo_video,Published_papers/Photo_video/papers_links.csv,104,Photo_video,Published_papers/Photo_video/papers_links.csv,60,kept,"Keep first occurrence by alphabetical modality directory, then original row order"
https://papers.miccai.org/miccai-2026/1069-Paper0127.html,TotalFM: An Organ-Separated 3D-CT Foundation Model Leveraging Large-Scale Routine Clinical Radiology Data,CT-XRay,Published_papers/CT-XRay/papers_links.csv,344,CT-XRay,Published_papers/CT-XRay/papers_links.csv,344,kept,"Keep first occurrence by alphabetical modality directory, then original row order"
https://papers.miccai.org/miccai-2026/1070-Paper0587.html,Toward Markerless Video-Based Tremor Analysis: Objective Quantification of Pathological Tremor in Mouse Preclinical Models,Photo_video,Published_papers/Photo_video/papers_links.csv,105,Photo_video,Published_papers/Photo_video/papers_links.csv,61,kept,"Keep first occurrence by alphabetical modality directory, then original row order"
https://papers.miccai.org/miccai-2026/1071-Paper1418.html,Toward Synergistic Learning for Liver Vessel and Couinaud Segmentations,CT-XRay,Published_papers/CT-XRay/papers_links.csv,345,CT-XRay,Published_papers/CT-XRay/papers_links.csv,345,kept,"Keep first occurrence by alphabetical modality directory, then original row order"
https://papers.miccai.org/miccai-2026/1072-Paper2492.html,Toward Thyroid Cancer BRAF V600E Mutation Prediction via Multimodal Large Language Model: Dataset and Model Development,ultrasounds,Published_papers/ultrasounds/papers_links.csv,123,ultrasounds,Published_papers/ultrasounds/papers_links.csv,81,kept,"Keep first occurrence by alphabetical modality directory, then original row order"
https://papers.miccai.org/miccai-2026/1073-Paper1452.html,Towards Class-Aware Semantic Decoupling in Multi-modal Disease Diagnosis with Missing Modalities,CT-XRay,Published_papers/CT-XRay/papers_links.csv,346,CT-XRay,Published_papers/CT-XRay/papers_links.csv,346,kept,"Keep first occurrence by alphabetical modality directory, then original row order"
https://papers.miccai.org/miccai-2026/1073-Paper1452.html,Towards Class-Aware Semantic Decoupling in Multi-modal Disease Diagnosis with Missing Modalities,EHR,Published_papers/EHR/papers_links.csv,28,CT-XRay,Published_papers/CT-XRay/papers_links.csv,346,removed_duplicate,"Keep first occurrence by alphabetical modality directory, then original row order"
https://papers.miccai.org/miccai-2026/1074-Paper1575.html,Towards Direction-Equilibrated Segmentation in 3D Medical Images,CT-XRay,Published_papers/CT-XRay/papers_links.csv,347,CT-XRay,Published_papers/CT-XRay/papers_links.csv,347,kept,"Keep first occurrence by alphabetical modality directory, then original row order"
https://papers.miccai.org/miccai-2026/1074-Paper1575.html,Towards Direction-Equilibrated Segmentation in 3D Medical Images,MRI,Published_papers/MRI/papers_links.csv,276,CT-XRay,Published_papers/CT-XRay/papers_links.csv,347,removed_duplicate,"Keep first occurrence by alphabetical modality directory, then original row order"
https://papers.miccai.org/miccai-2026/1075-Paper0251.html,Towards the Digital Dental Models: High-Fidelity CBCT-to-IOS Fusion via Anatomy-Aware Geometric Transformers,CT-XRay,Published_papers/CT-XRay/papers_links.csv,348,CT-XRay,Published_papers/CT-XRay/papers_links.csv,348,kept,"Keep first occurrence by alphabetical modality directory, then original row order"
https://papers.miccai.org/miccai-2026/1075-Paper0251.html,Towards the Digital Dental Models: High-Fidelity CBCT-to-IOS Fusion via Anatomy-Aware Geometric Transformers,Sensors,Published_papers/Sensors/papers_links.csv,19,CT-XRay,Published_papers/CT-XRay/papers_links.csv,348,removed_duplicate,"Keep first occurrence by alphabetical modality directory, then original row order"
https://papers.miccai.org/miccai-2026/1076-Paper1246.html,Towards Unified Image–Video Modeling Across B-Mode and Contrast-Enhanced Ultrasound for Multi-task Analysis,ultrasounds,Published_papers/ultrasounds/papers_links.csv,124,ultrasounds,Published_papers/ultrasounds/papers_links.csv,82,kept,"Keep first occurrence by alphabetical modality directory, then original row order"
https://papers.miccai.org/miccai-2026/1077-Paper2568.html,Towards Unified Surgical Scene Understanding: Bridging Reasoning and Grounding via MLLMs,Endoscopy,Published_papers/Endoscopy/papers_links.csv,84,Endoscopy,Published_papers/Endoscopy/papers_links.csv,75,kept,"Keep first occurrence by alphabetical modality directory, then original row order"
https://papers.miccai.org/miccai-2026/1078-Paper2621.html,Towards Versatile and Safe Multi-electrode Path Planning for SEEG Implantation,MRI,Published_papers/MRI/papers_links.csv,277,MRI,Published_papers/MRI/papers_links.csv,174,kept,"Keep first occurrence by alphabetical modality directory, then original row order"
https://papers.miccai.org/miccai-2026/1079-Paper3018.html,TraceCXR: Verifiable Chest X-ray Reports via Evidence-Addressable Graph Prompting,CT-XRay,Published_papers/CT-XRay/papers_links.csv,349,CT-XRay,Published_papers/CT-XRay/papers_links.csv,349,kept,"Keep first occurrence by alphabetical modality directory, then original row order"
https://papers.miccai.org/miccai-2026/1080-Paper5410.html,TRACE-PSG: Traceable Sleep Diagnosis Support with Pointer-Grounded Evidence,Photo_video,Published_papers/Photo_video/papers_links.csv,106,Photo_video,Published_papers/Photo_video/papers_links.csv,62,kept,"Keep first occurrence by alphabetical modality directory, then original row order"
https://papers.miccai.org/miccai-2026/1081-Paper3396.html,TracerAD: Training-Free Few-Shot 3D Anomaly Detection for Novel PET Tracers,PET_SPECT,Published_papers/PET_SPECT/papers_links.csv,29,PET_SPECT,Published_papers/PET_SPECT/papers_links.csv,14,kept,"Keep first occurrence by alphabetical modality directory, then original row order"
https://papers.miccai.org/miccai-2026/1082-Paper0325.html,Tracer-Adaptive Expert Learning for Generalizable PET Lesion Segmentation,PET_SPECT,Published_papers/PET_SPECT/papers_links.csv,28,PET_SPECT,Published_papers/PET_SPECT/papers_links.csv,15,kept,"Keep first occurrence by alphabetical modality directory, then original row order"
https://papers.miccai.org/miccai-2026/1083-Paper2834.html,Track2Map: Online Deformable SLAM with Motion-Aware Pose Optimization in Robotic Surgery,Endoscopy,Published_papers/Endoscopy/papers_links.csv,85,Endoscopy,Published_papers/Endoscopy/papers_links.csv,76,kept,"Keep first occurrence by alphabetical modality directory, then original row order"
https://papers.miccai.org/miccai-2026/1083-Paper2834.html,Track2Map: Online Deformable SLAM with Motion-Aware Pose Optimization in Robotic Surgery,Robotics,Published_papers/Robotics/papers_links.csv,21,Endoscopy,Published_papers/Endoscopy/papers_links.csv,76,removed_duplicate,"Keep first occurrence by alphabetical modality directory, then original row order"
https://papers.miccai.org/miccai-2026/1084-Paper6350.html,Trackerless Ultrasound Pose Estimation via Correspondence-Aware Tokenization and Flow-Matching Transformers,ultrasounds,Published_papers/ultrasounds/papers_links.csv,125,ultrasounds,Published_papers/ultrasounds/papers_links.csv,83,kept,"Keep first occurrence by alphabetical modality directory, then original row order"
https://papers.miccai.org/miccai-2026/1085-Paper4001.html,Tractography-Driven Synthetic Data Generation for Fiber Bundle Segmentation in Tracer Histology,Computational_imagings,Published_papers/Computational_imagings/papers_links.csv,28,Computational_imagings,Published_papers/Computational_imagings/papers_links.csv,20,kept,"Keep first occurrence by alphabetical modality directory, then original row order"
https://papers.miccai.org/miccai-2026/1085-Paper4001.html,Tractography-Driven Synthetic Data Generation for Fiber Bundle Segmentation in Tracer Histology,MRI,Published_papers/MRI/papers_links.csv,278,Computational_imagings,Published_papers/Computational_imagings/papers_links.csv,20,removed_duplicate,"Keep first occurrence by alphabetical modality directory, then original row order"
https://papers.miccai.org/miccai-2026/1085-Paper4001.html,Tractography-Driven Synthetic Data Generation for Fiber Bundle Segmentation in Tracer Histology,Microscopy,Published_papers/Microscopy/papers_links.csv,60,Computational_imagings,Published_papers/Computational_imagings/papers_links.csv,20,removed_duplicate,"Keep first occurrence by alphabetical modality directory, then original row order"
https://papers.miccai.org/miccai-2026/1086-Paper2694.html,Training LLMs with Reinforcement Learning over Digital Twin Representations for Reasoning-Intensive Surgical VideoQA,Endoscopy,Published_papers/Endoscopy/papers_links.csv,86,Endoscopy,Published_papers/Endoscopy/papers_links.csv,77,kept,"Keep first occurrence by alphabetical modality directory, then original row order"
https://papers.miccai.org/miccai-2026/1087-Paper1912.html,Trajectory-Aware Cross-Paradigm Transformers for Efficient System Matrix Calibration in Magnetic Particle Imaging,Robotics,Published_papers/Robotics/papers_links.csv,22,Robotics,Published_papers/Robotics/papers_links.csv,8,kept,"Keep first occurrence by alphabetical modality directory, then original row order"
https://papers.miccai.org/miccai-2026/1088-Paper4151.html,TRIAGE-MIL: Multi-axis Instance Selection and Semantic Hypergraph Modeling for Survival Prediction from Whole-Slide Images,Histology,Published_papers/Histology/papers_links.csv,111,Histology,Published_papers/Histology/papers_links.csv,95,kept,"Keep first occurrence by alphabetical modality directory, then original row order"
https://papers.miccai.org/miccai-2026/1089-Paper1927.html,TriFlow: Triplane Latent Conditional Flow Matching for Efficient 3D Skull Shape Completion,Computational_imagings,Published_papers/Computational_imagings/papers_links.csv,29,Computational_imagings,Published_papers/Computational_imagings/papers_links.csv,21,kept,"Keep first occurrence by alphabetical modality directory, then original row order"
https://papers.miccai.org/miccai-2026/1090-Paper4192.html,Tri-KA: Tri-level knowledge anchoring test-time adaptation for source-free cross-site MRI rectal cancer segmentation,MRI,Published_papers/MRI/papers_links.csv,279,MRI,Published_papers/MRI/papers_links.csv,175,kept,"Keep first occurrence by alphabetical modality directory, then original row order"
https://papers.miccai.org/miccai-2026/1091-Paper0922.html,TRUST: Efficient Abdominal Trauma Recognition via Image-to-Ultrasound-Video Transfer Learning,ultrasounds,Published_papers/ultrasounds/papers_links.csv,126,ultrasounds,Published_papers/ultrasounds/papers_links.csv,84,kept,"Keep first occurrence by alphabetical modality directory, then original row order"
https://papers.miccai.org/miccai-2026/1092-Paper0870.html,TrustSyn: Reliable and Divergent Synergy for Mixed-Domain Fundus Segmentation,Photo_video,Published_papers/Photo_video/papers_links.csv,107,Photo_video,Published_papers/Photo_video/papers_links.csv,63,kept,"Keep first occurrence by alphabetical modality directory, then original row order"
https://papers.miccai.org/miccai-2026/1093-Paper3256.html,Trustworthy Endoscopic Super-Resolution,Endoscopy,Published_papers/Endoscopy/papers_links.csv,87,Endoscopy,Published_papers/Endoscopy/papers_links.csv,78,kept,"Keep first occurrence by alphabetical modality directory, then original row order"
https://papers.miccai.org/miccai-2026/1094-Paper0737.html,TSegAgent: Zero-Shot Tooth Segmentation via Geometry-Aware Vision-Language Agents,Photo_video,Published_papers/Photo_video/papers_links.csv,108,Photo_video,Published_papers/Photo_video/papers_links.csv,64,kept,"Keep first occurrence by alphabetical modality directory, then original row order"
https://papers.miccai.org/miccai-2026/1095-Paper2027.html,Tumor-Aware Direct Preference Optimization for Longitudinal Post-operative MRI Generation,MRI,Published_papers/MRI/papers_links.csv,280,MRI,Published_papers/MRI/papers_links.csv,176,kept,"Keep first occurrence by alphabetical modality directory, then original row order"
https://papers.miccai.org/miccai-2026/1096-Paper4612.html,TumorFlow: Physics-Guided Longitudinal MRI Synthesis of Glioblastoma Growth,MRI,Published_papers/MRI/papers_links.csv,281,MRI,Published_papers/MRI/papers_links.csv,177,kept,"Keep first occurrence by alphabetical modality directory, then original row order"
https://papers.miccai.org/miccai-2026/1097-Paper2238.html,Two-Stage Cross-Domain Cervical Abnormality Screening with Cytopathological Image Synthesis and Knowledge Distillation,Histology,Published_papers/Histology/papers_links.csv,112,Histology,Published_papers/Histology/papers_links.csv,96,kept,"Keep first occurrence by alphabetical modality directory, then original row order"
https://papers.miccai.org/miccai-2026/1098-Paper0123.html,Ultrafast Echocardiography Based on Dynamic Subspace-Guided and Temporal Adaptive Diffusion,ultrasounds,Published_papers/ultrasounds/papers_links.csv,127,ultrasounds,Published_papers/ultrasounds/papers_links.csv,85,kept,"Keep first occurrence by alphabetical modality directory, then original row order"
https://papers.miccai.org/miccai-2026/1099-Paper1157.html,UltraStar: Semantic-Aware Star Graph Modeling for Echocardiography Navigation,ultrasounds,Published_papers/ultrasounds/papers_links.csv,128,ultrasounds,Published_papers/ultrasounds/papers_links.csv,86,kept,"Keep first occurrence by alphabetical modality directory, then original row order"
https://papers.miccai.org/miccai-2026/1100-Paper6571.html,Uncertainty-Aware Bayesian Prompt Adaptation for Robust Cross-Modality Medical Segmentation,CT-XRay,Published_papers/CT-XRay/papers_links.csv,351,CT-XRay,Published_papers/CT-XRay/papers_links.csv,350,kept,"Keep first occurrence by alphabetical modality directory, then original row order"
https://papers.miccai.org/miccai-2026/1100-Paper6571.html,Uncertainty-Aware Bayesian Prompt Adaptation for Robust Cross-Modality Medical Segmentation,MRI,Published_papers/MRI/papers_links.csv,282,CT-XRay,Published_papers/CT-XRay/papers_links.csv,350,removed_duplicate,"Keep first occurrence by alphabetical modality directory, then original row order"
https://papers.miccai.org/miccai-2026/1101-Paper4517.html,Uncertainty-Aware Hypergraph Consistency Learning for Semi-supervised Medical Image Segmentation,Endoscopy,Published_papers/Endoscopy/papers_links.csv,88,Endoscopy,Published_papers/Endoscopy/papers_links.csv,79,kept,"Keep first occurrence by alphabetical modality directory, then original row order"
https://papers.miccai.org/miccai-2026/1101-Paper4517.html,Uncertainty-Aware Hypergraph Consistency Learning for Semi-supervised Medical Image Segmentation,Func_MRI,Published_papers/Func_MRI/papers_links.csv,46,Endoscopy,Published_papers/Endoscopy/papers_links.csv,79,removed_duplicate,"Keep first occurrence by alphabetical modality directory, then original row order"
https://papers.miccai.org/miccai-2026/1102-Paper0892.html,Uncertainty-Aware Spatio-Semantic Contextual Prompts for Multimodal Medical Segmentation,CT-XRay,Published_papers/CT-XRay/papers_links.csv,352,CT-XRay,Published_papers/CT-XRay/papers_links.csv,351,kept,"Keep first occurrence by alphabetical modality directory, then original row order"
https://papers.miccai.org/miccai-2026/1102-Paper0892.html,Uncertainty-Aware Spatio-Semantic Contextual Prompts for Multimodal Medical Segmentation,MRI,Published_papers/MRI/papers_links.csv,283,CT-XRay,Published_papers/CT-XRay/papers_links.csv,351,removed_duplicate,"Keep first occurrence by alphabetical modality directory, then original row order"
https://papers.miccai.org/miccai-2026/1103-Paper5310.html,Uncertainty-Aware Spatiotemporal Graph Learning for Individualized Cortical Parcellation and Somato-Cognitive Integration in the Developing Brain,Diffusion-MRI,Published_papers/Diffusion-MRI/papers_links.csv,25,Diffusion-MRI,Published_papers/Diffusion-MRI/papers_links.csv,20,kept,"Keep first occurrence by alphabetical modality directory, then original row order"
https://papers.miccai.org/miccai-2026/1103-Paper5310.html,Uncertainty-Aware Spatiotemporal Graph Learning for Individualized Cortical Parcellation and Somato-Cognitive Integration in the Developing Brain,Func_MRI,Published_papers/Func_MRI/papers_links.csv,47,Diffusion-MRI,Published_papers/Diffusion-MRI/papers_links.csv,20,removed_duplicate,"Keep first occurrence by alphabetical modality directory, then original row order"
https://papers.miccai.org/miccai-2026/1103-Paper5310.html,Uncertainty-Aware Spatiotemporal Graph Learning for Individualized Cortical Parcellation and Somato-Cognitive Integration in the Developing Brain,MRI,Published_papers/MRI/papers_links.csv,284,Diffusion-MRI,Published_papers/Diffusion-MRI/papers_links.csv,20,removed_duplicate,"Keep first occurrence by alphabetical modality directory, then original row order"
https://papers.miccai.org/miccai-2026/1104-Paper3907.html,Uncertainty-Guided Conservative Propagation for Coronary Artery Segmentation,CT-XRay,Published_papers/CT-XRay/papers_links.csv,353,CT-XRay,Published_papers/CT-XRay/papers_links.csv,352,kept,"Keep first occurrence by alphabetical modality directory, then original row order"
https://papers.miccai.org/miccai-2026/1105-Paper5323.html,Uncovering Interpretable Point-Wise Image Correspondences from Deep Segmentation Features,CT-XRay,Published_papers/CT-XRay/papers_links.csv,354,CT-XRay,Published_papers/CT-XRay/papers_links.csv,353,kept,"Keep first occurrence by alphabetical modality directory, then original row order"
https://papers.miccai.org/miccai-2026/1105-Paper5323.html,Uncovering Interpretable Point-Wise Image Correspondences from Deep Segmentation Features,MRI,Published_papers/MRI/papers_links.csv,285,CT-XRay,Published_papers/CT-XRay/papers_links.csv,353,removed_duplicate,"Keep first occurrence by alphabetical modality directory, then original row order"
https://papers.miccai.org/miccai-2026/1106-Paper5951.html,Understanding Model Behavior in Monocular Polyp Sizing,Endoscopy,Published_papers/Endoscopy/papers_links.csv,89,Endoscopy,Published_papers/Endoscopy/papers_links.csv,80,kept,"Keep first occurrence by alphabetical modality directory, then original row order"
https://papers.miccai.org/miccai-2026/1107-Paper1396.html,Uni-Brain: Anatomy-Informed Diffusion for Multi-Tracer Synthesis and Counterfactual Prognosis from Cross-Sectional Data,MRI,Published_papers/MRI/papers_links.csv,286,MRI,Published_papers/MRI/papers_links.csv,178,kept,"Keep first occurrence by alphabetical modality directory, then original row order"
https://papers.miccai.org/miccai-2026/1107-Paper1396.html,Uni-Brain: Anatomy-Informed Diffusion for Multi-Tracer Synthesis and Counterfactual Prognosis from Cross-Sectional Data,PET_SPECT,Published_papers/PET_SPECT/papers_links.csv,30,MRI,Published_papers/MRI/papers_links.csv,178,removed_duplicate,"Keep first occurrence by alphabetical modality directory, then original row order"
https://papers.miccai.org/miccai-2026/1108-Paper1178.html,UniCT: A Unified Joint Multi-Task Framework for 3D Chest CT Abnormality Analysis,CT-XRay,Published_papers/CT-XRay/papers_links.csv,355,CT-XRay,Published_papers/CT-XRay/papers_links.csv,354,kept,"Keep first occurrence by alphabetical modality directory, then original row order"
https://papers.miccai.org/miccai-2026/1109-Paper1169.html,UniFCHarm: Unified Prompt-Guided Harmonization of fMRI Functional Connectivity Across Scanners and Atlases,Func_MRI,Published_papers/Func_MRI/papers_links.csv,48,Func_MRI,Published_papers/Func_MRI/papers_links.csv,36,kept,"Keep first occurrence by alphabetical modality directory, then original row order"
https://papers.miccai.org/miccai-2026/1110-Paper2626.html,Unified Multimodal Model for Brain MRI Imputation and Understanding,MRI,Published_papers/MRI/papers_links.csv,287,MRI,Published_papers/MRI/papers_links.csv,179,kept,"Keep first occurrence by alphabetical modality directory, then original row order"
https://papers.miccai.org/miccai-2026/1111-Paper3466.html,UniField: A Unified Field-Aware MRI Enhancement Framework,MRI,Published_papers/MRI/papers_links.csv,288,MRI,Published_papers/MRI/papers_links.csv,180,kept,"Keep first occurrence by alphabetical modality directory, then original row order"
https://papers.miccai.org/miccai-2026/1112-Paper1416.html,UniLiver: Gradient-Conditioned Unified Model for Multi-target Hepatic Segmentation,CT-XRay,Published_papers/CT-XRay/papers_links.csv,356,CT-XRay,Published_papers/CT-XRay/papers_links.csv,355,kept,"Keep first occurrence by alphabetical modality directory, then original row order"
https://papers.miccai.org/miccai-2026/1113-Paper5041.html,UniSpine-GS: An Efficient Physics-Aware Gaussian Framework for Cross-Modality Multi-view Spine Image Synthesis,CT-XRay,Published_papers/CT-XRay/papers_links.csv,357,CT-XRay,Published_papers/CT-XRay/papers_links.csv,356,kept,"Keep first occurrence by alphabetical modality directory, then original row order"
https://papers.miccai.org/miccai-2026/1113-Paper5041.html,UniSpine-GS: An Efficient Physics-Aware Gaussian Framework for Cross-Modality Multi-view Spine Image Synthesis,ultrasounds,Published_papers/ultrasounds/papers_links.csv,129,CT-XRay,Published_papers/CT-XRay/papers_links.csv,356,removed_duplicate,"Keep first occurrence by alphabetical modality directory, then original row order"
https://papers.miccai.org/miccai-2026/1114-Paper2789.html,Unleashing Video Language Models for Fine-grained HRCT Report Generation,CT-XRay,Published_papers/CT-XRay/papers_links.csv,358,CT-XRay,Published_papers/CT-XRay/papers_links.csv,357,kept,"Keep first occurrence by alphabetical modality directory, then original row order"
https://papers.miccai.org/miccai-2026/1115-Paper0019.html,Unlocking the Power of Medical Tabular Data via Semantic-Aware Multimodal Pre-training,Photo_video,Published_papers/Photo_video/papers_links.csv,109,Photo_video,Published_papers/Photo_video/papers_links.csv,65,kept,"Keep first occurrence by alphabetical modality directory, then original row order"
https://papers.miccai.org/miccai-2026/1116-Paper1536.html,Unsupervised and Segmentation-Free Phase Unwrapping for 4D Flow MRI Using Deep Image Prior,MRI,Published_papers/MRI/papers_links.csv,289,MRI,Published_papers/MRI/papers_links.csv,181,kept,"Keep first occurrence by alphabetical modality directory, then original row order"
https://papers.miccai.org/miccai-2026/1117-Paper4982.html,Unsupervised Brain Anomaly Detection as a Bayesian Inverse Problem with Diffusion Prior,MRI,Published_papers/MRI/papers_links.csv,290,MRI,Published_papers/MRI/papers_links.csv,182,kept,"Keep first occurrence by alphabetical modality directory, then original row order"
https://papers.miccai.org/miccai-2026/1117-Paper4982.html,Unsupervised Brain Anomaly Detection as a Bayesian Inverse Problem with Diffusion Prior,PET_SPECT,Published_papers/PET_SPECT/papers_links.csv,31,MRI,Published_papers/MRI/papers_links.csv,182,removed_duplicate,"Keep first occurrence by alphabetical modality directory, then original row order"
https://papers.miccai.org/miccai-2026/1118-Paper2218.html,Unsupervised Domain Adaptation for Pelvic Landmark Localization in CT and MR Using Landmark-Conditioned Synthesis,CT-XRay,Published_papers/CT-XRay/papers_links.csv,359,CT-XRay,Published_papers/CT-XRay/papers_links.csv,358,kept,"Keep first occurrence by alphabetical modality directory, then original row order"
https://papers.miccai.org/miccai-2026/1118-Paper2218.html,Unsupervised Domain Adaptation for Pelvic Landmark Localization in CT and MR Using Landmark-Conditioned Synthesis,MRI,Published_papers/MRI/papers_links.csv,291,CT-XRay,Published_papers/CT-XRay/papers_links.csv,358,removed_duplicate,"Keep first occurrence by alphabetical modality directory, then original row order"
https://papers.miccai.org/miccai-2026/1119-Paper0603.html,Unveiling Brain-Body Axis Interactions in Psychiatric-Endocrine Disorder with Deep Graph Causal Neural Network,Diffusion-MRI,Published_papers/Diffusion-MRI/papers_links.csv,26,Diffusion-MRI,Published_papers/Diffusion-MRI/papers_links.csv,21,kept,"Keep first occurrence by alphabetical modality directory, then original row order"
https://papers.miccai.org/miccai-2026/1120-Paper0632.html,U-ReLSE: Voxel-Wise Evidential Uncertainty-Regularized MIL for Vertebral Metastasis Detection with Hybrid Supervision,CT-XRay,Published_papers/CT-XRay/papers_links.csv,350,CT-XRay,Published_papers/CT-XRay/papers_links.csv,359,kept,"Keep first occurrence by alphabetical modality directory, then original row order"
https://papers.miccai.org/miccai-2026/1121-Paper2881.html,URLCF: Universal Representation Learning for Cross-Domain Few-Shot Autism Spectrum Disorder Detection,Func_MRI,Published_papers/Func_MRI/papers_links.csv,49,Func_MRI,Published_papers/Func_MRI/papers_links.csv,37,kept,"Keep first occurrence by alphabetical modality directory, then original row order"
https://papers.miccai.org/miccai-2026/1122-Paper4829.html,UT-MIL: Uncertainty-Rectified and TME-Decoupling Dual-Stream Aggregation for Robust WSI Survival Prediction,Histology,Published_papers/Histology/papers_links.csv,113,Histology,Published_papers/Histology/papers_links.csv,97,kept,"Keep first occurrence by alphabetical modality directory, then original row order"
https://papers.miccai.org/miccai-2026/1123-Paper0575.html,VA-Adapter: Adapting Ultrasound Foundation Model to Echocardiography Probe Guidance,ultrasounds,Published_papers/ultrasounds/papers_links.csv,130,ultrasounds,Published_papers/ultrasounds/papers_links.csv,87,kept,"Keep first occurrence by alphabetical modality directory, then original row order"
https://papers.miccai.org/miccai-2026/1124-Paper5527.html,Validation of simulation-based evaluation by inclusion of unlabeled data and meta-ablation,Computational_imagings,Published_papers/Computational_imagings/papers_links.csv,30,Computational_imagings,Published_papers/Computational_imagings/papers_links.csv,22,kept,"Keep first occurrence by alphabetical modality directory, then original row order"
https://papers.miccai.org/miccai-2026/1124-Paper5527.html,Validation of simulation-based evaluation by inclusion of unlabeled data and meta-ablation,Others,Published_papers/Others/papers_links.csv,86,Computational_imagings,Published_papers/Computational_imagings/papers_links.csv,22,removed_duplicate,"Keep first occurrence by alphabetical modality directory, then original row order"
https://papers.miccai.org/miccai-2026/1125-Paper4912.html,VarDeFlow: Variational Deformation Learning with Flow Matching for Multi-organ Cross-Modality Medical Image Synthesis,CT-XRay,Published_papers/CT-XRay/papers_links.csv,360,CT-XRay,Published_papers/CT-XRay/papers_links.csv,360,kept,"Keep first occurrence by alphabetical modality directory, then original row order"
https://papers.miccai.org/miccai-2026/1125-Paper4912.html,VarDeFlow: Variational Deformation Learning with Flow Matching for Multi-organ Cross-Modality Medical Image Synthesis,MRI,Published_papers/MRI/papers_links.csv,292,CT-XRay,Published_papers/CT-XRay/papers_links.csv,360,removed_duplicate,"Keep first occurrence by alphabetical modality directory, then original row order"
https://papers.miccai.org/miccai-2026/1126-Paper3526.html,VCDA-Net: Graph-Guided Voxel-Cluster Density Attention for Global-Regional Brain Age Gap Estimation,MRI,Published_papers/MRI/papers_links.csv,293,MRI,Published_papers/MRI/papers_links.csv,183,kept,"Keep first occurrence by alphabetical modality directory, then original row order"
https://papers.miccai.org/miccai-2026/1127-Paper2982.html,VDSB-GWSyn: Diffusion Schrödinger Bridge for Controllable and Anatomically Feasible Guidewire Synthesis in Coronary Angiography,CT-XRay,Published_papers/CT-XRay/papers_links.csv,361,CT-XRay,Published_papers/CT-XRay/papers_links.csv,361,kept,"Keep first occurrence by alphabetical modality directory, then original row order"
https://papers.miccai.org/miccai-2026/1127-Paper2982.html,VDSB-GWSyn: Diffusion Schrödinger Bridge for Controllable and Anatomically Feasible Guidewire Synthesis in Coronary Angiography,Computational_imagings,Published_papers/Computational_imagings/papers_links.csv,31,CT-XRay,Published_papers/CT-XRay/papers_links.csv,361,removed_duplicate,"Keep first occurrence by alphabetical modality directory, then original row order"
https://papers.miccai.org/miccai-2026/1128-Paper0081.html,VecHeart: Holistic Four-Chamber Cardiac Anatomy Modeling via Hybrid VecSets,MRI,Published_papers/MRI/papers_links.csv,294,MRI,Published_papers/MRI/papers_links.csv,184,kept,"Keep first occurrence by alphabetical modality directory, then original row order"
https://papers.miccai.org/miccai-2026/1129-Paper1818.html,VEGA: Vision Enhanced Generative Augmentation for Cross-Subject Electrocardiogram Generalization,Physio-signals,Published_papers/Physio-signals/papers_links.csv,53,Physio-signals,Published_papers/Physio-signals/papers_links.csv,40,kept,"Keep first occurrence by alphabetical modality directory, then original row order"
https://papers.miccai.org/miccai-2026/1130-Paper3913.html,VesselSim: learning 3D blood vessel segmentation without expert annotations,CT-XRay,Published_papers/CT-XRay/papers_links.csv,362,CT-XRay,Published_papers/CT-XRay/papers_links.csv,362,kept,"Keep first occurrence by alphabetical modality directory, then original row order"
https://papers.miccai.org/miccai-2026/1130-Paper3913.html,VesselSim: learning 3D blood vessel segmentation without expert annotations,Computational_imagings,Published_papers/Computational_imagings/papers_links.csv,32,CT-XRay,Published_papers/CT-XRay/papers_links.csv,362,removed_duplicate,"Keep first occurrence by alphabetical modality directory, then original row order"
https://papers.miccai.org/miccai-2026/1130-Paper3913.html,VesselSim: learning 3D blood vessel segmentation without expert annotations,MRI,Published_papers/MRI/papers_links.csv,295,CT-XRay,Published_papers/CT-XRay/papers_links.csv,362,removed_duplicate,"Keep first occurrence by alphabetical modality directory, then original row order"
https://papers.miccai.org/miccai-2026/1131-Paper1296.html,VigilSAM3: Reinforcement-Optimized Memory Gating for Ultra-Long Surgical Video Segmentation,Robotics,Published_papers/Robotics/papers_links.csv,23,Robotics,Published_papers/Robotics/papers_links.csv,9,kept,"Keep first occurrence by alphabetical modality directory, then original row order"
https://papers.miccai.org/miccai-2026/1132-Paper4543.html,VIHD: Visual Intervention-Based Hallucination Detection for Medical Visual Question Answering,CT-XRay,Published_papers/CT-XRay/papers_links.csv,363,CT-XRay,Published_papers/CT-XRay/papers_links.csv,363,kept,"Keep first occurrence by alphabetical modality directory, then original row order"
https://papers.miccai.org/miccai-2026/1132-Paper4543.html,VIHD: Visual Intervention-Based Hallucination Detection for Medical Visual Question Answering,MRI,Published_papers/MRI/papers_links.csv,296,CT-XRay,Published_papers/CT-XRay/papers_links.csv,363,removed_duplicate,"Keep first occurrence by alphabetical modality directory, then original row order"
https://papers.miccai.org/miccai-2026/1133-Paper3107.html,ViPSAM: Visual Prompting Medical Image Segmentation Using Segment Anything Model,CT-XRay,Published_papers/CT-XRay/papers_links.csv,364,CT-XRay,Published_papers/CT-XRay/papers_links.csv,364,kept,"Keep first occurrence by alphabetical modality directory, then original row order"
https://papers.miccai.org/miccai-2026/1134-Paper4026.html,Virtual 3D H&E Staining from Phase-Contrast Back-Illumination Interference Tomography,Histology,Published_papers/Histology/papers_links.csv,114,Histology,Published_papers/Histology/papers_links.csv,98,kept,"Keep first occurrence by alphabetical modality directory, then original row order"
https://papers.miccai.org/miccai-2026/1134-Paper4026.html,Virtual 3D H&E Staining from Phase-Contrast Back-Illumination Interference Tomography,Microscopy,Published_papers/Microscopy/papers_links.csv,61,Histology,Published_papers/Histology/papers_links.csv,98,removed_duplicate,"Keep first occurrence by alphabetical modality directory, then original row order"
https://papers.miccai.org/miccai-2026/1135-Paper5305.html,Vis2Reg: Visibility-Aware Landmark-Free Geometric 3D–2D Registration for Liver Laparoscopy,Endoscopy,Published_papers/Endoscopy/papers_links.csv,90,Endoscopy,Published_papers/Endoscopy/papers_links.csv,81,kept,"Keep first occurrence by alphabetical modality directory, then original row order"
https://papers.miccai.org/miccai-2026/1136-Paper0828.html,VisiFAT: Estimating Visceral Fat from Dual-View DXA Scans Using Cross-View Attention,Others,Published_papers/Others/papers_links.csv,87,Others,Published_papers/Others/papers_links.csv,49,kept,"Keep first occurrence by alphabetical modality directory, then original row order"
https://papers.miccai.org/miccai-2026/1137-Paper6080.html,Vision-Based Force Estimation Using Brain Surface Deformation Models,Endoscopy,Published_papers/Endoscopy/papers_links.csv,91,Endoscopy,Published_papers/Endoscopy/papers_links.csv,82,kept,"Keep first occurrence by alphabetical modality directory, then original row order"
https://papers.miccai.org/miccai-2026/1138-Paper4097.html,Visual-Query Curriculum Learning for Rare Fetal Biometry Plane Detection in Blind-Sweep Ultrasound Video,ultrasounds,Published_papers/ultrasounds/papers_links.csv,131,ultrasounds,Published_papers/ultrasounds/papers_links.csv,88,kept,"Keep first occurrence by alphabetical modality directory, then original row order"
https://papers.miccai.org/miccai-2026/1139-Paper4336.html,VL-RewardGen: Vision–Language Reward Driven Skin Lesion Image Generation,Others,Published_papers/Others/papers_links.csv,88,Others,Published_papers/Others/papers_links.csv,50,kept,"Keep first occurrence by alphabetical modality directory, then original row order"
https://papers.miccai.org/miccai-2026/1140-Paper4748.html,VM-NeXT UNet: Synergizing ConvNeXT and Visual Mamba for Robust Medical Image Segmentation,CT-XRay,Published_papers/CT-XRay/papers_links.csv,365,CT-XRay,Published_papers/CT-XRay/papers_links.csv,365,kept,"Keep first occurrence by alphabetical modality directory, then original row order"
https://papers.miccai.org/miccai-2026/1140-Paper4748.html,VM-NeXT UNet: Synergizing ConvNeXT and Visual Mamba for Robust Medical Image Segmentation,MRI,Published_papers/MRI/papers_links.csv,297,CT-XRay,Published_papers/CT-XRay/papers_links.csv,365,removed_duplicate,"Keep first occurrence by alphabetical modality directory, then original row order"
https://papers.miccai.org/miccai-2026/1141-Paper3731.html,"VOGeo-Gaze: Calibration-Free, Geometry-Aware Deep Learning for Real-Time Gaze Tracking in Clinical Video-Oculography",Photo_video,Published_papers/Photo_video/papers_links.csv,110,Photo_video,Published_papers/Photo_video/papers_links.csv,66,kept,"Keep first occurrence by alphabetical modality directory, then original row order"
https://papers.miccai.org/miccai-2026/1142-Paper5961.html,VolDiT: Controllable Volumetric Medical Image Synthesis with Diffusion Transformers,CT-XRay,Published_papers/CT-XRay/papers_links.csv,366,CT-XRay,Published_papers/CT-XRay/papers_links.csv,366,kept,"Keep first occurrence by alphabetical modality directory, then original row order"
https://papers.miccai.org/miccai-2026/1143-Paper4007.html,Volume-Fused Super-Resolution OCT Reveals Cellular-Level Structures in the Outer Segment Across Wider Fields Without Adaptive Optics,Others,Published_papers/Others/papers_links.csv,89,Others,Published_papers/Others/papers_links.csv,51,kept,"Keep first occurrence by alphabetical modality directory, then original row order"
https://papers.miccai.org/miccai-2026/1144-Paper3104.html,VoxShield: Protecting 3D Medical Datasets from Unauthorized Training via Frequency-Aware Inter-Slice Disruption,CT-XRay,Published_papers/CT-XRay/papers_links.csv,367,CT-XRay,Published_papers/CT-XRay/papers_links.csv,367,kept,"Keep first occurrence by alphabetical modality directory, then original row order"
https://papers.miccai.org/miccai-2026/1144-Paper3104.html,VoxShield: Protecting 3D Medical Datasets from Unauthorized Training via Frequency-Aware Inter-Slice Disruption,MRI,Published_papers/MRI/papers_links.csv,298,CT-XRay,Published_papers/CT-XRay/papers_links.csv,367,removed_duplicate,"Keep first occurrence by alphabetical modality directory, then original row order"
https://papers.miccai.org/miccai-2026/1145-Paper3198.html,VRUGA: Visual and Reasoning Uncertainty Guided Active Learning for Medical MLLM Post-training,CT-XRay,Published_papers/CT-XRay/papers_links.csv,368,CT-XRay,Published_papers/CT-XRay/papers_links.csv,368,kept,"Keep first occurrence by alphabetical modality directory, then original row order"
https://papers.miccai.org/miccai-2026/1145-Paper3198.html,VRUGA: Visual and Reasoning Uncertainty Guided Active Learning for Medical MLLM Post-training,Histology,Published_papers/Histology/papers_links.csv,115,CT-XRay,Published_papers/CT-XRay/papers_links.csv,368,removed_duplicate,"Keep first occurrence by alphabetical modality directory, then original row order"
https://papers.miccai.org/miccai-2026/1145-Paper3198.html,VRUGA: Visual and Reasoning Uncertainty Guided Active Learning for Medical MLLM Post-training,MRI,Published_papers/MRI/papers_links.csv,299,CT-XRay,Published_papers/CT-XRay/papers_links.csv,368,removed_duplicate,"Keep first occurrence by alphabetical modality directory, then original row order"
https://papers.miccai.org/miccai-2026/1146-Paper6356.html,"WaCT-US: Cyclic-Alignment Scaled Contour Tubes for Efficient, Calibrated Uncertainty in Echocardiography",ultrasounds,Published_papers/ultrasounds/papers_links.csv,132,ultrasounds,Published_papers/ultrasounds/papers_links.csv,89,kept,"Keep first occurrence by alphabetical modality directory, then original row order"
https://papers.miccai.org/miccai-2026/1147-Paper0474.html,Wasserstein-Aligned Localisation for VLM-Based Distributional OOD Detection in Medical Imaging,CT-XRay,Published_papers/CT-XRay/papers_links.csv,369,CT-XRay,Published_papers/CT-XRay/papers_links.csv,369,kept,"Keep first occurrence by alphabetical modality directory, then original row order"
https://papers.miccai.org/miccai-2026/1147-Paper0474.html,Wasserstein-Aligned Localisation for VLM-Based Distributional OOD Detection in Medical Imaging,MRI,Published_papers/MRI/papers_links.csv,300,CT-XRay,Published_papers/CT-XRay/papers_links.csv,369,removed_duplicate,"Keep first occurrence by alphabetical modality directory, then original row order"
https://papers.miccai.org/miccai-2026/1148-Paper6370.html,WaveDE: Wavelet-Routed Dual-Expert Network for Fundus Photograph Enhancement,Photo_video,Published_papers/Photo_video/papers_links.csv,111,Photo_video,Published_papers/Photo_video/papers_links.csv,67,kept,"Keep first occurrence by alphabetical modality directory, then original row order"
https://papers.miccai.org/miccai-2026/1149-Paper4757.html,WaveDiT: Distribution-Aware Wavelet Flow Matching for Efficient 3D Brain MRI Synthesis,MRI,Published_papers/MRI/papers_links.csv,301,MRI,Published_papers/MRI/papers_links.csv,185,kept,"Keep first occurrence by alphabetical modality directory, then original row order"
https://papers.miccai.org/miccai-2026/1150-Paper1545.html,Wavelet-Enhanced Coarse-to-Fine Radiology Report Generation with Large Language Models,CT-XRay,Published_papers/CT-XRay/papers_links.csv,370,CT-XRay,Published_papers/CT-XRay/papers_links.csv,370,kept,"Keep first occurrence by alphabetical modality directory, then original row order"
https://papers.miccai.org/miccai-2026/1151-Paper5158.html,Wavelet-Guided Spectral–Spatial Learning for Medical Hyperspectral Image Segmentation,Microscopy,Published_papers/Microscopy/papers_links.csv,62,Microscopy,Published_papers/Microscopy/papers_links.csv,38,kept,"Keep first occurrence by alphabetical modality directory, then original row order"
https://papers.miccai.org/miccai-2026/1151-Paper5158.html,Wavelet-Guided Spectral–Spatial Learning for Medical Hyperspectral Image Segmentation,Spectroscopy,Published_papers/Spectroscopy/papers_links.csv,5,Microscopy,Published_papers/Microscopy/papers_links.csv,38,removed_duplicate,"Keep first occurrence by alphabetical modality directory, then original row order"
https://papers.miccai.org/miccai-2026/1152-Paper3737.html,wBCAM: Windowed Bi-directional Cross-Attention with Mamba for Enhanced 3D Vascular Reconstruction in Free-Hand Photoacoustic and Ultrasound Imaging,ultrasounds,Published_papers/ultrasounds/papers_links.csv,133,ultrasounds,Published_papers/ultrasounds/papers_links.csv,90,kept,"Keep first occurrence by alphabetical modality directory, then original row order"
https://papers.miccai.org/miccai-2026/1153-Paper0033.html,Weakly-Supervised Coronary Artery Segmentation from DSA Sequence via Motion-Aware Modeling,CT-XRay,Published_papers/CT-XRay/papers_links.csv,371,CT-XRay,Published_papers/CT-XRay/papers_links.csv,371,kept,"Keep first occurrence by alphabetical modality directory, then original row order"
https://papers.miccai.org/miccai-2026/1153-Paper0033.html,Weakly-Supervised Coronary Artery Segmentation from DSA Sequence via Motion-Aware Modeling,Others,Published_papers/Others/papers_links.csv,90,CT-XRay,Published_papers/CT-XRay/papers_links.csv,371,removed_duplicate,"Keep first occurrence by alphabetical modality directory, then original row order"
https://papers.miccai.org/miccai-2026/1153-Paper0033.html,Weakly-Supervised Coronary Artery Segmentation from DSA Sequence via Motion-Aware Modeling,Photo_video,Published_papers/Photo_video/papers_links.csv,112,CT-XRay,Published_papers/CT-XRay/papers_links.csv,371,removed_duplicate,"Keep first occurrence by alphabetical modality directory, then original row order"
https://papers.miccai.org/miccai-2026/1154-Paper0926.html,Weakly-Supervised Temporal Decomposition with Graph Neural Networks for Parkinsonian Turning Assessment,Photo_video,Published_papers/Photo_video/papers_links.csv,113,Photo_video,Published_papers/Photo_video/papers_links.csv,68,kept,"Keep first occurrence by alphabetical modality directory, then original row order"
https://papers.miccai.org/miccai-2026/1155-Paper5073.html,When Brains Disagree: Biological Ambiguity Underlies the Challenge of Amyloid PET Synthesis from Structural MRI,MRI,Published_papers/MRI/papers_links.csv,302,MRI,Published_papers/MRI/papers_links.csv,186,kept,"Keep first occurrence by alphabetical modality directory, then original row order"
https://papers.miccai.org/miccai-2026/1155-Paper5073.html,When Brains Disagree: Biological Ambiguity Underlies the Challenge of Amyloid PET Synthesis from Structural MRI,PET_SPECT,Published_papers/PET_SPECT/papers_links.csv,32,MRI,Published_papers/MRI/papers_links.csv,186,removed_duplicate,"Keep first occurrence by alphabetical modality directory, then original row order"
https://papers.miccai.org/miccai-2026/1156-Paper4499.html,When Does Uncertainty Become Meaningful in Medical Vision-Language Models? Alignment Enables Disease-wise Uncertainty and Risk-Aware Prediction,CT-XRay,Published_papers/CT-XRay/papers_links.csv,372,CT-XRay,Published_papers/CT-XRay/papers_links.csv,372,kept,"Keep first occurrence by alphabetical modality directory, then original row order"
https://papers.miccai.org/miccai-2026/1157-Paper2429.html,When Tissue Speaks: Vibroacoustic Monitoring of Tissue Response During Electrosurgery,Others,Published_papers/Others/papers_links.csv,91,Others,Published_papers/Others/papers_links.csv,52,kept,"Keep first occurrence by alphabetical modality directory, then original row order"
https://papers.miccai.org/miccai-2026/1157-Paper2429.html,When Tissue Speaks: Vibroacoustic Monitoring of Tissue Response During Electrosurgery,Sensors,Published_papers/Sensors/papers_links.csv,20,Others,Published_papers/Others/papers_links.csv,52,removed_duplicate,"Keep first occurrence by alphabetical modality directory, then original row order"
https://papers.miccai.org/miccai-2026/1158-Paper2986.html,When Views Disagree: Conflict-Aware Evidential Inference for Multi-view Mammography,ultrasounds,Published_papers/ultrasounds/papers_links.csv,134,ultrasounds,Published_papers/ultrasounds/papers_links.csv,91,kept,"Keep first occurrence by alphabetical modality directory, then original row order"
https://papers.miccai.org/miccai-2026/1159-Paper4808.html,"When, Where, and How: Adaptive Binning for Tabular Self-supervised Learning",EHR,Published_papers/EHR/papers_links.csv,29,EHR,Published_papers/EHR/papers_links.csv,19,kept,"Keep first occurrence by alphabetical modality directory, then original row order"
https://papers.miccai.org/miccai-2026/1159-Paper4808.html,"When, Where, and How: Adaptive Binning for Tabular Self-supervised Learning",Others,Published_papers/Others/papers_links.csv,92,EHR,Published_papers/EHR/papers_links.csv,19,removed_duplicate,"Keep first occurrence by alphabetical modality directory, then original row order"
https://papers.miccai.org/miccai-2026/1160-Paper3144.html,Where Is the Needle Tip? VA Sensing Reveals Hidden Needle-Tissue Transitions During US Guidance,Others,Published_papers/Others/papers_links.csv,93,Others,Published_papers/Others/papers_links.csv,53,kept,"Keep first occurrence by alphabetical modality directory, then original row order"
https://papers.miccai.org/miccai-2026/1160-Paper3144.html,Where Is the Needle Tip? VA Sensing Reveals Hidden Needle-Tissue Transitions During US Guidance,ultrasounds,Published_papers/ultrasounds/papers_links.csv,135,Others,Published_papers/Others/papers_links.csv,53,removed_duplicate,"Keep first occurrence by alphabetical modality directory, then original row order"
https://papers.miccai.org/miccai-2026/1161-Paper0505.html,WHO-CXRBench: A CXR Benchmark for Diagnostic Rule Retrieval in CLIP-Style MedVLMs,CT-XRay,Published_papers/CT-XRay/papers_links.csv,373,CT-XRay,Published_papers/CT-XRay/papers_links.csv,373,kept,"Keep first occurrence by alphabetical modality directory, then original row order"
https://papers.miccai.org/miccai-2026/1162-Paper3592.html,Wrist Camera Pose-Guided Multi-view Fusion for Occlusion Reconstruction in Robot-Assisted Microsurgical Anastomosis,Robotics,Published_papers/Robotics/papers_links.csv,24,Robotics,Published_papers/Robotics/papers_links.csv,10,kept,"Keep first occurrence by alphabetical modality directory, then original row order"
https://papers.miccai.org/miccai-2026/1163-Paper0798.html,X2Bone: Reconstructing 3D Bone Structures from 2D Biplanar X-Rays via Cross-RWKV,CT-XRay,Published_papers/CT-XRay/papers_links.csv,374,CT-XRay,Published_papers/CT-XRay/papers_links.csv,374,kept,"Keep first occurrence by alphabetical modality directory, then original row order"
https://papers.miccai.org/miccai-2026/1164-Paper1503.html,"X-Edit: Exact, Explicit, and Explainable Null-Space Editing for Medical Vision Transformers",Others,Published_papers/Others/papers_links.csv,94,Others,Published_papers/Others/papers_links.csv,54,kept,"Keep first occurrence by alphabetical modality directory, then original row order"
https://papers.miccai.org/miccai-2026/1165-Paper6032.html,XTinyU-Net: Training-Free U-Net Scaling via Initialization-Time Sensitivity,MRI,Published_papers/MRI/papers_links.csv,303,MRI,Published_papers/MRI/papers_links.csv,187,kept,"Keep first occurrence by alphabetical modality directory, then original row order"
https://papers.miccai.org/miccai-2026/1165-Paper6032.html,XTinyU-Net: Training-Free U-Net Scaling via Initialization-Time Sensitivity,ultrasounds,Published_papers/ultrasounds/papers_links.csv,136,MRI,Published_papers/MRI/papers_links.csv,187,removed_duplicate,"Keep first occurrence by alphabetical modality directory, then original row order"
https://papers.miccai.org/miccai-2026/1166-Paper6079.html,Zero-Shot CT Super-Resolution Using Diffusion-Based 2D Projection Priors and Signed 3D Gaussians,CT-XRay,Published_papers/CT-XRay/papers_links.csv,375,CT-XRay,Published_papers/CT-XRay/papers_links.csv,375,kept,"Keep first occurrence by alphabetical modality directory, then original row order"
